Country Name,Country ISO3,Year,Indicator Name,Indicator Code,Value
#country+name,#country+code,#date+year,#indicator+name,#indicator+code,#indicator+value+num
"Macao SAR, China",MAC,2015,Energy intensity level of primary energy (MJ/$2011 PPP GDP),EG.EGY.PRIM.PP.KD,0.657095507447482
"Macao SAR, China",MAC,2014,Energy intensity level of primary energy (MJ/$2011 PPP GDP),EG.EGY.PRIM.PP.KD,0.460209318490705
"Macao SAR, China",MAC,2013,Energy intensity level of primary energy (MJ/$2011 PPP GDP),EG.EGY.PRIM.PP.KD,0.426175060295184
"Macao SAR, China",MAC,2012,Energy intensity level of primary energy (MJ/$2011 PPP GDP),EG.EGY.PRIM.PP.KD,0.48501553195675
"Macao SAR, China",MAC,2011,Energy intensity level of primary energy (MJ/$2011 PPP GDP),EG.EGY.PRIM.PP.KD,0.527177719830362
"Macao SAR, China",MAC,2010,Energy intensity level of primary energy (MJ/$2011 PPP GDP),EG.EGY.PRIM.PP.KD,0.627767842827193
"Macao SAR, China",MAC,2009,Energy intensity level of primary energy (MJ/$2011 PPP GDP),EG.EGY.PRIM.PP.KD,0.928279753360362
"Macao SAR, China",MAC,2008,Energy intensity level of primary energy (MJ/$2011 PPP GDP),EG.EGY.PRIM.PP.KD,0.704869769884092
"Macao SAR, China",MAC,2007,Energy intensity level of primary energy (MJ/$2011 PPP GDP),EG.EGY.PRIM.PP.KD,0.724593148449291
"Macao SAR, China",MAC,2006,Energy intensity level of primary energy (MJ/$2011 PPP GDP),EG.EGY.PRIM.PP.KD,0.785525683462062
"Macao SAR, China",MAC,2005,Energy intensity level of primary energy (MJ/$2011 PPP GDP),EG.EGY.PRIM.PP.KD,0.906361766732085
"Macao SAR, China",MAC,2004,Energy intensity level of primary energy (MJ/$2011 PPP GDP),EG.EGY.PRIM.PP.KD,0.896604227676006
"Macao SAR, China",MAC,2003,Energy intensity level of primary energy (MJ/$2011 PPP GDP),EG.EGY.PRIM.PP.KD,1.02339590199567
"Macao SAR, China",MAC,2002,Energy intensity level of primary energy (MJ/$2011 PPP GDP),EG.EGY.PRIM.PP.KD,1.13457837715586
"Macao SAR, China",MAC,2001,Energy intensity level of primary energy (MJ/$2011 PPP GDP),EG.EGY.PRIM.PP.KD,1.35333525774832
"Macao SAR, China",MAC,2000,Energy intensity level of primary energy (MJ/$2011 PPP GDP),EG.EGY.PRIM.PP.KD,1.46238213304455
"Macao SAR, China",MAC,1999,Energy intensity level of primary energy (MJ/$2011 PPP GDP),EG.EGY.PRIM.PP.KD,1.4389351983864
"Macao SAR, China",MAC,1998,Energy intensity level of primary energy (MJ/$2011 PPP GDP),EG.EGY.PRIM.PP.KD,1.43204631151869
"Macao SAR, China",MAC,1997,Energy intensity level of primary energy (MJ/$2011 PPP GDP),EG.EGY.PRIM.PP.KD,1.31791076481259
"Macao SAR, China",MAC,1996,Energy intensity level of primary energy (MJ/$2011 PPP GDP),EG.EGY.PRIM.PP.KD,1.23820502215431
"Macao SAR, China",MAC,1995,Energy intensity level of primary energy (MJ/$2011 PPP GDP),EG.EGY.PRIM.PP.KD,1.07750472956188
"Macao SAR, China",MAC,1994,Energy intensity level of primary energy (MJ/$2011 PPP GDP),EG.EGY.PRIM.PP.KD,1.13362077882132
"Macao SAR, China",MAC,1993,Energy intensity level of primary energy (MJ/$2011 PPP GDP),EG.EGY.PRIM.PP.KD,1.0975450551862
"Macao SAR, China",MAC,1992,Energy intensity level of primary energy (MJ/$2011 PPP GDP),EG.EGY.PRIM.PP.KD,1.0578936493259
"Macao SAR, China",MAC,1991,Energy intensity level of primary energy (MJ/$2011 PPP GDP),EG.EGY.PRIM.PP.KD,1.20111886125882
"Macao SAR, China",MAC,1990,Energy intensity level of primary energy (MJ/$2011 PPP GDP),EG.EGY.PRIM.PP.KD,1.17297761107691
"Macao SAR, China",MAC,2017,"Access to electricity, rural (% of rural population)",EG.ELC.ACCS.RU.ZS,100
"Macao SAR, China",MAC,2016,"Access to electricity, rural (% of rural population)",EG.ELC.ACCS.RU.ZS,100
"Macao SAR, China",MAC,2015,"Access to electricity, rural (% of rural population)",EG.ELC.ACCS.RU.ZS,100
"Macao SAR, China",MAC,2014,"Access to electricity, rural (% of rural population)",EG.ELC.ACCS.RU.ZS,100
"Macao SAR, China",MAC,2013,"Access to electricity, rural (% of rural population)",EG.ELC.ACCS.RU.ZS,100
"Macao SAR, China",MAC,2012,"Access to electricity, rural (% of rural population)",EG.ELC.ACCS.RU.ZS,100
"Macao SAR, China",MAC,2011,"Access to electricity, rural (% of rural population)",EG.ELC.ACCS.RU.ZS,100
"Macao SAR, China",MAC,2010,"Access to electricity, rural (% of rural population)",EG.ELC.ACCS.RU.ZS,100
"Macao SAR, China",MAC,2009,"Access to electricity, rural (% of rural population)",EG.ELC.ACCS.RU.ZS,100
"Macao SAR, China",MAC,2008,"Access to electricity, rural (% of rural population)",EG.ELC.ACCS.RU.ZS,100
"Macao SAR, China",MAC,2007,"Access to electricity, rural (% of rural population)",EG.ELC.ACCS.RU.ZS,100
"Macao SAR, China",MAC,2006,"Access to electricity, rural (% of rural population)",EG.ELC.ACCS.RU.ZS,100
"Macao SAR, China",MAC,2005,"Access to electricity, rural (% of rural population)",EG.ELC.ACCS.RU.ZS,100
"Macao SAR, China",MAC,2004,"Access to electricity, rural (% of rural population)",EG.ELC.ACCS.RU.ZS,100
"Macao SAR, China",MAC,2003,"Access to electricity, rural (% of rural population)",EG.ELC.ACCS.RU.ZS,100
"Macao SAR, China",MAC,2002,"Access to electricity, rural (% of rural population)",EG.ELC.ACCS.RU.ZS,100
"Macao SAR, China",MAC,2001,"Access to electricity, rural (% of rural population)",EG.ELC.ACCS.RU.ZS,100
"Macao SAR, China",MAC,2000,"Access to electricity, rural (% of rural population)",EG.ELC.ACCS.RU.ZS,100
"Macao SAR, China",MAC,1999,"Access to electricity, rural (% of rural population)",EG.ELC.ACCS.RU.ZS,100
"Macao SAR, China",MAC,1998,"Access to electricity, rural (% of rural population)",EG.ELC.ACCS.RU.ZS,100
"Macao SAR, China",MAC,1997,"Access to electricity, rural (% of rural population)",EG.ELC.ACCS.RU.ZS,100
"Macao SAR, China",MAC,1996,"Access to electricity, rural (% of rural population)",EG.ELC.ACCS.RU.ZS,100
"Macao SAR, China",MAC,1995,"Access to electricity, rural (% of rural population)",EG.ELC.ACCS.RU.ZS,100
"Macao SAR, China",MAC,1994,"Access to electricity, rural (% of rural population)",EG.ELC.ACCS.RU.ZS,100
"Macao SAR, China",MAC,2017,"Access to electricity, urban (% of urban population)",EG.ELC.ACCS.UR.ZS,100
"Macao SAR, China",MAC,2016,"Access to electricity, urban (% of urban population)",EG.ELC.ACCS.UR.ZS,100
"Macao SAR, China",MAC,2015,"Access to electricity, urban (% of urban population)",EG.ELC.ACCS.UR.ZS,100
"Macao SAR, China",MAC,2014,"Access to electricity, urban (% of urban population)",EG.ELC.ACCS.UR.ZS,100
"Macao SAR, China",MAC,2013,"Access to electricity, urban (% of urban population)",EG.ELC.ACCS.UR.ZS,100
"Macao SAR, China",MAC,2012,"Access to electricity, urban (% of urban population)",EG.ELC.ACCS.UR.ZS,100
"Macao SAR, China",MAC,2011,"Access to electricity, urban (% of urban population)",EG.ELC.ACCS.UR.ZS,100
"Macao SAR, China",MAC,2010,"Access to electricity, urban (% of urban population)",EG.ELC.ACCS.UR.ZS,100
"Macao SAR, China",MAC,2009,"Access to electricity, urban (% of urban population)",EG.ELC.ACCS.UR.ZS,100
"Macao SAR, China",MAC,2008,"Access to electricity, urban (% of urban population)",EG.ELC.ACCS.UR.ZS,100
"Macao SAR, China",MAC,2007,"Access to electricity, urban (% of urban population)",EG.ELC.ACCS.UR.ZS,100
"Macao SAR, China",MAC,2006,"Access to electricity, urban (% of urban population)",EG.ELC.ACCS.UR.ZS,100
"Macao SAR, China",MAC,2005,"Access to electricity, urban (% of urban population)",EG.ELC.ACCS.UR.ZS,100
"Macao SAR, China",MAC,2004,"Access to electricity, urban (% of urban population)",EG.ELC.ACCS.UR.ZS,100
"Macao SAR, China",MAC,2003,"Access to electricity, urban (% of urban population)",EG.ELC.ACCS.UR.ZS,100
"Macao SAR, China",MAC,2002,"Access to electricity, urban (% of urban population)",EG.ELC.ACCS.UR.ZS,100
"Macao SAR, China",MAC,2001,"Access to electricity, urban (% of urban population)",EG.ELC.ACCS.UR.ZS,100
"Macao SAR, China",MAC,2000,"Access to electricity, urban (% of urban population)",EG.ELC.ACCS.UR.ZS,100
"Macao SAR, China",MAC,1999,"Access to electricity, urban (% of urban population)",EG.ELC.ACCS.UR.ZS,100
"Macao SAR, China",MAC,1998,"Access to electricity, urban (% of urban population)",EG.ELC.ACCS.UR.ZS,100
"Macao SAR, China",MAC,1997,"Access to electricity, urban (% of urban population)",EG.ELC.ACCS.UR.ZS,100
"Macao SAR, China",MAC,1996,"Access to electricity, urban (% of urban population)",EG.ELC.ACCS.UR.ZS,100
"Macao SAR, China",MAC,1995,"Access to electricity, urban (% of urban population)",EG.ELC.ACCS.UR.ZS,100
"Macao SAR, China",MAC,1994,"Access to electricity, urban (% of urban population)",EG.ELC.ACCS.UR.ZS,100
"Macao SAR, China",MAC,2017,Access to electricity (% of population),EG.ELC.ACCS.ZS,100
"Macao SAR, China",MAC,2016,Access to electricity (% of population),EG.ELC.ACCS.ZS,100
"Macao SAR, China",MAC,2015,Access to electricity (% of population),EG.ELC.ACCS.ZS,100
"Macao SAR, China",MAC,2014,Access to electricity (% of population),EG.ELC.ACCS.ZS,100
"Macao SAR, China",MAC,2013,Access to electricity (% of population),EG.ELC.ACCS.ZS,100
"Macao SAR, China",MAC,2012,Access to electricity (% of population),EG.ELC.ACCS.ZS,100
"Macao SAR, China",MAC,2011,Access to electricity (% of population),EG.ELC.ACCS.ZS,100
"Macao SAR, China",MAC,2010,Access to electricity (% of population),EG.ELC.ACCS.ZS,100
"Macao SAR, China",MAC,2009,Access to electricity (% of population),EG.ELC.ACCS.ZS,100
"Macao SAR, China",MAC,2008,Access to electricity (% of population),EG.ELC.ACCS.ZS,100
"Macao SAR, China",MAC,2007,Access to electricity (% of population),EG.ELC.ACCS.ZS,100
"Macao SAR, China",MAC,2006,Access to electricity (% of population),EG.ELC.ACCS.ZS,100
"Macao SAR, China",MAC,2005,Access to electricity (% of population),EG.ELC.ACCS.ZS,100
"Macao SAR, China",MAC,2004,Access to electricity (% of population),EG.ELC.ACCS.ZS,100
"Macao SAR, China",MAC,2003,Access to electricity (% of population),EG.ELC.ACCS.ZS,100
"Macao SAR, China",MAC,2002,Access to electricity (% of population),EG.ELC.ACCS.ZS,100
"Macao SAR, China",MAC,2001,Access to electricity (% of population),EG.ELC.ACCS.ZS,100
"Macao SAR, China",MAC,2000,Access to electricity (% of population),EG.ELC.ACCS.ZS,100
"Macao SAR, China",MAC,1999,Access to electricity (% of population),EG.ELC.ACCS.ZS,100
"Macao SAR, China",MAC,1998,Access to electricity (% of population),EG.ELC.ACCS.ZS,100
"Macao SAR, China",MAC,1997,Access to electricity (% of population),EG.ELC.ACCS.ZS,100
"Macao SAR, China",MAC,1996,Access to electricity (% of population),EG.ELC.ACCS.ZS,100
"Macao SAR, China",MAC,1995,Access to electricity (% of population),EG.ELC.ACCS.ZS,100
"Macao SAR, China",MAC,1994,Access to electricity (% of population),EG.ELC.ACCS.ZS,100
"Macao SAR, China",MAC,2015,Renewable electricity output (% of total electricity output),EG.ELC.RNEW.ZS,0
"Macao SAR, China",MAC,2014,Renewable electricity output (% of total electricity output),EG.ELC.RNEW.ZS,0
"Macao SAR, China",MAC,2013,Renewable electricity output (% of total electricity output),EG.ELC.RNEW.ZS,0
"Macao SAR, China",MAC,2012,Renewable electricity output (% of total electricity output),EG.ELC.RNEW.ZS,0
"Macao SAR, China",MAC,2011,Renewable electricity output (% of total electricity output),EG.ELC.RNEW.ZS,0
"Macao SAR, China",MAC,2010,Renewable electricity output (% of total electricity output),EG.ELC.RNEW.ZS,0
"Macao SAR, China",MAC,2009,Renewable electricity output (% of total electricity output),EG.ELC.RNEW.ZS,0
"Macao SAR, China",MAC,2008,Renewable electricity output (% of total electricity output),EG.ELC.RNEW.ZS,0
"Macao SAR, China",MAC,2007,Renewable electricity output (% of total electricity output),EG.ELC.RNEW.ZS,0
"Macao SAR, China",MAC,2006,Renewable electricity output (% of total electricity output),EG.ELC.RNEW.ZS,0
"Macao SAR, China",MAC,2005,Renewable electricity output (% of total electricity output),EG.ELC.RNEW.ZS,0
"Macao SAR, China",MAC,2004,Renewable electricity output (% of total electricity output),EG.ELC.RNEW.ZS,0
"Macao SAR, China",MAC,2003,Renewable electricity output (% of total electricity output),EG.ELC.RNEW.ZS,0
"Macao SAR, China",MAC,2002,Renewable electricity output (% of total electricity output),EG.ELC.RNEW.ZS,0
"Macao SAR, China",MAC,2001,Renewable electricity output (% of total electricity output),EG.ELC.RNEW.ZS,0
"Macao SAR, China",MAC,2000,Renewable electricity output (% of total electricity output),EG.ELC.RNEW.ZS,0
"Macao SAR, China",MAC,1999,Renewable electricity output (% of total electricity output),EG.ELC.RNEW.ZS,0
"Macao SAR, China",MAC,1998,Renewable electricity output (% of total electricity output),EG.ELC.RNEW.ZS,0
"Macao SAR, China",MAC,1997,Renewable electricity output (% of total electricity output),EG.ELC.RNEW.ZS,0
"Macao SAR, China",MAC,1996,Renewable electricity output (% of total electricity output),EG.ELC.RNEW.ZS,0
"Macao SAR, China",MAC,1995,Renewable electricity output (% of total electricity output),EG.ELC.RNEW.ZS,0
"Macao SAR, China",MAC,1994,Renewable electricity output (% of total electricity output),EG.ELC.RNEW.ZS,0
"Macao SAR, China",MAC,1993,Renewable electricity output (% of total electricity output),EG.ELC.RNEW.ZS,0
"Macao SAR, China",MAC,1992,Renewable electricity output (% of total electricity output),EG.ELC.RNEW.ZS,0
"Macao SAR, China",MAC,1991,Renewable electricity output (% of total electricity output),EG.ELC.RNEW.ZS,0
"Macao SAR, China",MAC,1990,Renewable electricity output (% of total electricity output),EG.ELC.RNEW.ZS,0
"Macao SAR, China",MAC,2015,Renewable energy consumption (% of total final energy consumption),EG.FEC.RNEW.ZS,7.0513630489631
"Macao SAR, China",MAC,2014,Renewable energy consumption (% of total final energy consumption),EG.FEC.RNEW.ZS,10.0204706155887
"Macao SAR, China",MAC,2013,Renewable energy consumption (% of total final energy consumption),EG.FEC.RNEW.ZS,14.4230857542724
"Macao SAR, China",MAC,2012,Renewable energy consumption (% of total final energy consumption),EG.FEC.RNEW.ZS,9.86682132901718
"Macao SAR, China",MAC,2011,Renewable energy consumption (% of total final energy consumption),EG.FEC.RNEW.ZS,5.51325348142603
"Macao SAR, China",MAC,2010,Renewable energy consumption (% of total final energy consumption),EG.FEC.RNEW.ZS,5.8118801394673
"Macao SAR, China",MAC,2009,Renewable energy consumption (% of total final energy consumption),EG.FEC.RNEW.ZS,3.2164393026143
"Macao SAR, China",MAC,2008,Renewable energy consumption (% of total final energy consumption),EG.FEC.RNEW.ZS,4.7697441329533
"Macao SAR, China",MAC,2007,Renewable energy consumption (% of total final energy consumption),EG.FEC.RNEW.ZS,4.19896416233438
"Macao SAR, China",MAC,2006,Renewable energy consumption (% of total final energy consumption),EG.FEC.RNEW.ZS,23.6374559136833
"Macao SAR, China",MAC,2005,Renewable energy consumption (% of total final energy consumption),EG.FEC.RNEW.ZS,23.3096436478824
"Macao SAR, China",MAC,2004,Renewable energy consumption (% of total final energy consumption),EG.FEC.RNEW.ZS,23.4968526758351
"Macao SAR, China",MAC,2003,Renewable energy consumption (% of total final energy consumption),EG.FEC.RNEW.ZS,23.4208119455474
"Macao SAR, China",MAC,2002,Renewable energy consumption (% of total final energy consumption),EG.FEC.RNEW.ZS,22.8542490356804
"Macao SAR, China",MAC,2001,Renewable energy consumption (% of total final energy consumption),EG.FEC.RNEW.ZS,16.9742030643268
"Macao SAR, China",MAC,2000,Renewable energy consumption (% of total final energy consumption),EG.FEC.RNEW.ZS,0.177456417906856
"Macao SAR, China",MAC,1999,Renewable energy consumption (% of total final energy consumption),EG.FEC.RNEW.ZS,0.192829362355787
"Macao SAR, China",MAC,1998,Renewable energy consumption (% of total final energy consumption),EG.FEC.RNEW.ZS,0.194542265131431
"Macao SAR, China",MAC,1997,Renewable energy consumption (% of total final energy consumption),EG.FEC.RNEW.ZS,0.19080019662122
"Macao SAR, China",MAC,1996,Renewable energy consumption (% of total final energy consumption),EG.FEC.RNEW.ZS,0.414436436689566
"Macao SAR, China",MAC,1995,Renewable energy consumption (% of total final energy consumption),EG.FEC.RNEW.ZS,0.501743345522578
"Macao SAR, China",MAC,1994,Renewable energy consumption (% of total final energy consumption),EG.FEC.RNEW.ZS,0.520580579697357
"Macao SAR, China",MAC,1993,Renewable energy consumption (% of total final energy consumption),EG.FEC.RNEW.ZS,0.551479179324204
"Macao SAR, China",MAC,1992,Renewable energy consumption (% of total final energy consumption),EG.FEC.RNEW.ZS,0.602446545632773
"Macao SAR, China",MAC,1991,Renewable energy consumption (% of total final energy consumption),EG.FEC.RNEW.ZS,0.649200602986323
"Macao SAR, China",MAC,1990,Renewable energy consumption (% of total final energy consumption),EG.FEC.RNEW.ZS,0.660982960083351
"Macao SAR, China",MAC,2014,CO2 emissions from gaseous fuel consumption (% of total),EN.ATM.CO2E.GF.ZS,8.85714285714286
"Macao SAR, China",MAC,2013,CO2 emissions from gaseous fuel consumption (% of total),EN.ATM.CO2E.GF.ZS,0
"Macao SAR, China",MAC,2012,CO2 emissions from gaseous fuel consumption (% of total),EN.ATM.CO2E.GF.ZS,0
"Macao SAR, China",MAC,2011,CO2 emissions from gaseous fuel consumption (% of total),EN.ATM.CO2E.GF.ZS,9.87341772151899
"Macao SAR, China",MAC,2010,CO2 emissions from gaseous fuel consumption (% of total),EN.ATM.CO2E.GF.ZS,21.09375
"Macao SAR, China",MAC,2009,CO2 emissions from gaseous fuel consumption (% of total),EN.ATM.CO2E.GF.ZS,8.67256637168142
"Macao SAR, China",MAC,2008,CO2 emissions from gaseous fuel consumption (% of total),EN.ATM.CO2E.GF.ZS,11.7808219178082
"Macao SAR, China",MAC,2007,CO2 emissions from gaseous fuel consumption (% of total),EN.ATM.CO2E.GF.ZS,0
"Macao SAR, China",MAC,2006,CO2 emissions from gaseous fuel consumption (% of total),EN.ATM.CO2E.GF.ZS,0
"Macao SAR, China",MAC,2005,CO2 emissions from gaseous fuel consumption (% of total),EN.ATM.CO2E.GF.ZS,0
"Macao SAR, China",MAC,2004,CO2 emissions from gaseous fuel consumption (% of total),EN.ATM.CO2E.GF.ZS,0
"Macao SAR, China",MAC,2003,CO2 emissions from gaseous fuel consumption (% of total),EN.ATM.CO2E.GF.ZS,0
"Macao SAR, China",MAC,2002,CO2 emissions from gaseous fuel consumption (% of total),EN.ATM.CO2E.GF.ZS,0
"Macao SAR, China",MAC,2001,CO2 emissions from gaseous fuel consumption (% of total),EN.ATM.CO2E.GF.ZS,0
"Macao SAR, China",MAC,2000,CO2 emissions from gaseous fuel consumption (% of total),EN.ATM.CO2E.GF.ZS,0
"Macao SAR, China",MAC,1999,CO2 emissions from gaseous fuel consumption (% of total),EN.ATM.CO2E.GF.ZS,0
"Macao SAR, China",MAC,1998,CO2 emissions from gaseous fuel consumption (% of total),EN.ATM.CO2E.GF.ZS,0
"Macao SAR, China",MAC,1997,CO2 emissions from gaseous fuel consumption (% of total),EN.ATM.CO2E.GF.ZS,0
"Macao SAR, China",MAC,1996,CO2 emissions from gaseous fuel consumption (% of total),EN.ATM.CO2E.GF.ZS,0
"Macao SAR, China",MAC,1995,CO2 emissions from gaseous fuel consumption (% of total),EN.ATM.CO2E.GF.ZS,0
"Macao SAR, China",MAC,1994,CO2 emissions from gaseous fuel consumption (% of total),EN.ATM.CO2E.GF.ZS,0
"Macao SAR, China",MAC,1993,CO2 emissions from gaseous fuel consumption (% of total),EN.ATM.CO2E.GF.ZS,0
"Macao SAR, China",MAC,1992,CO2 emissions from gaseous fuel consumption (% of total),EN.ATM.CO2E.GF.ZS,0
"Macao SAR, China",MAC,1991,CO2 emissions from gaseous fuel consumption (% of total),EN.ATM.CO2E.GF.ZS,0
"Macao SAR, China",MAC,1990,CO2 emissions from gaseous fuel consumption (% of total),EN.ATM.CO2E.GF.ZS,0
"Macao SAR, China",MAC,1989,CO2 emissions from gaseous fuel consumption (% of total),EN.ATM.CO2E.GF.ZS,0
"Macao SAR, China",MAC,1988,CO2 emissions from gaseous fuel consumption (% of total),EN.ATM.CO2E.GF.ZS,0
"Macao SAR, China",MAC,1987,CO2 emissions from gaseous fuel consumption (% of total),EN.ATM.CO2E.GF.ZS,0
"Macao SAR, China",MAC,1986,CO2 emissions from gaseous fuel consumption (% of total),EN.ATM.CO2E.GF.ZS,0
"Macao SAR, China",MAC,1985,CO2 emissions from gaseous fuel consumption (% of total),EN.ATM.CO2E.GF.ZS,0
"Macao SAR, China",MAC,1984,CO2 emissions from gaseous fuel consumption (% of total),EN.ATM.CO2E.GF.ZS,0
"Macao SAR, China",MAC,1983,CO2 emissions from gaseous fuel consumption (% of total),EN.ATM.CO2E.GF.ZS,0
"Macao SAR, China",MAC,1982,CO2 emissions from gaseous fuel consumption (% of total),EN.ATM.CO2E.GF.ZS,0
"Macao SAR, China",MAC,1981,CO2 emissions from gaseous fuel consumption (% of total),EN.ATM.CO2E.GF.ZS,0
"Macao SAR, China",MAC,1980,CO2 emissions from gaseous fuel consumption (% of total),EN.ATM.CO2E.GF.ZS,0
"Macao SAR, China",MAC,1979,CO2 emissions from gaseous fuel consumption (% of total),EN.ATM.CO2E.GF.ZS,0
"Macao SAR, China",MAC,1978,CO2 emissions from gaseous fuel consumption (% of total),EN.ATM.CO2E.GF.ZS,0
"Macao SAR, China",MAC,1977,CO2 emissions from gaseous fuel consumption (% of total),EN.ATM.CO2E.GF.ZS,0
"Macao SAR, China",MAC,1976,CO2 emissions from gaseous fuel consumption (% of total),EN.ATM.CO2E.GF.ZS,0
"Macao SAR, China",MAC,1975,CO2 emissions from gaseous fuel consumption (% of total),EN.ATM.CO2E.GF.ZS,0
"Macao SAR, China",MAC,1974,CO2 emissions from gaseous fuel consumption (% of total),EN.ATM.CO2E.GF.ZS,0
"Macao SAR, China",MAC,1973,CO2 emissions from gaseous fuel consumption (% of total),EN.ATM.CO2E.GF.ZS,0
"Macao SAR, China",MAC,1972,CO2 emissions from gaseous fuel consumption (% of total),EN.ATM.CO2E.GF.ZS,0
"Macao SAR, China",MAC,1971,CO2 emissions from gaseous fuel consumption (% of total),EN.ATM.CO2E.GF.ZS,0
"Macao SAR, China",MAC,1970,CO2 emissions from gaseous fuel consumption (% of total),EN.ATM.CO2E.GF.ZS,0
"Macao SAR, China",MAC,1969,CO2 emissions from gaseous fuel consumption (% of total),EN.ATM.CO2E.GF.ZS,0
"Macao SAR, China",MAC,1968,CO2 emissions from gaseous fuel consumption (% of total),EN.ATM.CO2E.GF.ZS,0
"Macao SAR, China",MAC,1967,CO2 emissions from gaseous fuel consumption (% of total),EN.ATM.CO2E.GF.ZS,0
"Macao SAR, China",MAC,1966,CO2 emissions from gaseous fuel consumption (% of total),EN.ATM.CO2E.GF.ZS,0
"Macao SAR, China",MAC,1965,CO2 emissions from gaseous fuel consumption (% of total),EN.ATM.CO2E.GF.ZS,0
"Macao SAR, China",MAC,1964,CO2 emissions from gaseous fuel consumption (% of total),EN.ATM.CO2E.GF.ZS,0
"Macao SAR, China",MAC,1963,CO2 emissions from gaseous fuel consumption (% of total),EN.ATM.CO2E.GF.ZS,0
"Macao SAR, China",MAC,1962,CO2 emissions from gaseous fuel consumption (% of total),EN.ATM.CO2E.GF.ZS,0
"Macao SAR, China",MAC,1961,CO2 emissions from gaseous fuel consumption (% of total),EN.ATM.CO2E.GF.ZS,0
"Macao SAR, China",MAC,1960,CO2 emissions from gaseous fuel consumption (% of total),EN.ATM.CO2E.GF.ZS,0
"Macao SAR, China",MAC,2014,CO2 emissions from liquid fuel consumption (kt),EN.ATM.CO2E.LF.KT,1173.44
"Macao SAR, China",MAC,2013,CO2 emissions from liquid fuel consumption (kt),EN.ATM.CO2E.LF.KT,1180.774
"Macao SAR, China",MAC,2012,CO2 emissions from liquid fuel consumption (kt),EN.ATM.CO2E.LF.KT,1312.786
"Macao SAR, China",MAC,2011,CO2 emissions from liquid fuel consumption (kt),EN.ATM.CO2E.LF.KT,1309.119
"Macao SAR, China",MAC,2010,CO2 emissions from liquid fuel consumption (kt),EN.ATM.CO2E.LF.KT,1111.101
"Macao SAR, China",MAC,2009,CO2 emissions from liquid fuel consumption (kt),EN.ATM.CO2E.LF.KT,1892.172
"Macao SAR, China",MAC,2008,CO2 emissions from liquid fuel consumption (kt),EN.ATM.CO2E.LF.KT,1180.774
"Macao SAR, China",MAC,2007,CO2 emissions from liquid fuel consumption (kt),EN.ATM.CO2E.LF.KT,1536.473
"Macao SAR, China",MAC,2006,CO2 emissions from liquid fuel consumption (kt),EN.ATM.CO2E.LF.KT,1620.814
"Macao SAR, China",MAC,2005,CO2 emissions from liquid fuel consumption (kt),EN.ATM.CO2E.LF.KT,1829.833
"Macao SAR, China",MAC,2004,CO2 emissions from liquid fuel consumption (kt),EN.ATM.CO2E.LF.KT,1716.156
"Macao SAR, China",MAC,2003,CO2 emissions from liquid fuel consumption (kt),EN.ATM.CO2E.LF.KT,1532.806
"Macao SAR, China",MAC,2002,CO2 emissions from liquid fuel consumption (kt),EN.ATM.CO2E.LF.KT,1518.138
"Macao SAR, China",MAC,2001,CO2 emissions from liquid fuel consumption (kt),EN.ATM.CO2E.LF.KT,1686.82
"Macao SAR, China",MAC,2000,CO2 emissions from liquid fuel consumption (kt),EN.ATM.CO2E.LF.KT,1631.815
"Macao SAR, China",MAC,1999,CO2 emissions from liquid fuel consumption (kt),EN.ATM.CO2E.LF.KT,1518.138
"Macao SAR, China",MAC,1998,CO2 emissions from liquid fuel consumption (kt),EN.ATM.CO2E.LF.KT,1558.475
"Macao SAR, China",MAC,1997,CO2 emissions from liquid fuel consumption (kt),EN.ATM.CO2E.LF.KT,1488.802
"Macao SAR, China",MAC,1996,CO2 emissions from liquid fuel consumption (kt),EN.ATM.CO2E.LF.KT,1408.128
"Macao SAR, China",MAC,1995,CO2 emissions from liquid fuel consumption (kt),EN.ATM.CO2E.LF.KT,1232.112
"Macao SAR, China",MAC,1994,CO2 emissions from liquid fuel consumption (kt),EN.ATM.CO2E.LF.KT,1272.449
"Macao SAR, China",MAC,1993,CO2 emissions from liquid fuel consumption (kt),EN.ATM.CO2E.LF.KT,1180.774
"Macao SAR, China",MAC,1992,CO2 emissions from liquid fuel consumption (kt),EN.ATM.CO2E.LF.KT,1081.765
"Macao SAR, China",MAC,1991,CO2 emissions from liquid fuel consumption (kt),EN.ATM.CO2E.LF.KT,1092.766
"Macao SAR, China",MAC,1990,CO2 emissions from liquid fuel consumption (kt),EN.ATM.CO2E.LF.KT,1034.094
"Macao SAR, China",MAC,1989,CO2 emissions from liquid fuel consumption (kt),EN.ATM.CO2E.LF.KT,1030.427
"Macao SAR, China",MAC,1988,CO2 emissions from liquid fuel consumption (kt),EN.ATM.CO2E.LF.KT,964.421
"Macao SAR, China",MAC,1987,CO2 emissions from liquid fuel consumption (kt),EN.ATM.CO2E.LF.KT,971.755
"Macao SAR, China",MAC,1986,CO2 emissions from liquid fuel consumption (kt),EN.ATM.CO2E.LF.KT,876.413
"Macao SAR, China",MAC,1985,CO2 emissions from liquid fuel consumption (kt),EN.ATM.CO2E.LF.KT,733.4
"Macao SAR, China",MAC,1984,CO2 emissions from liquid fuel consumption (kt),EN.ATM.CO2E.LF.KT,601.388
"Macao SAR, China",MAC,1983,CO2 emissions from liquid fuel consumption (kt),EN.ATM.CO2E.LF.KT,678.395
"Macao SAR, China",MAC,1982,CO2 emissions from liquid fuel consumption (kt),EN.ATM.CO2E.LF.KT,480.377
"Macao SAR, China",MAC,1981,CO2 emissions from liquid fuel consumption (kt),EN.ATM.CO2E.LF.KT,535.382
"Macao SAR, China",MAC,1980,CO2 emissions from liquid fuel consumption (kt),EN.ATM.CO2E.LF.KT,517.047
"Macao SAR, China",MAC,1979,CO2 emissions from liquid fuel consumption (kt),EN.ATM.CO2E.LF.KT,414.371
"Macao SAR, China",MAC,1978,CO2 emissions from liquid fuel consumption (kt),EN.ATM.CO2E.LF.KT,410.704
"Macao SAR, China",MAC,1977,CO2 emissions from liquid fuel consumption (kt),EN.ATM.CO2E.LF.KT,308.028
"Macao SAR, China",MAC,1976,CO2 emissions from liquid fuel consumption (kt),EN.ATM.CO2E.LF.KT,249.356
"Macao SAR, China",MAC,1975,CO2 emissions from liquid fuel consumption (kt),EN.ATM.CO2E.LF.KT,289.693
"Macao SAR, China",MAC,1974,CO2 emissions from liquid fuel consumption (kt),EN.ATM.CO2E.LF.KT,260.357
"Macao SAR, China",MAC,1973,CO2 emissions from liquid fuel consumption (kt),EN.ATM.CO2E.LF.KT,216.353
"Macao SAR, China",MAC,1972,CO2 emissions from liquid fuel consumption (kt),EN.ATM.CO2E.LF.KT,227.354
"Macao SAR, China",MAC,1971,CO2 emissions from liquid fuel consumption (kt),EN.ATM.CO2E.LF.KT,216.353
"Macao SAR, China",MAC,1970,CO2 emissions from liquid fuel consumption (kt),EN.ATM.CO2E.LF.KT,194.351
"Macao SAR, China",MAC,1969,CO2 emissions from liquid fuel consumption (kt),EN.ATM.CO2E.LF.KT,161.348
"Macao SAR, China",MAC,1968,CO2 emissions from liquid fuel consumption (kt),EN.ATM.CO2E.LF.KT,157.681
"Macao SAR, China",MAC,1967,CO2 emissions from liquid fuel consumption (kt),EN.ATM.CO2E.LF.KT,154.014
"Macao SAR, China",MAC,1966,CO2 emissions from liquid fuel consumption (kt),EN.ATM.CO2E.LF.KT,139.346
"Macao SAR, China",MAC,1965,CO2 emissions from liquid fuel consumption (kt),EN.ATM.CO2E.LF.KT,121.011
"Macao SAR, China",MAC,1964,CO2 emissions from liquid fuel consumption (kt),EN.ATM.CO2E.LF.KT,113.677
"Macao SAR, China",MAC,1963,CO2 emissions from liquid fuel consumption (kt),EN.ATM.CO2E.LF.KT,88.008
"Macao SAR, China",MAC,1962,CO2 emissions from liquid fuel consumption (kt),EN.ATM.CO2E.LF.KT,84.341
"Macao SAR, China",MAC,1961,CO2 emissions from liquid fuel consumption (kt),EN.ATM.CO2E.LF.KT,51.338
"Macao SAR, China",MAC,1960,CO2 emissions from liquid fuel consumption (kt),EN.ATM.CO2E.LF.KT,36.67
"Macao SAR, China",MAC,2008,Methane emissions in energy sector (thousand metric tons of CO2 equivalent),EN.ATM.METH.EG.KT.CE,3.78884978047184
"Macao SAR, China",MAC,2007,Methane emissions in energy sector (thousand metric tons of CO2 equivalent),EN.ATM.METH.EG.KT.CE,3.24411673961004
"Macao SAR, China",MAC,2006,Methane emissions in energy sector (thousand metric tons of CO2 equivalent),EN.ATM.METH.EG.KT.CE,2.75019647422073
"Macao SAR, China",MAC,2005,Methane emissions in energy sector (thousand metric tons of CO2 equivalent),EN.ATM.METH.EG.KT.CE,3.08171974364875
"Macao SAR, China",MAC,2004,Methane emissions in energy sector (thousand metric tons of CO2 equivalent),EN.ATM.METH.EG.KT.CE,2.40248476432087
"Macao SAR, China",MAC,2003,Methane emissions in energy sector (thousand metric tons of CO2 equivalent),EN.ATM.METH.EG.KT.CE,1.60757945242203
"Macao SAR, China",MAC,2002,Methane emissions in energy sector (thousand metric tons of CO2 equivalent),EN.ATM.METH.EG.KT.CE,1.7239117052425
"Macao SAR, China",MAC,2001,Methane emissions in energy sector (thousand metric tons of CO2 equivalent),EN.ATM.METH.EG.KT.CE,2.20394447802563
"Macao SAR, China",MAC,2000,Methane emissions in energy sector (thousand metric tons of CO2 equivalent),EN.ATM.METH.EG.KT.CE,2.25005740129885
"Macao SAR, China",MAC,1999,Methane emissions in energy sector (thousand metric tons of CO2 equivalent),EN.ATM.METH.EG.KT.CE,3.72809660778122
"Macao SAR, China",MAC,1998,Methane emissions in energy sector (thousand metric tons of CO2 equivalent),EN.ATM.METH.EG.KT.CE,3.38022813392837
"Macao SAR, China",MAC,1997,Methane emissions in energy sector (thousand metric tons of CO2 equivalent),EN.ATM.METH.EG.KT.CE,3.17421360530827
"Macao SAR, China",MAC,1996,Methane emissions in energy sector (thousand metric tons of CO2 equivalent),EN.ATM.METH.EG.KT.CE,3.35118057574236
"Macao SAR, China",MAC,1995,Methane emissions in energy sector (thousand metric tons of CO2 equivalent),EN.ATM.METH.EG.KT.CE,2.918128703709
"Macao SAR, China",MAC,1994,Methane emissions in energy sector (thousand metric tons of CO2 equivalent),EN.ATM.METH.EG.KT.CE,3.05169251576993
"Macao SAR, China",MAC,1993,Methane emissions in energy sector (thousand metric tons of CO2 equivalent),EN.ATM.METH.EG.KT.CE,2.91365070274706
"Macao SAR, China",MAC,1992,Methane emissions in energy sector (thousand metric tons of CO2 equivalent),EN.ATM.METH.EG.KT.CE,2.72674644349047
"Macao SAR, China",MAC,1991,Methane emissions in energy sector (thousand metric tons of CO2 equivalent),EN.ATM.METH.EG.KT.CE,2.36891274725973
"Macao SAR, China",MAC,1990,Methane emissions in energy sector (thousand metric tons of CO2 equivalent),EN.ATM.METH.EG.KT.CE,2.33665650567107
"Macao SAR, China",MAC,1989,Methane emissions in energy sector (thousand metric tons of CO2 equivalent),EN.ATM.METH.EG.KT.CE,1.27534190308015
"Macao SAR, China",MAC,1988,Methane emissions in energy sector (thousand metric tons of CO2 equivalent),EN.ATM.METH.EG.KT.CE,1.18096485772818
"Macao SAR, China",MAC,1987,Methane emissions in energy sector (thousand metric tons of CO2 equivalent),EN.ATM.METH.EG.KT.CE,0.92944849961514
"Macao SAR, China",MAC,1986,Methane emissions in energy sector (thousand metric tons of CO2 equivalent),EN.ATM.METH.EG.KT.CE,0.92944849961514
"Macao SAR, China",MAC,1985,Methane emissions in energy sector (thousand metric tons of CO2 equivalent),EN.ATM.METH.EG.KT.CE,0.79740389491959
"Macao SAR, China",MAC,1984,Methane emissions in energy sector (thousand metric tons of CO2 equivalent),EN.ATM.METH.EG.KT.CE,0.61931061412823
"Macao SAR, China",MAC,1983,Methane emissions in energy sector (thousand metric tons of CO2 equivalent),EN.ATM.METH.EG.KT.CE,1.12292130291891
"Macao SAR, China",MAC,1982,Methane emissions in energy sector (thousand metric tons of CO2 equivalent),EN.ATM.METH.EG.KT.CE,0.814485948730937
"Macao SAR, China",MAC,1981,Methane emissions in energy sector (thousand metric tons of CO2 equivalent),EN.ATM.METH.EG.KT.CE,0.777265880744261
"Macao SAR, China",MAC,1980,Methane emissions in energy sector (thousand metric tons of CO2 equivalent),EN.ATM.METH.EG.KT.CE,0.838594285150635
"Macao SAR, China",MAC,1979,Methane emissions in energy sector (thousand metric tons of CO2 equivalent),EN.ATM.METH.EG.KT.CE,0.441089175024823
"Macao SAR, China",MAC,1978,Methane emissions in energy sector (thousand metric tons of CO2 equivalent),EN.ATM.METH.EG.KT.CE,0.525011467691263
"Macao SAR, China",MAC,1977,Methane emissions in energy sector (thousand metric tons of CO2 equivalent),EN.ATM.METH.EG.KT.CE,0.291213258752068
"Macao SAR, China",MAC,1976,Methane emissions in energy sector (thousand metric tons of CO2 equivalent),EN.ATM.METH.EG.KT.CE,0.775646973689057
"Macao SAR, China",MAC,1975,Methane emissions in energy sector (thousand metric tons of CO2 equivalent),EN.ATM.METH.EG.KT.CE,0.855619776662707
"Macao SAR, China",MAC,1974,Methane emissions in energy sector (thousand metric tons of CO2 equivalent),EN.ATM.METH.EG.KT.CE,0.883986121543599
"Macao SAR, China",MAC,1973,Methane emissions in energy sector (thousand metric tons of CO2 equivalent),EN.ATM.METH.EG.KT.CE,0.89101933923465
"Macao SAR, China",MAC,1972,Methane emissions in energy sector (thousand metric tons of CO2 equivalent),EN.ATM.METH.EG.KT.CE,0.655645904600034
"Macao SAR, China",MAC,1971,Methane emissions in energy sector (thousand metric tons of CO2 equivalent),EN.ATM.METH.EG.KT.CE,0.702068293862222
"Macao SAR, China",MAC,1970,Methane emissions in energy sector (thousand metric tons of CO2 equivalent),EN.ATM.METH.EG.KT.CE,0.70206808383549
"Macao SAR, China",MAC,1969,Methane emissions in energy sector (thousand metric tons of CO2 equivalent),EN.ATM.METH.EG.KT.CE,0
"Macao SAR, China",MAC,2008,Energy related methane emissions (% of total),EN.ATM.METH.EG.ZS,2.70980530716052
"Macao SAR, China",MAC,2007,Energy related methane emissions (% of total),EN.ATM.METH.EG.ZS,2.40983266944737
"Macao SAR, China",MAC,2006,Energy related methane emissions (% of total),EN.ATM.METH.EG.ZS,2.11951391397757
"Macao SAR, China",MAC,2005,Energy related methane emissions (% of total),EN.ATM.METH.EG.ZS,2.44081146830201
"Macao SAR, China",MAC,2004,Energy related methane emissions (% of total),EN.ATM.METH.EG.ZS,1.97374736228527
"Macao SAR, China",MAC,2003,Energy related methane emissions (% of total),EN.ATM.METH.EG.ZS,1.35721415689889
"Macao SAR, China",MAC,2002,Energy related methane emissions (% of total),EN.ATM.METH.EG.ZS,1.47733047556581
"Macao SAR, China",MAC,2001,Energy related methane emissions (% of total),EN.ATM.METH.EG.ZS,1.90491147472353
"Macao SAR, China",MAC,2000,Energy related methane emissions (% of total),EN.ATM.METH.EG.ZS,1.96989844451931
"Macao SAR, China",MAC,1999,Energy related methane emissions (% of total),EN.ATM.METH.EG.ZS,3.26059281059772
"Macao SAR, China",MAC,1998,Energy related methane emissions (% of total),EN.ATM.METH.EG.ZS,3.01101720433305
"Macao SAR, China",MAC,1997,Energy related methane emissions (% of total),EN.ATM.METH.EG.ZS,2.89203750586137
"Macao SAR, China",MAC,1996,Energy related methane emissions (% of total),EN.ATM.METH.EG.ZS,3.12397395033453
"Macao SAR, China",MAC,1995,Energy related methane emissions (% of total),EN.ATM.METH.EG.ZS,2.81238309917984
"Macao SAR, China",MAC,1994,Energy related methane emissions (% of total),EN.ATM.METH.EG.ZS,3.03306946922886
"Macao SAR, China",MAC,1993,Energy related methane emissions (% of total),EN.ATM.METH.EG.ZS,3.00515465689485
"Macao SAR, China",MAC,1992,Energy related methane emissions (% of total),EN.ATM.METH.EG.ZS,2.93236379262966
"Macao SAR, China",MAC,1991,Energy related methane emissions (% of total),EN.ATM.METH.EG.ZS,2.66179542102607
"Macao SAR, China",MAC,1990,Energy related methane emissions (% of total),EN.ATM.METH.EG.ZS,2.750428168985
"Macao SAR, China",MAC,1989,Energy related methane emissions (% of total),EN.ATM.METH.EG.ZS,1.59505864875363
"Macao SAR, China",MAC,1988,Energy related methane emissions (% of total),EN.ATM.METH.EG.ZS,1.55527836851341
"Macao SAR, China",MAC,1987,Energy related methane emissions (% of total),EN.ATM.METH.EG.ZS,1.2921479756364
"Macao SAR, China",MAC,1986,Energy related methane emissions (% of total),EN.ATM.METH.EG.ZS,1.35320054337054
"Macao SAR, China",MAC,1985,Energy related methane emissions (% of total),EN.ATM.METH.EG.ZS,1.21511572026507
"Macao SAR, China",MAC,1984,Energy related methane emissions (% of total),EN.ATM.METH.EG.ZS,0.988521368053461
"Macao SAR, China",MAC,1983,Energy related methane emissions (% of total),EN.ATM.METH.EG.ZS,1.84700117262186
"Macao SAR, China",MAC,1982,Energy related methane emissions (% of total),EN.ATM.METH.EG.ZS,1.38844823313878
"Macao SAR, China",MAC,1981,Energy related methane emissions (% of total),EN.ATM.METH.EG.ZS,1.35946486669604
"Macao SAR, China",MAC,1980,Energy related methane emissions (% of total),EN.ATM.METH.EG.ZS,1.49193234691957
"Macao SAR, China",MAC,1979,Energy related methane emissions (% of total),EN.ATM.METH.EG.ZS,0.801337791016337
"Macao SAR, China",MAC,1978,Energy related methane emissions (% of total),EN.ATM.METH.EG.ZS,0.96145204966343
"Macao SAR, China",MAC,1977,Energy related methane emissions (% of total),EN.ATM.METH.EG.ZS,0.53918895518764
"Macao SAR, China",MAC,1976,Energy related methane emissions (% of total),EN.ATM.METH.EG.ZS,1.43217163912246
"Macao SAR, China",MAC,1975,Energy related methane emissions (% of total),EN.ATM.METH.EG.ZS,1.58819568112587
"Macao SAR, China",MAC,1974,Energy related methane emissions (% of total),EN.ATM.METH.EG.ZS,1.65666738795974
"Macao SAR, China",MAC,1973,Energy related methane emissions (% of total),EN.ATM.METH.EG.ZS,1.69354421885714
"Macao SAR, China",MAC,1972,Energy related methane emissions (% of total),EN.ATM.METH.EG.ZS,1.27395226821858
"Macao SAR, China",MAC,1971,Energy related methane emissions (% of total),EN.ATM.METH.EG.ZS,1.39427903494737
"Macao SAR, China",MAC,1970,Energy related methane emissions (% of total),EN.ATM.METH.EG.ZS,1.43659164614059
"Macao SAR, China",MAC,2008,Nitrous oxide emissions in energy sector (thousand metric tons of CO2 equivalent),EN.ATM.NOXE.EG.KT.CE,4.291534383
"Macao SAR, China",MAC,2007,Nitrous oxide emissions in energy sector (thousand metric tons of CO2 equivalent),EN.ATM.NOXE.EG.KT.CE,4.140577403
"Macao SAR, China",MAC,2006,Nitrous oxide emissions in energy sector (thousand metric tons of CO2 equivalent),EN.ATM.NOXE.EG.KT.CE,3.945212644
"Macao SAR, China",MAC,2005,Nitrous oxide emissions in energy sector (thousand metric tons of CO2 equivalent),EN.ATM.NOXE.EG.KT.CE,4.03898473
"Macao SAR, China",MAC,2004,Nitrous oxide emissions in energy sector (thousand metric tons of CO2 equivalent),EN.ATM.NOXE.EG.KT.CE,3.885927438
"Macao SAR, China",MAC,2003,Nitrous oxide emissions in energy sector (thousand metric tons of CO2 equivalent),EN.ATM.NOXE.EG.KT.CE,3.341588332
"Macao SAR, China",MAC,2002,Nitrous oxide emissions in energy sector (thousand metric tons of CO2 equivalent),EN.ATM.NOXE.EG.KT.CE,3.323081828
"Macao SAR, China",MAC,2001,Nitrous oxide emissions in energy sector (thousand metric tons of CO2 equivalent),EN.ATM.NOXE.EG.KT.CE,3.693789934
"Macao SAR, China",MAC,2000,Nitrous oxide emissions in energy sector (thousand metric tons of CO2 equivalent),EN.ATM.NOXE.EG.KT.CE,3.503918096
"Macao SAR, China",MAC,1999,Nitrous oxide emissions in energy sector (thousand metric tons of CO2 equivalent),EN.ATM.NOXE.EG.KT.CE,7.346140308
"Macao SAR, China",MAC,1998,Nitrous oxide emissions in energy sector (thousand metric tons of CO2 equivalent),EN.ATM.NOXE.EG.KT.CE,6.924994334
"Macao SAR, China",MAC,1997,Nitrous oxide emissions in energy sector (thousand metric tons of CO2 equivalent),EN.ATM.NOXE.EG.KT.CE,6.448321656
"Macao SAR, China",MAC,1996,Nitrous oxide emissions in energy sector (thousand metric tons of CO2 equivalent),EN.ATM.NOXE.EG.KT.CE,5.216684216
"Macao SAR, China",MAC,1995,Nitrous oxide emissions in energy sector (thousand metric tons of CO2 equivalent),EN.ATM.NOXE.EG.KT.CE,4.42030085
"Macao SAR, China",MAC,1994,Nitrous oxide emissions in energy sector (thousand metric tons of CO2 equivalent),EN.ATM.NOXE.EG.KT.CE,4.452623558
"Macao SAR, China",MAC,1993,Nitrous oxide emissions in energy sector (thousand metric tons of CO2 equivalent),EN.ATM.NOXE.EG.KT.CE,4.286091992
"Macao SAR, China",MAC,1992,Nitrous oxide emissions in energy sector (thousand metric tons of CO2 equivalent),EN.ATM.NOXE.EG.KT.CE,3.9918762
"Macao SAR, China",MAC,1991,Nitrous oxide emissions in energy sector (thousand metric tons of CO2 equivalent),EN.ATM.NOXE.EG.KT.CE,3.55694589
"Macao SAR, China",MAC,1990,Nitrous oxide emissions in energy sector (thousand metric tons of CO2 equivalent),EN.ATM.NOXE.EG.KT.CE,3.57635158
"Macao SAR, China",MAC,1989,Nitrous oxide emissions in energy sector (thousand metric tons of CO2 equivalent),EN.ATM.NOXE.EG.KT.CE,3.46227468
"Macao SAR, China",MAC,1988,Nitrous oxide emissions in energy sector (thousand metric tons of CO2 equivalent),EN.ATM.NOXE.EG.KT.CE,3.40337003
"Macao SAR, China",MAC,1987,Nitrous oxide emissions in energy sector (thousand metric tons of CO2 equivalent),EN.ATM.NOXE.EG.KT.CE,2.89900499
"Macao SAR, China",MAC,1986,Nitrous oxide emissions in energy sector (thousand metric tons of CO2 equivalent),EN.ATM.NOXE.EG.KT.CE,2.89587089
"Macao SAR, China",MAC,1985,Nitrous oxide emissions in energy sector (thousand metric tons of CO2 equivalent),EN.ATM.NOXE.EG.KT.CE,1.88766626
"Macao SAR, China",MAC,1984,Nitrous oxide emissions in energy sector (thousand metric tons of CO2 equivalent),EN.ATM.NOXE.EG.KT.CE,1.85880371
"Macao SAR, China",MAC,1983,Nitrous oxide emissions in energy sector (thousand metric tons of CO2 equivalent),EN.ATM.NOXE.EG.KT.CE,2.26680029
"Macao SAR, China",MAC,1982,Nitrous oxide emissions in energy sector (thousand metric tons of CO2 equivalent),EN.ATM.NOXE.EG.KT.CE,1.6258663
"Macao SAR, China",MAC,1981,Nitrous oxide emissions in energy sector (thousand metric tons of CO2 equivalent),EN.ATM.NOXE.EG.KT.CE,1.74222542
"Macao SAR, China",MAC,1980,Nitrous oxide emissions in energy sector (thousand metric tons of CO2 equivalent),EN.ATM.NOXE.EG.KT.CE,1.49528345
"Macao SAR, China",MAC,1979,Nitrous oxide emissions in energy sector (thousand metric tons of CO2 equivalent),EN.ATM.NOXE.EG.KT.CE,0.74449352
"Macao SAR, China",MAC,1978,Nitrous oxide emissions in energy sector (thousand metric tons of CO2 equivalent),EN.ATM.NOXE.EG.KT.CE,0.74100292
"Macao SAR, China",MAC,1977,Nitrous oxide emissions in energy sector (thousand metric tons of CO2 equivalent),EN.ATM.NOXE.EG.KT.CE,0.78191021
"Macao SAR, China",MAC,1976,Nitrous oxide emissions in energy sector (thousand metric tons of CO2 equivalent),EN.ATM.NOXE.EG.KT.CE,0.91731883
"Macao SAR, China",MAC,1975,Nitrous oxide emissions in energy sector (thousand metric tons of CO2 equivalent),EN.ATM.NOXE.EG.KT.CE,0.98945862
"Macao SAR, China",MAC,1974,Nitrous oxide emissions in energy sector (thousand metric tons of CO2 equivalent),EN.ATM.NOXE.EG.KT.CE,0.97518188
"Macao SAR, China",MAC,1973,Nitrous oxide emissions in energy sector (thousand metric tons of CO2 equivalent),EN.ATM.NOXE.EG.KT.CE,0.952568
"Macao SAR, China",MAC,1972,Nitrous oxide emissions in energy sector (thousand metric tons of CO2 equivalent),EN.ATM.NOXE.EG.KT.CE,0.71084488
"Macao SAR, China",MAC,1971,Nitrous oxide emissions in energy sector (thousand metric tons of CO2 equivalent),EN.ATM.NOXE.EG.KT.CE,0.666475386
"Macao SAR, China",MAC,1970,Nitrous oxide emissions in energy sector (thousand metric tons of CO2 equivalent),EN.ATM.NOXE.EG.KT.CE,0.666475386
"Macao SAR, China",MAC,1969,Nitrous oxide emissions in energy sector (thousand metric tons of CO2 equivalent),EN.ATM.NOXE.EG.KT.CE,0
"Macao SAR, China",MAC,2008,Nitrous oxide emissions in energy sector (% of total),EN.ATM.NOXE.EG.ZS,36.5977801276883
"Macao SAR, China",MAC,2007,Nitrous oxide emissions in energy sector (% of total),EN.ATM.NOXE.EG.ZS,36.6465133315408
"Macao SAR, China",MAC,2006,Nitrous oxide emissions in energy sector (% of total),EN.ATM.NOXE.EG.ZS,36.0799829898222
"Macao SAR, China",MAC,2005,Nitrous oxide emissions in energy sector (% of total),EN.ATM.NOXE.EG.ZS,35.9853037032127
"Macao SAR, China",MAC,2004,Nitrous oxide emissions in energy sector (% of total),EN.ATM.NOXE.EG.ZS,34.9301683636789
"Macao SAR, China",MAC,2003,Nitrous oxide emissions in energy sector (% of total),EN.ATM.NOXE.EG.ZS,33.950712285708
"Macao SAR, China",MAC,2002,Nitrous oxide emissions in energy sector (% of total),EN.ATM.NOXE.EG.ZS,32.7760958367986
"Macao SAR, China",MAC,2001,Nitrous oxide emissions in energy sector (% of total),EN.ATM.NOXE.EG.ZS,32.1976572126505
"Macao SAR, China",MAC,2000,Nitrous oxide emissions in energy sector (% of total),EN.ATM.NOXE.EG.ZS,31.6147302823323
"Macao SAR, China",MAC,1999,Nitrous oxide emissions in energy sector (% of total),EN.ATM.NOXE.EG.ZS,46.3744930009374
"Macao SAR, China",MAC,1998,Nitrous oxide emissions in energy sector (% of total),EN.ATM.NOXE.EG.ZS,45.2530926446249
"Macao SAR, China",MAC,1997,Nitrous oxide emissions in energy sector (% of total),EN.ATM.NOXE.EG.ZS,45.0031427069338
"Macao SAR, China",MAC,1996,Nitrous oxide emissions in energy sector (% of total),EN.ATM.NOXE.EG.ZS,40.5885518572118
"Macao SAR, China",MAC,1995,Nitrous oxide emissions in energy sector (% of total),EN.ATM.NOXE.EG.ZS,39.8474042940859
"Macao SAR, China",MAC,1994,Nitrous oxide emissions in energy sector (% of total),EN.ATM.NOXE.EG.ZS,39.0703125722539
"Macao SAR, China",MAC,1993,Nitrous oxide emissions in energy sector (% of total),EN.ATM.NOXE.EG.ZS,39.6650989324987
"Macao SAR, China",MAC,1992,Nitrous oxide emissions in energy sector (% of total),EN.ATM.NOXE.EG.ZS,39.4804422342272
"Macao SAR, China",MAC,1991,Nitrous oxide emissions in energy sector (% of total),EN.ATM.NOXE.EG.ZS,39.0960260049134
"Macao SAR, China",MAC,1990,Nitrous oxide emissions in energy sector (% of total),EN.ATM.NOXE.EG.ZS,38.9386216277335
"Macao SAR, China",MAC,1989,Nitrous oxide emissions in energy sector (% of total),EN.ATM.NOXE.EG.ZS,38.5316432987415
"Macao SAR, China",MAC,1988,Nitrous oxide emissions in energy sector (% of total),EN.ATM.NOXE.EG.ZS,37.8732190783709
"Macao SAR, China",MAC,1987,Nitrous oxide emissions in energy sector (% of total),EN.ATM.NOXE.EG.ZS,37.5219334673456
"Macao SAR, China",MAC,1986,Nitrous oxide emissions in energy sector (% of total),EN.ATM.NOXE.EG.ZS,37.6349400114417
"Macao SAR, China",MAC,1985,Nitrous oxide emissions in energy sector (% of total),EN.ATM.NOXE.EG.ZS,32.4882808956992
"Macao SAR, China",MAC,1984,Nitrous oxide emissions in energy sector (% of total),EN.ATM.NOXE.EG.ZS,31.6177120409186
"Macao SAR, China",MAC,1983,Nitrous oxide emissions in energy sector (% of total),EN.ATM.NOXE.EG.ZS,34.4664256490507
"Macao SAR, China",MAC,1982,Nitrous oxide emissions in energy sector (% of total),EN.ATM.NOXE.EG.ZS,33.7207941671917
"Macao SAR, China",MAC,1981,Nitrous oxide emissions in energy sector (% of total),EN.ATM.NOXE.EG.ZS,36.5125323215655
"Macao SAR, China",MAC,1980,Nitrous oxide emissions in energy sector (% of total),EN.ATM.NOXE.EG.ZS,34.1912400584091
"Macao SAR, China",MAC,1979,Nitrous oxide emissions in energy sector (% of total),EN.ATM.NOXE.EG.ZS,25.3809318984294
"Macao SAR, China",MAC,1978,Nitrous oxide emissions in energy sector (% of total),EN.ATM.NOXE.EG.ZS,26.9970465493192
"Macao SAR, China",MAC,1977,Nitrous oxide emissions in energy sector (% of total),EN.ATM.NOXE.EG.ZS,23.0440911790233
"Macao SAR, China",MAC,1976,Nitrous oxide emissions in energy sector (% of total),EN.ATM.NOXE.EG.ZS,32.1698589093249
"Macao SAR, China",MAC,1975,Nitrous oxide emissions in energy sector (% of total),EN.ATM.NOXE.EG.ZS,32.9057180324624
"Macao SAR, China",MAC,1974,Nitrous oxide emissions in energy sector (% of total),EN.ATM.NOXE.EG.ZS,35.1689665465579
"Macao SAR, China",MAC,1973,Nitrous oxide emissions in energy sector (% of total),EN.ATM.NOXE.EG.ZS,36.6272597021472
"Macao SAR, China",MAC,1972,Nitrous oxide emissions in energy sector (% of total),EN.ATM.NOXE.EG.ZS,34.1052794402865
"Macao SAR, China",MAC,1971,Nitrous oxide emissions in energy sector (% of total),EN.ATM.NOXE.EG.ZS,36.4920911079917
"Macao SAR, China",MAC,1970,Nitrous oxide emissions in energy sector (% of total),EN.ATM.NOXE.EG.ZS,36.6169554687314
"Macao SAR, China",MAC,2017,Adjusted savings: mineral depletion (current US$),NY.ADJ.DMIN.CD,0
"Macao SAR, China",MAC,2016,Adjusted savings: mineral depletion (current US$),NY.ADJ.DMIN.CD,0
"Macao SAR, China",MAC,2015,Adjusted savings: mineral depletion (current US$),NY.ADJ.DMIN.CD,0
"Macao SAR, China",MAC,2014,Adjusted savings: mineral depletion (current US$),NY.ADJ.DMIN.CD,0
"Macao SAR, China",MAC,2013,Adjusted savings: mineral depletion (current US$),NY.ADJ.DMIN.CD,0
"Macao SAR, China",MAC,2012,Adjusted savings: mineral depletion (current US$),NY.ADJ.DMIN.CD,0
"Macao SAR, China",MAC,2011,Adjusted savings: mineral depletion (current US$),NY.ADJ.DMIN.CD,0
"Macao SAR, China",MAC,2010,Adjusted savings: mineral depletion (current US$),NY.ADJ.DMIN.CD,0
"Macao SAR, China",MAC,2009,Adjusted savings: mineral depletion (current US$),NY.ADJ.DMIN.CD,0
"Macao SAR, China",MAC,2008,Adjusted savings: mineral depletion (current US$),NY.ADJ.DMIN.CD,0
"Macao SAR, China",MAC,2007,Adjusted savings: mineral depletion (current US$),NY.ADJ.DMIN.CD,0
"Macao SAR, China",MAC,2006,Adjusted savings: mineral depletion (current US$),NY.ADJ.DMIN.CD,0
"Macao SAR, China",MAC,2005,Adjusted savings: mineral depletion (current US$),NY.ADJ.DMIN.CD,0
"Macao SAR, China",MAC,2004,Adjusted savings: mineral depletion (current US$),NY.ADJ.DMIN.CD,0
"Macao SAR, China",MAC,2003,Adjusted savings: mineral depletion (current US$),NY.ADJ.DMIN.CD,0
"Macao SAR, China",MAC,2002,Adjusted savings: mineral depletion (current US$),NY.ADJ.DMIN.CD,0
"Macao SAR, China",MAC,2001,Adjusted savings: mineral depletion (current US$),NY.ADJ.DMIN.CD,0
"Macao SAR, China",MAC,2000,Adjusted savings: mineral depletion (current US$),NY.ADJ.DMIN.CD,0
"Macao SAR, China",MAC,1999,Adjusted savings: mineral depletion (current US$),NY.ADJ.DMIN.CD,0
"Macao SAR, China",MAC,1998,Adjusted savings: mineral depletion (current US$),NY.ADJ.DMIN.CD,0
"Macao SAR, China",MAC,1997,Adjusted savings: mineral depletion (current US$),NY.ADJ.DMIN.CD,0
"Macao SAR, China",MAC,1996,Adjusted savings: mineral depletion (current US$),NY.ADJ.DMIN.CD,0
"Macao SAR, China",MAC,1995,Adjusted savings: mineral depletion (current US$),NY.ADJ.DMIN.CD,0
"Macao SAR, China",MAC,1994,Adjusted savings: mineral depletion (current US$),NY.ADJ.DMIN.CD,0
"Macao SAR, China",MAC,1993,Adjusted savings: mineral depletion (current US$),NY.ADJ.DMIN.CD,0
"Macao SAR, China",MAC,1992,Adjusted savings: mineral depletion (current US$),NY.ADJ.DMIN.CD,0
"Macao SAR, China",MAC,1991,Adjusted savings: mineral depletion (current US$),NY.ADJ.DMIN.CD,0
"Macao SAR, China",MAC,1990,Adjusted savings: mineral depletion (current US$),NY.ADJ.DMIN.CD,0
"Macao SAR, China",MAC,1989,Adjusted savings: mineral depletion (current US$),NY.ADJ.DMIN.CD,0
"Macao SAR, China",MAC,1988,Adjusted savings: mineral depletion (current US$),NY.ADJ.DMIN.CD,0
"Macao SAR, China",MAC,1987,Adjusted savings: mineral depletion (current US$),NY.ADJ.DMIN.CD,0
"Macao SAR, China",MAC,1986,Adjusted savings: mineral depletion (current US$),NY.ADJ.DMIN.CD,0
"Macao SAR, China",MAC,1985,Adjusted savings: mineral depletion (current US$),NY.ADJ.DMIN.CD,0
"Macao SAR, China",MAC,1984,Adjusted savings: mineral depletion (current US$),NY.ADJ.DMIN.CD,0
"Macao SAR, China",MAC,1983,Adjusted savings: mineral depletion (current US$),NY.ADJ.DMIN.CD,0
"Macao SAR, China",MAC,1982,Adjusted savings: mineral depletion (current US$),NY.ADJ.DMIN.CD,0
"Macao SAR, China",MAC,1981,Adjusted savings: mineral depletion (current US$),NY.ADJ.DMIN.CD,0
"Macao SAR, China",MAC,1980,Adjusted savings: mineral depletion (current US$),NY.ADJ.DMIN.CD,0
"Macao SAR, China",MAC,1979,Adjusted savings: mineral depletion (current US$),NY.ADJ.DMIN.CD,0
"Macao SAR, China",MAC,1978,Adjusted savings: mineral depletion (current US$),NY.ADJ.DMIN.CD,0
"Macao SAR, China",MAC,1977,Adjusted savings: mineral depletion (current US$),NY.ADJ.DMIN.CD,0
"Macao SAR, China",MAC,1976,Adjusted savings: mineral depletion (current US$),NY.ADJ.DMIN.CD,0
"Macao SAR, China",MAC,1975,Adjusted savings: mineral depletion (current US$),NY.ADJ.DMIN.CD,0
"Macao SAR, China",MAC,1974,Adjusted savings: mineral depletion (current US$),NY.ADJ.DMIN.CD,0
"Macao SAR, China",MAC,1973,Adjusted savings: mineral depletion (current US$),NY.ADJ.DMIN.CD,0
"Macao SAR, China",MAC,1972,Adjusted savings: mineral depletion (current US$),NY.ADJ.DMIN.CD,0
"Macao SAR, China",MAC,1971,Adjusted savings: mineral depletion (current US$),NY.ADJ.DMIN.CD,0
"Macao SAR, China",MAC,1970,Adjusted savings: mineral depletion (current US$),NY.ADJ.DMIN.CD,0
"Macao SAR, China",MAC,2017,Adjusted savings: mineral depletion (% of GNI),NY.ADJ.DMIN.GN.ZS,0
"Macao SAR, China",MAC,2016,Adjusted savings: mineral depletion (% of GNI),NY.ADJ.DMIN.GN.ZS,0
"Macao SAR, China",MAC,2015,Adjusted savings: mineral depletion (% of GNI),NY.ADJ.DMIN.GN.ZS,0
"Macao SAR, China",MAC,2014,Adjusted savings: mineral depletion (% of GNI),NY.ADJ.DMIN.GN.ZS,0
"Macao SAR, China",MAC,2013,Adjusted savings: mineral depletion (% of GNI),NY.ADJ.DMIN.GN.ZS,0
"Macao SAR, China",MAC,2012,Adjusted savings: mineral depletion (% of GNI),NY.ADJ.DMIN.GN.ZS,0
"Macao SAR, China",MAC,2011,Adjusted savings: mineral depletion (% of GNI),NY.ADJ.DMIN.GN.ZS,0
"Macao SAR, China",MAC,2010,Adjusted savings: mineral depletion (% of GNI),NY.ADJ.DMIN.GN.ZS,0
"Macao SAR, China",MAC,2009,Adjusted savings: mineral depletion (% of GNI),NY.ADJ.DMIN.GN.ZS,0
"Macao SAR, China",MAC,2008,Adjusted savings: mineral depletion (% of GNI),NY.ADJ.DMIN.GN.ZS,0
"Macao SAR, China",MAC,2007,Adjusted savings: mineral depletion (% of GNI),NY.ADJ.DMIN.GN.ZS,0
"Macao SAR, China",MAC,2006,Adjusted savings: mineral depletion (% of GNI),NY.ADJ.DMIN.GN.ZS,0
"Macao SAR, China",MAC,2005,Adjusted savings: mineral depletion (% of GNI),NY.ADJ.DMIN.GN.ZS,0
"Macao SAR, China",MAC,2004,Adjusted savings: mineral depletion (% of GNI),NY.ADJ.DMIN.GN.ZS,0
"Macao SAR, China",MAC,2003,Adjusted savings: mineral depletion (% of GNI),NY.ADJ.DMIN.GN.ZS,0
"Macao SAR, China",MAC,2002,Adjusted savings: mineral depletion (% of GNI),NY.ADJ.DMIN.GN.ZS,0
"Macao SAR, China",MAC,2001,Adjusted savings: mineral depletion (% of GNI),NY.ADJ.DMIN.GN.ZS,0
"Macao SAR, China",MAC,2000,Adjusted savings: mineral depletion (% of GNI),NY.ADJ.DMIN.GN.ZS,0
"Macao SAR, China",MAC,1999,Adjusted savings: mineral depletion (% of GNI),NY.ADJ.DMIN.GN.ZS,0
"Macao SAR, China",MAC,1998,Adjusted savings: mineral depletion (% of GNI),NY.ADJ.DMIN.GN.ZS,0
"Macao SAR, China",MAC,1997,Adjusted savings: mineral depletion (% of GNI),NY.ADJ.DMIN.GN.ZS,0
"Macao SAR, China",MAC,1996,Adjusted savings: mineral depletion (% of GNI),NY.ADJ.DMIN.GN.ZS,0
"Macao SAR, China",MAC,1995,Adjusted savings: mineral depletion (% of GNI),NY.ADJ.DMIN.GN.ZS,0
"Macao SAR, China",MAC,1994,Adjusted savings: mineral depletion (% of GNI),NY.ADJ.DMIN.GN.ZS,0
"Macao SAR, China",MAC,1993,Adjusted savings: mineral depletion (% of GNI),NY.ADJ.DMIN.GN.ZS,0
"Macao SAR, China",MAC,1992,Adjusted savings: mineral depletion (% of GNI),NY.ADJ.DMIN.GN.ZS,0
"Macao SAR, China",MAC,1991,Adjusted savings: mineral depletion (% of GNI),NY.ADJ.DMIN.GN.ZS,0
"Macao SAR, China",MAC,1990,Adjusted savings: mineral depletion (% of GNI),NY.ADJ.DMIN.GN.ZS,0
"Macao SAR, China",MAC,1989,Adjusted savings: mineral depletion (% of GNI),NY.ADJ.DMIN.GN.ZS,0
"Macao SAR, China",MAC,1988,Adjusted savings: mineral depletion (% of GNI),NY.ADJ.DMIN.GN.ZS,0
"Macao SAR, China",MAC,1987,Adjusted savings: mineral depletion (% of GNI),NY.ADJ.DMIN.GN.ZS,0
"Macao SAR, China",MAC,1986,Adjusted savings: mineral depletion (% of GNI),NY.ADJ.DMIN.GN.ZS,0
"Macao SAR, China",MAC,1985,Adjusted savings: mineral depletion (% of GNI),NY.ADJ.DMIN.GN.ZS,0
"Macao SAR, China",MAC,1984,Adjusted savings: mineral depletion (% of GNI),NY.ADJ.DMIN.GN.ZS,0
"Macao SAR, China",MAC,1983,Adjusted savings: mineral depletion (% of GNI),NY.ADJ.DMIN.GN.ZS,0
"Macao SAR, China",MAC,1982,Adjusted savings: mineral depletion (% of GNI),NY.ADJ.DMIN.GN.ZS,0
"Macao SAR, China",MAC,2017,Adjusted savings: energy depletion (current US$),NY.ADJ.DNGY.CD,0
"Macao SAR, China",MAC,2016,Adjusted savings: energy depletion (current US$),NY.ADJ.DNGY.CD,0
"Macao SAR, China",MAC,2015,Adjusted savings: energy depletion (current US$),NY.ADJ.DNGY.CD,0
"Macao SAR, China",MAC,2014,Adjusted savings: energy depletion (current US$),NY.ADJ.DNGY.CD,0
"Macao SAR, China",MAC,2013,Adjusted savings: energy depletion (current US$),NY.ADJ.DNGY.CD,0
"Macao SAR, China",MAC,2012,Adjusted savings: energy depletion (current US$),NY.ADJ.DNGY.CD,0
"Macao SAR, China",MAC,2011,Adjusted savings: energy depletion (current US$),NY.ADJ.DNGY.CD,0
"Macao SAR, China",MAC,2010,Adjusted savings: energy depletion (current US$),NY.ADJ.DNGY.CD,0
"Macao SAR, China",MAC,2009,Adjusted savings: energy depletion (current US$),NY.ADJ.DNGY.CD,0
"Macao SAR, China",MAC,2008,Adjusted savings: energy depletion (current US$),NY.ADJ.DNGY.CD,0
"Macao SAR, China",MAC,2007,Adjusted savings: energy depletion (current US$),NY.ADJ.DNGY.CD,0
"Macao SAR, China",MAC,2006,Adjusted savings: energy depletion (current US$),NY.ADJ.DNGY.CD,0
"Macao SAR, China",MAC,2005,Adjusted savings: energy depletion (current US$),NY.ADJ.DNGY.CD,0
"Macao SAR, China",MAC,2004,Adjusted savings: energy depletion (current US$),NY.ADJ.DNGY.CD,0
"Macao SAR, China",MAC,2003,Adjusted savings: energy depletion (current US$),NY.ADJ.DNGY.CD,0
"Macao SAR, China",MAC,2002,Adjusted savings: energy depletion (current US$),NY.ADJ.DNGY.CD,0
"Macao SAR, China",MAC,2001,Adjusted savings: energy depletion (current US$),NY.ADJ.DNGY.CD,0
"Macao SAR, China",MAC,2000,Adjusted savings: energy depletion (current US$),NY.ADJ.DNGY.CD,0
"Macao SAR, China",MAC,1999,Adjusted savings: energy depletion (current US$),NY.ADJ.DNGY.CD,0
"Macao SAR, China",MAC,1998,Adjusted savings: energy depletion (current US$),NY.ADJ.DNGY.CD,0
"Macao SAR, China",MAC,1997,Adjusted savings: energy depletion (current US$),NY.ADJ.DNGY.CD,0
"Macao SAR, China",MAC,1996,Adjusted savings: energy depletion (current US$),NY.ADJ.DNGY.CD,0
"Macao SAR, China",MAC,1995,Adjusted savings: energy depletion (current US$),NY.ADJ.DNGY.CD,0
"Macao SAR, China",MAC,1994,Adjusted savings: energy depletion (current US$),NY.ADJ.DNGY.CD,0
"Macao SAR, China",MAC,1993,Adjusted savings: energy depletion (current US$),NY.ADJ.DNGY.CD,0
"Macao SAR, China",MAC,1992,Adjusted savings: energy depletion (current US$),NY.ADJ.DNGY.CD,0
"Macao SAR, China",MAC,1991,Adjusted savings: energy depletion (current US$),NY.ADJ.DNGY.CD,0
"Macao SAR, China",MAC,1990,Adjusted savings: energy depletion (current US$),NY.ADJ.DNGY.CD,0
"Macao SAR, China",MAC,1989,Adjusted savings: energy depletion (current US$),NY.ADJ.DNGY.CD,0
"Macao SAR, China",MAC,1988,Adjusted savings: energy depletion (current US$),NY.ADJ.DNGY.CD,0
"Macao SAR, China",MAC,1987,Adjusted savings: energy depletion (current US$),NY.ADJ.DNGY.CD,0
"Macao SAR, China",MAC,1986,Adjusted savings: energy depletion (current US$),NY.ADJ.DNGY.CD,0
"Macao SAR, China",MAC,1985,Adjusted savings: energy depletion (current US$),NY.ADJ.DNGY.CD,0
"Macao SAR, China",MAC,1984,Adjusted savings: energy depletion (current US$),NY.ADJ.DNGY.CD,0
"Macao SAR, China",MAC,1983,Adjusted savings: energy depletion (current US$),NY.ADJ.DNGY.CD,0
"Macao SAR, China",MAC,1982,Adjusted savings: energy depletion (current US$),NY.ADJ.DNGY.CD,0
"Macao SAR, China",MAC,1981,Adjusted savings: energy depletion (current US$),NY.ADJ.DNGY.CD,0
"Macao SAR, China",MAC,1980,Adjusted savings: energy depletion (current US$),NY.ADJ.DNGY.CD,0
"Macao SAR, China",MAC,2017,Adjusted savings: energy depletion (% of GNI),NY.ADJ.DNGY.GN.ZS,0
"Macao SAR, China",MAC,2016,Adjusted savings: energy depletion (% of GNI),NY.ADJ.DNGY.GN.ZS,0
"Macao SAR, China",MAC,2015,Adjusted savings: energy depletion (% of GNI),NY.ADJ.DNGY.GN.ZS,0
"Macao SAR, China",MAC,2014,Adjusted savings: energy depletion (% of GNI),NY.ADJ.DNGY.GN.ZS,0
"Macao SAR, China",MAC,2013,Adjusted savings: energy depletion (% of GNI),NY.ADJ.DNGY.GN.ZS,0
"Macao SAR, China",MAC,2012,Adjusted savings: energy depletion (% of GNI),NY.ADJ.DNGY.GN.ZS,0
"Macao SAR, China",MAC,2011,Adjusted savings: energy depletion (% of GNI),NY.ADJ.DNGY.GN.ZS,0
"Macao SAR, China",MAC,2010,Adjusted savings: energy depletion (% of GNI),NY.ADJ.DNGY.GN.ZS,0
"Macao SAR, China",MAC,2009,Adjusted savings: energy depletion (% of GNI),NY.ADJ.DNGY.GN.ZS,0
"Macao SAR, China",MAC,2008,Adjusted savings: energy depletion (% of GNI),NY.ADJ.DNGY.GN.ZS,0
"Macao SAR, China",MAC,2007,Adjusted savings: energy depletion (% of GNI),NY.ADJ.DNGY.GN.ZS,0
"Macao SAR, China",MAC,2006,Adjusted savings: energy depletion (% of GNI),NY.ADJ.DNGY.GN.ZS,0
"Macao SAR, China",MAC,2005,Adjusted savings: energy depletion (% of GNI),NY.ADJ.DNGY.GN.ZS,0
"Macao SAR, China",MAC,2004,Adjusted savings: energy depletion (% of GNI),NY.ADJ.DNGY.GN.ZS,0
"Macao SAR, China",MAC,2003,Adjusted savings: energy depletion (% of GNI),NY.ADJ.DNGY.GN.ZS,0
"Macao SAR, China",MAC,2002,Adjusted savings: energy depletion (% of GNI),NY.ADJ.DNGY.GN.ZS,0
"Macao SAR, China",MAC,2001,Adjusted savings: energy depletion (% of GNI),NY.ADJ.DNGY.GN.ZS,0
"Macao SAR, China",MAC,2000,Adjusted savings: energy depletion (% of GNI),NY.ADJ.DNGY.GN.ZS,0
"Macao SAR, China",MAC,1999,Adjusted savings: energy depletion (% of GNI),NY.ADJ.DNGY.GN.ZS,0
"Macao SAR, China",MAC,1998,Adjusted savings: energy depletion (% of GNI),NY.ADJ.DNGY.GN.ZS,0
"Macao SAR, China",MAC,1997,Adjusted savings: energy depletion (% of GNI),NY.ADJ.DNGY.GN.ZS,0
"Macao SAR, China",MAC,1996,Adjusted savings: energy depletion (% of GNI),NY.ADJ.DNGY.GN.ZS,0
"Macao SAR, China",MAC,1995,Adjusted savings: energy depletion (% of GNI),NY.ADJ.DNGY.GN.ZS,0
"Macao SAR, China",MAC,1994,Adjusted savings: energy depletion (% of GNI),NY.ADJ.DNGY.GN.ZS,0
"Macao SAR, China",MAC,1993,Adjusted savings: energy depletion (% of GNI),NY.ADJ.DNGY.GN.ZS,0
"Macao SAR, China",MAC,1992,Adjusted savings: energy depletion (% of GNI),NY.ADJ.DNGY.GN.ZS,0
"Macao SAR, China",MAC,1991,Adjusted savings: energy depletion (% of GNI),NY.ADJ.DNGY.GN.ZS,0
"Macao SAR, China",MAC,1990,Adjusted savings: energy depletion (% of GNI),NY.ADJ.DNGY.GN.ZS,0
"Macao SAR, China",MAC,1989,Adjusted savings: energy depletion (% of GNI),NY.ADJ.DNGY.GN.ZS,0
"Macao SAR, China",MAC,1988,Adjusted savings: energy depletion (% of GNI),NY.ADJ.DNGY.GN.ZS,0
"Macao SAR, China",MAC,1987,Adjusted savings: energy depletion (% of GNI),NY.ADJ.DNGY.GN.ZS,0
"Macao SAR, China",MAC,1986,Adjusted savings: energy depletion (% of GNI),NY.ADJ.DNGY.GN.ZS,0
"Macao SAR, China",MAC,1985,Adjusted savings: energy depletion (% of GNI),NY.ADJ.DNGY.GN.ZS,0
"Macao SAR, China",MAC,1984,Adjusted savings: energy depletion (% of GNI),NY.ADJ.DNGY.GN.ZS,0
"Macao SAR, China",MAC,1983,Adjusted savings: energy depletion (% of GNI),NY.ADJ.DNGY.GN.ZS,0
"Macao SAR, China",MAC,1982,Adjusted savings: energy depletion (% of GNI),NY.ADJ.DNGY.GN.ZS,0
"Macao SAR, China",MAC,2017,Mineral rents (% of GDP),NY.GDP.MINR.RT.ZS,0
"Macao SAR, China",MAC,2016,Mineral rents (% of GDP),NY.GDP.MINR.RT.ZS,0
"Macao SAR, China",MAC,2015,Mineral rents (% of GDP),NY.GDP.MINR.RT.ZS,0
"Macao SAR, China",MAC,2014,Mineral rents (% of GDP),NY.GDP.MINR.RT.ZS,0
"Macao SAR, China",MAC,2013,Mineral rents (% of GDP),NY.GDP.MINR.RT.ZS,0
"Macao SAR, China",MAC,2012,Mineral rents (% of GDP),NY.GDP.MINR.RT.ZS,0
"Macao SAR, China",MAC,2011,Mineral rents (% of GDP),NY.GDP.MINR.RT.ZS,0
"Macao SAR, China",MAC,2010,Mineral rents (% of GDP),NY.GDP.MINR.RT.ZS,0
"Macao SAR, China",MAC,2009,Mineral rents (% of GDP),NY.GDP.MINR.RT.ZS,0
"Macao SAR, China",MAC,2008,Mineral rents (% of GDP),NY.GDP.MINR.RT.ZS,0
"Macao SAR, China",MAC,2007,Mineral rents (% of GDP),NY.GDP.MINR.RT.ZS,0
"Macao SAR, China",MAC,2006,Mineral rents (% of GDP),NY.GDP.MINR.RT.ZS,0
"Macao SAR, China",MAC,2005,Mineral rents (% of GDP),NY.GDP.MINR.RT.ZS,0
"Macao SAR, China",MAC,2004,Mineral rents (% of GDP),NY.GDP.MINR.RT.ZS,0
"Macao SAR, China",MAC,2003,Mineral rents (% of GDP),NY.GDP.MINR.RT.ZS,0
"Macao SAR, China",MAC,2002,Mineral rents (% of GDP),NY.GDP.MINR.RT.ZS,0
"Macao SAR, China",MAC,2001,Mineral rents (% of GDP),NY.GDP.MINR.RT.ZS,0
"Macao SAR, China",MAC,2000,Mineral rents (% of GDP),NY.GDP.MINR.RT.ZS,0
"Macao SAR, China",MAC,1999,Mineral rents (% of GDP),NY.GDP.MINR.RT.ZS,0
"Macao SAR, China",MAC,1998,Mineral rents (% of GDP),NY.GDP.MINR.RT.ZS,0
"Macao SAR, China",MAC,1997,Mineral rents (% of GDP),NY.GDP.MINR.RT.ZS,0
"Macao SAR, China",MAC,1996,Mineral rents (% of GDP),NY.GDP.MINR.RT.ZS,0
"Macao SAR, China",MAC,1995,Mineral rents (% of GDP),NY.GDP.MINR.RT.ZS,0
"Macao SAR, China",MAC,1994,Mineral rents (% of GDP),NY.GDP.MINR.RT.ZS,0
"Macao SAR, China",MAC,1993,Mineral rents (% of GDP),NY.GDP.MINR.RT.ZS,0
"Macao SAR, China",MAC,1992,Mineral rents (% of GDP),NY.GDP.MINR.RT.ZS,0
"Macao SAR, China",MAC,1991,Mineral rents (% of GDP),NY.GDP.MINR.RT.ZS,0
"Macao SAR, China",MAC,1990,Mineral rents (% of GDP),NY.GDP.MINR.RT.ZS,0
"Macao SAR, China",MAC,1989,Mineral rents (% of GDP),NY.GDP.MINR.RT.ZS,0
"Macao SAR, China",MAC,1988,Mineral rents (% of GDP),NY.GDP.MINR.RT.ZS,0
"Macao SAR, China",MAC,1987,Mineral rents (% of GDP),NY.GDP.MINR.RT.ZS,0
"Macao SAR, China",MAC,1986,Mineral rents (% of GDP),NY.GDP.MINR.RT.ZS,0
"Macao SAR, China",MAC,1985,Mineral rents (% of GDP),NY.GDP.MINR.RT.ZS,0
"Macao SAR, China",MAC,1984,Mineral rents (% of GDP),NY.GDP.MINR.RT.ZS,0
"Macao SAR, China",MAC,1983,Mineral rents (% of GDP),NY.GDP.MINR.RT.ZS,0
"Macao SAR, China",MAC,1982,Mineral rents (% of GDP),NY.GDP.MINR.RT.ZS,0
"Macao SAR, China",MAC,2017,Natural gas rents (% of GDP),NY.GDP.NGAS.RT.ZS,0
"Macao SAR, China",MAC,2016,Natural gas rents (% of GDP),NY.GDP.NGAS.RT.ZS,0
"Macao SAR, China",MAC,2015,Natural gas rents (% of GDP),NY.GDP.NGAS.RT.ZS,0
"Macao SAR, China",MAC,2014,Natural gas rents (% of GDP),NY.GDP.NGAS.RT.ZS,0
"Macao SAR, China",MAC,2013,Natural gas rents (% of GDP),NY.GDP.NGAS.RT.ZS,0
"Macao SAR, China",MAC,2012,Natural gas rents (% of GDP),NY.GDP.NGAS.RT.ZS,0
"Macao SAR, China",MAC,2011,Natural gas rents (% of GDP),NY.GDP.NGAS.RT.ZS,0
"Macao SAR, China",MAC,2010,Natural gas rents (% of GDP),NY.GDP.NGAS.RT.ZS,0
"Macao SAR, China",MAC,2009,Natural gas rents (% of GDP),NY.GDP.NGAS.RT.ZS,0
"Macao SAR, China",MAC,2008,Natural gas rents (% of GDP),NY.GDP.NGAS.RT.ZS,0
"Macao SAR, China",MAC,2007,Natural gas rents (% of GDP),NY.GDP.NGAS.RT.ZS,0
"Macao SAR, China",MAC,2006,Natural gas rents (% of GDP),NY.GDP.NGAS.RT.ZS,0
"Macao SAR, China",MAC,2005,Natural gas rents (% of GDP),NY.GDP.NGAS.RT.ZS,0
"Macao SAR, China",MAC,2004,Natural gas rents (% of GDP),NY.GDP.NGAS.RT.ZS,0
"Macao SAR, China",MAC,2003,Natural gas rents (% of GDP),NY.GDP.NGAS.RT.ZS,0
"Macao SAR, China",MAC,2002,Natural gas rents (% of GDP),NY.GDP.NGAS.RT.ZS,0
"Macao SAR, China",MAC,2001,Natural gas rents (% of GDP),NY.GDP.NGAS.RT.ZS,0
"Macao SAR, China",MAC,2000,Natural gas rents (% of GDP),NY.GDP.NGAS.RT.ZS,0
"Macao SAR, China",MAC,1999,Natural gas rents (% of GDP),NY.GDP.NGAS.RT.ZS,0
"Macao SAR, China",MAC,1998,Natural gas rents (% of GDP),NY.GDP.NGAS.RT.ZS,0
"Macao SAR, China",MAC,1997,Natural gas rents (% of GDP),NY.GDP.NGAS.RT.ZS,0
"Macao SAR, China",MAC,1996,Natural gas rents (% of GDP),NY.GDP.NGAS.RT.ZS,0
"Macao SAR, China",MAC,1995,Natural gas rents (% of GDP),NY.GDP.NGAS.RT.ZS,0
"Macao SAR, China",MAC,1994,Natural gas rents (% of GDP),NY.GDP.NGAS.RT.ZS,0
"Macao SAR, China",MAC,1993,Natural gas rents (% of GDP),NY.GDP.NGAS.RT.ZS,0
"Macao SAR, China",MAC,1992,Natural gas rents (% of GDP),NY.GDP.NGAS.RT.ZS,0
"Macao SAR, China",MAC,1991,Natural gas rents (% of GDP),NY.GDP.NGAS.RT.ZS,0
"Macao SAR, China",MAC,1990,Natural gas rents (% of GDP),NY.GDP.NGAS.RT.ZS,0
"Macao SAR, China",MAC,1989,Natural gas rents (% of GDP),NY.GDP.NGAS.RT.ZS,0
"Macao SAR, China",MAC,1988,Natural gas rents (% of GDP),NY.GDP.NGAS.RT.ZS,0
"Macao SAR, China",MAC,1987,Natural gas rents (% of GDP),NY.GDP.NGAS.RT.ZS,0
"Macao SAR, China",MAC,1986,Natural gas rents (% of GDP),NY.GDP.NGAS.RT.ZS,0
"Macao SAR, China",MAC,1985,Natural gas rents (% of GDP),NY.GDP.NGAS.RT.ZS,0
"Macao SAR, China",MAC,1984,Natural gas rents (% of GDP),NY.GDP.NGAS.RT.ZS,0
"Macao SAR, China",MAC,1983,Natural gas rents (% of GDP),NY.GDP.NGAS.RT.ZS,0
"Macao SAR, China",MAC,1982,Natural gas rents (% of GDP),NY.GDP.NGAS.RT.ZS,0
"Macao SAR, China",MAC,2017,Oil rents (% of GDP),NY.GDP.PETR.RT.ZS,0
"Macao SAR, China",MAC,2016,Oil rents (% of GDP),NY.GDP.PETR.RT.ZS,0
"Macao SAR, China",MAC,2015,Oil rents (% of GDP),NY.GDP.PETR.RT.ZS,0
"Macao SAR, China",MAC,2014,Oil rents (% of GDP),NY.GDP.PETR.RT.ZS,0
"Macao SAR, China",MAC,2013,Oil rents (% of GDP),NY.GDP.PETR.RT.ZS,0
"Macao SAR, China",MAC,2012,Oil rents (% of GDP),NY.GDP.PETR.RT.ZS,0
"Macao SAR, China",MAC,2011,Oil rents (% of GDP),NY.GDP.PETR.RT.ZS,0
"Macao SAR, China",MAC,2010,Oil rents (% of GDP),NY.GDP.PETR.RT.ZS,0
"Macao SAR, China",MAC,2009,Oil rents (% of GDP),NY.GDP.PETR.RT.ZS,0
"Macao SAR, China",MAC,2008,Oil rents (% of GDP),NY.GDP.PETR.RT.ZS,0
"Macao SAR, China",MAC,2007,Oil rents (% of GDP),NY.GDP.PETR.RT.ZS,0
"Macao SAR, China",MAC,2006,Oil rents (% of GDP),NY.GDP.PETR.RT.ZS,0
"Macao SAR, China",MAC,2005,Oil rents (% of GDP),NY.GDP.PETR.RT.ZS,0
"Macao SAR, China",MAC,2004,Oil rents (% of GDP),NY.GDP.PETR.RT.ZS,0
"Macao SAR, China",MAC,2003,Oil rents (% of GDP),NY.GDP.PETR.RT.ZS,0
"Macao SAR, China",MAC,2002,Oil rents (% of GDP),NY.GDP.PETR.RT.ZS,0
"Macao SAR, China",MAC,2001,Oil rents (% of GDP),NY.GDP.PETR.RT.ZS,0
"Macao SAR, China",MAC,2000,Oil rents (% of GDP),NY.GDP.PETR.RT.ZS,0
"Macao SAR, China",MAC,1999,Oil rents (% of GDP),NY.GDP.PETR.RT.ZS,0
"Macao SAR, China",MAC,1998,Oil rents (% of GDP),NY.GDP.PETR.RT.ZS,0
"Macao SAR, China",MAC,1997,Oil rents (% of GDP),NY.GDP.PETR.RT.ZS,0
"Macao SAR, China",MAC,1996,Oil rents (% of GDP),NY.GDP.PETR.RT.ZS,0
"Macao SAR, China",MAC,1995,Oil rents (% of GDP),NY.GDP.PETR.RT.ZS,0
"Macao SAR, China",MAC,1994,Oil rents (% of GDP),NY.GDP.PETR.RT.ZS,0
"Macao SAR, China",MAC,1993,Oil rents (% of GDP),NY.GDP.PETR.RT.ZS,0
"Macao SAR, China",MAC,1992,Oil rents (% of GDP),NY.GDP.PETR.RT.ZS,0
"Macao SAR, China",MAC,1991,Oil rents (% of GDP),NY.GDP.PETR.RT.ZS,0
"Macao SAR, China",MAC,1990,Oil rents (% of GDP),NY.GDP.PETR.RT.ZS,0
"Macao SAR, China",MAC,1989,Oil rents (% of GDP),NY.GDP.PETR.RT.ZS,0
"Macao SAR, China",MAC,1988,Oil rents (% of GDP),NY.GDP.PETR.RT.ZS,0
"Macao SAR, China",MAC,1987,Oil rents (% of GDP),NY.GDP.PETR.RT.ZS,0
"Macao SAR, China",MAC,1986,Oil rents (% of GDP),NY.GDP.PETR.RT.ZS,0
"Macao SAR, China",MAC,1985,Oil rents (% of GDP),NY.GDP.PETR.RT.ZS,0
"Macao SAR, China",MAC,1984,Oil rents (% of GDP),NY.GDP.PETR.RT.ZS,0
"Macao SAR, China",MAC,1983,Oil rents (% of GDP),NY.GDP.PETR.RT.ZS,0
"Macao SAR, China",MAC,1982,Oil rents (% of GDP),NY.GDP.PETR.RT.ZS,0
"Macao SAR, China",MAC,2017,Total natural resources rents (% of GDP),NY.GDP.TOTL.RT.ZS,0.000687066796847772
"Macao SAR, China",MAC,2016,Total natural resources rents (% of GDP),NY.GDP.TOTL.RT.ZS,0.000752298303968902
"Macao SAR, China",MAC,2015,Total natural resources rents (% of GDP),NY.GDP.TOTL.RT.ZS,0.000617079426323013
"Macao SAR, China",MAC,2014,Total natural resources rents (% of GDP),NY.GDP.TOTL.RT.ZS,0.000762083134841116
"Macao SAR, China",MAC,2013,Total natural resources rents (% of GDP),NY.GDP.TOTL.RT.ZS,0.000518644721431628
"Macao SAR, China",MAC,2012,Total natural resources rents (% of GDP),NY.GDP.TOTL.RT.ZS,0.000636428343795631
"Macao SAR, China",MAC,2011,Total natural resources rents (% of GDP),NY.GDP.TOTL.RT.ZS,0.000922097318685672
"Macao SAR, China",MAC,2010,Total natural resources rents (% of GDP),NY.GDP.TOTL.RT.ZS,0.000909141683636676
"Macao SAR, China",MAC,2009,Total natural resources rents (% of GDP),NY.GDP.TOTL.RT.ZS,0.00122955405268514
"Macao SAR, China",MAC,2008,Total natural resources rents (% of GDP),NY.GDP.TOTL.RT.ZS,0.0013539630440668
"Macao SAR, China",MAC,2007,Total natural resources rents (% of GDP),NY.GDP.TOTL.RT.ZS,0.000919396305019995
"Macao SAR, China",MAC,2006,Total natural resources rents (% of GDP),NY.GDP.TOTL.RT.ZS,0.0007672065642257
"Macao SAR, China",MAC,2005,Total natural resources rents (% of GDP),NY.GDP.TOTL.RT.ZS,0.000775881614671439
"Macao SAR, China",MAC,2004,Total natural resources rents (% of GDP),NY.GDP.TOTL.RT.ZS,0.00142779148469943
"Macao SAR, China",MAC,2003,Total natural resources rents (% of GDP),NY.GDP.TOTL.RT.ZS,0.00167601029689068
"Macao SAR, China",MAC,2002,Total natural resources rents (% of GDP),NY.GDP.TOTL.RT.ZS,0.00130160887590926
"Macao SAR, China",MAC,2001,Total natural resources rents (% of GDP),NY.GDP.TOTL.RT.ZS,0.00126057529450939
"Macao SAR, China",MAC,2000,Total natural resources rents (% of GDP),NY.GDP.TOTL.RT.ZS,0.00110868300335343
"Macao SAR, China",MAC,1999,Total natural resources rents (% of GDP),NY.GDP.TOTL.RT.ZS,0.00115709663663559
"Macao SAR, China",MAC,1998,Total natural resources rents (% of GDP),NY.GDP.TOTL.RT.ZS,0.00208641319708349
"Macao SAR, China",MAC,1997,Total natural resources rents (% of GDP),NY.GDP.TOTL.RT.ZS,0.00248937933829403
"Macao SAR, China",MAC,1996,Total natural resources rents (% of GDP),NY.GDP.TOTL.RT.ZS,0.00274323291854646
"Macao SAR, China",MAC,1995,Total natural resources rents (% of GDP),NY.GDP.TOTL.RT.ZS,0.00267890830356816
"Macao SAR, China",MAC,1994,Total natural resources rents (% of GDP),NY.GDP.TOTL.RT.ZS,0.00176577096028507
"Macao SAR, China",MAC,1993,Total natural resources rents (% of GDP),NY.GDP.TOTL.RT.ZS,0.0014448355822059
"Macao SAR, China",MAC,1992,Total natural resources rents (% of GDP),NY.GDP.TOTL.RT.ZS,0.00196415616686024
"Macao SAR, China",MAC,1991,Total natural resources rents (% of GDP),NY.GDP.TOTL.RT.ZS,0.0019261415228197
"Macao SAR, China",MAC,1990,Total natural resources rents (% of GDP),NY.GDP.TOTL.RT.ZS,0.00192885878446127
"Macao SAR, China",MAC,1989,Total natural resources rents (% of GDP),NY.GDP.TOTL.RT.ZS,0.00223948922257887
"Macao SAR, China",MAC,1988,Total natural resources rents (% of GDP),NY.GDP.TOTL.RT.ZS,0.00256524489147149
"Macao SAR, China",MAC,1987,Total natural resources rents (% of GDP),NY.GDP.TOTL.RT.ZS,0.00293477341223124
"Macao SAR, China",MAC,1986,Total natural resources rents (% of GDP),NY.GDP.TOTL.RT.ZS,0.00373424345817986
"Macao SAR, China",MAC,1985,Total natural resources rents (% of GDP),NY.GDP.TOTL.RT.ZS,0.00252792311071679
"Macao SAR, China",MAC,1984,Total natural resources rents (% of GDP),NY.GDP.TOTL.RT.ZS,0.00258362180449521
"Macao SAR, China",MAC,1983,Total natural resources rents (% of GDP),NY.GDP.TOTL.RT.ZS,0.00188611123358207
"Macao SAR, China",MAC,1982,Total natural resources rents (% of GDP),NY.GDP.TOTL.RT.ZS,0.00182560381520319
"Macao SAR, China",MAC,2016,Fuel imports (% of merchandise imports),TM.VAL.FUEL.ZS.UN,5.59689228134192
"Macao SAR, China",MAC,2015,Fuel imports (% of merchandise imports),TM.VAL.FUEL.ZS.UN,6.96414923323224
"Macao SAR, China",MAC,2014,Fuel imports (% of merchandise imports),TM.VAL.FUEL.ZS.UN,7.0199586446048
"Macao SAR, China",MAC,2012,Fuel imports (% of merchandise imports),TM.VAL.FUEL.ZS.UN,10.7767743262386
"Macao SAR, China",MAC,2011,Fuel imports (% of merchandise imports),TM.VAL.FUEL.ZS.UN,8.32537050517271
"Macao SAR, China",MAC,2010,Fuel imports (% of merchandise imports),TM.VAL.FUEL.ZS.UN,11.1027201960958
"Macao SAR, China",MAC,2009,Fuel imports (% of merchandise imports),TM.VAL.FUEL.ZS.UN,12.8669729048402
"Macao SAR, China",MAC,2008,Fuel imports (% of merchandise imports),TM.VAL.FUEL.ZS.UN,13.2557130519313
"Macao SAR, China",MAC,2007,Fuel imports (% of merchandise imports),TM.VAL.FUEL.ZS.UN,11.3974323527423
"Macao SAR, China",MAC,2006,Fuel imports (% of merchandise imports),TM.VAL.FUEL.ZS.UN,10.9715558834979
"Macao SAR, China",MAC,2005,Fuel imports (% of merchandise imports),TM.VAL.FUEL.ZS.UN,9.71541668929594
"Macao SAR, China",MAC,2004,Fuel imports (% of merchandise imports),TM.VAL.FUEL.ZS.UN,7.73561013394809
"Macao SAR, China",MAC,2003,Fuel imports (% of merchandise imports),TM.VAL.FUEL.ZS.UN,7.21685595822576
"Macao SAR, China",MAC,2002,Fuel imports (% of merchandise imports),TM.VAL.FUEL.ZS.UN,7.26299792617615
"Macao SAR, China",MAC,2001,Fuel imports (% of merchandise imports),TM.VAL.FUEL.ZS.UN,7.92036991730954
"Macao SAR, China",MAC,2000,Fuel imports (% of merchandise imports),TM.VAL.FUEL.ZS.UN,7.70379104207379
"Macao SAR, China",MAC,1999,Fuel imports (% of merchandise imports),TM.VAL.FUEL.ZS.UN,6.40074698424775
"Macao SAR, China",MAC,1998,Fuel imports (% of merchandise imports),TM.VAL.FUEL.ZS.UN,6.53929144693324
"Macao SAR, China",MAC,1997,Fuel imports (% of merchandise imports),TM.VAL.FUEL.ZS.UN,6.66827085130099
"Macao SAR, China",MAC,1996,Fuel imports (% of merchandise imports),TM.VAL.FUEL.ZS.UN,6.49993549533478
"Macao SAR, China",MAC,1995,Fuel imports (% of merchandise imports),TM.VAL.FUEL.ZS.UN,5.18644868884665
"Macao SAR, China",MAC,1994,Fuel imports (% of merchandise imports),TM.VAL.FUEL.ZS.UN,4.75888191039845
"Macao SAR, China",MAC,1993,Fuel imports (% of merchandise imports),TM.VAL.FUEL.ZS.UN,4.62924195550228
"Macao SAR, China",MAC,1992,Fuel imports (% of merchandise imports),TM.VAL.FUEL.ZS.UN,4.28188453912643
"Macao SAR, China",MAC,1991,Fuel imports (% of merchandise imports),TM.VAL.FUEL.ZS.UN,4.45834730479386
"Macao SAR, China",MAC,1990,Fuel imports (% of merchandise imports),TM.VAL.FUEL.ZS.UN,4.6987196733973
"Macao SAR, China",MAC,1989,Fuel imports (% of merchandise imports),TM.VAL.FUEL.ZS.UN,4.33515038166624
"Macao SAR, China",MAC,1988,Fuel imports (% of merchandise imports),TM.VAL.FUEL.ZS.UN,4.21427301990609
"Macao SAR, China",MAC,1987,Fuel imports (% of merchandise imports),TM.VAL.FUEL.ZS.UN,4.27664384275287
"Macao SAR, China",MAC,1986,Fuel imports (% of merchandise imports),TM.VAL.FUEL.ZS.UN,5.21982246445234
"Macao SAR, China",MAC,1985,Fuel imports (% of merchandise imports),TM.VAL.FUEL.ZS.UN,6.47101768015539
"Macao SAR, China",MAC,1984,Fuel imports (% of merchandise imports),TM.VAL.FUEL.ZS.UN,6.09549296467106
"Macao SAR, China",MAC,1983,Fuel imports (% of merchandise imports),TM.VAL.FUEL.ZS.UN,7.42150444672763
"Macao SAR, China",MAC,1981,Fuel imports (% of merchandise imports),TM.VAL.FUEL.ZS.UN,6.53598541331038
"Macao SAR, China",MAC,1980,Fuel imports (% of merchandise imports),TM.VAL.FUEL.ZS.UN,6.97631528235978
"Macao SAR, China",MAC,1979,Fuel imports (% of merchandise imports),TM.VAL.FUEL.ZS.UN,5.36118966901495
"Macao SAR, China",MAC,1978,Fuel imports (% of merchandise imports),TM.VAL.FUEL.ZS.UN,6.90107144649153
"Macao SAR, China",MAC,1977,Fuel imports (% of merchandise imports),TM.VAL.FUEL.ZS.UN,7.46276003997135
"Macao SAR, China",MAC,1976,Fuel imports (% of merchandise imports),TM.VAL.FUEL.ZS.UN,7.92625030197353
"Macao SAR, China",MAC,1975,Fuel imports (% of merchandise imports),TM.VAL.FUEL.ZS.UN,9.08713665551074
"Macao SAR, China",MAC,1974,Fuel imports (% of merchandise imports),TM.VAL.FUEL.ZS.UN,2.89880802415106
"Macao SAR, China",MAC,1973,Fuel imports (% of merchandise imports),TM.VAL.FUEL.ZS.UN,2.02250181863518
"Macao SAR, China",MAC,2016,Ores and metals imports (% of merchandise imports),TM.VAL.MMTL.ZS.UN,0.228770243169738
"Macao SAR, China",MAC,2015,Ores and metals imports (% of merchandise imports),TM.VAL.MMTL.ZS.UN,0.386038614902536
"Macao SAR, China",MAC,2014,Ores and metals imports (% of merchandise imports),TM.VAL.MMTL.ZS.UN,0.25480871761652
"Macao SAR, China",MAC,2012,Ores and metals imports (% of merchandise imports),TM.VAL.MMTL.ZS.UN,0.286799959605841
"Macao SAR, China",MAC,2011,Ores and metals imports (% of merchandise imports),TM.VAL.MMTL.ZS.UN,0.127144081575772
"Macao SAR, China",MAC,2010,Ores and metals imports (% of merchandise imports),TM.VAL.MMTL.ZS.UN,0.235555135723224
"Macao SAR, China",MAC,2009,Ores and metals imports (% of merchandise imports),TM.VAL.MMTL.ZS.UN,0.404870800233936
"Macao SAR, China",MAC,2008,Ores and metals imports (% of merchandise imports),TM.VAL.MMTL.ZS.UN,0.771682856505663
"Macao SAR, China",MAC,2007,Ores and metals imports (% of merchandise imports),TM.VAL.MMTL.ZS.UN,0.808832384025736
"Macao SAR, China",MAC,2006,Ores and metals imports (% of merchandise imports),TM.VAL.MMTL.ZS.UN,0.967581213647239
"Macao SAR, China",MAC,2005,Ores and metals imports (% of merchandise imports),TM.VAL.MMTL.ZS.UN,0.638497419155497
"Macao SAR, China",MAC,2004,Ores and metals imports (% of merchandise imports),TM.VAL.MMTL.ZS.UN,0.543378508051663
"Macao SAR, China",MAC,2003,Ores and metals imports (% of merchandise imports),TM.VAL.MMTL.ZS.UN,0.349896244225425
"Macao SAR, China",MAC,2002,Ores and metals imports (% of merchandise imports),TM.VAL.MMTL.ZS.UN,0.290734557031583
"Macao SAR, China",MAC,2001,Ores and metals imports (% of merchandise imports),TM.VAL.MMTL.ZS.UN,0.177536260146762
"Macao SAR, China",MAC,2000,Ores and metals imports (% of merchandise imports),TM.VAL.MMTL.ZS.UN,0.352413805034703
"Macao SAR, China",MAC,1999,Ores and metals imports (% of merchandise imports),TM.VAL.MMTL.ZS.UN,0.452754881022128
"Macao SAR, China",MAC,1998,Ores and metals imports (% of merchandise imports),TM.VAL.MMTL.ZS.UN,0.512392057067015
"Macao SAR, China",MAC,1997,Ores and metals imports (% of merchandise imports),TM.VAL.MMTL.ZS.UN,0.567158802567653
"Macao SAR, China",MAC,1996,Ores and metals imports (% of merchandise imports),TM.VAL.MMTL.ZS.UN,0.563767862088865
"Macao SAR, China",MAC,1995,Ores and metals imports (% of merchandise imports),TM.VAL.MMTL.ZS.UN,0.583675696737819
"Macao SAR, China",MAC,1994,Ores and metals imports (% of merchandise imports),TM.VAL.MMTL.ZS.UN,1.10089049413596
"Macao SAR, China",MAC,1993,Ores and metals imports (% of merchandise imports),TM.VAL.MMTL.ZS.UN,4.56759757839265
"Macao SAR, China",MAC,1992,Ores and metals imports (% of merchandise imports),TM.VAL.MMTL.ZS.UN,1.07297502397192
"Macao SAR, China",MAC,1991,Ores and metals imports (% of merchandise imports),TM.VAL.MMTL.ZS.UN,0.977732040488179
"Macao SAR, China",MAC,1990,Ores and metals imports (% of merchandise imports),TM.VAL.MMTL.ZS.UN,1.08452087409467
"Macao SAR, China",MAC,1989,Ores and metals imports (% of merchandise imports),TM.VAL.MMTL.ZS.UN,1.84529270295377
"Macao SAR, China",MAC,1988,Ores and metals imports (% of merchandise imports),TM.VAL.MMTL.ZS.UN,1.81066994562534
"Macao SAR, China",MAC,1987,Ores and metals imports (% of merchandise imports),TM.VAL.MMTL.ZS.UN,1.15839271186902
"Macao SAR, China",MAC,1986,Ores and metals imports (% of merchandise imports),TM.VAL.MMTL.ZS.UN,0.703944933593425
"Macao SAR, China",MAC,1985,Ores and metals imports (% of merchandise imports),TM.VAL.MMTL.ZS.UN,0.856423182590804
"Macao SAR, China",MAC,1984,Ores and metals imports (% of merchandise imports),TM.VAL.MMTL.ZS.UN,0.771984975599258
"Macao SAR, China",MAC,1983,Ores and metals imports (% of merchandise imports),TM.VAL.MMTL.ZS.UN,0.708457405171938
"Macao SAR, China",MAC,1981,Ores and metals imports (% of merchandise imports),TM.VAL.MMTL.ZS.UN,1.11352821160277
"Macao SAR, China",MAC,1980,Ores and metals imports (% of merchandise imports),TM.VAL.MMTL.ZS.UN,0.752905294993861
"Macao SAR, China",MAC,1979,Ores and metals imports (% of merchandise imports),TM.VAL.MMTL.ZS.UN,1.31452239003074
"Macao SAR, China",MAC,1978,Ores and metals imports (% of merchandise imports),TM.VAL.MMTL.ZS.UN,2.00453329671254
"Macao SAR, China",MAC,1977,Ores and metals imports (% of merchandise imports),TM.VAL.MMTL.ZS.UN,1.3653555867613
"Macao SAR, China",MAC,1976,Ores and metals imports (% of merchandise imports),TM.VAL.MMTL.ZS.UN,1.37375517876127
"Macao SAR, China",MAC,1975,Ores and metals imports (% of merchandise imports),TM.VAL.MMTL.ZS.UN,0.682985598837223
"Macao SAR, China",MAC,1974,Ores and metals imports (% of merchandise imports),TM.VAL.MMTL.ZS.UN,1.74592851991745
"Macao SAR, China",MAC,1973,Ores and metals imports (% of merchandise imports),TM.VAL.MMTL.ZS.UN,3.70180825490614
"Macao SAR, China",MAC,2015,Fuel exports (% of merchandise exports),TX.VAL.FUEL.ZS.UN,0
"Macao SAR, China",MAC,2014,Fuel exports (% of merchandise exports),TX.VAL.FUEL.ZS.UN,0
"Macao SAR, China",MAC,2010,Fuel exports (% of merchandise exports),TX.VAL.FUEL.ZS.UN,0
"Macao SAR, China",MAC,2009,Fuel exports (% of merchandise exports),TX.VAL.FUEL.ZS.UN,0
"Macao SAR, China",MAC,2008,Fuel exports (% of merchandise exports),TX.VAL.FUEL.ZS.UN,0
"Macao SAR, China",MAC,2007,Fuel exports (% of merchandise exports),TX.VAL.FUEL.ZS.UN,0
"Macao SAR, China",MAC,2006,Fuel exports (% of merchandise exports),TX.VAL.FUEL.ZS.UN,0
"Macao SAR, China",MAC,2005,Fuel exports (% of merchandise exports),TX.VAL.FUEL.ZS.UN,0
"Macao SAR, China",MAC,2004,Fuel exports (% of merchandise exports),TX.VAL.FUEL.ZS.UN,7.55390356629926e-05
"Macao SAR, China",MAC,2003,Fuel exports (% of merchandise exports),TX.VAL.FUEL.ZS.UN,0
"Macao SAR, China",MAC,2002,Fuel exports (% of merchandise exports),TX.VAL.FUEL.ZS.UN,3.47856806115449e-05
"Macao SAR, China",MAC,2001,Fuel exports (% of merchandise exports),TX.VAL.FUEL.ZS.UN,0.00110195884897468
"Macao SAR, China",MAC,2000,Fuel exports (% of merchandise exports),TX.VAL.FUEL.ZS.UN,0
"Macao SAR, China",MAC,1999,Fuel exports (% of merchandise exports),TX.VAL.FUEL.ZS.UN,0
"Macao SAR, China",MAC,1998,Fuel exports (% of merchandise exports),TX.VAL.FUEL.ZS.UN,1.48205792325693e-05
"Macao SAR, China",MAC,1997,Fuel exports (% of merchandise exports),TX.VAL.FUEL.ZS.UN,0.42758262483356
"Macao SAR, China",MAC,1996,Fuel exports (% of merchandise exports),TX.VAL.FUEL.ZS.UN,0.406491853507131
"Macao SAR, China",MAC,1995,Fuel exports (% of merchandise exports),TX.VAL.FUEL.ZS.UN,0.0120605872484043
"Macao SAR, China",MAC,1994,Fuel exports (% of merchandise exports),TX.VAL.FUEL.ZS.UN,0.0174744924863137
"Macao SAR, China",MAC,1993,Fuel exports (% of merchandise exports),TX.VAL.FUEL.ZS.UN,0.0281349559024192
"Macao SAR, China",MAC,1992,Fuel exports (% of merchandise exports),TX.VAL.FUEL.ZS.UN,0.0207383804500851
"Macao SAR, China",MAC,1991,Fuel exports (% of merchandise exports),TX.VAL.FUEL.ZS.UN,0.0226446127293127
"Macao SAR, China",MAC,1990,Fuel exports (% of merchandise exports),TX.VAL.FUEL.ZS.UN,0.0113679110192279
"Macao SAR, China",MAC,1989,Fuel exports (% of merchandise exports),TX.VAL.FUEL.ZS.UN,0.0145621550757859
"Macao SAR, China",MAC,1988,Fuel exports (% of merchandise exports),TX.VAL.FUEL.ZS.UN,0.00895136941685121
"Macao SAR, China",MAC,1987,Fuel exports (% of merchandise exports),TX.VAL.FUEL.ZS.UN,0.00689014780515723
"Macao SAR, China",MAC,1986,Fuel exports (% of merchandise exports),TX.VAL.FUEL.ZS.UN,0.0100336625717221
"Macao SAR, China",MAC,1985,Fuel exports (% of merchandise exports),TX.VAL.FUEL.ZS.UN,0.0304452442991848
"Macao SAR, China",MAC,1984,Fuel exports (% of merchandise exports),TX.VAL.FUEL.ZS.UN,0.0126207912844896
"Macao SAR, China",MAC,1983,Fuel exports (% of merchandise exports),TX.VAL.FUEL.ZS.UN,0.00984547952016909
"Macao SAR, China",MAC,1982,Fuel exports (% of merchandise exports),TX.VAL.FUEL.ZS.UN,0.0276333352539676
"Macao SAR, China",MAC,1981,Fuel exports (% of merchandise exports),TX.VAL.FUEL.ZS.UN,0.0101621595088136
"Macao SAR, China",MAC,1980,Fuel exports (% of merchandise exports),TX.VAL.FUEL.ZS.UN,0
"Macao SAR, China",MAC,1974,Fuel exports (% of merchandise exports),TX.VAL.FUEL.ZS.UN,0.000198651221329987
"Macao SAR, China",MAC,2016,Ores and metals exports (% of merchandise exports),TX.VAL.MMTL.ZS.UN,1.04409684118757
"Macao SAR, China",MAC,2015,Ores and metals exports (% of merchandise exports),TX.VAL.MMTL.ZS.UN,2.11555351510338
"Macao SAR, China",MAC,2014,Ores and metals exports (% of merchandise exports),TX.VAL.MMTL.ZS.UN,7.40107751350455
"Macao SAR, China",MAC,2012,Ores and metals exports (% of merchandise exports),TX.VAL.MMTL.ZS.UN,0
"Macao SAR, China",MAC,2011,Ores and metals exports (% of merchandise exports),TX.VAL.MMTL.ZS.UN,0
"Macao SAR, China",MAC,2010,Ores and metals exports (% of merchandise exports),TX.VAL.MMTL.ZS.UN,0
"Macao SAR, China",MAC,2009,Ores and metals exports (% of merchandise exports),TX.VAL.MMTL.ZS.UN,8.44446028612576
"Macao SAR, China",MAC,2008,Ores and metals exports (% of merchandise exports),TX.VAL.MMTL.ZS.UN,3.72100262022567
"Macao SAR, China",MAC,2007,Ores and metals exports (% of merchandise exports),TX.VAL.MMTL.ZS.UN,3.20895420017784
"Macao SAR, China",MAC,2006,Ores and metals exports (% of merchandise exports),TX.VAL.MMTL.ZS.UN,2.65374780351676
"Macao SAR, China",MAC,2005,Ores and metals exports (% of merchandise exports),TX.VAL.MMTL.ZS.UN,2.06201141324786
"Macao SAR, China",MAC,2004,Ores and metals exports (% of merchandise exports),TX.VAL.MMTL.ZS.UN,1.13780725729118
"Macao SAR, China",MAC,2003,Ores and metals exports (% of merchandise exports),TX.VAL.MMTL.ZS.UN,0.310894097207751
"Macao SAR, China",MAC,2002,Ores and metals exports (% of merchandise exports),TX.VAL.MMTL.ZS.UN,0.00565120557847524
"Macao SAR, China",MAC,2001,Ores and metals exports (% of merchandise exports),TX.VAL.MMTL.ZS.UN,0.00781264449236931
"Macao SAR, China",MAC,2000,Ores and metals exports (% of merchandise exports),TX.VAL.MMTL.ZS.UN,0.0125760076872345
"Macao SAR, China",MAC,1999,Ores and metals exports (% of merchandise exports),TX.VAL.MMTL.ZS.UN,0.0286386227115061
"Macao SAR, China",MAC,1998,Ores and metals exports (% of merchandise exports),TX.VAL.MMTL.ZS.UN,0.0130582190499138
"Macao SAR, China",MAC,1997,Ores and metals exports (% of merchandise exports),TX.VAL.MMTL.ZS.UN,0.17639925415215
"Macao SAR, China",MAC,1996,Ores and metals exports (% of merchandise exports),TX.VAL.MMTL.ZS.UN,0.0578531838736193
"Macao SAR, China",MAC,1995,Ores and metals exports (% of merchandise exports),TX.VAL.MMTL.ZS.UN,0.0395996060656981
"Macao SAR, China",MAC,1994,Ores and metals exports (% of merchandise exports),TX.VAL.MMTL.ZS.UN,0.0481759059772123
"Macao SAR, China",MAC,1993,Ores and metals exports (% of merchandise exports),TX.VAL.MMTL.ZS.UN,0.16688654057991
"Macao SAR, China",MAC,1992,Ores and metals exports (% of merchandise exports),TX.VAL.MMTL.ZS.UN,0.113551656226215
"Macao SAR, China",MAC,1991,Ores and metals exports (% of merchandise exports),TX.VAL.MMTL.ZS.UN,0.0543740140389785
"Macao SAR, China",MAC,1990,Ores and metals exports (% of merchandise exports),TX.VAL.MMTL.ZS.UN,0.0581818653191279
"Macao SAR, China",MAC,1989,Ores and metals exports (% of merchandise exports),TX.VAL.MMTL.ZS.UN,0.121757903584247
"Macao SAR, China",MAC,1988,Ores and metals exports (% of merchandise exports),TX.VAL.MMTL.ZS.UN,0.0737719308849741
"Macao SAR, China",MAC,1987,Ores and metals exports (% of merchandise exports),TX.VAL.MMTL.ZS.UN,0.065573565979019
"Macao SAR, China",MAC,1986,Ores and metals exports (% of merchandise exports),TX.VAL.MMTL.ZS.UN,0.109938701985172
"Macao SAR, China",MAC,1985,Ores and metals exports (% of merchandise exports),TX.VAL.MMTL.ZS.UN,0.152416518810933
"Macao SAR, China",MAC,1984,Ores and metals exports (% of merchandise exports),TX.VAL.MMTL.ZS.UN,0.176986566375161
"Macao SAR, China",MAC,1983,Ores and metals exports (% of merchandise exports),TX.VAL.MMTL.ZS.UN,0.24789270469325
"Macao SAR, China",MAC,1982,Ores and metals exports (% of merchandise exports),TX.VAL.MMTL.ZS.UN,0.594832803584531
"Macao SAR, China",MAC,1981,Ores and metals exports (% of merchandise exports),TX.VAL.MMTL.ZS.UN,0.268699626232997
"Macao SAR, China",MAC,1980,Ores and metals exports (% of merchandise exports),TX.VAL.MMTL.ZS.UN,0.446430466837275
"Macao SAR, China",MAC,1979,Ores and metals exports (% of merchandise exports),TX.VAL.MMTL.ZS.UN,0.539414381660913
"Macao SAR, China",MAC,1978,Ores and metals exports (% of merchandise exports),TX.VAL.MMTL.ZS.UN,0.663198661321978
"Macao SAR, China",MAC,1977,Ores and metals exports (% of merchandise exports),TX.VAL.MMTL.ZS.UN,0.697160088670212
"Macao SAR, China",MAC,1976,Ores and metals exports (% of merchandise exports),TX.VAL.MMTL.ZS.UN,0.699167935826595
"Macao SAR, China",MAC,1975,Ores and metals exports (% of merchandise exports),TX.VAL.MMTL.ZS.UN,1.10463562692053
"Macao SAR, China",MAC,1974,Ores and metals exports (% of merchandise exports),TX.VAL.MMTL.ZS.UN,0.539729798693165
"Macao SAR, China",MAC,1973,Ores and metals exports (% of merchandise exports),TX.VAL.MMTL.ZS.UN,0.221320500685962
