Country Name,Country ISO3,Year,Indicator Name,Indicator Code,Value
#country+name,#country+code,#date+year,#indicator+name,#indicator+code,#indicator+value+num
French Polynesia,PYF,2017,"Access to electricity, rural (% of rural population)",EG.ELC.ACCS.RU.ZS,100
French Polynesia,PYF,2016,"Access to electricity, rural (% of rural population)",EG.ELC.ACCS.RU.ZS,100
French Polynesia,PYF,2015,"Access to electricity, rural (% of rural population)",EG.ELC.ACCS.RU.ZS,100
French Polynesia,PYF,2014,"Access to electricity, rural (% of rural population)",EG.ELC.ACCS.RU.ZS,100
French Polynesia,PYF,2013,"Access to electricity, rural (% of rural population)",EG.ELC.ACCS.RU.ZS,100
French Polynesia,PYF,2012,"Access to electricity, rural (% of rural population)",EG.ELC.ACCS.RU.ZS,100
French Polynesia,PYF,2011,"Access to electricity, rural (% of rural population)",EG.ELC.ACCS.RU.ZS,100
French Polynesia,PYF,2010,"Access to electricity, rural (% of rural population)",EG.ELC.ACCS.RU.ZS,100
French Polynesia,PYF,2009,"Access to electricity, rural (% of rural population)",EG.ELC.ACCS.RU.ZS,100
French Polynesia,PYF,2008,"Access to electricity, rural (% of rural population)",EG.ELC.ACCS.RU.ZS,100
French Polynesia,PYF,2007,"Access to electricity, rural (% of rural population)",EG.ELC.ACCS.RU.ZS,100
French Polynesia,PYF,2006,"Access to electricity, rural (% of rural population)",EG.ELC.ACCS.RU.ZS,100
French Polynesia,PYF,2005,"Access to electricity, rural (% of rural population)",EG.ELC.ACCS.RU.ZS,100
French Polynesia,PYF,2004,"Access to electricity, rural (% of rural population)",EG.ELC.ACCS.RU.ZS,100
French Polynesia,PYF,2003,"Access to electricity, rural (% of rural population)",EG.ELC.ACCS.RU.ZS,100
French Polynesia,PYF,2002,"Access to electricity, rural (% of rural population)",EG.ELC.ACCS.RU.ZS,100
French Polynesia,PYF,2001,"Access to electricity, rural (% of rural population)",EG.ELC.ACCS.RU.ZS,100
French Polynesia,PYF,2000,"Access to electricity, rural (% of rural population)",EG.ELC.ACCS.RU.ZS,100
French Polynesia,PYF,1999,"Access to electricity, rural (% of rural population)",EG.ELC.ACCS.RU.ZS,100
French Polynesia,PYF,1998,"Access to electricity, rural (% of rural population)",EG.ELC.ACCS.RU.ZS,100
French Polynesia,PYF,1997,"Access to electricity, rural (% of rural population)",EG.ELC.ACCS.RU.ZS,100
French Polynesia,PYF,1996,"Access to electricity, rural (% of rural population)",EG.ELC.ACCS.RU.ZS,100
French Polynesia,PYF,1995,"Access to electricity, rural (% of rural population)",EG.ELC.ACCS.RU.ZS,100
French Polynesia,PYF,1994,"Access to electricity, rural (% of rural population)",EG.ELC.ACCS.RU.ZS,100
French Polynesia,PYF,1993,"Access to electricity, rural (% of rural population)",EG.ELC.ACCS.RU.ZS,100
French Polynesia,PYF,1992,"Access to electricity, rural (% of rural population)",EG.ELC.ACCS.RU.ZS,100
French Polynesia,PYF,1991,"Access to electricity, rural (% of rural population)",EG.ELC.ACCS.RU.ZS,100
French Polynesia,PYF,1990,"Access to electricity, rural (% of rural population)",EG.ELC.ACCS.RU.ZS,100
French Polynesia,PYF,2017,"Access to electricity, urban (% of urban population)",EG.ELC.ACCS.UR.ZS,100
French Polynesia,PYF,2016,"Access to electricity, urban (% of urban population)",EG.ELC.ACCS.UR.ZS,100
French Polynesia,PYF,2015,"Access to electricity, urban (% of urban population)",EG.ELC.ACCS.UR.ZS,100
French Polynesia,PYF,2014,"Access to electricity, urban (% of urban population)",EG.ELC.ACCS.UR.ZS,100
French Polynesia,PYF,2013,"Access to electricity, urban (% of urban population)",EG.ELC.ACCS.UR.ZS,100
French Polynesia,PYF,2012,"Access to electricity, urban (% of urban population)",EG.ELC.ACCS.UR.ZS,100
French Polynesia,PYF,2011,"Access to electricity, urban (% of urban population)",EG.ELC.ACCS.UR.ZS,100
French Polynesia,PYF,2010,"Access to electricity, urban (% of urban population)",EG.ELC.ACCS.UR.ZS,100
French Polynesia,PYF,2009,"Access to electricity, urban (% of urban population)",EG.ELC.ACCS.UR.ZS,100
French Polynesia,PYF,2008,"Access to electricity, urban (% of urban population)",EG.ELC.ACCS.UR.ZS,100
French Polynesia,PYF,2007,"Access to electricity, urban (% of urban population)",EG.ELC.ACCS.UR.ZS,100
French Polynesia,PYF,2006,"Access to electricity, urban (% of urban population)",EG.ELC.ACCS.UR.ZS,100
French Polynesia,PYF,2005,"Access to electricity, urban (% of urban population)",EG.ELC.ACCS.UR.ZS,100
French Polynesia,PYF,2004,"Access to electricity, urban (% of urban population)",EG.ELC.ACCS.UR.ZS,100
French Polynesia,PYF,2003,"Access to electricity, urban (% of urban population)",EG.ELC.ACCS.UR.ZS,100
French Polynesia,PYF,2002,"Access to electricity, urban (% of urban population)",EG.ELC.ACCS.UR.ZS,100
French Polynesia,PYF,2001,"Access to electricity, urban (% of urban population)",EG.ELC.ACCS.UR.ZS,100
French Polynesia,PYF,2000,"Access to electricity, urban (% of urban population)",EG.ELC.ACCS.UR.ZS,100
French Polynesia,PYF,1999,"Access to electricity, urban (% of urban population)",EG.ELC.ACCS.UR.ZS,100
French Polynesia,PYF,1998,"Access to electricity, urban (% of urban population)",EG.ELC.ACCS.UR.ZS,100
French Polynesia,PYF,1997,"Access to electricity, urban (% of urban population)",EG.ELC.ACCS.UR.ZS,100
French Polynesia,PYF,1996,"Access to electricity, urban (% of urban population)",EG.ELC.ACCS.UR.ZS,100
French Polynesia,PYF,1995,"Access to electricity, urban (% of urban population)",EG.ELC.ACCS.UR.ZS,100
French Polynesia,PYF,1994,"Access to electricity, urban (% of urban population)",EG.ELC.ACCS.UR.ZS,100
French Polynesia,PYF,1993,"Access to electricity, urban (% of urban population)",EG.ELC.ACCS.UR.ZS,100
French Polynesia,PYF,1992,"Access to electricity, urban (% of urban population)",EG.ELC.ACCS.UR.ZS,100
French Polynesia,PYF,1991,"Access to electricity, urban (% of urban population)",EG.ELC.ACCS.UR.ZS,100
French Polynesia,PYF,1990,"Access to electricity, urban (% of urban population)",EG.ELC.ACCS.UR.ZS,100
French Polynesia,PYF,2017,Access to electricity (% of population),EG.ELC.ACCS.ZS,100
French Polynesia,PYF,2016,Access to electricity (% of population),EG.ELC.ACCS.ZS,100
French Polynesia,PYF,2015,Access to electricity (% of population),EG.ELC.ACCS.ZS,100
French Polynesia,PYF,2014,Access to electricity (% of population),EG.ELC.ACCS.ZS,100
French Polynesia,PYF,2013,Access to electricity (% of population),EG.ELC.ACCS.ZS,100
French Polynesia,PYF,2012,Access to electricity (% of population),EG.ELC.ACCS.ZS,100
French Polynesia,PYF,2011,Access to electricity (% of population),EG.ELC.ACCS.ZS,100
French Polynesia,PYF,2010,Access to electricity (% of population),EG.ELC.ACCS.ZS,100
French Polynesia,PYF,2009,Access to electricity (% of population),EG.ELC.ACCS.ZS,100
French Polynesia,PYF,2008,Access to electricity (% of population),EG.ELC.ACCS.ZS,100
French Polynesia,PYF,2007,Access to electricity (% of population),EG.ELC.ACCS.ZS,100
French Polynesia,PYF,2006,Access to electricity (% of population),EG.ELC.ACCS.ZS,100
French Polynesia,PYF,2005,Access to electricity (% of population),EG.ELC.ACCS.ZS,100
French Polynesia,PYF,2004,Access to electricity (% of population),EG.ELC.ACCS.ZS,100
French Polynesia,PYF,2003,Access to electricity (% of population),EG.ELC.ACCS.ZS,100
French Polynesia,PYF,2002,Access to electricity (% of population),EG.ELC.ACCS.ZS,100
French Polynesia,PYF,2001,Access to electricity (% of population),EG.ELC.ACCS.ZS,100
French Polynesia,PYF,2000,Access to electricity (% of population),EG.ELC.ACCS.ZS,100
French Polynesia,PYF,1999,Access to electricity (% of population),EG.ELC.ACCS.ZS,100
French Polynesia,PYF,1998,Access to electricity (% of population),EG.ELC.ACCS.ZS,100
French Polynesia,PYF,1997,Access to electricity (% of population),EG.ELC.ACCS.ZS,100
French Polynesia,PYF,1996,Access to electricity (% of population),EG.ELC.ACCS.ZS,100
French Polynesia,PYF,1995,Access to electricity (% of population),EG.ELC.ACCS.ZS,100
French Polynesia,PYF,1994,Access to electricity (% of population),EG.ELC.ACCS.ZS,100
French Polynesia,PYF,1993,Access to electricity (% of population),EG.ELC.ACCS.ZS,100
French Polynesia,PYF,1992,Access to electricity (% of population),EG.ELC.ACCS.ZS,100
French Polynesia,PYF,1991,Access to electricity (% of population),EG.ELC.ACCS.ZS,100
French Polynesia,PYF,1990,Access to electricity (% of population),EG.ELC.ACCS.ZS,100
French Polynesia,PYF,2015,Renewable electricity output (% of total electricity output),EG.ELC.RNEW.ZS,32.0120973923708
French Polynesia,PYF,2014,Renewable electricity output (% of total electricity output),EG.ELC.RNEW.ZS,31.7171268879242
French Polynesia,PYF,2013,Renewable electricity output (% of total electricity output),EG.ELC.RNEW.ZS,27.1611906201707
French Polynesia,PYF,2012,Renewable electricity output (% of total electricity output),EG.ELC.RNEW.ZS,28.0248994435529
French Polynesia,PYF,2011,Renewable electricity output (% of total electricity output),EG.ELC.RNEW.ZS,29.9856601521785
French Polynesia,PYF,2010,Renewable electricity output (% of total electricity output),EG.ELC.RNEW.ZS,34.2044129754249
French Polynesia,PYF,2009,Renewable electricity output (% of total electricity output),EG.ELC.RNEW.ZS,29.1068770265034
French Polynesia,PYF,2008,Renewable electricity output (% of total electricity output),EG.ELC.RNEW.ZS,29.7917184788544
French Polynesia,PYF,2007,Renewable electricity output (% of total electricity output),EG.ELC.RNEW.ZS,32.4231441048035
French Polynesia,PYF,2006,Renewable electricity output (% of total electricity output),EG.ELC.RNEW.ZS,30.4581430745814
French Polynesia,PYF,2005,Renewable electricity output (% of total electricity output),EG.ELC.RNEW.ZS,28.5123613312203
French Polynesia,PYF,2004,Renewable electricity output (% of total electricity output),EG.ELC.RNEW.ZS,28.0191290824261
French Polynesia,PYF,2003,Renewable electricity output (% of total electricity output),EG.ELC.RNEW.ZS,26.0051495016611
French Polynesia,PYF,2002,Renewable electricity output (% of total electricity output),EG.ELC.RNEW.ZS,22.680412371134
French Polynesia,PYF,2001,Renewable electricity output (% of total electricity output),EG.ELC.RNEW.ZS,24.0282685512367
French Polynesia,PYF,2000,Renewable electricity output (% of total electricity output),EG.ELC.RNEW.ZS,33.3333333333333
French Polynesia,PYF,1999,Renewable electricity output (% of total electricity output),EG.ELC.RNEW.ZS,34.5367123287671
French Polynesia,PYF,1998,Renewable electricity output (% of total electricity output),EG.ELC.RNEW.ZS,46.906301508812
French Polynesia,PYF,1997,Renewable electricity output (% of total electricity output),EG.ELC.RNEW.ZS,35.1744186046512
French Polynesia,PYF,1996,Renewable electricity output (% of total electricity output),EG.ELC.RNEW.ZS,35.2238805970149
French Polynesia,PYF,1995,Renewable electricity output (% of total electricity output),EG.ELC.RNEW.ZS,36.1031518624642
French Polynesia,PYF,1994,Renewable electricity output (% of total electricity output),EG.ELC.RNEW.ZS,28.955223880597
French Polynesia,PYF,1993,Renewable electricity output (% of total electricity output),EG.ELC.RNEW.ZS,29.4117647058824
French Polynesia,PYF,1992,Renewable electricity output (% of total electricity output),EG.ELC.RNEW.ZS,28.7066246056782
French Polynesia,PYF,1991,Renewable electricity output (% of total electricity output),EG.ELC.RNEW.ZS,17.9509933774834
French Polynesia,PYF,1990,Renewable electricity output (% of total electricity output),EG.ELC.RNEW.ZS,18.6027491408935
French Polynesia,PYF,2015,Renewable energy consumption (% of total final energy consumption),EG.FEC.RNEW.ZS,9.82915476747146
French Polynesia,PYF,2014,Renewable energy consumption (% of total final energy consumption),EG.FEC.RNEW.ZS,10.1623565081656
French Polynesia,PYF,2013,Renewable energy consumption (% of total final energy consumption),EG.FEC.RNEW.ZS,8.83167900326235
French Polynesia,PYF,2012,Renewable energy consumption (% of total final energy consumption),EG.FEC.RNEW.ZS,9.34491855530532
French Polynesia,PYF,2011,Renewable energy consumption (% of total final energy consumption),EG.FEC.RNEW.ZS,9.7856546749214
French Polynesia,PYF,2010,Renewable energy consumption (% of total final energy consumption),EG.FEC.RNEW.ZS,11.5741379504809
French Polynesia,PYF,2009,Renewable energy consumption (% of total final energy consumption),EG.FEC.RNEW.ZS,9.37372112896416
French Polynesia,PYF,2008,Renewable energy consumption (% of total final energy consumption),EG.FEC.RNEW.ZS,9.33605906719265
French Polynesia,PYF,2007,Renewable energy consumption (% of total final energy consumption),EG.FEC.RNEW.ZS,9.86968799160998
French Polynesia,PYF,2006,Renewable energy consumption (% of total final energy consumption),EG.FEC.RNEW.ZS,10.2240701705021
French Polynesia,PYF,2005,Renewable energy consumption (% of total final energy consumption),EG.FEC.RNEW.ZS,8.15037209292465
French Polynesia,PYF,2004,Renewable energy consumption (% of total final energy consumption),EG.FEC.RNEW.ZS,7.85418120710861
French Polynesia,PYF,2003,Renewable energy consumption (% of total final energy consumption),EG.FEC.RNEW.ZS,7.22895172630468
French Polynesia,PYF,2002,Renewable energy consumption (% of total final energy consumption),EG.FEC.RNEW.ZS,6.23034222728835
French Polynesia,PYF,2001,Renewable energy consumption (% of total final energy consumption),EG.FEC.RNEW.ZS,6.878609678116
French Polynesia,PYF,2000,Renewable energy consumption (% of total final energy consumption),EG.FEC.RNEW.ZS,9.93589058177307
French Polynesia,PYF,1999,Renewable energy consumption (% of total final energy consumption),EG.FEC.RNEW.ZS,7.93255532204313
French Polynesia,PYF,1998,Renewable energy consumption (% of total final energy consumption),EG.FEC.RNEW.ZS,11.194199327163
French Polynesia,PYF,1997,Renewable energy consumption (% of total final energy consumption),EG.FEC.RNEW.ZS,8.26482167115524
French Polynesia,PYF,1996,Renewable energy consumption (% of total final energy consumption),EG.FEC.RNEW.ZS,8.18051599425807
French Polynesia,PYF,1995,Renewable energy consumption (% of total final energy consumption),EG.FEC.RNEW.ZS,9.38027878968366
French Polynesia,PYF,1994,Renewable energy consumption (% of total final energy consumption),EG.FEC.RNEW.ZS,7.69139465685474
French Polynesia,PYF,1993,Renewable energy consumption (% of total final energy consumption),EG.FEC.RNEW.ZS,8.29783912665941
French Polynesia,PYF,1992,Renewable energy consumption (% of total final energy consumption),EG.FEC.RNEW.ZS,7.85847797780532
French Polynesia,PYF,1991,Renewable energy consumption (% of total final energy consumption),EG.FEC.RNEW.ZS,4.85613809743469
French Polynesia,PYF,1990,Renewable energy consumption (% of total final energy consumption),EG.FEC.RNEW.ZS,4.73166616715196
French Polynesia,PYF,2014,CO2 emissions from gaseous fuel consumption (% of total),EN.ATM.CO2E.GF.ZS,0
French Polynesia,PYF,2013,CO2 emissions from gaseous fuel consumption (% of total),EN.ATM.CO2E.GF.ZS,0
French Polynesia,PYF,2012,CO2 emissions from gaseous fuel consumption (% of total),EN.ATM.CO2E.GF.ZS,0
French Polynesia,PYF,2011,CO2 emissions from gaseous fuel consumption (% of total),EN.ATM.CO2E.GF.ZS,0
French Polynesia,PYF,2010,CO2 emissions from gaseous fuel consumption (% of total),EN.ATM.CO2E.GF.ZS,0
French Polynesia,PYF,2009,CO2 emissions from gaseous fuel consumption (% of total),EN.ATM.CO2E.GF.ZS,0
French Polynesia,PYF,2008,CO2 emissions from gaseous fuel consumption (% of total),EN.ATM.CO2E.GF.ZS,0
French Polynesia,PYF,2007,CO2 emissions from gaseous fuel consumption (% of total),EN.ATM.CO2E.GF.ZS,0
French Polynesia,PYF,2006,CO2 emissions from gaseous fuel consumption (% of total),EN.ATM.CO2E.GF.ZS,0
French Polynesia,PYF,2005,CO2 emissions from gaseous fuel consumption (% of total),EN.ATM.CO2E.GF.ZS,0
French Polynesia,PYF,2004,CO2 emissions from gaseous fuel consumption (% of total),EN.ATM.CO2E.GF.ZS,0
French Polynesia,PYF,2003,CO2 emissions from gaseous fuel consumption (% of total),EN.ATM.CO2E.GF.ZS,0
French Polynesia,PYF,2002,CO2 emissions from gaseous fuel consumption (% of total),EN.ATM.CO2E.GF.ZS,0
French Polynesia,PYF,2001,CO2 emissions from gaseous fuel consumption (% of total),EN.ATM.CO2E.GF.ZS,0
French Polynesia,PYF,2000,CO2 emissions from gaseous fuel consumption (% of total),EN.ATM.CO2E.GF.ZS,0
French Polynesia,PYF,1999,CO2 emissions from gaseous fuel consumption (% of total),EN.ATM.CO2E.GF.ZS,0
French Polynesia,PYF,1998,CO2 emissions from gaseous fuel consumption (% of total),EN.ATM.CO2E.GF.ZS,0
French Polynesia,PYF,1997,CO2 emissions from gaseous fuel consumption (% of total),EN.ATM.CO2E.GF.ZS,0
French Polynesia,PYF,1996,CO2 emissions from gaseous fuel consumption (% of total),EN.ATM.CO2E.GF.ZS,0
French Polynesia,PYF,1995,CO2 emissions from gaseous fuel consumption (% of total),EN.ATM.CO2E.GF.ZS,0
French Polynesia,PYF,1994,CO2 emissions from gaseous fuel consumption (% of total),EN.ATM.CO2E.GF.ZS,0
French Polynesia,PYF,1993,CO2 emissions from gaseous fuel consumption (% of total),EN.ATM.CO2E.GF.ZS,0
French Polynesia,PYF,1992,CO2 emissions from gaseous fuel consumption (% of total),EN.ATM.CO2E.GF.ZS,0
French Polynesia,PYF,1991,CO2 emissions from gaseous fuel consumption (% of total),EN.ATM.CO2E.GF.ZS,0
French Polynesia,PYF,1990,CO2 emissions from gaseous fuel consumption (% of total),EN.ATM.CO2E.GF.ZS,0
French Polynesia,PYF,1989,CO2 emissions from gaseous fuel consumption (% of total),EN.ATM.CO2E.GF.ZS,0
French Polynesia,PYF,1988,CO2 emissions from gaseous fuel consumption (% of total),EN.ATM.CO2E.GF.ZS,0
French Polynesia,PYF,1987,CO2 emissions from gaseous fuel consumption (% of total),EN.ATM.CO2E.GF.ZS,0
French Polynesia,PYF,1986,CO2 emissions from gaseous fuel consumption (% of total),EN.ATM.CO2E.GF.ZS,0
French Polynesia,PYF,1985,CO2 emissions from gaseous fuel consumption (% of total),EN.ATM.CO2E.GF.ZS,0
French Polynesia,PYF,1984,CO2 emissions from gaseous fuel consumption (% of total),EN.ATM.CO2E.GF.ZS,0
French Polynesia,PYF,1983,CO2 emissions from gaseous fuel consumption (% of total),EN.ATM.CO2E.GF.ZS,0
French Polynesia,PYF,1982,CO2 emissions from gaseous fuel consumption (% of total),EN.ATM.CO2E.GF.ZS,0
French Polynesia,PYF,1981,CO2 emissions from gaseous fuel consumption (% of total),EN.ATM.CO2E.GF.ZS,0
French Polynesia,PYF,1980,CO2 emissions from gaseous fuel consumption (% of total),EN.ATM.CO2E.GF.ZS,0
French Polynesia,PYF,1979,CO2 emissions from gaseous fuel consumption (% of total),EN.ATM.CO2E.GF.ZS,0
French Polynesia,PYF,1978,CO2 emissions from gaseous fuel consumption (% of total),EN.ATM.CO2E.GF.ZS,0
French Polynesia,PYF,1977,CO2 emissions from gaseous fuel consumption (% of total),EN.ATM.CO2E.GF.ZS,0
French Polynesia,PYF,1976,CO2 emissions from gaseous fuel consumption (% of total),EN.ATM.CO2E.GF.ZS,0
French Polynesia,PYF,1975,CO2 emissions from gaseous fuel consumption (% of total),EN.ATM.CO2E.GF.ZS,0
French Polynesia,PYF,1974,CO2 emissions from gaseous fuel consumption (% of total),EN.ATM.CO2E.GF.ZS,0
French Polynesia,PYF,1973,CO2 emissions from gaseous fuel consumption (% of total),EN.ATM.CO2E.GF.ZS,0
French Polynesia,PYF,1972,CO2 emissions from gaseous fuel consumption (% of total),EN.ATM.CO2E.GF.ZS,0
French Polynesia,PYF,1971,CO2 emissions from gaseous fuel consumption (% of total),EN.ATM.CO2E.GF.ZS,0
French Polynesia,PYF,1970,CO2 emissions from gaseous fuel consumption (% of total),EN.ATM.CO2E.GF.ZS,0
French Polynesia,PYF,1969,CO2 emissions from gaseous fuel consumption (% of total),EN.ATM.CO2E.GF.ZS,0
French Polynesia,PYF,1968,CO2 emissions from gaseous fuel consumption (% of total),EN.ATM.CO2E.GF.ZS,0
French Polynesia,PYF,1967,CO2 emissions from gaseous fuel consumption (% of total),EN.ATM.CO2E.GF.ZS,0
French Polynesia,PYF,1966,CO2 emissions from gaseous fuel consumption (% of total),EN.ATM.CO2E.GF.ZS,0
French Polynesia,PYF,1965,CO2 emissions from gaseous fuel consumption (% of total),EN.ATM.CO2E.GF.ZS,0
French Polynesia,PYF,1964,CO2 emissions from gaseous fuel consumption (% of total),EN.ATM.CO2E.GF.ZS,0
French Polynesia,PYF,1963,CO2 emissions from gaseous fuel consumption (% of total),EN.ATM.CO2E.GF.ZS,0
French Polynesia,PYF,1962,CO2 emissions from gaseous fuel consumption (% of total),EN.ATM.CO2E.GF.ZS,0
French Polynesia,PYF,1961,CO2 emissions from gaseous fuel consumption (% of total),EN.ATM.CO2E.GF.ZS,0
French Polynesia,PYF,1960,CO2 emissions from gaseous fuel consumption (% of total),EN.ATM.CO2E.GF.ZS,0
French Polynesia,PYF,2014,CO2 emissions from liquid fuel consumption (kt),EN.ATM.CO2E.LF.KT,803.073
French Polynesia,PYF,2013,CO2 emissions from liquid fuel consumption (kt),EN.ATM.CO2E.LF.KT,821.408
French Polynesia,PYF,2012,CO2 emissions from liquid fuel consumption (kt),EN.ATM.CO2E.LF.KT,814.074
French Polynesia,PYF,2011,CO2 emissions from liquid fuel consumption (kt),EN.ATM.CO2E.LF.KT,832.409
French Polynesia,PYF,2010,CO2 emissions from liquid fuel consumption (kt),EN.ATM.CO2E.LF.KT,858.078
French Polynesia,PYF,2009,CO2 emissions from liquid fuel consumption (kt),EN.ATM.CO2E.LF.KT,847.077
French Polynesia,PYF,2008,CO2 emissions from liquid fuel consumption (kt),EN.ATM.CO2E.LF.KT,843.41
French Polynesia,PYF,2007,CO2 emissions from liquid fuel consumption (kt),EN.ATM.CO2E.LF.KT,817.741
French Polynesia,PYF,2006,CO2 emissions from liquid fuel consumption (kt),EN.ATM.CO2E.LF.KT,825.075
French Polynesia,PYF,2005,CO2 emissions from liquid fuel consumption (kt),EN.ATM.CO2E.LF.KT,821.408
French Polynesia,PYF,2004,CO2 emissions from liquid fuel consumption (kt),EN.ATM.CO2E.LF.KT,762.736
French Polynesia,PYF,2003,CO2 emissions from liquid fuel consumption (kt),EN.ATM.CO2E.LF.KT,770.07
French Polynesia,PYF,2002,CO2 emissions from liquid fuel consumption (kt),EN.ATM.CO2E.LF.KT,707.731
French Polynesia,PYF,2001,CO2 emissions from liquid fuel consumption (kt),EN.ATM.CO2E.LF.KT,678.395
French Polynesia,PYF,2000,CO2 emissions from liquid fuel consumption (kt),EN.ATM.CO2E.LF.KT,568.385
French Polynesia,PYF,1999,CO2 emissions from liquid fuel consumption (kt),EN.ATM.CO2E.LF.KT,495.045
French Polynesia,PYF,1998,CO2 emissions from liquid fuel consumption (kt),EN.ATM.CO2E.LF.KT,447.374
French Polynesia,PYF,1997,CO2 emissions from liquid fuel consumption (kt),EN.ATM.CO2E.LF.KT,451.041
French Polynesia,PYF,1996,CO2 emissions from liquid fuel consumption (kt),EN.ATM.CO2E.LF.KT,432.706
French Polynesia,PYF,1995,CO2 emissions from liquid fuel consumption (kt),EN.ATM.CO2E.LF.KT,429.039
French Polynesia,PYF,1994,CO2 emissions from liquid fuel consumption (kt),EN.ATM.CO2E.LF.KT,440.04
French Polynesia,PYF,1993,CO2 emissions from liquid fuel consumption (kt),EN.ATM.CO2E.LF.KT,425.372
French Polynesia,PYF,1992,CO2 emissions from liquid fuel consumption (kt),EN.ATM.CO2E.LF.KT,414.371
French Polynesia,PYF,1991,CO2 emissions from liquid fuel consumption (kt),EN.ATM.CO2E.LF.KT,432.706
French Polynesia,PYF,1990,CO2 emissions from liquid fuel consumption (kt),EN.ATM.CO2E.LF.KT,436.373
French Polynesia,PYF,1989,CO2 emissions from liquid fuel consumption (kt),EN.ATM.CO2E.LF.KT,542.716
French Polynesia,PYF,1988,CO2 emissions from liquid fuel consumption (kt),EN.ATM.CO2E.LF.KT,572.052
French Polynesia,PYF,1987,CO2 emissions from liquid fuel consumption (kt),EN.ATM.CO2E.LF.KT,608.722
French Polynesia,PYF,1986,CO2 emissions from liquid fuel consumption (kt),EN.ATM.CO2E.LF.KT,605.055
French Polynesia,PYF,1985,CO2 emissions from liquid fuel consumption (kt),EN.ATM.CO2E.LF.KT,586.72
French Polynesia,PYF,1984,CO2 emissions from liquid fuel consumption (kt),EN.ATM.CO2E.LF.KT,458.375
French Polynesia,PYF,1983,CO2 emissions from liquid fuel consumption (kt),EN.ATM.CO2E.LF.KT,421.705
French Polynesia,PYF,1982,CO2 emissions from liquid fuel consumption (kt),EN.ATM.CO2E.LF.KT,337.364
French Polynesia,PYF,1981,CO2 emissions from liquid fuel consumption (kt),EN.ATM.CO2E.LF.KT,330.03
French Polynesia,PYF,1980,CO2 emissions from liquid fuel consumption (kt),EN.ATM.CO2E.LF.KT,293.36
French Polynesia,PYF,1979,CO2 emissions from liquid fuel consumption (kt),EN.ATM.CO2E.LF.KT,282.359
French Polynesia,PYF,1978,CO2 emissions from liquid fuel consumption (kt),EN.ATM.CO2E.LF.KT,311.695
French Polynesia,PYF,1977,CO2 emissions from liquid fuel consumption (kt),EN.ATM.CO2E.LF.KT,275.025
French Polynesia,PYF,1976,CO2 emissions from liquid fuel consumption (kt),EN.ATM.CO2E.LF.KT,264.024
French Polynesia,PYF,1975,CO2 emissions from liquid fuel consumption (kt),EN.ATM.CO2E.LF.KT,212.686
French Polynesia,PYF,1974,CO2 emissions from liquid fuel consumption (kt),EN.ATM.CO2E.LF.KT,216.353
French Polynesia,PYF,1973,CO2 emissions from liquid fuel consumption (kt),EN.ATM.CO2E.LF.KT,209.019
French Polynesia,PYF,1972,CO2 emissions from liquid fuel consumption (kt),EN.ATM.CO2E.LF.KT,216.353
French Polynesia,PYF,1971,CO2 emissions from liquid fuel consumption (kt),EN.ATM.CO2E.LF.KT,227.354
French Polynesia,PYF,1970,CO2 emissions from liquid fuel consumption (kt),EN.ATM.CO2E.LF.KT,194.351
French Polynesia,PYF,1969,CO2 emissions from liquid fuel consumption (kt),EN.ATM.CO2E.LF.KT,161.348
French Polynesia,PYF,1968,CO2 emissions from liquid fuel consumption (kt),EN.ATM.CO2E.LF.KT,154.014
French Polynesia,PYF,1967,CO2 emissions from liquid fuel consumption (kt),EN.ATM.CO2E.LF.KT,139.346
French Polynesia,PYF,1966,CO2 emissions from liquid fuel consumption (kt),EN.ATM.CO2E.LF.KT,121.011
French Polynesia,PYF,1965,CO2 emissions from liquid fuel consumption (kt),EN.ATM.CO2E.LF.KT,84.341
French Polynesia,PYF,1964,CO2 emissions from liquid fuel consumption (kt),EN.ATM.CO2E.LF.KT,66.006
French Polynesia,PYF,1963,CO2 emissions from liquid fuel consumption (kt),EN.ATM.CO2E.LF.KT,66.006
French Polynesia,PYF,1962,CO2 emissions from liquid fuel consumption (kt),EN.ATM.CO2E.LF.KT,47.671
French Polynesia,PYF,1961,CO2 emissions from liquid fuel consumption (kt),EN.ATM.CO2E.LF.KT,58.672
French Polynesia,PYF,1960,CO2 emissions from liquid fuel consumption (kt),EN.ATM.CO2E.LF.KT,36.67
French Polynesia,PYF,2008,Methane emissions in energy sector (thousand metric tons of CO2 equivalent),EN.ATM.METH.EG.KT.CE,1.92700573023962
French Polynesia,PYF,2007,Methane emissions in energy sector (thousand metric tons of CO2 equivalent),EN.ATM.METH.EG.KT.CE,1.70710448401197
French Polynesia,PYF,2006,Methane emissions in energy sector (thousand metric tons of CO2 equivalent),EN.ATM.METH.EG.KT.CE,1.48280732787096
French Polynesia,PYF,2005,Methane emissions in energy sector (thousand metric tons of CO2 equivalent),EN.ATM.METH.EG.KT.CE,1.65049622878826
French Polynesia,PYF,2004,Methane emissions in energy sector (thousand metric tons of CO2 equivalent),EN.ATM.METH.EG.KT.CE,1.38038968210782
French Polynesia,PYF,2003,Methane emissions in energy sector (thousand metric tons of CO2 equivalent),EN.ATM.METH.EG.KT.CE,1.18114150911245
French Polynesia,PYF,2002,Methane emissions in energy sector (thousand metric tons of CO2 equivalent),EN.ATM.METH.EG.KT.CE,1.03929413771643
French Polynesia,PYF,2001,Methane emissions in energy sector (thousand metric tons of CO2 equivalent),EN.ATM.METH.EG.KT.CE,1.26054772507065
French Polynesia,PYF,2000,Methane emissions in energy sector (thousand metric tons of CO2 equivalent),EN.ATM.METH.EG.KT.CE,1.37059126506097
French Polynesia,PYF,1999,Methane emissions in energy sector (thousand metric tons of CO2 equivalent),EN.ATM.METH.EG.KT.CE,2.36358663524984
French Polynesia,PYF,1998,Methane emissions in energy sector (thousand metric tons of CO2 equivalent),EN.ATM.METH.EG.KT.CE,2.3579052357188
French Polynesia,PYF,1997,Methane emissions in energy sector (thousand metric tons of CO2 equivalent),EN.ATM.METH.EG.KT.CE,2.49283987965982
French Polynesia,PYF,1996,Methane emissions in energy sector (thousand metric tons of CO2 equivalent),EN.ATM.METH.EG.KT.CE,2.59565364634141
French Polynesia,PYF,1995,Methane emissions in energy sector (thousand metric tons of CO2 equivalent),EN.ATM.METH.EG.KT.CE,2.69377251745462
French Polynesia,PYF,1994,Methane emissions in energy sector (thousand metric tons of CO2 equivalent),EN.ATM.METH.EG.KT.CE,2.6261050673117
French Polynesia,PYF,1993,Methane emissions in energy sector (thousand metric tons of CO2 equivalent),EN.ATM.METH.EG.KT.CE,3.36141956586552
French Polynesia,PYF,1992,Methane emissions in energy sector (thousand metric tons of CO2 equivalent),EN.ATM.METH.EG.KT.CE,3.61611848005572
French Polynesia,PYF,1991,Methane emissions in energy sector (thousand metric tons of CO2 equivalent),EN.ATM.METH.EG.KT.CE,3.34210721928154
French Polynesia,PYF,1990,Methane emissions in energy sector (thousand metric tons of CO2 equivalent),EN.ATM.METH.EG.KT.CE,3.49739751129843
French Polynesia,PYF,1989,Methane emissions in energy sector (thousand metric tons of CO2 equivalent),EN.ATM.METH.EG.KT.CE,2.6486069722641
French Polynesia,PYF,1988,Methane emissions in energy sector (thousand metric tons of CO2 equivalent),EN.ATM.METH.EG.KT.CE,2.70052246159048
French Polynesia,PYF,1987,Methane emissions in energy sector (thousand metric tons of CO2 equivalent),EN.ATM.METH.EG.KT.CE,2.394449383074
French Polynesia,PYF,1986,Methane emissions in energy sector (thousand metric tons of CO2 equivalent),EN.ATM.METH.EG.KT.CE,2.39971475325265
French Polynesia,PYF,1985,Methane emissions in energy sector (thousand metric tons of CO2 equivalent),EN.ATM.METH.EG.KT.CE,2.12963823829465
French Polynesia,PYF,1984,Methane emissions in energy sector (thousand metric tons of CO2 equivalent),EN.ATM.METH.EG.KT.CE,1.86132193637735
French Polynesia,PYF,1983,Methane emissions in energy sector (thousand metric tons of CO2 equivalent),EN.ATM.METH.EG.KT.CE,1.78165206336076
French Polynesia,PYF,1982,Methane emissions in energy sector (thousand metric tons of CO2 equivalent),EN.ATM.METH.EG.KT.CE,1.47809502108648
French Polynesia,PYF,1981,Methane emissions in energy sector (thousand metric tons of CO2 equivalent),EN.ATM.METH.EG.KT.CE,1.25942808516239
French Polynesia,PYF,1980,Methane emissions in energy sector (thousand metric tons of CO2 equivalent),EN.ATM.METH.EG.KT.CE,0.945652870404603
French Polynesia,PYF,1979,Methane emissions in energy sector (thousand metric tons of CO2 equivalent),EN.ATM.METH.EG.KT.CE,0.673538949334664
French Polynesia,PYF,1978,Methane emissions in energy sector (thousand metric tons of CO2 equivalent),EN.ATM.METH.EG.KT.CE,0.654063443483684
French Polynesia,PYF,1977,Methane emissions in energy sector (thousand metric tons of CO2 equivalent),EN.ATM.METH.EG.KT.CE,0.548626117374294
French Polynesia,PYF,1976,Methane emissions in energy sector (thousand metric tons of CO2 equivalent),EN.ATM.METH.EG.KT.CE,0.662279668248398
French Polynesia,PYF,1975,Methane emissions in energy sector (thousand metric tons of CO2 equivalent),EN.ATM.METH.EG.KT.CE,0.693324853693299
French Polynesia,PYF,1974,Methane emissions in energy sector (thousand metric tons of CO2 equivalent),EN.ATM.METH.EG.KT.CE,0.724526698077821
French Polynesia,PYF,1973,Methane emissions in energy sector (thousand metric tons of CO2 equivalent),EN.ATM.METH.EG.KT.CE,0.687129149101286
French Polynesia,PYF,1972,Methane emissions in energy sector (thousand metric tons of CO2 equivalent),EN.ATM.METH.EG.KT.CE,0.628029306847287
French Polynesia,PYF,1971,Methane emissions in energy sector (thousand metric tons of CO2 equivalent),EN.ATM.METH.EG.KT.CE,0.635044619759409
French Polynesia,PYF,1970,Methane emissions in energy sector (thousand metric tons of CO2 equivalent),EN.ATM.METH.EG.KT.CE,0.631394145125387
French Polynesia,PYF,1969,Methane emissions in energy sector (thousand metric tons of CO2 equivalent),EN.ATM.METH.EG.KT.CE,0
French Polynesia,PYF,2008,Energy related methane emissions (% of total),EN.ATM.METH.EG.ZS,2.06801543037518
French Polynesia,PYF,2007,Energy related methane emissions (% of total),EN.ATM.METH.EG.ZS,1.87407315794601
French Polynesia,PYF,2006,Energy related methane emissions (% of total),EN.ATM.METH.EG.ZS,1.66557597650027
French Polynesia,PYF,2005,Energy related methane emissions (% of total),EN.ATM.METH.EG.ZS,1.87227040250589
French Polynesia,PYF,2004,Energy related methane emissions (% of total),EN.ATM.METH.EG.ZS,1.60727410155783
French Polynesia,PYF,2003,Energy related methane emissions (% of total),EN.ATM.METH.EG.ZS,1.37566140784283
French Polynesia,PYF,2002,Energy related methane emissions (% of total),EN.ATM.METH.EG.ZS,1.23738602984891
French Polynesia,PYF,2001,Energy related methane emissions (% of total),EN.ATM.METH.EG.ZS,1.49599132829109
French Polynesia,PYF,2000,Energy related methane emissions (% of total),EN.ATM.METH.EG.ZS,1.62849427487934
French Polynesia,PYF,1999,Energy related methane emissions (% of total),EN.ATM.METH.EG.ZS,2.89461541082785
French Polynesia,PYF,1998,Energy related methane emissions (% of total),EN.ATM.METH.EG.ZS,2.95565738532742
French Polynesia,PYF,1997,Energy related methane emissions (% of total),EN.ATM.METH.EG.ZS,3.21066410749245
French Polynesia,PYF,1996,Energy related methane emissions (% of total),EN.ATM.METH.EG.ZS,3.32118258877148
French Polynesia,PYF,1995,Energy related methane emissions (% of total),EN.ATM.METH.EG.ZS,3.46340745975361
French Polynesia,PYF,1994,Energy related methane emissions (% of total),EN.ATM.METH.EG.ZS,3.38941922355165
French Polynesia,PYF,1993,Energy related methane emissions (% of total),EN.ATM.METH.EG.ZS,4.37617601184392
French Polynesia,PYF,1992,Energy related methane emissions (% of total),EN.ATM.METH.EG.ZS,4.82983081461419
French Polynesia,PYF,1991,Energy related methane emissions (% of total),EN.ATM.METH.EG.ZS,4.60644194688501
French Polynesia,PYF,1990,Energy related methane emissions (% of total),EN.ATM.METH.EG.ZS,4.94797577832762
French Polynesia,PYF,1989,Energy related methane emissions (% of total),EN.ATM.METH.EG.ZS,3.79301170618357
French Polynesia,PYF,1988,Energy related methane emissions (% of total),EN.ATM.METH.EG.ZS,3.98430555421367
French Polynesia,PYF,1987,Energy related methane emissions (% of total),EN.ATM.METH.EG.ZS,3.64194751815156
French Polynesia,PYF,1986,Energy related methane emissions (% of total),EN.ATM.METH.EG.ZS,3.6375021839016
French Polynesia,PYF,1985,Energy related methane emissions (% of total),EN.ATM.METH.EG.ZS,3.30234838141105
French Polynesia,PYF,1984,Energy related methane emissions (% of total),EN.ATM.METH.EG.ZS,3.11071622068619
French Polynesia,PYF,1983,Energy related methane emissions (% of total),EN.ATM.METH.EG.ZS,3.13030197563924
French Polynesia,PYF,1982,Energy related methane emissions (% of total),EN.ATM.METH.EG.ZS,2.59980831794857
French Polynesia,PYF,1981,Energy related methane emissions (% of total),EN.ATM.METH.EG.ZS,2.22689665718755
French Polynesia,PYF,1980,Energy related methane emissions (% of total),EN.ATM.METH.EG.ZS,1.85552746031933
French Polynesia,PYF,1979,Energy related methane emissions (% of total),EN.ATM.METH.EG.ZS,1.39300240185364
French Polynesia,PYF,1978,Energy related methane emissions (% of total),EN.ATM.METH.EG.ZS,1.38541650282709
French Polynesia,PYF,1977,Energy related methane emissions (% of total),EN.ATM.METH.EG.ZS,1.19809597277725
French Polynesia,PYF,1976,Energy related methane emissions (% of total),EN.ATM.METH.EG.ZS,1.48474556613609
French Polynesia,PYF,1975,Energy related methane emissions (% of total),EN.ATM.METH.EG.ZS,1.59163292905355
French Polynesia,PYF,1974,Energy related methane emissions (% of total),EN.ATM.METH.EG.ZS,1.71443001875941
French Polynesia,PYF,1973,Energy related methane emissions (% of total),EN.ATM.METH.EG.ZS,1.63334232438045
French Polynesia,PYF,1972,Energy related methane emissions (% of total),EN.ATM.METH.EG.ZS,1.50180496779469
French Polynesia,PYF,1971,Energy related methane emissions (% of total),EN.ATM.METH.EG.ZS,1.52897902619164
French Polynesia,PYF,1970,Energy related methane emissions (% of total),EN.ATM.METH.EG.ZS,1.55258437399431
French Polynesia,PYF,2008,Nitrous oxide emissions in energy sector (thousand metric tons of CO2 equivalent),EN.ATM.NOXE.EG.KT.CE,4.420742259
French Polynesia,PYF,2007,Nitrous oxide emissions in energy sector (thousand metric tons of CO2 equivalent),EN.ATM.NOXE.EG.KT.CE,4.450087014
French Polynesia,PYF,2006,Nitrous oxide emissions in energy sector (thousand metric tons of CO2 equivalent),EN.ATM.NOXE.EG.KT.CE,4.428889338
French Polynesia,PYF,2005,Nitrous oxide emissions in energy sector (thousand metric tons of CO2 equivalent),EN.ATM.NOXE.EG.KT.CE,4.647508654
French Polynesia,PYF,2004,Nitrous oxide emissions in energy sector (thousand metric tons of CO2 equivalent),EN.ATM.NOXE.EG.KT.CE,4.590022316
French Polynesia,PYF,2003,Nitrous oxide emissions in energy sector (thousand metric tons of CO2 equivalent),EN.ATM.NOXE.EG.KT.CE,4.523984876
French Polynesia,PYF,2002,Nitrous oxide emissions in energy sector (thousand metric tons of CO2 equivalent),EN.ATM.NOXE.EG.KT.CE,3.764743974
French Polynesia,PYF,2001,Nitrous oxide emissions in energy sector (thousand metric tons of CO2 equivalent),EN.ATM.NOXE.EG.KT.CE,3.949609746
French Polynesia,PYF,2000,Nitrous oxide emissions in energy sector (thousand metric tons of CO2 equivalent),EN.ATM.NOXE.EG.KT.CE,4.034480306
French Polynesia,PYF,1999,Nitrous oxide emissions in energy sector (thousand metric tons of CO2 equivalent),EN.ATM.NOXE.EG.KT.CE,7.093087556
French Polynesia,PYF,1998,Nitrous oxide emissions in energy sector (thousand metric tons of CO2 equivalent),EN.ATM.NOXE.EG.KT.CE,6.921237382
French Polynesia,PYF,1997,Nitrous oxide emissions in energy sector (thousand metric tons of CO2 equivalent),EN.ATM.NOXE.EG.KT.CE,6.71098168
French Polynesia,PYF,1996,Nitrous oxide emissions in energy sector (thousand metric tons of CO2 equivalent),EN.ATM.NOXE.EG.KT.CE,5.35156844
French Polynesia,PYF,1995,Nitrous oxide emissions in energy sector (thousand metric tons of CO2 equivalent),EN.ATM.NOXE.EG.KT.CE,5.123704924
French Polynesia,PYF,1994,Nitrous oxide emissions in energy sector (thousand metric tons of CO2 equivalent),EN.ATM.NOXE.EG.KT.CE,4.796715746
French Polynesia,PYF,1993,Nitrous oxide emissions in energy sector (thousand metric tons of CO2 equivalent),EN.ATM.NOXE.EG.KT.CE,6.071641896
French Polynesia,PYF,1992,Nitrous oxide emissions in energy sector (thousand metric tons of CO2 equivalent),EN.ATM.NOXE.EG.KT.CE,6.49978426
French Polynesia,PYF,1991,Nitrous oxide emissions in energy sector (thousand metric tons of CO2 equivalent),EN.ATM.NOXE.EG.KT.CE,5.9831891
French Polynesia,PYF,1990,Nitrous oxide emissions in energy sector (thousand metric tons of CO2 equivalent),EN.ATM.NOXE.EG.KT.CE,6.25182859
French Polynesia,PYF,1989,Nitrous oxide emissions in energy sector (thousand metric tons of CO2 equivalent),EN.ATM.NOXE.EG.KT.CE,6.43888011
French Polynesia,PYF,1988,Nitrous oxide emissions in energy sector (thousand metric tons of CO2 equivalent),EN.ATM.NOXE.EG.KT.CE,6.72359248
French Polynesia,PYF,1987,Nitrous oxide emissions in energy sector (thousand metric tons of CO2 equivalent),EN.ATM.NOXE.EG.KT.CE,6.40793746
French Polynesia,PYF,1986,Nitrous oxide emissions in energy sector (thousand metric tons of CO2 equivalent),EN.ATM.NOXE.EG.KT.CE,6.39488956
French Polynesia,PYF,1985,Nitrous oxide emissions in energy sector (thousand metric tons of CO2 equivalent),EN.ATM.NOXE.EG.KT.CE,4.10344396
French Polynesia,PYF,1984,Nitrous oxide emissions in energy sector (thousand metric tons of CO2 equivalent),EN.ATM.NOXE.EG.KT.CE,4.06628054
French Polynesia,PYF,1983,Nitrous oxide emissions in energy sector (thousand metric tons of CO2 equivalent),EN.ATM.NOXE.EG.KT.CE,3.31140667
French Polynesia,PYF,1982,Nitrous oxide emissions in energy sector (thousand metric tons of CO2 equivalent),EN.ATM.NOXE.EG.KT.CE,2.63475975
French Polynesia,PYF,1981,Nitrous oxide emissions in energy sector (thousand metric tons of CO2 equivalent),EN.ATM.NOXE.EG.KT.CE,2.05168354
French Polynesia,PYF,1980,Nitrous oxide emissions in energy sector (thousand metric tons of CO2 equivalent),EN.ATM.NOXE.EG.KT.CE,1.32305892
French Polynesia,PYF,1979,Nitrous oxide emissions in energy sector (thousand metric tons of CO2 equivalent),EN.ATM.NOXE.EG.KT.CE,0.70740512
French Polynesia,PYF,1978,Nitrous oxide emissions in energy sector (thousand metric tons of CO2 equivalent),EN.ATM.NOXE.EG.KT.CE,0.65884145
French Polynesia,PYF,1977,Nitrous oxide emissions in energy sector (thousand metric tons of CO2 equivalent),EN.ATM.NOXE.EG.KT.CE,0.67559974
French Polynesia,PYF,1976,Nitrous oxide emissions in energy sector (thousand metric tons of CO2 equivalent),EN.ATM.NOXE.EG.KT.CE,0.6176998
French Polynesia,PYF,1975,Nitrous oxide emissions in energy sector (thousand metric tons of CO2 equivalent),EN.ATM.NOXE.EG.KT.CE,0.65554026
French Polynesia,PYF,1974,Nitrous oxide emissions in energy sector (thousand metric tons of CO2 equivalent),EN.ATM.NOXE.EG.KT.CE,0.65832871
French Polynesia,PYF,1973,Nitrous oxide emissions in energy sector (thousand metric tons of CO2 equivalent),EN.ATM.NOXE.EG.KT.CE,0.60283065
French Polynesia,PYF,1972,Nitrous oxide emissions in energy sector (thousand metric tons of CO2 equivalent),EN.ATM.NOXE.EG.KT.CE,0.53645841
French Polynesia,PYF,1971,Nitrous oxide emissions in energy sector (thousand metric tons of CO2 equivalent),EN.ATM.NOXE.EG.KT.CE,0.506417798
French Polynesia,PYF,1970,Nitrous oxide emissions in energy sector (thousand metric tons of CO2 equivalent),EN.ATM.NOXE.EG.KT.CE,0.505698908
French Polynesia,PYF,1969,Nitrous oxide emissions in energy sector (thousand metric tons of CO2 equivalent),EN.ATM.NOXE.EG.KT.CE,0
French Polynesia,PYF,2008,Nitrous oxide emissions in energy sector (% of total),EN.ATM.NOXE.EG.ZS,11.209113911116
French Polynesia,PYF,2007,Nitrous oxide emissions in energy sector (% of total),EN.ATM.NOXE.EG.ZS,11.3443333333333
French Polynesia,PYF,2006,Nitrous oxide emissions in energy sector (% of total),EN.ATM.NOXE.EG.ZS,11.3646587437953
French Polynesia,PYF,2005,Nitrous oxide emissions in energy sector (% of total),EN.ATM.NOXE.EG.ZS,11.7424697469316
French Polynesia,PYF,2004,Nitrous oxide emissions in energy sector (% of total),EN.ATM.NOXE.EG.ZS,11.7122612898378
French Polynesia,PYF,2003,Nitrous oxide emissions in energy sector (% of total),EN.ATM.NOXE.EG.ZS,11.3663620786342
French Polynesia,PYF,2002,Nitrous oxide emissions in energy sector (% of total),EN.ATM.NOXE.EG.ZS,10.0253726390173
French Polynesia,PYF,2001,Nitrous oxide emissions in energy sector (% of total),EN.ATM.NOXE.EG.ZS,12.029947312762
French Polynesia,PYF,2000,Nitrous oxide emissions in energy sector (% of total),EN.ATM.NOXE.EG.ZS,10.3135421751672
French Polynesia,PYF,1999,Nitrous oxide emissions in energy sector (% of total),EN.ATM.NOXE.EG.ZS,19.8333370317078
French Polynesia,PYF,1998,Nitrous oxide emissions in energy sector (% of total),EN.ATM.NOXE.EG.ZS,19.5510982871554
French Polynesia,PYF,1997,Nitrous oxide emissions in energy sector (% of total),EN.ATM.NOXE.EG.ZS,19.6283722153213
French Polynesia,PYF,1996,Nitrous oxide emissions in energy sector (% of total),EN.ATM.NOXE.EG.ZS,15.758789914739
French Polynesia,PYF,1995,Nitrous oxide emissions in energy sector (% of total),EN.ATM.NOXE.EG.ZS,15.1467012463343
French Polynesia,PYF,1994,Nitrous oxide emissions in energy sector (% of total),EN.ATM.NOXE.EG.ZS,14.1113866722602
French Polynesia,PYF,1993,Nitrous oxide emissions in energy sector (% of total),EN.ATM.NOXE.EG.ZS,16.0586574837043
French Polynesia,PYF,1992,Nitrous oxide emissions in energy sector (% of total),EN.ATM.NOXE.EG.ZS,17.0481807020254
French Polynesia,PYF,1991,Nitrous oxide emissions in energy sector (% of total),EN.ATM.NOXE.EG.ZS,16.4056661509954
French Polynesia,PYF,1990,Nitrous oxide emissions in energy sector (% of total),EN.ATM.NOXE.EG.ZS,16.9984988326127
French Polynesia,PYF,1989,Nitrous oxide emissions in energy sector (% of total),EN.ATM.NOXE.EG.ZS,17.1004766922988
French Polynesia,PYF,1988,Nitrous oxide emissions in energy sector (% of total),EN.ATM.NOXE.EG.ZS,17.1506128323133
French Polynesia,PYF,1987,Nitrous oxide emissions in energy sector (% of total),EN.ATM.NOXE.EG.ZS,16.9592369856832
French Polynesia,PYF,1986,Nitrous oxide emissions in energy sector (% of total),EN.ATM.NOXE.EG.ZS,16.7316965553041
French Polynesia,PYF,1985,Nitrous oxide emissions in energy sector (% of total),EN.ATM.NOXE.EG.ZS,12.4816512809875
French Polynesia,PYF,1984,Nitrous oxide emissions in energy sector (% of total),EN.ATM.NOXE.EG.ZS,10.9992402770557
French Polynesia,PYF,1983,Nitrous oxide emissions in energy sector (% of total),EN.ATM.NOXE.EG.ZS,10.8029172646119
French Polynesia,PYF,1982,Nitrous oxide emissions in energy sector (% of total),EN.ATM.NOXE.EG.ZS,9.64745550698596
French Polynesia,PYF,1981,Nitrous oxide emissions in energy sector (% of total),EN.ATM.NOXE.EG.ZS,8.41485506785708
French Polynesia,PYF,1980,Nitrous oxide emissions in energy sector (% of total),EN.ATM.NOXE.EG.ZS,6.50984423714026
French Polynesia,PYF,1979,Nitrous oxide emissions in energy sector (% of total),EN.ATM.NOXE.EG.ZS,4.06094030007456
French Polynesia,PYF,1978,Nitrous oxide emissions in energy sector (% of total),EN.ATM.NOXE.EG.ZS,3.84202172565084
French Polynesia,PYF,1977,Nitrous oxide emissions in energy sector (% of total),EN.ATM.NOXE.EG.ZS,3.88264868004261
French Polynesia,PYF,1976,Nitrous oxide emissions in energy sector (% of total),EN.ATM.NOXE.EG.ZS,4.05821600451325
French Polynesia,PYF,1975,Nitrous oxide emissions in energy sector (% of total),EN.ATM.NOXE.EG.ZS,4.66914404567916
French Polynesia,PYF,1974,Nitrous oxide emissions in energy sector (% of total),EN.ATM.NOXE.EG.ZS,4.95618495949664
French Polynesia,PYF,1973,Nitrous oxide emissions in energy sector (% of total),EN.ATM.NOXE.EG.ZS,4.57616768327121
French Polynesia,PYF,1972,Nitrous oxide emissions in energy sector (% of total),EN.ATM.NOXE.EG.ZS,4.17052909109313
French Polynesia,PYF,1971,Nitrous oxide emissions in energy sector (% of total),EN.ATM.NOXE.EG.ZS,4.03327588931245
French Polynesia,PYF,1970,Nitrous oxide emissions in energy sector (% of total),EN.ATM.NOXE.EG.ZS,3.94646428968874
French Polynesia,PYF,2010,Pump price for diesel fuel (US$ per liter),EP.PMP.DESL.CD,1.56
French Polynesia,PYF,2008,Pump price for diesel fuel (US$ per liter),EP.PMP.DESL.CD,1.39
French Polynesia,PYF,2006,Pump price for diesel fuel (US$ per liter),EP.PMP.DESL.CD,1.19
French Polynesia,PYF,2010,Pump price for gasoline (US$ per liter),EP.PMP.SGAS.CD,1.7
French Polynesia,PYF,2008,Pump price for gasoline (US$ per liter),EP.PMP.SGAS.CD,1.58
French Polynesia,PYF,2006,Pump price for gasoline (US$ per liter),EP.PMP.SGAS.CD,1.49
French Polynesia,PYF,2017,Adjusted savings: mineral depletion (current US$),NY.ADJ.DMIN.CD,0
French Polynesia,PYF,2016,Adjusted savings: mineral depletion (current US$),NY.ADJ.DMIN.CD,0
French Polynesia,PYF,2015,Adjusted savings: mineral depletion (current US$),NY.ADJ.DMIN.CD,0
French Polynesia,PYF,2014,Adjusted savings: mineral depletion (current US$),NY.ADJ.DMIN.CD,0
French Polynesia,PYF,2013,Adjusted savings: mineral depletion (current US$),NY.ADJ.DMIN.CD,0
French Polynesia,PYF,2012,Adjusted savings: mineral depletion (current US$),NY.ADJ.DMIN.CD,0
French Polynesia,PYF,2011,Adjusted savings: mineral depletion (current US$),NY.ADJ.DMIN.CD,0
French Polynesia,PYF,2010,Adjusted savings: mineral depletion (current US$),NY.ADJ.DMIN.CD,0
French Polynesia,PYF,2009,Adjusted savings: mineral depletion (current US$),NY.ADJ.DMIN.CD,0
French Polynesia,PYF,2008,Adjusted savings: mineral depletion (current US$),NY.ADJ.DMIN.CD,0
French Polynesia,PYF,2007,Adjusted savings: mineral depletion (current US$),NY.ADJ.DMIN.CD,0
French Polynesia,PYF,2006,Adjusted savings: mineral depletion (current US$),NY.ADJ.DMIN.CD,0
French Polynesia,PYF,2005,Adjusted savings: mineral depletion (current US$),NY.ADJ.DMIN.CD,0
French Polynesia,PYF,2004,Adjusted savings: mineral depletion (current US$),NY.ADJ.DMIN.CD,0
French Polynesia,PYF,2003,Adjusted savings: mineral depletion (current US$),NY.ADJ.DMIN.CD,0
French Polynesia,PYF,2002,Adjusted savings: mineral depletion (current US$),NY.ADJ.DMIN.CD,0
French Polynesia,PYF,2001,Adjusted savings: mineral depletion (current US$),NY.ADJ.DMIN.CD,0
French Polynesia,PYF,2000,Adjusted savings: mineral depletion (current US$),NY.ADJ.DMIN.CD,0
French Polynesia,PYF,1999,Adjusted savings: mineral depletion (current US$),NY.ADJ.DMIN.CD,0
French Polynesia,PYF,1998,Adjusted savings: mineral depletion (current US$),NY.ADJ.DMIN.CD,0
French Polynesia,PYF,1997,Adjusted savings: mineral depletion (current US$),NY.ADJ.DMIN.CD,0
French Polynesia,PYF,1996,Adjusted savings: mineral depletion (current US$),NY.ADJ.DMIN.CD,0
French Polynesia,PYF,1995,Adjusted savings: mineral depletion (current US$),NY.ADJ.DMIN.CD,0
French Polynesia,PYF,1994,Adjusted savings: mineral depletion (current US$),NY.ADJ.DMIN.CD,0
French Polynesia,PYF,1993,Adjusted savings: mineral depletion (current US$),NY.ADJ.DMIN.CD,0
French Polynesia,PYF,1992,Adjusted savings: mineral depletion (current US$),NY.ADJ.DMIN.CD,0
French Polynesia,PYF,1991,Adjusted savings: mineral depletion (current US$),NY.ADJ.DMIN.CD,0
French Polynesia,PYF,1990,Adjusted savings: mineral depletion (current US$),NY.ADJ.DMIN.CD,0
French Polynesia,PYF,1989,Adjusted savings: mineral depletion (current US$),NY.ADJ.DMIN.CD,0
French Polynesia,PYF,1988,Adjusted savings: mineral depletion (current US$),NY.ADJ.DMIN.CD,0
French Polynesia,PYF,1987,Adjusted savings: mineral depletion (current US$),NY.ADJ.DMIN.CD,0
French Polynesia,PYF,1986,Adjusted savings: mineral depletion (current US$),NY.ADJ.DMIN.CD,0
French Polynesia,PYF,1985,Adjusted savings: mineral depletion (current US$),NY.ADJ.DMIN.CD,0
French Polynesia,PYF,1984,Adjusted savings: mineral depletion (current US$),NY.ADJ.DMIN.CD,0
French Polynesia,PYF,1983,Adjusted savings: mineral depletion (current US$),NY.ADJ.DMIN.CD,0
French Polynesia,PYF,1982,Adjusted savings: mineral depletion (current US$),NY.ADJ.DMIN.CD,0
French Polynesia,PYF,1981,Adjusted savings: mineral depletion (current US$),NY.ADJ.DMIN.CD,0
French Polynesia,PYF,1980,Adjusted savings: mineral depletion (current US$),NY.ADJ.DMIN.CD,0
French Polynesia,PYF,1979,Adjusted savings: mineral depletion (current US$),NY.ADJ.DMIN.CD,0
French Polynesia,PYF,1978,Adjusted savings: mineral depletion (current US$),NY.ADJ.DMIN.CD,0
French Polynesia,PYF,1977,Adjusted savings: mineral depletion (current US$),NY.ADJ.DMIN.CD,0
French Polynesia,PYF,1976,Adjusted savings: mineral depletion (current US$),NY.ADJ.DMIN.CD,0
French Polynesia,PYF,1975,Adjusted savings: mineral depletion (current US$),NY.ADJ.DMIN.CD,0
French Polynesia,PYF,1974,Adjusted savings: mineral depletion (current US$),NY.ADJ.DMIN.CD,0
French Polynesia,PYF,1973,Adjusted savings: mineral depletion (current US$),NY.ADJ.DMIN.CD,0
French Polynesia,PYF,1972,Adjusted savings: mineral depletion (current US$),NY.ADJ.DMIN.CD,0
French Polynesia,PYF,1971,Adjusted savings: mineral depletion (current US$),NY.ADJ.DMIN.CD,0
French Polynesia,PYF,1970,Adjusted savings: mineral depletion (current US$),NY.ADJ.DMIN.CD,0
French Polynesia,PYF,2000,Adjusted savings: mineral depletion (% of GNI),NY.ADJ.DMIN.GN.ZS,0
French Polynesia,PYF,1999,Adjusted savings: mineral depletion (% of GNI),NY.ADJ.DMIN.GN.ZS,0
French Polynesia,PYF,1998,Adjusted savings: mineral depletion (% of GNI),NY.ADJ.DMIN.GN.ZS,0
French Polynesia,PYF,1997,Adjusted savings: mineral depletion (% of GNI),NY.ADJ.DMIN.GN.ZS,0
French Polynesia,PYF,1996,Adjusted savings: mineral depletion (% of GNI),NY.ADJ.DMIN.GN.ZS,0
French Polynesia,PYF,1995,Adjusted savings: mineral depletion (% of GNI),NY.ADJ.DMIN.GN.ZS,0
French Polynesia,PYF,1994,Adjusted savings: mineral depletion (% of GNI),NY.ADJ.DMIN.GN.ZS,0
French Polynesia,PYF,1993,Adjusted savings: mineral depletion (% of GNI),NY.ADJ.DMIN.GN.ZS,0
French Polynesia,PYF,1992,Adjusted savings: mineral depletion (% of GNI),NY.ADJ.DMIN.GN.ZS,0
French Polynesia,PYF,1991,Adjusted savings: mineral depletion (% of GNI),NY.ADJ.DMIN.GN.ZS,0
French Polynesia,PYF,1990,Adjusted savings: mineral depletion (% of GNI),NY.ADJ.DMIN.GN.ZS,0
French Polynesia,PYF,1989,Adjusted savings: mineral depletion (% of GNI),NY.ADJ.DMIN.GN.ZS,0
French Polynesia,PYF,1988,Adjusted savings: mineral depletion (% of GNI),NY.ADJ.DMIN.GN.ZS,0
French Polynesia,PYF,1987,Adjusted savings: mineral depletion (% of GNI),NY.ADJ.DMIN.GN.ZS,0
French Polynesia,PYF,1986,Adjusted savings: mineral depletion (% of GNI),NY.ADJ.DMIN.GN.ZS,0
French Polynesia,PYF,1985,Adjusted savings: mineral depletion (% of GNI),NY.ADJ.DMIN.GN.ZS,0
French Polynesia,PYF,1984,Adjusted savings: mineral depletion (% of GNI),NY.ADJ.DMIN.GN.ZS,0
French Polynesia,PYF,1983,Adjusted savings: mineral depletion (% of GNI),NY.ADJ.DMIN.GN.ZS,0
French Polynesia,PYF,1982,Adjusted savings: mineral depletion (% of GNI),NY.ADJ.DMIN.GN.ZS,0
French Polynesia,PYF,1981,Adjusted savings: mineral depletion (% of GNI),NY.ADJ.DMIN.GN.ZS,0
French Polynesia,PYF,1980,Adjusted savings: mineral depletion (% of GNI),NY.ADJ.DMIN.GN.ZS,0
French Polynesia,PYF,1979,Adjusted savings: mineral depletion (% of GNI),NY.ADJ.DMIN.GN.ZS,0
French Polynesia,PYF,1978,Adjusted savings: mineral depletion (% of GNI),NY.ADJ.DMIN.GN.ZS,0
French Polynesia,PYF,1977,Adjusted savings: mineral depletion (% of GNI),NY.ADJ.DMIN.GN.ZS,0
French Polynesia,PYF,1976,Adjusted savings: mineral depletion (% of GNI),NY.ADJ.DMIN.GN.ZS,0
French Polynesia,PYF,1975,Adjusted savings: mineral depletion (% of GNI),NY.ADJ.DMIN.GN.ZS,0
French Polynesia,PYF,1974,Adjusted savings: mineral depletion (% of GNI),NY.ADJ.DMIN.GN.ZS,0
French Polynesia,PYF,1973,Adjusted savings: mineral depletion (% of GNI),NY.ADJ.DMIN.GN.ZS,0
French Polynesia,PYF,1972,Adjusted savings: mineral depletion (% of GNI),NY.ADJ.DMIN.GN.ZS,0
French Polynesia,PYF,1971,Adjusted savings: mineral depletion (% of GNI),NY.ADJ.DMIN.GN.ZS,0
French Polynesia,PYF,1970,Adjusted savings: mineral depletion (% of GNI),NY.ADJ.DMIN.GN.ZS,0
French Polynesia,PYF,2017,Adjusted savings: energy depletion (current US$),NY.ADJ.DNGY.CD,0
French Polynesia,PYF,2016,Adjusted savings: energy depletion (current US$),NY.ADJ.DNGY.CD,0
French Polynesia,PYF,2015,Adjusted savings: energy depletion (current US$),NY.ADJ.DNGY.CD,0
French Polynesia,PYF,2014,Adjusted savings: energy depletion (current US$),NY.ADJ.DNGY.CD,0
French Polynesia,PYF,2013,Adjusted savings: energy depletion (current US$),NY.ADJ.DNGY.CD,0
French Polynesia,PYF,2012,Adjusted savings: energy depletion (current US$),NY.ADJ.DNGY.CD,0
French Polynesia,PYF,2011,Adjusted savings: energy depletion (current US$),NY.ADJ.DNGY.CD,0
French Polynesia,PYF,2010,Adjusted savings: energy depletion (current US$),NY.ADJ.DNGY.CD,0
French Polynesia,PYF,2009,Adjusted savings: energy depletion (current US$),NY.ADJ.DNGY.CD,0
French Polynesia,PYF,2008,Adjusted savings: energy depletion (current US$),NY.ADJ.DNGY.CD,0
French Polynesia,PYF,2007,Adjusted savings: energy depletion (current US$),NY.ADJ.DNGY.CD,0
French Polynesia,PYF,2006,Adjusted savings: energy depletion (current US$),NY.ADJ.DNGY.CD,0
French Polynesia,PYF,2005,Adjusted savings: energy depletion (current US$),NY.ADJ.DNGY.CD,0
French Polynesia,PYF,2004,Adjusted savings: energy depletion (current US$),NY.ADJ.DNGY.CD,0
French Polynesia,PYF,2003,Adjusted savings: energy depletion (current US$),NY.ADJ.DNGY.CD,0
French Polynesia,PYF,2002,Adjusted savings: energy depletion (current US$),NY.ADJ.DNGY.CD,0
French Polynesia,PYF,2001,Adjusted savings: energy depletion (current US$),NY.ADJ.DNGY.CD,0
French Polynesia,PYF,2000,Adjusted savings: energy depletion (current US$),NY.ADJ.DNGY.CD,0
French Polynesia,PYF,1999,Adjusted savings: energy depletion (current US$),NY.ADJ.DNGY.CD,0
French Polynesia,PYF,1998,Adjusted savings: energy depletion (current US$),NY.ADJ.DNGY.CD,0
French Polynesia,PYF,1997,Adjusted savings: energy depletion (current US$),NY.ADJ.DNGY.CD,0
French Polynesia,PYF,1996,Adjusted savings: energy depletion (current US$),NY.ADJ.DNGY.CD,0
French Polynesia,PYF,1995,Adjusted savings: energy depletion (current US$),NY.ADJ.DNGY.CD,0
French Polynesia,PYF,1994,Adjusted savings: energy depletion (current US$),NY.ADJ.DNGY.CD,0
French Polynesia,PYF,1993,Adjusted savings: energy depletion (current US$),NY.ADJ.DNGY.CD,0
French Polynesia,PYF,1992,Adjusted savings: energy depletion (current US$),NY.ADJ.DNGY.CD,0
French Polynesia,PYF,1991,Adjusted savings: energy depletion (current US$),NY.ADJ.DNGY.CD,0
French Polynesia,PYF,1990,Adjusted savings: energy depletion (current US$),NY.ADJ.DNGY.CD,0
French Polynesia,PYF,1989,Adjusted savings: energy depletion (current US$),NY.ADJ.DNGY.CD,0
French Polynesia,PYF,1988,Adjusted savings: energy depletion (current US$),NY.ADJ.DNGY.CD,0
French Polynesia,PYF,1987,Adjusted savings: energy depletion (current US$),NY.ADJ.DNGY.CD,0
French Polynesia,PYF,1986,Adjusted savings: energy depletion (current US$),NY.ADJ.DNGY.CD,0
French Polynesia,PYF,1985,Adjusted savings: energy depletion (current US$),NY.ADJ.DNGY.CD,0
French Polynesia,PYF,1984,Adjusted savings: energy depletion (current US$),NY.ADJ.DNGY.CD,0
French Polynesia,PYF,1983,Adjusted savings: energy depletion (current US$),NY.ADJ.DNGY.CD,0
French Polynesia,PYF,1982,Adjusted savings: energy depletion (current US$),NY.ADJ.DNGY.CD,0
French Polynesia,PYF,1981,Adjusted savings: energy depletion (current US$),NY.ADJ.DNGY.CD,0
French Polynesia,PYF,1980,Adjusted savings: energy depletion (current US$),NY.ADJ.DNGY.CD,0
French Polynesia,PYF,2000,Adjusted savings: energy depletion (% of GNI),NY.ADJ.DNGY.GN.ZS,0
French Polynesia,PYF,1999,Adjusted savings: energy depletion (% of GNI),NY.ADJ.DNGY.GN.ZS,0
French Polynesia,PYF,1998,Adjusted savings: energy depletion (% of GNI),NY.ADJ.DNGY.GN.ZS,0
French Polynesia,PYF,1997,Adjusted savings: energy depletion (% of GNI),NY.ADJ.DNGY.GN.ZS,0
French Polynesia,PYF,1996,Adjusted savings: energy depletion (% of GNI),NY.ADJ.DNGY.GN.ZS,0
French Polynesia,PYF,1995,Adjusted savings: energy depletion (% of GNI),NY.ADJ.DNGY.GN.ZS,0
French Polynesia,PYF,1994,Adjusted savings: energy depletion (% of GNI),NY.ADJ.DNGY.GN.ZS,0
French Polynesia,PYF,1993,Adjusted savings: energy depletion (% of GNI),NY.ADJ.DNGY.GN.ZS,0
French Polynesia,PYF,1992,Adjusted savings: energy depletion (% of GNI),NY.ADJ.DNGY.GN.ZS,0
French Polynesia,PYF,1991,Adjusted savings: energy depletion (% of GNI),NY.ADJ.DNGY.GN.ZS,0
French Polynesia,PYF,1990,Adjusted savings: energy depletion (% of GNI),NY.ADJ.DNGY.GN.ZS,0
French Polynesia,PYF,1989,Adjusted savings: energy depletion (% of GNI),NY.ADJ.DNGY.GN.ZS,0
French Polynesia,PYF,1988,Adjusted savings: energy depletion (% of GNI),NY.ADJ.DNGY.GN.ZS,0
French Polynesia,PYF,1987,Adjusted savings: energy depletion (% of GNI),NY.ADJ.DNGY.GN.ZS,0
French Polynesia,PYF,1986,Adjusted savings: energy depletion (% of GNI),NY.ADJ.DNGY.GN.ZS,0
French Polynesia,PYF,1985,Adjusted savings: energy depletion (% of GNI),NY.ADJ.DNGY.GN.ZS,0
French Polynesia,PYF,1984,Adjusted savings: energy depletion (% of GNI),NY.ADJ.DNGY.GN.ZS,0
French Polynesia,PYF,1983,Adjusted savings: energy depletion (% of GNI),NY.ADJ.DNGY.GN.ZS,0
French Polynesia,PYF,1982,Adjusted savings: energy depletion (% of GNI),NY.ADJ.DNGY.GN.ZS,0
French Polynesia,PYF,1981,Adjusted savings: energy depletion (% of GNI),NY.ADJ.DNGY.GN.ZS,0
French Polynesia,PYF,1980,Adjusted savings: energy depletion (% of GNI),NY.ADJ.DNGY.GN.ZS,0
French Polynesia,PYF,2000,Adjusted savings: natural resources depletion (% of GNI),NY.ADJ.DRES.GN.ZS,0
French Polynesia,PYF,1999,Adjusted savings: natural resources depletion (% of GNI),NY.ADJ.DRES.GN.ZS,0
French Polynesia,PYF,1998,Adjusted savings: natural resources depletion (% of GNI),NY.ADJ.DRES.GN.ZS,0
French Polynesia,PYF,1997,Adjusted savings: natural resources depletion (% of GNI),NY.ADJ.DRES.GN.ZS,0
French Polynesia,PYF,1996,Adjusted savings: natural resources depletion (% of GNI),NY.ADJ.DRES.GN.ZS,0
French Polynesia,PYF,1995,Adjusted savings: natural resources depletion (% of GNI),NY.ADJ.DRES.GN.ZS,0
French Polynesia,PYF,1994,Adjusted savings: natural resources depletion (% of GNI),NY.ADJ.DRES.GN.ZS,0
French Polynesia,PYF,1993,Adjusted savings: natural resources depletion (% of GNI),NY.ADJ.DRES.GN.ZS,0
French Polynesia,PYF,1992,Adjusted savings: natural resources depletion (% of GNI),NY.ADJ.DRES.GN.ZS,0
French Polynesia,PYF,1991,Adjusted savings: natural resources depletion (% of GNI),NY.ADJ.DRES.GN.ZS,0
French Polynesia,PYF,1990,Adjusted savings: natural resources depletion (% of GNI),NY.ADJ.DRES.GN.ZS,0
French Polynesia,PYF,1989,Adjusted savings: natural resources depletion (% of GNI),NY.ADJ.DRES.GN.ZS,0
French Polynesia,PYF,1988,Adjusted savings: natural resources depletion (% of GNI),NY.ADJ.DRES.GN.ZS,0
French Polynesia,PYF,1987,Adjusted savings: natural resources depletion (% of GNI),NY.ADJ.DRES.GN.ZS,0
French Polynesia,PYF,1986,Adjusted savings: natural resources depletion (% of GNI),NY.ADJ.DRES.GN.ZS,0
French Polynesia,PYF,1985,Adjusted savings: natural resources depletion (% of GNI),NY.ADJ.DRES.GN.ZS,0
French Polynesia,PYF,1984,Adjusted savings: natural resources depletion (% of GNI),NY.ADJ.DRES.GN.ZS,0
French Polynesia,PYF,1983,Adjusted savings: natural resources depletion (% of GNI),NY.ADJ.DRES.GN.ZS,0
French Polynesia,PYF,1982,Adjusted savings: natural resources depletion (% of GNI),NY.ADJ.DRES.GN.ZS,0
French Polynesia,PYF,1981,Adjusted savings: natural resources depletion (% of GNI),NY.ADJ.DRES.GN.ZS,0
French Polynesia,PYF,1980,Adjusted savings: natural resources depletion (% of GNI),NY.ADJ.DRES.GN.ZS,0
French Polynesia,PYF,2000,Mineral rents (% of GDP),NY.GDP.MINR.RT.ZS,0
French Polynesia,PYF,1999,Mineral rents (% of GDP),NY.GDP.MINR.RT.ZS,0
French Polynesia,PYF,1998,Mineral rents (% of GDP),NY.GDP.MINR.RT.ZS,0
French Polynesia,PYF,1997,Mineral rents (% of GDP),NY.GDP.MINR.RT.ZS,0
French Polynesia,PYF,1996,Mineral rents (% of GDP),NY.GDP.MINR.RT.ZS,0
French Polynesia,PYF,1995,Mineral rents (% of GDP),NY.GDP.MINR.RT.ZS,0
French Polynesia,PYF,1994,Mineral rents (% of GDP),NY.GDP.MINR.RT.ZS,0
French Polynesia,PYF,1993,Mineral rents (% of GDP),NY.GDP.MINR.RT.ZS,0
French Polynesia,PYF,1992,Mineral rents (% of GDP),NY.GDP.MINR.RT.ZS,0
French Polynesia,PYF,1991,Mineral rents (% of GDP),NY.GDP.MINR.RT.ZS,0
French Polynesia,PYF,1990,Mineral rents (% of GDP),NY.GDP.MINR.RT.ZS,0
French Polynesia,PYF,1989,Mineral rents (% of GDP),NY.GDP.MINR.RT.ZS,0
French Polynesia,PYF,1988,Mineral rents (% of GDP),NY.GDP.MINR.RT.ZS,0
French Polynesia,PYF,1987,Mineral rents (% of GDP),NY.GDP.MINR.RT.ZS,0
French Polynesia,PYF,1986,Mineral rents (% of GDP),NY.GDP.MINR.RT.ZS,0
French Polynesia,PYF,1985,Mineral rents (% of GDP),NY.GDP.MINR.RT.ZS,0
French Polynesia,PYF,1984,Mineral rents (% of GDP),NY.GDP.MINR.RT.ZS,0
French Polynesia,PYF,1983,Mineral rents (% of GDP),NY.GDP.MINR.RT.ZS,0
French Polynesia,PYF,1982,Mineral rents (% of GDP),NY.GDP.MINR.RT.ZS,0
French Polynesia,PYF,1981,Mineral rents (% of GDP),NY.GDP.MINR.RT.ZS,0
French Polynesia,PYF,1980,Mineral rents (% of GDP),NY.GDP.MINR.RT.ZS,0
French Polynesia,PYF,1979,Mineral rents (% of GDP),NY.GDP.MINR.RT.ZS,0
French Polynesia,PYF,1978,Mineral rents (% of GDP),NY.GDP.MINR.RT.ZS,0
French Polynesia,PYF,1977,Mineral rents (% of GDP),NY.GDP.MINR.RT.ZS,0
French Polynesia,PYF,1976,Mineral rents (% of GDP),NY.GDP.MINR.RT.ZS,0
French Polynesia,PYF,1975,Mineral rents (% of GDP),NY.GDP.MINR.RT.ZS,0
French Polynesia,PYF,1974,Mineral rents (% of GDP),NY.GDP.MINR.RT.ZS,0
French Polynesia,PYF,1973,Mineral rents (% of GDP),NY.GDP.MINR.RT.ZS,0
French Polynesia,PYF,1972,Mineral rents (% of GDP),NY.GDP.MINR.RT.ZS,0
French Polynesia,PYF,1971,Mineral rents (% of GDP),NY.GDP.MINR.RT.ZS,0
French Polynesia,PYF,1970,Mineral rents (% of GDP),NY.GDP.MINR.RT.ZS,0
French Polynesia,PYF,2000,Natural gas rents (% of GDP),NY.GDP.NGAS.RT.ZS,0
French Polynesia,PYF,1999,Natural gas rents (% of GDP),NY.GDP.NGAS.RT.ZS,0
French Polynesia,PYF,1998,Natural gas rents (% of GDP),NY.GDP.NGAS.RT.ZS,0
French Polynesia,PYF,1997,Natural gas rents (% of GDP),NY.GDP.NGAS.RT.ZS,0
French Polynesia,PYF,1996,Natural gas rents (% of GDP),NY.GDP.NGAS.RT.ZS,0
French Polynesia,PYF,1995,Natural gas rents (% of GDP),NY.GDP.NGAS.RT.ZS,0
French Polynesia,PYF,1994,Natural gas rents (% of GDP),NY.GDP.NGAS.RT.ZS,0
French Polynesia,PYF,1993,Natural gas rents (% of GDP),NY.GDP.NGAS.RT.ZS,0
French Polynesia,PYF,1992,Natural gas rents (% of GDP),NY.GDP.NGAS.RT.ZS,0
French Polynesia,PYF,1991,Natural gas rents (% of GDP),NY.GDP.NGAS.RT.ZS,0
French Polynesia,PYF,1990,Natural gas rents (% of GDP),NY.GDP.NGAS.RT.ZS,0
French Polynesia,PYF,1989,Natural gas rents (% of GDP),NY.GDP.NGAS.RT.ZS,0
French Polynesia,PYF,1988,Natural gas rents (% of GDP),NY.GDP.NGAS.RT.ZS,0
French Polynesia,PYF,1987,Natural gas rents (% of GDP),NY.GDP.NGAS.RT.ZS,0
French Polynesia,PYF,1986,Natural gas rents (% of GDP),NY.GDP.NGAS.RT.ZS,0
French Polynesia,PYF,1985,Natural gas rents (% of GDP),NY.GDP.NGAS.RT.ZS,0
French Polynesia,PYF,1984,Natural gas rents (% of GDP),NY.GDP.NGAS.RT.ZS,0
French Polynesia,PYF,1983,Natural gas rents (% of GDP),NY.GDP.NGAS.RT.ZS,0
French Polynesia,PYF,1982,Natural gas rents (% of GDP),NY.GDP.NGAS.RT.ZS,0
French Polynesia,PYF,1981,Natural gas rents (% of GDP),NY.GDP.NGAS.RT.ZS,0
French Polynesia,PYF,1980,Natural gas rents (% of GDP),NY.GDP.NGAS.RT.ZS,0
French Polynesia,PYF,2000,Oil rents (% of GDP),NY.GDP.PETR.RT.ZS,0
French Polynesia,PYF,1999,Oil rents (% of GDP),NY.GDP.PETR.RT.ZS,0
French Polynesia,PYF,1998,Oil rents (% of GDP),NY.GDP.PETR.RT.ZS,0
French Polynesia,PYF,1997,Oil rents (% of GDP),NY.GDP.PETR.RT.ZS,0
French Polynesia,PYF,1996,Oil rents (% of GDP),NY.GDP.PETR.RT.ZS,0
French Polynesia,PYF,1995,Oil rents (% of GDP),NY.GDP.PETR.RT.ZS,0
French Polynesia,PYF,1994,Oil rents (% of GDP),NY.GDP.PETR.RT.ZS,0
French Polynesia,PYF,1993,Oil rents (% of GDP),NY.GDP.PETR.RT.ZS,0
French Polynesia,PYF,1992,Oil rents (% of GDP),NY.GDP.PETR.RT.ZS,0
French Polynesia,PYF,1991,Oil rents (% of GDP),NY.GDP.PETR.RT.ZS,0
French Polynesia,PYF,1990,Oil rents (% of GDP),NY.GDP.PETR.RT.ZS,0
French Polynesia,PYF,1989,Oil rents (% of GDP),NY.GDP.PETR.RT.ZS,0
French Polynesia,PYF,1988,Oil rents (% of GDP),NY.GDP.PETR.RT.ZS,0
French Polynesia,PYF,1987,Oil rents (% of GDP),NY.GDP.PETR.RT.ZS,0
French Polynesia,PYF,1986,Oil rents (% of GDP),NY.GDP.PETR.RT.ZS,0
French Polynesia,PYF,1985,Oil rents (% of GDP),NY.GDP.PETR.RT.ZS,0
French Polynesia,PYF,1984,Oil rents (% of GDP),NY.GDP.PETR.RT.ZS,0
French Polynesia,PYF,1983,Oil rents (% of GDP),NY.GDP.PETR.RT.ZS,0
French Polynesia,PYF,1982,Oil rents (% of GDP),NY.GDP.PETR.RT.ZS,0
French Polynesia,PYF,1981,Oil rents (% of GDP),NY.GDP.PETR.RT.ZS,0
French Polynesia,PYF,1980,Oil rents (% of GDP),NY.GDP.PETR.RT.ZS,0
French Polynesia,PYF,2000,Total natural resources rents (% of GDP),NY.GDP.TOTL.RT.ZS,0.00096419920109657
French Polynesia,PYF,1999,Total natural resources rents (% of GDP),NY.GDP.TOTL.RT.ZS,0.00087772835569444
French Polynesia,PYF,1998,Total natural resources rents (% of GDP),NY.GDP.TOTL.RT.ZS,0.00162167053105599
French Polynesia,PYF,1997,Total natural resources rents (% of GDP),NY.GDP.TOTL.RT.ZS,0.00208044464305943
French Polynesia,PYF,1996,Total natural resources rents (% of GDP),NY.GDP.TOTL.RT.ZS,0.00210634256535413
French Polynesia,PYF,1995,Total natural resources rents (% of GDP),NY.GDP.TOTL.RT.ZS,0.00194300275210337
French Polynesia,PYF,1994,Total natural resources rents (% of GDP),NY.GDP.TOTL.RT.ZS,0.00130708486676101
French Polynesia,PYF,1993,Total natural resources rents (% of GDP),NY.GDP.TOTL.RT.ZS,0.000916322954184539
French Polynesia,PYF,1992,Total natural resources rents (% of GDP),NY.GDP.TOTL.RT.ZS,0.00116067988313834
French Polynesia,PYF,1991,Total natural resources rents (% of GDP),NY.GDP.TOTL.RT.ZS,0.000911937382725866
French Polynesia,PYF,1990,Total natural resources rents (% of GDP),NY.GDP.TOTL.RT.ZS,0.000815747157272153
French Polynesia,PYF,1989,Total natural resources rents (% of GDP),NY.GDP.TOTL.RT.ZS,0.000967137196412187
French Polynesia,PYF,1988,Total natural resources rents (% of GDP),NY.GDP.TOTL.RT.ZS,0.000926721927082701
French Polynesia,PYF,1987,Total natural resources rents (% of GDP),NY.GDP.TOTL.RT.ZS,0.000955984906613377
French Polynesia,PYF,1986,Total natural resources rents (% of GDP),NY.GDP.TOTL.RT.ZS,0.00103366708126073
French Polynesia,PYF,1985,Total natural resources rents (% of GDP),NY.GDP.TOTL.RT.ZS,0.000965035869073028
French Polynesia,PYF,1984,Total natural resources rents (% of GDP),NY.GDP.TOTL.RT.ZS,0.00105300490106272
French Polynesia,PYF,1983,Total natural resources rents (% of GDP),NY.GDP.TOTL.RT.ZS,0.00139022656052248
French Polynesia,PYF,1982,Total natural resources rents (% of GDP),NY.GDP.TOTL.RT.ZS,0.00139212328933632
French Polynesia,PYF,1981,Total natural resources rents (% of GDP),NY.GDP.TOTL.RT.ZS,0.00157469544248643
French Polynesia,PYF,1980,Total natural resources rents (% of GDP),NY.GDP.TOTL.RT.ZS,0.00231923406424747
French Polynesia,PYF,1979,Total natural resources rents (% of GDP),NY.GDP.TOTL.RT.ZS,0.00230731523382737
French Polynesia,PYF,1978,Total natural resources rents (% of GDP),NY.GDP.TOTL.RT.ZS,0.00201265429083614
French Polynesia,PYF,1977,Total natural resources rents (% of GDP),NY.GDP.TOTL.RT.ZS,0.00321933182491718
French Polynesia,PYF,1976,Total natural resources rents (% of GDP),NY.GDP.TOTL.RT.ZS,0.00243123394904555
French Polynesia,PYF,1975,Total natural resources rents (% of GDP),NY.GDP.TOTL.RT.ZS,0.00207853004374724
French Polynesia,PYF,1974,Total natural resources rents (% of GDP),NY.GDP.TOTL.RT.ZS,0.00264039756397157
French Polynesia,PYF,1973,Total natural resources rents (% of GDP),NY.GDP.TOTL.RT.ZS,0.00387787721051879
French Polynesia,PYF,1972,Total natural resources rents (% of GDP),NY.GDP.TOTL.RT.ZS,0.00189812059953039
French Polynesia,PYF,1971,Total natural resources rents (% of GDP),NY.GDP.TOTL.RT.ZS,0.00147719729745457
French Polynesia,PYF,1970,Total natural resources rents (% of GDP),NY.GDP.TOTL.RT.ZS,0.00230241872306269
French Polynesia,PYF,2015,Fuel imports (% of merchandise imports),TM.VAL.FUEL.ZS.UN,12.3296414050684
French Polynesia,PYF,2014,Fuel imports (% of merchandise imports),TM.VAL.FUEL.ZS.UN,15.8312649238355
French Polynesia,PYF,2013,Fuel imports (% of merchandise imports),TM.VAL.FUEL.ZS.UN,17.1785180223825
French Polynesia,PYF,2012,Fuel imports (% of merchandise imports),TM.VAL.FUEL.ZS.UN,17.3728034310204
French Polynesia,PYF,2011,Fuel imports (% of merchandise imports),TM.VAL.FUEL.ZS.UN,16.0610088433449
French Polynesia,PYF,2010,Fuel imports (% of merchandise imports),TM.VAL.FUEL.ZS.UN,13.0503491622191
French Polynesia,PYF,2009,Fuel imports (% of merchandise imports),TM.VAL.FUEL.ZS.UN,11.5140696607156
French Polynesia,PYF,2008,Fuel imports (% of merchandise imports),TM.VAL.FUEL.ZS.UN,14.6559938503237
French Polynesia,PYF,2007,Fuel imports (% of merchandise imports),TM.VAL.FUEL.ZS.UN,11.96630933394
French Polynesia,PYF,2006,Fuel imports (% of merchandise imports),TM.VAL.FUEL.ZS.UN,12.9084970410115
French Polynesia,PYF,2005,Fuel imports (% of merchandise imports),TM.VAL.FUEL.ZS.UN,9.64662339175085
French Polynesia,PYF,2004,Fuel imports (% of merchandise imports),TM.VAL.FUEL.ZS.UN,7.91182395031775
French Polynesia,PYF,2003,Fuel imports (% of merchandise imports),TM.VAL.FUEL.ZS.UN,6.37432582520702
French Polynesia,PYF,2002,Fuel imports (% of merchandise imports),TM.VAL.FUEL.ZS.UN,6.07825234571326
French Polynesia,PYF,2001,Fuel imports (% of merchandise imports),TM.VAL.FUEL.ZS.UN,8.61268860250932
French Polynesia,PYF,2000,Fuel imports (% of merchandise imports),TM.VAL.FUEL.ZS.UN,7.27572060843304
French Polynesia,PYF,1999,Fuel imports (% of merchandise imports),TM.VAL.FUEL.ZS.UN,4.87763357786761
French Polynesia,PYF,1998,Fuel imports (% of merchandise imports),TM.VAL.FUEL.ZS.UN,4.72412686668863
French Polynesia,PYF,1997,Fuel imports (% of merchandise imports),TM.VAL.FUEL.ZS.UN,6.3557407116856
French Polynesia,PYF,1996,Fuel imports (% of merchandise imports),TM.VAL.FUEL.ZS.UN,5.57535087869882
French Polynesia,PYF,1988,Fuel imports (% of merchandise imports),TM.VAL.FUEL.ZS.UN,5.40402004287602
French Polynesia,PYF,1983,Fuel imports (% of merchandise imports),TM.VAL.FUEL.ZS.UN,11.9426766750668
French Polynesia,PYF,1982,Fuel imports (% of merchandise imports),TM.VAL.FUEL.ZS.UN,14.3159962888476
French Polynesia,PYF,1981,Fuel imports (% of merchandise imports),TM.VAL.FUEL.ZS.UN,12.7357666265056
French Polynesia,PYF,1980,Fuel imports (% of merchandise imports),TM.VAL.FUEL.ZS.UN,12.8539884705176
French Polynesia,PYF,1979,Fuel imports (% of merchandise imports),TM.VAL.FUEL.ZS.UN,8.48580388190581
French Polynesia,PYF,1978,Fuel imports (% of merchandise imports),TM.VAL.FUEL.ZS.UN,7.83850347329599
French Polynesia,PYF,1977,Fuel imports (% of merchandise imports),TM.VAL.FUEL.ZS.UN,8.17895769216007
French Polynesia,PYF,1976,Fuel imports (% of merchandise imports),TM.VAL.FUEL.ZS.UN,8.46003130882889
French Polynesia,PYF,1975,Fuel imports (% of merchandise imports),TM.VAL.FUEL.ZS.UN,8.05432055894587
French Polynesia,PYF,1974,Fuel imports (% of merchandise imports),TM.VAL.FUEL.ZS.UN,7.36545404655437
French Polynesia,PYF,1973,Fuel imports (% of merchandise imports),TM.VAL.FUEL.ZS.UN,5.05702882145609
French Polynesia,PYF,1962,Fuel imports (% of merchandise imports),TM.VAL.FUEL.ZS.UN,5.23486761523011
French Polynesia,PYF,2015,Ores and metals imports (% of merchandise imports),TM.VAL.MMTL.ZS.UN,0.755651258030617
French Polynesia,PYF,2014,Ores and metals imports (% of merchandise imports),TM.VAL.MMTL.ZS.UN,0.754047297078182
French Polynesia,PYF,2013,Ores and metals imports (% of merchandise imports),TM.VAL.MMTL.ZS.UN,0.75168323837032
French Polynesia,PYF,2012,Ores and metals imports (% of merchandise imports),TM.VAL.MMTL.ZS.UN,0.728476948094168
French Polynesia,PYF,2011,Ores and metals imports (% of merchandise imports),TM.VAL.MMTL.ZS.UN,0.708560576231624
French Polynesia,PYF,2010,Ores and metals imports (% of merchandise imports),TM.VAL.MMTL.ZS.UN,0.73487766951374
French Polynesia,PYF,2009,Ores and metals imports (% of merchandise imports),TM.VAL.MMTL.ZS.UN,0.741904586018602
French Polynesia,PYF,2008,Ores and metals imports (% of merchandise imports),TM.VAL.MMTL.ZS.UN,0.711214701772081
French Polynesia,PYF,2007,Ores and metals imports (% of merchandise imports),TM.VAL.MMTL.ZS.UN,0.83300753114616
French Polynesia,PYF,2006,Ores and metals imports (% of merchandise imports),TM.VAL.MMTL.ZS.UN,0.733728909031207
French Polynesia,PYF,2005,Ores and metals imports (% of merchandise imports),TM.VAL.MMTL.ZS.UN,0.832640429880519
French Polynesia,PYF,2004,Ores and metals imports (% of merchandise imports),TM.VAL.MMTL.ZS.UN,0.834441360460365
French Polynesia,PYF,2003,Ores and metals imports (% of merchandise imports),TM.VAL.MMTL.ZS.UN,0.688169609860869
French Polynesia,PYF,2002,Ores and metals imports (% of merchandise imports),TM.VAL.MMTL.ZS.UN,0.671071880828357
French Polynesia,PYF,2001,Ores and metals imports (% of merchandise imports),TM.VAL.MMTL.ZS.UN,0.745772441145404
French Polynesia,PYF,2000,Ores and metals imports (% of merchandise imports),TM.VAL.MMTL.ZS.UN,0.769042516734663
French Polynesia,PYF,1999,Ores and metals imports (% of merchandise imports),TM.VAL.MMTL.ZS.UN,0.826264771949621
French Polynesia,PYF,1998,Ores and metals imports (% of merchandise imports),TM.VAL.MMTL.ZS.UN,0.8314905179309
French Polynesia,PYF,1997,Ores and metals imports (% of merchandise imports),TM.VAL.MMTL.ZS.UN,0.872390525258145
French Polynesia,PYF,1996,Ores and metals imports (% of merchandise imports),TM.VAL.MMTL.ZS.UN,0.729456463518107
French Polynesia,PYF,1988,Ores and metals imports (% of merchandise imports),TM.VAL.MMTL.ZS.UN,0.690133009148786
French Polynesia,PYF,1983,Ores and metals imports (% of merchandise imports),TM.VAL.MMTL.ZS.UN,0.666349865847584
French Polynesia,PYF,1982,Ores and metals imports (% of merchandise imports),TM.VAL.MMTL.ZS.UN,0.648670712485394
French Polynesia,PYF,1981,Ores and metals imports (% of merchandise imports),TM.VAL.MMTL.ZS.UN,0.686745734852088
French Polynesia,PYF,1980,Ores and metals imports (% of merchandise imports),TM.VAL.MMTL.ZS.UN,0.704178922678166
French Polynesia,PYF,1979,Ores and metals imports (% of merchandise imports),TM.VAL.MMTL.ZS.UN,0.700804839184107
French Polynesia,PYF,1978,Ores and metals imports (% of merchandise imports),TM.VAL.MMTL.ZS.UN,0.559835585116663
French Polynesia,PYF,1977,Ores and metals imports (% of merchandise imports),TM.VAL.MMTL.ZS.UN,0.785218269315879
French Polynesia,PYF,1976,Ores and metals imports (% of merchandise imports),TM.VAL.MMTL.ZS.UN,0.782628791508731
French Polynesia,PYF,1975,Ores and metals imports (% of merchandise imports),TM.VAL.MMTL.ZS.UN,0.491365660311397
French Polynesia,PYF,1974,Ores and metals imports (% of merchandise imports),TM.VAL.MMTL.ZS.UN,0.733711671616943
French Polynesia,PYF,1973,Ores and metals imports (% of merchandise imports),TM.VAL.MMTL.ZS.UN,0.440945686094021
French Polynesia,PYF,1962,Ores and metals imports (% of merchandise imports),TM.VAL.MMTL.ZS.UN,0.46177887041943
French Polynesia,PYF,2015,Fuel exports (% of merchandise exports),TX.VAL.FUEL.ZS.UN,0.0125099607878315
French Polynesia,PYF,2014,Fuel exports (% of merchandise exports),TX.VAL.FUEL.ZS.UN,0.0102509951080992
French Polynesia,PYF,2013,Fuel exports (% of merchandise exports),TX.VAL.FUEL.ZS.UN,0.0226589382244671
French Polynesia,PYF,2012,Fuel exports (% of merchandise exports),TX.VAL.FUEL.ZS.UN,0.0149683940176381
French Polynesia,PYF,2011,Fuel exports (% of merchandise exports),TX.VAL.FUEL.ZS.UN,0.036293810717677
French Polynesia,PYF,2010,Fuel exports (% of merchandise exports),TX.VAL.FUEL.ZS.UN,0.0405666944748885
French Polynesia,PYF,2009,Fuel exports (% of merchandise exports),TX.VAL.FUEL.ZS.UN,0.0581342228668871
French Polynesia,PYF,2008,Fuel exports (% of merchandise exports),TX.VAL.FUEL.ZS.UN,0.0681349626855393
French Polynesia,PYF,2007,Fuel exports (% of merchandise exports),TX.VAL.FUEL.ZS.UN,0.0517596661151027
French Polynesia,PYF,2006,Fuel exports (% of merchandise exports),TX.VAL.FUEL.ZS.UN,0.0237199681522406
French Polynesia,PYF,2005,Fuel exports (% of merchandise exports),TX.VAL.FUEL.ZS.UN,0.00825302387370833
French Polynesia,PYF,2004,Fuel exports (% of merchandise exports),TX.VAL.FUEL.ZS.UN,0.00383407208788343
French Polynesia,PYF,2003,Fuel exports (% of merchandise exports),TX.VAL.FUEL.ZS.UN,0.0216212943371375
French Polynesia,PYF,2002,Fuel exports (% of merchandise exports),TX.VAL.FUEL.ZS.UN,0.00673844835048595
French Polynesia,PYF,2001,Fuel exports (% of merchandise exports),TX.VAL.FUEL.ZS.UN,0.00735291441383628
French Polynesia,PYF,2000,Fuel exports (% of merchandise exports),TX.VAL.FUEL.ZS.UN,0.00142688993268122
French Polynesia,PYF,1999,Fuel exports (% of merchandise exports),TX.VAL.FUEL.ZS.UN,0.00165013021504178
French Polynesia,PYF,1998,Fuel exports (% of merchandise exports),TX.VAL.FUEL.ZS.UN,0.00449640259226397
French Polynesia,PYF,1997,Fuel exports (% of merchandise exports),TX.VAL.FUEL.ZS.UN,0.0131510455778478
French Polynesia,PYF,1996,Fuel exports (% of merchandise exports),TX.VAL.FUEL.ZS.UN,0.0113953666940031
French Polynesia,PYF,1988,Fuel exports (% of merchandise exports),TX.VAL.FUEL.ZS.UN,0.0368339012620479
French Polynesia,PYF,1983,Fuel exports (% of merchandise exports),TX.VAL.FUEL.ZS.UN,0.0307383539651529
French Polynesia,PYF,1982,Fuel exports (% of merchandise exports),TX.VAL.FUEL.ZS.UN,0.0652543818963526
French Polynesia,PYF,1981,Fuel exports (% of merchandise exports),TX.VAL.FUEL.ZS.UN,0.085093935773578
French Polynesia,PYF,1980,Fuel exports (% of merchandise exports),TX.VAL.FUEL.ZS.UN,0.0466054729240919
French Polynesia,PYF,1979,Fuel exports (% of merchandise exports),TX.VAL.FUEL.ZS.UN,0.0697271322651445
French Polynesia,PYF,1978,Fuel exports (% of merchandise exports),TX.VAL.FUEL.ZS.UN,0.0782581904975179
French Polynesia,PYF,1977,Fuel exports (% of merchandise exports),TX.VAL.FUEL.ZS.UN,0.189641277838054
French Polynesia,PYF,1976,Fuel exports (% of merchandise exports),TX.VAL.FUEL.ZS.UN,0.071353159954299
French Polynesia,PYF,1975,Fuel exports (% of merchandise exports),TX.VAL.FUEL.ZS.UN,0.08344218814282
French Polynesia,PYF,1974,Fuel exports (% of merchandise exports),TX.VAL.FUEL.ZS.UN,0.0933863793634476
French Polynesia,PYF,1973,Fuel exports (% of merchandise exports),TX.VAL.FUEL.ZS.UN,0.144400695093854
French Polynesia,PYF,1962,Fuel exports (% of merchandise exports),TX.VAL.FUEL.ZS.UN,0.0509635471716883
French Polynesia,PYF,2015,Ores and metals exports (% of merchandise exports),TX.VAL.MMTL.ZS.UN,0.585285243985217
French Polynesia,PYF,2014,Ores and metals exports (% of merchandise exports),TX.VAL.MMTL.ZS.UN,0.601118875089735
French Polynesia,PYF,2013,Ores and metals exports (% of merchandise exports),TX.VAL.MMTL.ZS.UN,0.653059432275158
French Polynesia,PYF,2012,Ores and metals exports (% of merchandise exports),TX.VAL.MMTL.ZS.UN,1.65598207233074
French Polynesia,PYF,2011,Ores and metals exports (% of merchandise exports),TX.VAL.MMTL.ZS.UN,0.982462121668975
French Polynesia,PYF,2010,Ores and metals exports (% of merchandise exports),TX.VAL.MMTL.ZS.UN,0.972396931161941
French Polynesia,PYF,2009,Ores and metals exports (% of merchandise exports),TX.VAL.MMTL.ZS.UN,0.260396076858547
French Polynesia,PYF,2008,Ores and metals exports (% of merchandise exports),TX.VAL.MMTL.ZS.UN,0.208102021569477
French Polynesia,PYF,2007,Ores and metals exports (% of merchandise exports),TX.VAL.MMTL.ZS.UN,0.185647191434527
French Polynesia,PYF,2006,Ores and metals exports (% of merchandise exports),TX.VAL.MMTL.ZS.UN,0.103152582520724
French Polynesia,PYF,2005,Ores and metals exports (% of merchandise exports),TX.VAL.MMTL.ZS.UN,0.0857934049613061
French Polynesia,PYF,2004,Ores and metals exports (% of merchandise exports),TX.VAL.MMTL.ZS.UN,0.166103011301803
French Polynesia,PYF,2003,Ores and metals exports (% of merchandise exports),TX.VAL.MMTL.ZS.UN,0.113162558997664
French Polynesia,PYF,2002,Ores and metals exports (% of merchandise exports),TX.VAL.MMTL.ZS.UN,0.28629531220515
French Polynesia,PYF,2001,Ores and metals exports (% of merchandise exports),TX.VAL.MMTL.ZS.UN,0.0919510170930682
French Polynesia,PYF,2000,Ores and metals exports (% of merchandise exports),TX.VAL.MMTL.ZS.UN,0.236661941870823
French Polynesia,PYF,1999,Ores and metals exports (% of merchandise exports),TX.VAL.MMTL.ZS.UN,0.048672211894366
French Polynesia,PYF,1998,Ores and metals exports (% of merchandise exports),TX.VAL.MMTL.ZS.UN,0.0467121199684807
French Polynesia,PYF,1997,Ores and metals exports (% of merchandise exports),TX.VAL.MMTL.ZS.UN,0.035925853104414
French Polynesia,PYF,1996,Ores and metals exports (% of merchandise exports),TX.VAL.MMTL.ZS.UN,0.0763186493879884
French Polynesia,PYF,1988,Ores and metals exports (% of merchandise exports),TX.VAL.MMTL.ZS.UN,0.428883311060215
French Polynesia,PYF,1983,Ores and metals exports (% of merchandise exports),TX.VAL.MMTL.ZS.UN,0.35697782738448
French Polynesia,PYF,1982,Ores and metals exports (% of merchandise exports),TX.VAL.MMTL.ZS.UN,0.894074765728514
French Polynesia,PYF,1981,Ores and metals exports (% of merchandise exports),TX.VAL.MMTL.ZS.UN,0.886697044927879
French Polynesia,PYF,1980,Ores and metals exports (% of merchandise exports),TX.VAL.MMTL.ZS.UN,1.06813943146898
French Polynesia,PYF,1979,Ores and metals exports (% of merchandise exports),TX.VAL.MMTL.ZS.UN,0.54409023871961
French Polynesia,PYF,1978,Ores and metals exports (% of merchandise exports),TX.VAL.MMTL.ZS.UN,0.015776230428485
French Polynesia,PYF,1977,Ores and metals exports (% of merchandise exports),TX.VAL.MMTL.ZS.UN,0.914291079064792
French Polynesia,PYF,1976,Ores and metals exports (% of merchandise exports),TX.VAL.MMTL.ZS.UN,0.248136560597234
French Polynesia,PYF,1975,Ores and metals exports (% of merchandise exports),TX.VAL.MMTL.ZS.UN,0.000252783302146193
French Polynesia,PYF,1974,Ores and metals exports (% of merchandise exports),TX.VAL.MMTL.ZS.UN,0.58555859829682
French Polynesia,PYF,1973,Ores and metals exports (% of merchandise exports),TX.VAL.MMTL.ZS.UN,0.375011549307031
French Polynesia,PYF,1962,Ores and metals exports (% of merchandise exports),TX.VAL.MMTL.ZS.UN,42.5991525634489
