Country Name,Country ISO3,Year,Indicator Name,Indicator Code,Value
#country+name,#country+code,#date+year,#indicator+name,#indicator+code,#indicator+value+num
Guinea-Bissau,GNB,2015,Energy intensity level of primary energy (MJ/$2011 PPP GDP),EG.EGY.PRIM.PP.KD,12.0192721522321
Guinea-Bissau,GNB,2014,Energy intensity level of primary energy (MJ/$2011 PPP GDP),EG.EGY.PRIM.PP.KD,12.3799109860733
Guinea-Bissau,GNB,2013,Energy intensity level of primary energy (MJ/$2011 PPP GDP),EG.EGY.PRIM.PP.KD,12.4485555819098
Guinea-Bissau,GNB,2012,Energy intensity level of primary energy (MJ/$2011 PPP GDP),EG.EGY.PRIM.PP.KD,12.3550751277897
Guinea-Bissau,GNB,2011,Energy intensity level of primary energy (MJ/$2011 PPP GDP),EG.EGY.PRIM.PP.KD,11.9498921831362
Guinea-Bissau,GNB,2010,Energy intensity level of primary energy (MJ/$2011 PPP GDP),EG.EGY.PRIM.PP.KD,12.8677153105557
Guinea-Bissau,GNB,2009,Energy intensity level of primary energy (MJ/$2011 PPP GDP),EG.EGY.PRIM.PP.KD,13.2251201291355
Guinea-Bissau,GNB,2008,Energy intensity level of primary energy (MJ/$2011 PPP GDP),EG.EGY.PRIM.PP.KD,13.4113222457166
Guinea-Bissau,GNB,2007,Energy intensity level of primary energy (MJ/$2011 PPP GDP),EG.EGY.PRIM.PP.KD,13.712356739285
Guinea-Bissau,GNB,2006,Energy intensity level of primary energy (MJ/$2011 PPP GDP),EG.EGY.PRIM.PP.KD,13.8551660533734
Guinea-Bissau,GNB,2005,Energy intensity level of primary energy (MJ/$2011 PPP GDP),EG.EGY.PRIM.PP.KD,13.9398056758148
Guinea-Bissau,GNB,2004,Energy intensity level of primary energy (MJ/$2011 PPP GDP),EG.EGY.PRIM.PP.KD,14.3115460710633
Guinea-Bissau,GNB,2003,Energy intensity level of primary energy (MJ/$2011 PPP GDP),EG.EGY.PRIM.PP.KD,14.4296075191591
Guinea-Bissau,GNB,2002,Energy intensity level of primary energy (MJ/$2011 PPP GDP),EG.EGY.PRIM.PP.KD,13.9849832645644
Guinea-Bissau,GNB,2001,Energy intensity level of primary energy (MJ/$2011 PPP GDP),EG.EGY.PRIM.PP.KD,13.6146776642322
Guinea-Bissau,GNB,2000,Energy intensity level of primary energy (MJ/$2011 PPP GDP),EG.EGY.PRIM.PP.KD,13.6887192161102
Guinea-Bissau,GNB,1999,Energy intensity level of primary energy (MJ/$2011 PPP GDP),EG.EGY.PRIM.PP.KD,14.386881426627
Guinea-Bissau,GNB,1998,Energy intensity level of primary energy (MJ/$2011 PPP GDP),EG.EGY.PRIM.PP.KD,13.9232836931484
Guinea-Bissau,GNB,1997,Energy intensity level of primary energy (MJ/$2011 PPP GDP),EG.EGY.PRIM.PP.KD,9.90795339748388
Guinea-Bissau,GNB,1996,Energy intensity level of primary energy (MJ/$2011 PPP GDP),EG.EGY.PRIM.PP.KD,10.3048525956206
Guinea-Bissau,GNB,1995,Energy intensity level of primary energy (MJ/$2011 PPP GDP),EG.EGY.PRIM.PP.KD,11.3404783211463
Guinea-Bissau,GNB,1994,Energy intensity level of primary energy (MJ/$2011 PPP GDP),EG.EGY.PRIM.PP.KD,11.6817231486829
Guinea-Bissau,GNB,1993,Energy intensity level of primary energy (MJ/$2011 PPP GDP),EG.EGY.PRIM.PP.KD,12.0549062456691
Guinea-Bissau,GNB,1992,Energy intensity level of primary energy (MJ/$2011 PPP GDP),EG.EGY.PRIM.PP.KD,12.1074538327917
Guinea-Bissau,GNB,1991,Energy intensity level of primary energy (MJ/$2011 PPP GDP),EG.EGY.PRIM.PP.KD,12.1359557103857
Guinea-Bissau,GNB,1990,Energy intensity level of primary energy (MJ/$2011 PPP GDP),EG.EGY.PRIM.PP.KD,12.6268288079288
Guinea-Bissau,GNB,2017,"Access to electricity, rural (% of rural population)",EG.ELC.ACCS.RU.ZS,9.27338385927602
Guinea-Bissau,GNB,2016,"Access to electricity, rural (% of rural population)",EG.ELC.ACCS.RU.ZS,8.38154700754341
Guinea-Bissau,GNB,2015,"Access to electricity, rural (% of rural population)",EG.ELC.ACCS.RU.ZS,7.38662203786623
Guinea-Bissau,GNB,2014,"Access to electricity, rural (% of rural population)",EG.ELC.ACCS.RU.ZS,5.82025689715166
Guinea-Bissau,GNB,2013,"Access to electricity, rural (% of rural population)",EG.ELC.ACCS.RU.ZS,5.50706188840721
Guinea-Bissau,GNB,2012,"Access to electricity, rural (% of rural population)",EG.ELC.ACCS.RU.ZS,1.56148663429713
Guinea-Bissau,GNB,2011,"Access to electricity, rural (% of rural population)",EG.ELC.ACCS.RU.ZS,0.744027358254064
Guinea-Bissau,GNB,2010,"Access to electricity, rural (% of rural population)",EG.ELC.ACCS.RU.ZS,2.11541713305738
Guinea-Bissau,GNB,2009,"Access to electricity, rural (% of rural population)",EG.ELC.ACCS.RU.ZS,0
Guinea-Bissau,GNB,2008,"Access to electricity, rural (% of rural population)",EG.ELC.ACCS.RU.ZS,0
Guinea-Bissau,GNB,2007,"Access to electricity, rural (% of rural population)",EG.ELC.ACCS.RU.ZS,0
Guinea-Bissau,GNB,2006,"Access to electricity, rural (% of rural population)",EG.ELC.ACCS.RU.ZS,2.07724106337864
Guinea-Bissau,GNB,2017,"Access to electricity, urban (% of urban population)",EG.ELC.ACCS.UR.ZS,48.3325614929199
Guinea-Bissau,GNB,2016,"Access to electricity, urban (% of urban population)",EG.ELC.ACCS.UR.ZS,43.2102890014648
Guinea-Bissau,GNB,2015,"Access to electricity, urban (% of urban population)",EG.ELC.ACCS.UR.ZS,38.0441741943359
Guinea-Bissau,GNB,2014,"Access to electricity, urban (% of urban population)",EG.ELC.ACCS.UR.ZS,33.1
Guinea-Bissau,GNB,2013,"Access to electricity, urban (% of urban population)",EG.ELC.ACCS.UR.ZS,27.9694862365723
Guinea-Bissau,GNB,2012,"Access to electricity, urban (% of urban population)",EG.ELC.ACCS.UR.ZS,27.6135921478271
Guinea-Bissau,GNB,2011,"Access to electricity, urban (% of urban population)",EG.ELC.ACCS.UR.ZS,27.2662258148193
Guinea-Bissau,GNB,2010,"Access to electricity, urban (% of urban population)",EG.ELC.ACCS.UR.ZS,11.8
Guinea-Bissau,GNB,2009,"Access to electricity, urban (% of urban population)",EG.ELC.ACCS.UR.ZS,26.6052494049072
Guinea-Bissau,GNB,2008,"Access to electricity, urban (% of urban population)",EG.ELC.ACCS.UR.ZS,26.2938690185547
Guinea-Bissau,GNB,2007,"Access to electricity, urban (% of urban population)",EG.ELC.ACCS.UR.ZS,25.9954681396484
Guinea-Bissau,GNB,2006,"Access to electricity, urban (% of urban population)",EG.ELC.ACCS.UR.ZS,34.400406504065
Guinea-Bissau,GNB,2017,Access to electricity (% of population),EG.ELC.ACCS.ZS,26.0473480224609
Guinea-Bissau,GNB,2016,Access to electricity (% of population),EG.ELC.ACCS.ZS,23.1952590942383
Guinea-Bissau,GNB,2015,Access to electricity (% of population),EG.ELC.ACCS.ZS,20.3005084991455
Guinea-Bissau,GNB,2014,Access to electricity (% of population),EG.ELC.ACCS.ZS,17.2
Guinea-Bissau,GNB,2013,Access to electricity (% of population),EG.ELC.ACCS.ZS,14.7862949371338
Guinea-Bissau,GNB,2012,Access to electricity (% of population),EG.ELC.ACCS.ZS,12.2188835144043
Guinea-Bissau,GNB,2011,Access to electricity (% of population),EG.ELC.ACCS.ZS,11.4876384735107
Guinea-Bissau,GNB,2010,Access to electricity (% of population),EG.ELC.ACCS.ZS,6
Guinea-Bissau,GNB,2009,Access to electricity (% of population),EG.ELC.ACCS.ZS,4.7
Guinea-Bissau,GNB,2008,Access to electricity (% of population),EG.ELC.ACCS.ZS,9.56083869934082
Guinea-Bissau,GNB,2007,Access to electricity (% of population),EG.ELC.ACCS.ZS,8.98585319519043
Guinea-Bissau,GNB,2006,Access to electricity (% of population),EG.ELC.ACCS.ZS,14.5361990950226
Guinea-Bissau,GNB,2015,Renewable electricity output (% of total electricity output),EG.ELC.RNEW.ZS,0
Guinea-Bissau,GNB,2014,Renewable electricity output (% of total electricity output),EG.ELC.RNEW.ZS,0
Guinea-Bissau,GNB,2013,Renewable electricity output (% of total electricity output),EG.ELC.RNEW.ZS,0
Guinea-Bissau,GNB,2012,Renewable electricity output (% of total electricity output),EG.ELC.RNEW.ZS,0
Guinea-Bissau,GNB,2011,Renewable electricity output (% of total electricity output),EG.ELC.RNEW.ZS,0
Guinea-Bissau,GNB,2010,Renewable electricity output (% of total electricity output),EG.ELC.RNEW.ZS,0
Guinea-Bissau,GNB,2009,Renewable electricity output (% of total electricity output),EG.ELC.RNEW.ZS,0
Guinea-Bissau,GNB,2008,Renewable electricity output (% of total electricity output),EG.ELC.RNEW.ZS,0
Guinea-Bissau,GNB,2007,Renewable electricity output (% of total electricity output),EG.ELC.RNEW.ZS,0
Guinea-Bissau,GNB,2006,Renewable electricity output (% of total electricity output),EG.ELC.RNEW.ZS,0
Guinea-Bissau,GNB,2005,Renewable electricity output (% of total electricity output),EG.ELC.RNEW.ZS,0
Guinea-Bissau,GNB,2004,Renewable electricity output (% of total electricity output),EG.ELC.RNEW.ZS,0
Guinea-Bissau,GNB,2003,Renewable electricity output (% of total electricity output),EG.ELC.RNEW.ZS,0
Guinea-Bissau,GNB,2002,Renewable electricity output (% of total electricity output),EG.ELC.RNEW.ZS,0
Guinea-Bissau,GNB,2001,Renewable electricity output (% of total electricity output),EG.ELC.RNEW.ZS,0
Guinea-Bissau,GNB,2000,Renewable electricity output (% of total electricity output),EG.ELC.RNEW.ZS,0
Guinea-Bissau,GNB,1999,Renewable electricity output (% of total electricity output),EG.ELC.RNEW.ZS,0
Guinea-Bissau,GNB,1998,Renewable electricity output (% of total electricity output),EG.ELC.RNEW.ZS,0
Guinea-Bissau,GNB,1997,Renewable electricity output (% of total electricity output),EG.ELC.RNEW.ZS,0
Guinea-Bissau,GNB,1996,Renewable electricity output (% of total electricity output),EG.ELC.RNEW.ZS,0
Guinea-Bissau,GNB,1995,Renewable electricity output (% of total electricity output),EG.ELC.RNEW.ZS,0
Guinea-Bissau,GNB,1994,Renewable electricity output (% of total electricity output),EG.ELC.RNEW.ZS,0
Guinea-Bissau,GNB,1993,Renewable electricity output (% of total electricity output),EG.ELC.RNEW.ZS,0
Guinea-Bissau,GNB,1992,Renewable electricity output (% of total electricity output),EG.ELC.RNEW.ZS,0
Guinea-Bissau,GNB,1991,Renewable electricity output (% of total electricity output),EG.ELC.RNEW.ZS,0
Guinea-Bissau,GNB,1990,Renewable electricity output (% of total electricity output),EG.ELC.RNEW.ZS,0
Guinea-Bissau,GNB,2015,Renewable energy consumption (% of total final energy consumption),EG.FEC.RNEW.ZS,86.8517939369185
Guinea-Bissau,GNB,2014,Renewable energy consumption (% of total final energy consumption),EG.FEC.RNEW.ZS,87.0600171337502
Guinea-Bissau,GNB,2013,Renewable energy consumption (% of total final energy consumption),EG.FEC.RNEW.ZS,87.4224238829869
Guinea-Bissau,GNB,2012,Renewable energy consumption (% of total final energy consumption),EG.FEC.RNEW.ZS,87.6063562539845
Guinea-Bissau,GNB,2011,Renewable energy consumption (% of total final energy consumption),EG.FEC.RNEW.ZS,87.7151251518762
Guinea-Bissau,GNB,2010,Renewable energy consumption (% of total final energy consumption),EG.FEC.RNEW.ZS,87.8071288610203
Guinea-Bissau,GNB,2009,Renewable energy consumption (% of total final energy consumption),EG.FEC.RNEW.ZS,87.894751858964
Guinea-Bissau,GNB,2008,Renewable energy consumption (% of total final energy consumption),EG.FEC.RNEW.ZS,88.4203449089405
Guinea-Bissau,GNB,2007,Renewable energy consumption (% of total final energy consumption),EG.FEC.RNEW.ZS,87.9049051977438
Guinea-Bissau,GNB,2006,Renewable energy consumption (% of total final energy consumption),EG.FEC.RNEW.ZS,88.2871479663404
Guinea-Bissau,GNB,2005,Renewable energy consumption (% of total final energy consumption),EG.FEC.RNEW.ZS,88.5267811346138
Guinea-Bissau,GNB,2004,Renewable energy consumption (% of total final energy consumption),EG.FEC.RNEW.ZS,88.5528656025534
Guinea-Bissau,GNB,2003,Renewable energy consumption (% of total final energy consumption),EG.FEC.RNEW.ZS,89.0477900528532
Guinea-Bissau,GNB,2002,Renewable energy consumption (% of total final energy consumption),EG.FEC.RNEW.ZS,91.0368214497741
Guinea-Bissau,GNB,2001,Renewable energy consumption (% of total final energy consumption),EG.FEC.RNEW.ZS,91.2071581686362
Guinea-Bissau,GNB,2000,Renewable energy consumption (% of total final energy consumption),EG.FEC.RNEW.ZS,91.2377248494202
Guinea-Bissau,GNB,1999,Renewable energy consumption (% of total final energy consumption),EG.FEC.RNEW.ZS,88.0584068078968
Guinea-Bissau,GNB,1998,Renewable energy consumption (% of total final energy consumption),EG.FEC.RNEW.ZS,89.0192139141756
Guinea-Bissau,GNB,1997,Renewable energy consumption (% of total final energy consumption),EG.FEC.RNEW.ZS,88.3634387430524
Guinea-Bissau,GNB,1996,Renewable energy consumption (% of total final energy consumption),EG.FEC.RNEW.ZS,89.4036101078025
Guinea-Bissau,GNB,1995,Renewable energy consumption (% of total final energy consumption),EG.FEC.RNEW.ZS,88.5511211251063
Guinea-Bissau,GNB,1994,Renewable energy consumption (% of total final energy consumption),EG.FEC.RNEW.ZS,88.5234001923807
Guinea-Bissau,GNB,1993,Renewable energy consumption (% of total final energy consumption),EG.FEC.RNEW.ZS,88.037472666218
Guinea-Bissau,GNB,1992,Renewable energy consumption (% of total final energy consumption),EG.FEC.RNEW.ZS,88.513852967702
Guinea-Bissau,GNB,1991,Renewable energy consumption (% of total final energy consumption),EG.FEC.RNEW.ZS,88.5725222861798
Guinea-Bissau,GNB,1990,Renewable energy consumption (% of total final energy consumption),EG.FEC.RNEW.ZS,88.5796054338438
Guinea-Bissau,GNB,2007,GDP per unit of energy use (PPP $ per kg of oil equivalent),EG.GDP.PUSE.KO.PP,19.3711934676271
Guinea-Bissau,GNB,2006,GDP per unit of energy use (PPP $ per kg of oil equivalent),EG.GDP.PUSE.KO.PP,19.283262246186
Guinea-Bissau,GNB,2005,GDP per unit of energy use (PPP $ per kg of oil equivalent),EG.GDP.PUSE.KO.PP,18.9252098430519
Guinea-Bissau,GNB,2004,GDP per unit of energy use (PPP $ per kg of oil equivalent),EG.GDP.PUSE.KO.PP,17.8072467587424
Guinea-Bissau,GNB,1990,GDP per unit of energy use (PPP $ per kg of oil equivalent),EG.GDP.PUSE.KO.PP,13.8523858308443
Guinea-Bissau,GNB,2007,GDP per unit of energy use (constant 2011 PPP $ per kg of oil equivalent),EG.GDP.PUSE.KO.PP.KD,20.5509101042468
Guinea-Bissau,GNB,2006,GDP per unit of energy use (constant 2011 PPP $ per kg of oil equivalent),EG.GDP.PUSE.KO.PP.KD,21.0071726462315
Guinea-Bissau,GNB,2005,GDP per unit of energy use (constant 2011 PPP $ per kg of oil equivalent),EG.GDP.PUSE.KO.PP.KD,21.2410265641529
Guinea-Bissau,GNB,2004,GDP per unit of energy use (constant 2011 PPP $ per kg of oil equivalent),EG.GDP.PUSE.KO.PP.KD,20.6088224891371
Guinea-Bissau,GNB,1990,GDP per unit of energy use (constant 2011 PPP $ per kg of oil equivalent),EG.GDP.PUSE.KO.PP.KD,21.3466501545902
Guinea-Bissau,GNB,2007,Fossil fuel energy consumption (% of total),EG.USE.COMM.FO.ZS,0
Guinea-Bissau,GNB,2006,Fossil fuel energy consumption (% of total),EG.USE.COMM.FO.ZS,0
Guinea-Bissau,GNB,2005,Fossil fuel energy consumption (% of total),EG.USE.COMM.FO.ZS,0
Guinea-Bissau,GNB,2004,Fossil fuel energy consumption (% of total),EG.USE.COMM.FO.ZS,0
Guinea-Bissau,GNB,1990,Fossil fuel energy consumption (% of total),EG.USE.COMM.FO.ZS,0
Guinea-Bissau,GNB,2007,"Energy use (kg of oil equivalent) per $1,000 GDP (constant 2011 PPP)",EG.USE.COMM.GD.PP.KD,48.6596454817518
Guinea-Bissau,GNB,2006,"Energy use (kg of oil equivalent) per $1,000 GDP (constant 2011 PPP)",EG.USE.COMM.GD.PP.KD,47.6027886684403
Guinea-Bissau,GNB,2005,"Energy use (kg of oil equivalent) per $1,000 GDP (constant 2011 PPP)",EG.USE.COMM.GD.PP.KD,47.0787038931364
Guinea-Bissau,GNB,2004,"Energy use (kg of oil equivalent) per $1,000 GDP (constant 2011 PPP)",EG.USE.COMM.GD.PP.KD,48.5229081150609
Guinea-Bissau,GNB,1990,"Energy use (kg of oil equivalent) per $1,000 GDP (constant 2011 PPP)",EG.USE.COMM.GD.PP.KD,46.8457576602466
Guinea-Bissau,GNB,2007,Energy use (kg of oil equivalent per capita),EG.USE.PCAP.KG.OE,67.3022359219662
Guinea-Bissau,GNB,2006,Energy use (kg of oil equivalent per capita),EG.USE.PCAP.KG.OE,65.3319115173627
Guinea-Bissau,GNB,2005,Energy use (kg of oil equivalent per capita),EG.USE.PCAP.KG.OE,64.6873814994089
Guinea-Bissau,GNB,2004,Energy use (kg of oil equivalent per capita),EG.USE.PCAP.KG.OE,65.4743234066138
Guinea-Bissau,GNB,1990,Energy use (kg of oil equivalent per capita),EG.USE.PCAP.KG.OE,76.5278381889566
Guinea-Bissau,GNB,2014,CO2 emissions from gaseous fuel consumption (% of total),EN.ATM.CO2E.GF.ZS,0
Guinea-Bissau,GNB,2013,CO2 emissions from gaseous fuel consumption (% of total),EN.ATM.CO2E.GF.ZS,0
Guinea-Bissau,GNB,2012,CO2 emissions from gaseous fuel consumption (% of total),EN.ATM.CO2E.GF.ZS,0
Guinea-Bissau,GNB,2011,CO2 emissions from gaseous fuel consumption (% of total),EN.ATM.CO2E.GF.ZS,0
Guinea-Bissau,GNB,2010,CO2 emissions from gaseous fuel consumption (% of total),EN.ATM.CO2E.GF.ZS,0
Guinea-Bissau,GNB,2009,CO2 emissions from gaseous fuel consumption (% of total),EN.ATM.CO2E.GF.ZS,0
Guinea-Bissau,GNB,2008,CO2 emissions from gaseous fuel consumption (% of total),EN.ATM.CO2E.GF.ZS,0
Guinea-Bissau,GNB,2007,CO2 emissions from gaseous fuel consumption (% of total),EN.ATM.CO2E.GF.ZS,0
Guinea-Bissau,GNB,2006,CO2 emissions from gaseous fuel consumption (% of total),EN.ATM.CO2E.GF.ZS,0
Guinea-Bissau,GNB,2005,CO2 emissions from gaseous fuel consumption (% of total),EN.ATM.CO2E.GF.ZS,0
Guinea-Bissau,GNB,2004,CO2 emissions from gaseous fuel consumption (% of total),EN.ATM.CO2E.GF.ZS,0
Guinea-Bissau,GNB,2003,CO2 emissions from gaseous fuel consumption (% of total),EN.ATM.CO2E.GF.ZS,0
Guinea-Bissau,GNB,2002,CO2 emissions from gaseous fuel consumption (% of total),EN.ATM.CO2E.GF.ZS,0
Guinea-Bissau,GNB,2001,CO2 emissions from gaseous fuel consumption (% of total),EN.ATM.CO2E.GF.ZS,0
Guinea-Bissau,GNB,2000,CO2 emissions from gaseous fuel consumption (% of total),EN.ATM.CO2E.GF.ZS,0
Guinea-Bissau,GNB,1999,CO2 emissions from gaseous fuel consumption (% of total),EN.ATM.CO2E.GF.ZS,0
Guinea-Bissau,GNB,1998,CO2 emissions from gaseous fuel consumption (% of total),EN.ATM.CO2E.GF.ZS,0
Guinea-Bissau,GNB,1997,CO2 emissions from gaseous fuel consumption (% of total),EN.ATM.CO2E.GF.ZS,0
Guinea-Bissau,GNB,1996,CO2 emissions from gaseous fuel consumption (% of total),EN.ATM.CO2E.GF.ZS,0
Guinea-Bissau,GNB,1995,CO2 emissions from gaseous fuel consumption (% of total),EN.ATM.CO2E.GF.ZS,0
Guinea-Bissau,GNB,1994,CO2 emissions from gaseous fuel consumption (% of total),EN.ATM.CO2E.GF.ZS,0
Guinea-Bissau,GNB,1993,CO2 emissions from gaseous fuel consumption (% of total),EN.ATM.CO2E.GF.ZS,0
Guinea-Bissau,GNB,1992,CO2 emissions from gaseous fuel consumption (% of total),EN.ATM.CO2E.GF.ZS,0
Guinea-Bissau,GNB,1991,CO2 emissions from gaseous fuel consumption (% of total),EN.ATM.CO2E.GF.ZS,0
Guinea-Bissau,GNB,1990,CO2 emissions from gaseous fuel consumption (% of total),EN.ATM.CO2E.GF.ZS,0
Guinea-Bissau,GNB,1989,CO2 emissions from gaseous fuel consumption (% of total),EN.ATM.CO2E.GF.ZS,0
Guinea-Bissau,GNB,1988,CO2 emissions from gaseous fuel consumption (% of total),EN.ATM.CO2E.GF.ZS,0
Guinea-Bissau,GNB,1987,CO2 emissions from gaseous fuel consumption (% of total),EN.ATM.CO2E.GF.ZS,0
Guinea-Bissau,GNB,1986,CO2 emissions from gaseous fuel consumption (% of total),EN.ATM.CO2E.GF.ZS,0
Guinea-Bissau,GNB,1985,CO2 emissions from gaseous fuel consumption (% of total),EN.ATM.CO2E.GF.ZS,0
Guinea-Bissau,GNB,1984,CO2 emissions from gaseous fuel consumption (% of total),EN.ATM.CO2E.GF.ZS,0
Guinea-Bissau,GNB,1983,CO2 emissions from gaseous fuel consumption (% of total),EN.ATM.CO2E.GF.ZS,0
Guinea-Bissau,GNB,1982,CO2 emissions from gaseous fuel consumption (% of total),EN.ATM.CO2E.GF.ZS,0
Guinea-Bissau,GNB,1981,CO2 emissions from gaseous fuel consumption (% of total),EN.ATM.CO2E.GF.ZS,0
Guinea-Bissau,GNB,1980,CO2 emissions from gaseous fuel consumption (% of total),EN.ATM.CO2E.GF.ZS,0
Guinea-Bissau,GNB,1979,CO2 emissions from gaseous fuel consumption (% of total),EN.ATM.CO2E.GF.ZS,0
Guinea-Bissau,GNB,1978,CO2 emissions from gaseous fuel consumption (% of total),EN.ATM.CO2E.GF.ZS,0
Guinea-Bissau,GNB,1977,CO2 emissions from gaseous fuel consumption (% of total),EN.ATM.CO2E.GF.ZS,0
Guinea-Bissau,GNB,1976,CO2 emissions from gaseous fuel consumption (% of total),EN.ATM.CO2E.GF.ZS,0
Guinea-Bissau,GNB,1975,CO2 emissions from gaseous fuel consumption (% of total),EN.ATM.CO2E.GF.ZS,0
Guinea-Bissau,GNB,1974,CO2 emissions from gaseous fuel consumption (% of total),EN.ATM.CO2E.GF.ZS,0
Guinea-Bissau,GNB,1973,CO2 emissions from gaseous fuel consumption (% of total),EN.ATM.CO2E.GF.ZS,0
Guinea-Bissau,GNB,1972,CO2 emissions from gaseous fuel consumption (% of total),EN.ATM.CO2E.GF.ZS,0
Guinea-Bissau,GNB,1971,CO2 emissions from gaseous fuel consumption (% of total),EN.ATM.CO2E.GF.ZS,0
Guinea-Bissau,GNB,1970,CO2 emissions from gaseous fuel consumption (% of total),EN.ATM.CO2E.GF.ZS,0
Guinea-Bissau,GNB,1969,CO2 emissions from gaseous fuel consumption (% of total),EN.ATM.CO2E.GF.ZS,0
Guinea-Bissau,GNB,1968,CO2 emissions from gaseous fuel consumption (% of total),EN.ATM.CO2E.GF.ZS,0
Guinea-Bissau,GNB,1967,CO2 emissions from gaseous fuel consumption (% of total),EN.ATM.CO2E.GF.ZS,0
Guinea-Bissau,GNB,1966,CO2 emissions from gaseous fuel consumption (% of total),EN.ATM.CO2E.GF.ZS,0
Guinea-Bissau,GNB,1965,CO2 emissions from gaseous fuel consumption (% of total),EN.ATM.CO2E.GF.ZS,0
Guinea-Bissau,GNB,1964,CO2 emissions from gaseous fuel consumption (% of total),EN.ATM.CO2E.GF.ZS,0
Guinea-Bissau,GNB,1963,CO2 emissions from gaseous fuel consumption (% of total),EN.ATM.CO2E.GF.ZS,0
Guinea-Bissau,GNB,1962,CO2 emissions from gaseous fuel consumption (% of total),EN.ATM.CO2E.GF.ZS,0
Guinea-Bissau,GNB,1961,CO2 emissions from gaseous fuel consumption (% of total),EN.ATM.CO2E.GF.ZS,0
Guinea-Bissau,GNB,1960,CO2 emissions from gaseous fuel consumption (% of total),EN.ATM.CO2E.GF.ZS,0
Guinea-Bissau,GNB,2014,CO2 emissions from liquid fuel consumption (kt),EN.ATM.CO2E.LF.KT,271.358
Guinea-Bissau,GNB,2013,CO2 emissions from liquid fuel consumption (kt),EN.ATM.CO2E.LF.KT,256.69
Guinea-Bissau,GNB,2012,CO2 emissions from liquid fuel consumption (kt),EN.ATM.CO2E.LF.KT,253.023
Guinea-Bissau,GNB,2011,CO2 emissions from liquid fuel consumption (kt),EN.ATM.CO2E.LF.KT,245.689
Guinea-Bissau,GNB,2010,CO2 emissions from liquid fuel consumption (kt),EN.ATM.CO2E.LF.KT,238.355
Guinea-Bissau,GNB,2009,CO2 emissions from liquid fuel consumption (kt),EN.ATM.CO2E.LF.KT,234.688
Guinea-Bissau,GNB,2008,CO2 emissions from liquid fuel consumption (kt),EN.ATM.CO2E.LF.KT,227.354
Guinea-Bissau,GNB,2007,CO2 emissions from liquid fuel consumption (kt),EN.ATM.CO2E.LF.KT,231.021
Guinea-Bissau,GNB,2006,CO2 emissions from liquid fuel consumption (kt),EN.ATM.CO2E.LF.KT,216.353
Guinea-Bissau,GNB,2005,CO2 emissions from liquid fuel consumption (kt),EN.ATM.CO2E.LF.KT,212.686
Guinea-Bissau,GNB,2004,CO2 emissions from liquid fuel consumption (kt),EN.ATM.CO2E.LF.KT,201.685
Guinea-Bissau,GNB,2003,CO2 emissions from liquid fuel consumption (kt),EN.ATM.CO2E.LF.KT,194.351
Guinea-Bissau,GNB,2002,CO2 emissions from liquid fuel consumption (kt),EN.ATM.CO2E.LF.KT,154.014
Guinea-Bissau,GNB,2001,CO2 emissions from liquid fuel consumption (kt),EN.ATM.CO2E.LF.KT,150.347
Guinea-Bissau,GNB,2000,CO2 emissions from liquid fuel consumption (kt),EN.ATM.CO2E.LF.KT,146.68
Guinea-Bissau,GNB,1999,CO2 emissions from liquid fuel consumption (kt),EN.ATM.CO2E.LF.KT,194.351
Guinea-Bissau,GNB,1998,CO2 emissions from liquid fuel consumption (kt),EN.ATM.CO2E.LF.KT,172.349
Guinea-Bissau,GNB,1997,CO2 emissions from liquid fuel consumption (kt),EN.ATM.CO2E.LF.KT,201.685
Guinea-Bissau,GNB,1996,CO2 emissions from liquid fuel consumption (kt),EN.ATM.CO2E.LF.KT,183.35
Guinea-Bissau,GNB,1995,CO2 emissions from liquid fuel consumption (kt),EN.ATM.CO2E.LF.KT,183.35
Guinea-Bissau,GNB,1994,CO2 emissions from liquid fuel consumption (kt),EN.ATM.CO2E.LF.KT,183.35
Guinea-Bissau,GNB,1993,CO2 emissions from liquid fuel consumption (kt),EN.ATM.CO2E.LF.KT,183.35
Guinea-Bissau,GNB,1992,CO2 emissions from liquid fuel consumption (kt),EN.ATM.CO2E.LF.KT,179.683
Guinea-Bissau,GNB,1991,CO2 emissions from liquid fuel consumption (kt),EN.ATM.CO2E.LF.KT,176.016
Guinea-Bissau,GNB,1990,CO2 emissions from liquid fuel consumption (kt),EN.ATM.CO2E.LF.KT,172.349
Guinea-Bissau,GNB,1989,CO2 emissions from liquid fuel consumption (kt),EN.ATM.CO2E.LF.KT,231.021
Guinea-Bissau,GNB,1988,CO2 emissions from liquid fuel consumption (kt),EN.ATM.CO2E.LF.KT,216.353
Guinea-Bissau,GNB,1987,CO2 emissions from liquid fuel consumption (kt),EN.ATM.CO2E.LF.KT,194.351
Guinea-Bissau,GNB,1986,CO2 emissions from liquid fuel consumption (kt),EN.ATM.CO2E.LF.KT,183.35
Guinea-Bissau,GNB,1985,CO2 emissions from liquid fuel consumption (kt),EN.ATM.CO2E.LF.KT,172.349
Guinea-Bissau,GNB,1984,CO2 emissions from liquid fuel consumption (kt),EN.ATM.CO2E.LF.KT,161.348
Guinea-Bissau,GNB,1983,CO2 emissions from liquid fuel consumption (kt),EN.ATM.CO2E.LF.KT,143.013
Guinea-Bissau,GNB,1982,CO2 emissions from liquid fuel consumption (kt),EN.ATM.CO2E.LF.KT,143.013
Guinea-Bissau,GNB,1981,CO2 emissions from liquid fuel consumption (kt),EN.ATM.CO2E.LF.KT,143.013
Guinea-Bissau,GNB,1980,CO2 emissions from liquid fuel consumption (kt),EN.ATM.CO2E.LF.KT,146.68
Guinea-Bissau,GNB,1979,CO2 emissions from liquid fuel consumption (kt),EN.ATM.CO2E.LF.KT,110.01
Guinea-Bissau,GNB,1978,CO2 emissions from liquid fuel consumption (kt),EN.ATM.CO2E.LF.KT,102.676
Guinea-Bissau,GNB,1977,CO2 emissions from liquid fuel consumption (kt),EN.ATM.CO2E.LF.KT,102.676
Guinea-Bissau,GNB,1976,CO2 emissions from liquid fuel consumption (kt),EN.ATM.CO2E.LF.KT,95.342
Guinea-Bissau,GNB,1975,CO2 emissions from liquid fuel consumption (kt),EN.ATM.CO2E.LF.KT,113.677
Guinea-Bissau,GNB,1974,CO2 emissions from liquid fuel consumption (kt),EN.ATM.CO2E.LF.KT,102.676
Guinea-Bissau,GNB,1973,CO2 emissions from liquid fuel consumption (kt),EN.ATM.CO2E.LF.KT,110.01
Guinea-Bissau,GNB,1972,CO2 emissions from liquid fuel consumption (kt),EN.ATM.CO2E.LF.KT,66.006
Guinea-Bissau,GNB,1971,CO2 emissions from liquid fuel consumption (kt),EN.ATM.CO2E.LF.KT,73.34
Guinea-Bissau,GNB,1970,CO2 emissions from liquid fuel consumption (kt),EN.ATM.CO2E.LF.KT,69.673
Guinea-Bissau,GNB,1969,CO2 emissions from liquid fuel consumption (kt),EN.ATM.CO2E.LF.KT,58.672
Guinea-Bissau,GNB,1968,CO2 emissions from liquid fuel consumption (kt),EN.ATM.CO2E.LF.KT,62.339
Guinea-Bissau,GNB,1967,CO2 emissions from liquid fuel consumption (kt),EN.ATM.CO2E.LF.KT,47.671
Guinea-Bissau,GNB,1966,CO2 emissions from liquid fuel consumption (kt),EN.ATM.CO2E.LF.KT,66.006
Guinea-Bissau,GNB,1965,CO2 emissions from liquid fuel consumption (kt),EN.ATM.CO2E.LF.KT,66.006
Guinea-Bissau,GNB,1964,CO2 emissions from liquid fuel consumption (kt),EN.ATM.CO2E.LF.KT,58.672
Guinea-Bissau,GNB,1963,CO2 emissions from liquid fuel consumption (kt),EN.ATM.CO2E.LF.KT,47.671
Guinea-Bissau,GNB,1962,CO2 emissions from liquid fuel consumption (kt),EN.ATM.CO2E.LF.KT,40.337
Guinea-Bissau,GNB,1961,CO2 emissions from liquid fuel consumption (kt),EN.ATM.CO2E.LF.KT,29.336
Guinea-Bissau,GNB,1960,CO2 emissions from liquid fuel consumption (kt),EN.ATM.CO2E.LF.KT,18.335
Guinea-Bissau,GNB,2008,Methane emissions in energy sector (thousand metric tons of CO2 equivalent),EN.ATM.METH.EG.KT.CE,42.8094100214567
Guinea-Bissau,GNB,2007,Methane emissions in energy sector (thousand metric tons of CO2 equivalent),EN.ATM.METH.EG.KT.CE,42.2837098826211
Guinea-Bissau,GNB,2006,Methane emissions in energy sector (thousand metric tons of CO2 equivalent),EN.ATM.METH.EG.KT.CE,41.5268752875099
Guinea-Bissau,GNB,2005,Methane emissions in energy sector (thousand metric tons of CO2 equivalent),EN.ATM.METH.EG.KT.CE,40.9442431370327
Guinea-Bissau,GNB,2004,Methane emissions in energy sector (thousand metric tons of CO2 equivalent),EN.ATM.METH.EG.KT.CE,40.5672719866284
Guinea-Bissau,GNB,2003,Methane emissions in energy sector (thousand metric tons of CO2 equivalent),EN.ATM.METH.EG.KT.CE,39.6835371043126
Guinea-Bissau,GNB,2002,Methane emissions in energy sector (thousand metric tons of CO2 equivalent),EN.ATM.METH.EG.KT.CE,39.8937445037031
Guinea-Bissau,GNB,2001,Methane emissions in energy sector (thousand metric tons of CO2 equivalent),EN.ATM.METH.EG.KT.CE,39.9581269183753
Guinea-Bissau,GNB,2000,Methane emissions in energy sector (thousand metric tons of CO2 equivalent),EN.ATM.METH.EG.KT.CE,40.0379889522001
Guinea-Bissau,GNB,1999,Methane emissions in energy sector (thousand metric tons of CO2 equivalent),EN.ATM.METH.EG.KT.CE,39.5103869496845
Guinea-Bissau,GNB,1998,Methane emissions in energy sector (thousand metric tons of CO2 equivalent),EN.ATM.METH.EG.KT.CE,39.1033108058532
Guinea-Bissau,GNB,1997,Methane emissions in energy sector (thousand metric tons of CO2 equivalent),EN.ATM.METH.EG.KT.CE,39.257486110054
Guinea-Bissau,GNB,1996,Methane emissions in energy sector (thousand metric tons of CO2 equivalent),EN.ATM.METH.EG.KT.CE,39.3796767834368
Guinea-Bissau,GNB,1995,Methane emissions in energy sector (thousand metric tons of CO2 equivalent),EN.ATM.METH.EG.KT.CE,39.4068933369718
Guinea-Bissau,GNB,1994,Methane emissions in energy sector (thousand metric tons of CO2 equivalent),EN.ATM.METH.EG.KT.CE,39.1023104432767
Guinea-Bissau,GNB,1993,Methane emissions in energy sector (thousand metric tons of CO2 equivalent),EN.ATM.METH.EG.KT.CE,37.0975267471733
Guinea-Bissau,GNB,1992,Methane emissions in energy sector (thousand metric tons of CO2 equivalent),EN.ATM.METH.EG.KT.CE,36.9441984324777
Guinea-Bissau,GNB,1991,Methane emissions in energy sector (thousand metric tons of CO2 equivalent),EN.ATM.METH.EG.KT.CE,37.003604003295
Guinea-Bissau,GNB,1990,Methane emissions in energy sector (thousand metric tons of CO2 equivalent),EN.ATM.METH.EG.KT.CE,36.9284939051485
Guinea-Bissau,GNB,1989,Methane emissions in energy sector (thousand metric tons of CO2 equivalent),EN.ATM.METH.EG.KT.CE,36.5882844404377
Guinea-Bissau,GNB,1988,Methane emissions in energy sector (thousand metric tons of CO2 equivalent),EN.ATM.METH.EG.KT.CE,36.3686804429441
Guinea-Bissau,GNB,1987,Methane emissions in energy sector (thousand metric tons of CO2 equivalent),EN.ATM.METH.EG.KT.CE,35.9557616557586
Guinea-Bissau,GNB,1986,Methane emissions in energy sector (thousand metric tons of CO2 equivalent),EN.ATM.METH.EG.KT.CE,36.1583771747513
Guinea-Bissau,GNB,1985,Methane emissions in energy sector (thousand metric tons of CO2 equivalent),EN.ATM.METH.EG.KT.CE,36.2800764874435
Guinea-Bissau,GNB,1984,Methane emissions in energy sector (thousand metric tons of CO2 equivalent),EN.ATM.METH.EG.KT.CE,37.1043597075255
Guinea-Bissau,GNB,1983,Methane emissions in energy sector (thousand metric tons of CO2 equivalent),EN.ATM.METH.EG.KT.CE,37.4258483932472
Guinea-Bissau,GNB,1982,Methane emissions in energy sector (thousand metric tons of CO2 equivalent),EN.ATM.METH.EG.KT.CE,38.0303172079046
Guinea-Bissau,GNB,1981,Methane emissions in energy sector (thousand metric tons of CO2 equivalent),EN.ATM.METH.EG.KT.CE,36.7072330435184
Guinea-Bissau,GNB,1980,Methane emissions in energy sector (thousand metric tons of CO2 equivalent),EN.ATM.METH.EG.KT.CE,35.8906789951589
Guinea-Bissau,GNB,1979,Methane emissions in energy sector (thousand metric tons of CO2 equivalent),EN.ATM.METH.EG.KT.CE,35.9173436866526
Guinea-Bissau,GNB,1978,Methane emissions in energy sector (thousand metric tons of CO2 equivalent),EN.ATM.METH.EG.KT.CE,35.2653385345492
Guinea-Bissau,GNB,1977,Methane emissions in energy sector (thousand metric tons of CO2 equivalent),EN.ATM.METH.EG.KT.CE,35.3991489389964
Guinea-Bissau,GNB,1976,Methane emissions in energy sector (thousand metric tons of CO2 equivalent),EN.ATM.METH.EG.KT.CE,35.1532607827434
Guinea-Bissau,GNB,1975,Methane emissions in energy sector (thousand metric tons of CO2 equivalent),EN.ATM.METH.EG.KT.CE,34.3297846943435
Guinea-Bissau,GNB,1974,Methane emissions in energy sector (thousand metric tons of CO2 equivalent),EN.ATM.METH.EG.KT.CE,33.1846697994144
Guinea-Bissau,GNB,1973,Methane emissions in energy sector (thousand metric tons of CO2 equivalent),EN.ATM.METH.EG.KT.CE,32.3939037195589
Guinea-Bissau,GNB,1972,Methane emissions in energy sector (thousand metric tons of CO2 equivalent),EN.ATM.METH.EG.KT.CE,32.0336254927872
Guinea-Bissau,GNB,1971,Methane emissions in energy sector (thousand metric tons of CO2 equivalent),EN.ATM.METH.EG.KT.CE,31.5910513741581
Guinea-Bissau,GNB,1970,Methane emissions in energy sector (thousand metric tons of CO2 equivalent),EN.ATM.METH.EG.KT.CE,31.4976944916529
Guinea-Bissau,GNB,1969,Methane emissions in energy sector (thousand metric tons of CO2 equivalent),EN.ATM.METH.EG.KT.CE,0
Guinea-Bissau,GNB,2008,Energy related methane emissions (% of total),EN.ATM.METH.EG.ZS,3.51340298585565
Guinea-Bissau,GNB,2007,Energy related methane emissions (% of total),EN.ATM.METH.EG.ZS,3.33910148166507
Guinea-Bissau,GNB,2006,Energy related methane emissions (% of total),EN.ATM.METH.EG.ZS,3.4624195643935
Guinea-Bissau,GNB,2005,Energy related methane emissions (% of total),EN.ATM.METH.EG.ZS,3.83509517778167
Guinea-Bissau,GNB,2004,Energy related methane emissions (% of total),EN.ATM.METH.EG.ZS,3.83194528806495
Guinea-Bissau,GNB,2003,Energy related methane emissions (% of total),EN.ATM.METH.EG.ZS,4.06122997881682
Guinea-Bissau,GNB,2002,Energy related methane emissions (% of total),EN.ATM.METH.EG.ZS,3.86709684803543
Guinea-Bissau,GNB,2001,Energy related methane emissions (% of total),EN.ATM.METH.EG.ZS,3.67100239952735
Guinea-Bissau,GNB,2000,Energy related methane emissions (% of total),EN.ATM.METH.EG.ZS,4.16609755777838
Guinea-Bissau,GNB,1999,Energy related methane emissions (% of total),EN.ATM.METH.EG.ZS,3.82008614202
Guinea-Bissau,GNB,1998,Energy related methane emissions (% of total),EN.ATM.METH.EG.ZS,4.11015445996547
Guinea-Bissau,GNB,1997,Energy related methane emissions (% of total),EN.ATM.METH.EG.ZS,4.34755250233438
Guinea-Bissau,GNB,1996,Energy related methane emissions (% of total),EN.ATM.METH.EG.ZS,4.35345728850092
Guinea-Bissau,GNB,1995,Energy related methane emissions (% of total),EN.ATM.METH.EG.ZS,4.31063680562995
Guinea-Bissau,GNB,1994,Energy related methane emissions (% of total),EN.ATM.METH.EG.ZS,4.5241804246782
Guinea-Bissau,GNB,1993,Energy related methane emissions (% of total),EN.ATM.METH.EG.ZS,4.35639402126359
Guinea-Bissau,GNB,1992,Energy related methane emissions (% of total),EN.ATM.METH.EG.ZS,4.27325337980993
Guinea-Bissau,GNB,1991,Energy related methane emissions (% of total),EN.ATM.METH.EG.ZS,4.59764623480688
Guinea-Bissau,GNB,1990,Energy related methane emissions (% of total),EN.ATM.METH.EG.ZS,4.28589761534542
Guinea-Bissau,GNB,1989,Energy related methane emissions (% of total),EN.ATM.METH.EG.ZS,4.71194299047106
Guinea-Bissau,GNB,1988,Energy related methane emissions (% of total),EN.ATM.METH.EG.ZS,5.09697217977311
Guinea-Bissau,GNB,1987,Energy related methane emissions (% of total),EN.ATM.METH.EG.ZS,5.01146551852463
Guinea-Bissau,GNB,1986,Energy related methane emissions (% of total),EN.ATM.METH.EG.ZS,5.0882644066898
Guinea-Bissau,GNB,1985,Energy related methane emissions (% of total),EN.ATM.METH.EG.ZS,5.05697820924297
Guinea-Bissau,GNB,1984,Energy related methane emissions (% of total),EN.ATM.METH.EG.ZS,4.21494843912165
Guinea-Bissau,GNB,1983,Energy related methane emissions (% of total),EN.ATM.METH.EG.ZS,3.92111311966297
Guinea-Bissau,GNB,1982,Energy related methane emissions (% of total),EN.ATM.METH.EG.ZS,3.58996716929293
Guinea-Bissau,GNB,1981,Energy related methane emissions (% of total),EN.ATM.METH.EG.ZS,4.4504566630963
Guinea-Bissau,GNB,1980,Energy related methane emissions (% of total),EN.ATM.METH.EG.ZS,4.76464999205582
Guinea-Bissau,GNB,1979,Energy related methane emissions (% of total),EN.ATM.METH.EG.ZS,5.14099324788986
Guinea-Bissau,GNB,1978,Energy related methane emissions (% of total),EN.ATM.METH.EG.ZS,5.21265607657707
Guinea-Bissau,GNB,1977,Energy related methane emissions (% of total),EN.ATM.METH.EG.ZS,4.48720405467884
Guinea-Bissau,GNB,1976,Energy related methane emissions (% of total),EN.ATM.METH.EG.ZS,4.43617930632206
Guinea-Bissau,GNB,1975,Energy related methane emissions (% of total),EN.ATM.METH.EG.ZS,4.76175600658349
Guinea-Bissau,GNB,1974,Energy related methane emissions (% of total),EN.ATM.METH.EG.ZS,5.52986587203352
Guinea-Bissau,GNB,1973,Energy related methane emissions (% of total),EN.ATM.METH.EG.ZS,5.55452928843358
Guinea-Bissau,GNB,1972,Energy related methane emissions (% of total),EN.ATM.METH.EG.ZS,5.83127186575707
Guinea-Bissau,GNB,1971,Energy related methane emissions (% of total),EN.ATM.METH.EG.ZS,5.85470499016986
Guinea-Bissau,GNB,1970,Energy related methane emissions (% of total),EN.ATM.METH.EG.ZS,5.81028929825991
Guinea-Bissau,GNB,2008,Nitrous oxide emissions in energy sector (thousand metric tons of CO2 equivalent),EN.ATM.NOXE.EG.KT.CE,13.795923273
Guinea-Bissau,GNB,2007,Nitrous oxide emissions in energy sector (thousand metric tons of CO2 equivalent),EN.ATM.NOXE.EG.KT.CE,13.564910405
Guinea-Bissau,GNB,2006,Nitrous oxide emissions in energy sector (thousand metric tons of CO2 equivalent),EN.ATM.NOXE.EG.KT.CE,13.295079492
Guinea-Bissau,GNB,2005,Nitrous oxide emissions in energy sector (thousand metric tons of CO2 equivalent),EN.ATM.NOXE.EG.KT.CE,13.1225666
Guinea-Bissau,GNB,2004,Nitrous oxide emissions in energy sector (thousand metric tons of CO2 equivalent),EN.ATM.NOXE.EG.KT.CE,12.979803106
Guinea-Bissau,GNB,2003,Nitrous oxide emissions in energy sector (thousand metric tons of CO2 equivalent),EN.ATM.NOXE.EG.KT.CE,12.530040846
Guinea-Bissau,GNB,2002,Nitrous oxide emissions in energy sector (thousand metric tons of CO2 equivalent),EN.ATM.NOXE.EG.KT.CE,12.395574564
Guinea-Bissau,GNB,2001,Nitrous oxide emissions in energy sector (thousand metric tons of CO2 equivalent),EN.ATM.NOXE.EG.KT.CE,12.36284526
Guinea-Bissau,GNB,2000,Nitrous oxide emissions in energy sector (thousand metric tons of CO2 equivalent),EN.ATM.NOXE.EG.KT.CE,12.317095646
Guinea-Bissau,GNB,1999,Nitrous oxide emissions in energy sector (thousand metric tons of CO2 equivalent),EN.ATM.NOXE.EG.KT.CE,12.020908688
Guinea-Bissau,GNB,1998,Nitrous oxide emissions in energy sector (thousand metric tons of CO2 equivalent),EN.ATM.NOXE.EG.KT.CE,11.773089108
Guinea-Bissau,GNB,1997,Nitrous oxide emissions in energy sector (thousand metric tons of CO2 equivalent),EN.ATM.NOXE.EG.KT.CE,11.685247694
Guinea-Bissau,GNB,1996,Nitrous oxide emissions in energy sector (thousand metric tons of CO2 equivalent),EN.ATM.NOXE.EG.KT.CE,11.60423837
Guinea-Bissau,GNB,1995,Nitrous oxide emissions in energy sector (thousand metric tons of CO2 equivalent),EN.ATM.NOXE.EG.KT.CE,11.47628122
Guinea-Bissau,GNB,1994,Nitrous oxide emissions in energy sector (thousand metric tons of CO2 equivalent),EN.ATM.NOXE.EG.KT.CE,11.122532346
Guinea-Bissau,GNB,1993,Nitrous oxide emissions in energy sector (thousand metric tons of CO2 equivalent),EN.ATM.NOXE.EG.KT.CE,9.281214744
Guinea-Bissau,GNB,1992,Nitrous oxide emissions in energy sector (thousand metric tons of CO2 equivalent),EN.ATM.NOXE.EG.KT.CE,9.15634197
Guinea-Bissau,GNB,1991,Nitrous oxide emissions in energy sector (thousand metric tons of CO2 equivalent),EN.ATM.NOXE.EG.KT.CE,9.209485146
Guinea-Bissau,GNB,1990,Nitrous oxide emissions in energy sector (thousand metric tons of CO2 equivalent),EN.ATM.NOXE.EG.KT.CE,9.151077674
Guinea-Bissau,GNB,1989,Nitrous oxide emissions in energy sector (thousand metric tons of CO2 equivalent),EN.ATM.NOXE.EG.KT.CE,8.822883898
Guinea-Bissau,GNB,1988,Nitrous oxide emissions in energy sector (thousand metric tons of CO2 equivalent),EN.ATM.NOXE.EG.KT.CE,8.61252571
Guinea-Bissau,GNB,1987,Nitrous oxide emissions in energy sector (thousand metric tons of CO2 equivalent),EN.ATM.NOXE.EG.KT.CE,8.283273067
Guinea-Bissau,GNB,1986,Nitrous oxide emissions in energy sector (thousand metric tons of CO2 equivalent),EN.ATM.NOXE.EG.KT.CE,8.255087495
Guinea-Bissau,GNB,1985,Nitrous oxide emissions in energy sector (thousand metric tons of CO2 equivalent),EN.ATM.NOXE.EG.KT.CE,8.311704252
Guinea-Bissau,GNB,1984,Nitrous oxide emissions in energy sector (thousand metric tons of CO2 equivalent),EN.ATM.NOXE.EG.KT.CE,8.41807511
Guinea-Bissau,GNB,1983,Nitrous oxide emissions in energy sector (thousand metric tons of CO2 equivalent),EN.ATM.NOXE.EG.KT.CE,8.285196772
Guinea-Bissau,GNB,1982,Nitrous oxide emissions in energy sector (thousand metric tons of CO2 equivalent),EN.ATM.NOXE.EG.KT.CE,8.323209716
Guinea-Bissau,GNB,1981,Nitrous oxide emissions in energy sector (thousand metric tons of CO2 equivalent),EN.ATM.NOXE.EG.KT.CE,7.932459025
Guinea-Bissau,GNB,1980,Nitrous oxide emissions in energy sector (thousand metric tons of CO2 equivalent),EN.ATM.NOXE.EG.KT.CE,7.820772845
Guinea-Bissau,GNB,1979,Nitrous oxide emissions in energy sector (thousand metric tons of CO2 equivalent),EN.ATM.NOXE.EG.KT.CE,7.745707089
Guinea-Bissau,GNB,1978,Nitrous oxide emissions in energy sector (thousand metric tons of CO2 equivalent),EN.ATM.NOXE.EG.KT.CE,7.511542234
Guinea-Bissau,GNB,1977,Nitrous oxide emissions in energy sector (thousand metric tons of CO2 equivalent),EN.ATM.NOXE.EG.KT.CE,7.459022158
Guinea-Bissau,GNB,1976,Nitrous oxide emissions in energy sector (thousand metric tons of CO2 equivalent),EN.ATM.NOXE.EG.KT.CE,7.327432118
Guinea-Bissau,GNB,1975,Nitrous oxide emissions in energy sector (thousand metric tons of CO2 equivalent),EN.ATM.NOXE.EG.KT.CE,7.094238555
Guinea-Bissau,GNB,1974,Nitrous oxide emissions in energy sector (thousand metric tons of CO2 equivalent),EN.ATM.NOXE.EG.KT.CE,6.77651878
Guinea-Bissau,GNB,1973,Nitrous oxide emissions in energy sector (thousand metric tons of CO2 equivalent),EN.ATM.NOXE.EG.KT.CE,6.562562794
Guinea-Bissau,GNB,1972,Nitrous oxide emissions in energy sector (thousand metric tons of CO2 equivalent),EN.ATM.NOXE.EG.KT.CE,6.436049872
Guinea-Bissau,GNB,1971,Nitrous oxide emissions in energy sector (thousand metric tons of CO2 equivalent),EN.ATM.NOXE.EG.KT.CE,6.291738176
Guinea-Bissau,GNB,1970,Nitrous oxide emissions in energy sector (thousand metric tons of CO2 equivalent),EN.ATM.NOXE.EG.KT.CE,6.231797196
Guinea-Bissau,GNB,1969,Nitrous oxide emissions in energy sector (thousand metric tons of CO2 equivalent),EN.ATM.NOXE.EG.KT.CE,0
Guinea-Bissau,GNB,2008,Nitrous oxide emissions in energy sector (% of total),EN.ATM.NOXE.EG.ZS,1.69478339832742
Guinea-Bissau,GNB,2007,Nitrous oxide emissions in energy sector (% of total),EN.ATM.NOXE.EG.ZS,1.49707738600285
Guinea-Bissau,GNB,2006,Nitrous oxide emissions in energy sector (% of total),EN.ATM.NOXE.EG.ZS,1.58913854408288
Guinea-Bissau,GNB,2005,Nitrous oxide emissions in energy sector (% of total),EN.ATM.NOXE.EG.ZS,1.91685466524781
Guinea-Bissau,GNB,2004,Nitrous oxide emissions in energy sector (% of total),EN.ATM.NOXE.EG.ZS,1.89366834157218
Guinea-Bissau,GNB,2003,Nitrous oxide emissions in energy sector (% of total),EN.ATM.NOXE.EG.ZS,2.02927406090912
Guinea-Bissau,GNB,2002,Nitrous oxide emissions in energy sector (% of total),EN.ATM.NOXE.EG.ZS,1.89680200753299
Guinea-Bissau,GNB,2001,Nitrous oxide emissions in energy sector (% of total),EN.ATM.NOXE.EG.ZS,1.67685527715524
Guinea-Bissau,GNB,2000,Nitrous oxide emissions in energy sector (% of total),EN.ATM.NOXE.EG.ZS,2.24219355093564
Guinea-Bissau,GNB,1999,Nitrous oxide emissions in energy sector (% of total),EN.ATM.NOXE.EG.ZS,1.77862033410085
Guinea-Bissau,GNB,1998,Nitrous oxide emissions in energy sector (% of total),EN.ATM.NOXE.EG.ZS,1.96319976427774
Guinea-Bissau,GNB,1997,Nitrous oxide emissions in energy sector (% of total),EN.ATM.NOXE.EG.ZS,2.15608182899764
Guinea-Bissau,GNB,1996,Nitrous oxide emissions in energy sector (% of total),EN.ATM.NOXE.EG.ZS,2.18731349737345
Guinea-Bissau,GNB,1995,Nitrous oxide emissions in energy sector (% of total),EN.ATM.NOXE.EG.ZS,2.1535302638085
Guinea-Bissau,GNB,1994,Nitrous oxide emissions in energy sector (% of total),EN.ATM.NOXE.EG.ZS,2.27604616907091
Guinea-Bissau,GNB,1993,Nitrous oxide emissions in energy sector (% of total),EN.ATM.NOXE.EG.ZS,1.91973392495319
Guinea-Bissau,GNB,1992,Nitrous oxide emissions in energy sector (% of total),EN.ATM.NOXE.EG.ZS,1.82647062097283
Guinea-Bissau,GNB,1991,Nitrous oxide emissions in energy sector (% of total),EN.ATM.NOXE.EG.ZS,2.08768853346076
Guinea-Bissau,GNB,1990,Nitrous oxide emissions in energy sector (% of total),EN.ATM.NOXE.EG.ZS,1.73627374909568
Guinea-Bissau,GNB,1989,Nitrous oxide emissions in energy sector (% of total),EN.ATM.NOXE.EG.ZS,1.99905288961313
Guinea-Bissau,GNB,1988,Nitrous oxide emissions in energy sector (% of total),EN.ATM.NOXE.EG.ZS,2.15503971516778
Guinea-Bissau,GNB,1987,Nitrous oxide emissions in energy sector (% of total),EN.ATM.NOXE.EG.ZS,2.01070326585898
Guinea-Bissau,GNB,1986,Nitrous oxide emissions in energy sector (% of total),EN.ATM.NOXE.EG.ZS,2.12404100629332
Guinea-Bissau,GNB,1985,Nitrous oxide emissions in energy sector (% of total),EN.ATM.NOXE.EG.ZS,2.19087671188103
Guinea-Bissau,GNB,1984,Nitrous oxide emissions in energy sector (% of total),EN.ATM.NOXE.EG.ZS,2.04659800729553
Guinea-Bissau,GNB,1983,Nitrous oxide emissions in energy sector (% of total),EN.ATM.NOXE.EG.ZS,2.01160921564643
Guinea-Bissau,GNB,1982,Nitrous oxide emissions in energy sector (% of total),EN.ATM.NOXE.EG.ZS,1.91285781662998
Guinea-Bissau,GNB,1981,Nitrous oxide emissions in energy sector (% of total),EN.ATM.NOXE.EG.ZS,2.04535174172302
Guinea-Bissau,GNB,1980,Nitrous oxide emissions in energy sector (% of total),EN.ATM.NOXE.EG.ZS,1.78670676345609
Guinea-Bissau,GNB,1979,Nitrous oxide emissions in energy sector (% of total),EN.ATM.NOXE.EG.ZS,2.13314368282209
Guinea-Bissau,GNB,1978,Nitrous oxide emissions in energy sector (% of total),EN.ATM.NOXE.EG.ZS,2.23090774669932
Guinea-Bissau,GNB,1977,Nitrous oxide emissions in energy sector (% of total),EN.ATM.NOXE.EG.ZS,1.96652051816436
Guinea-Bissau,GNB,1976,Nitrous oxide emissions in energy sector (% of total),EN.ATM.NOXE.EG.ZS,2.24095089924818
Guinea-Bissau,GNB,1975,Nitrous oxide emissions in energy sector (% of total),EN.ATM.NOXE.EG.ZS,2.28583533935974
Guinea-Bissau,GNB,1974,Nitrous oxide emissions in energy sector (% of total),EN.ATM.NOXE.EG.ZS,2.36135391675101
Guinea-Bissau,GNB,1973,Nitrous oxide emissions in energy sector (% of total),EN.ATM.NOXE.EG.ZS,1.87190469621809
Guinea-Bissau,GNB,1972,Nitrous oxide emissions in energy sector (% of total),EN.ATM.NOXE.EG.ZS,1.98984551980601
Guinea-Bissau,GNB,1971,Nitrous oxide emissions in energy sector (% of total),EN.ATM.NOXE.EG.ZS,1.9447624231042
Guinea-Bissau,GNB,1970,Nitrous oxide emissions in energy sector (% of total),EN.ATM.NOXE.EG.ZS,1.89657637224749
Guinea-Bissau,GNB,2006,Time to obtain an electrical connection (days),IC.ELC.DURS,20.5
Guinea-Bissau,GNB,2019,Time required to get electricity (days),IC.ELC.TIME,257
Guinea-Bissau,GNB,2018,Time required to get electricity (days),IC.ELC.TIME,257
Guinea-Bissau,GNB,2017,Time required to get electricity (days),IC.ELC.TIME,257
Guinea-Bissau,GNB,2016,Time required to get electricity (days),IC.ELC.TIME,257
Guinea-Bissau,GNB,2015,Time required to get electricity (days),IC.ELC.TIME,257
Guinea-Bissau,GNB,2014,Time required to get electricity (days),IC.ELC.TIME,257
Guinea-Bissau,GNB,2013,Time required to get electricity (days),IC.ELC.TIME,257
Guinea-Bissau,GNB,2012,Time required to get electricity (days),IC.ELC.TIME,458
Guinea-Bissau,GNB,2011,Time required to get electricity (days),IC.ELC.TIME,458
Guinea-Bissau,GNB,2010,Time required to get electricity (days),IC.ELC.TIME,458
Guinea-Bissau,GNB,2009,Time required to get electricity (days),IC.ELC.TIME,458
Guinea-Bissau,GNB,2006,Firms using banks to finance investment (% of firms),IC.FRM.BNKS.ZS,0.7
Guinea-Bissau,GNB,2006,Value lost due to electrical outages (% of sales for affected firms),IC.FRM.OUTG.ZS,5.2
Guinea-Bissau,GNB,2017,Adjusted savings: mineral depletion (current US$),NY.ADJ.DMIN.CD,0
Guinea-Bissau,GNB,2016,Adjusted savings: mineral depletion (current US$),NY.ADJ.DMIN.CD,0
Guinea-Bissau,GNB,2015,Adjusted savings: mineral depletion (current US$),NY.ADJ.DMIN.CD,0
Guinea-Bissau,GNB,2014,Adjusted savings: mineral depletion (current US$),NY.ADJ.DMIN.CD,0
Guinea-Bissau,GNB,2013,Adjusted savings: mineral depletion (current US$),NY.ADJ.DMIN.CD,0
Guinea-Bissau,GNB,2012,Adjusted savings: mineral depletion (current US$),NY.ADJ.DMIN.CD,0
Guinea-Bissau,GNB,2011,Adjusted savings: mineral depletion (current US$),NY.ADJ.DMIN.CD,0
Guinea-Bissau,GNB,2010,Adjusted savings: mineral depletion (current US$),NY.ADJ.DMIN.CD,0
Guinea-Bissau,GNB,2009,Adjusted savings: mineral depletion (current US$),NY.ADJ.DMIN.CD,0
Guinea-Bissau,GNB,2008,Adjusted savings: mineral depletion (current US$),NY.ADJ.DMIN.CD,0
Guinea-Bissau,GNB,2007,Adjusted savings: mineral depletion (current US$),NY.ADJ.DMIN.CD,0
Guinea-Bissau,GNB,2006,Adjusted savings: mineral depletion (current US$),NY.ADJ.DMIN.CD,0
Guinea-Bissau,GNB,2005,Adjusted savings: mineral depletion (current US$),NY.ADJ.DMIN.CD,0
Guinea-Bissau,GNB,2004,Adjusted savings: mineral depletion (current US$),NY.ADJ.DMIN.CD,0
Guinea-Bissau,GNB,2003,Adjusted savings: mineral depletion (current US$),NY.ADJ.DMIN.CD,0
Guinea-Bissau,GNB,2002,Adjusted savings: mineral depletion (current US$),NY.ADJ.DMIN.CD,0
Guinea-Bissau,GNB,2001,Adjusted savings: mineral depletion (current US$),NY.ADJ.DMIN.CD,0
Guinea-Bissau,GNB,2000,Adjusted savings: mineral depletion (current US$),NY.ADJ.DMIN.CD,0
Guinea-Bissau,GNB,1999,Adjusted savings: mineral depletion (current US$),NY.ADJ.DMIN.CD,0
Guinea-Bissau,GNB,1998,Adjusted savings: mineral depletion (current US$),NY.ADJ.DMIN.CD,0
Guinea-Bissau,GNB,1997,Adjusted savings: mineral depletion (current US$),NY.ADJ.DMIN.CD,0
Guinea-Bissau,GNB,1996,Adjusted savings: mineral depletion (current US$),NY.ADJ.DMIN.CD,0
Guinea-Bissau,GNB,1995,Adjusted savings: mineral depletion (current US$),NY.ADJ.DMIN.CD,0
Guinea-Bissau,GNB,1994,Adjusted savings: mineral depletion (current US$),NY.ADJ.DMIN.CD,0
Guinea-Bissau,GNB,1993,Adjusted savings: mineral depletion (current US$),NY.ADJ.DMIN.CD,0
Guinea-Bissau,GNB,1992,Adjusted savings: mineral depletion (current US$),NY.ADJ.DMIN.CD,0
Guinea-Bissau,GNB,1991,Adjusted savings: mineral depletion (current US$),NY.ADJ.DMIN.CD,0
Guinea-Bissau,GNB,1990,Adjusted savings: mineral depletion (current US$),NY.ADJ.DMIN.CD,0
Guinea-Bissau,GNB,1989,Adjusted savings: mineral depletion (current US$),NY.ADJ.DMIN.CD,0
Guinea-Bissau,GNB,1988,Adjusted savings: mineral depletion (current US$),NY.ADJ.DMIN.CD,0
Guinea-Bissau,GNB,1987,Adjusted savings: mineral depletion (current US$),NY.ADJ.DMIN.CD,0
Guinea-Bissau,GNB,1986,Adjusted savings: mineral depletion (current US$),NY.ADJ.DMIN.CD,0
Guinea-Bissau,GNB,1985,Adjusted savings: mineral depletion (current US$),NY.ADJ.DMIN.CD,0
Guinea-Bissau,GNB,1984,Adjusted savings: mineral depletion (current US$),NY.ADJ.DMIN.CD,0
Guinea-Bissau,GNB,1983,Adjusted savings: mineral depletion (current US$),NY.ADJ.DMIN.CD,0
Guinea-Bissau,GNB,1982,Adjusted savings: mineral depletion (current US$),NY.ADJ.DMIN.CD,0
Guinea-Bissau,GNB,1981,Adjusted savings: mineral depletion (current US$),NY.ADJ.DMIN.CD,0
Guinea-Bissau,GNB,1980,Adjusted savings: mineral depletion (current US$),NY.ADJ.DMIN.CD,0
Guinea-Bissau,GNB,1979,Adjusted savings: mineral depletion (current US$),NY.ADJ.DMIN.CD,0
Guinea-Bissau,GNB,1978,Adjusted savings: mineral depletion (current US$),NY.ADJ.DMIN.CD,0
Guinea-Bissau,GNB,1977,Adjusted savings: mineral depletion (current US$),NY.ADJ.DMIN.CD,0
Guinea-Bissau,GNB,1976,Adjusted savings: mineral depletion (current US$),NY.ADJ.DMIN.CD,0
Guinea-Bissau,GNB,1975,Adjusted savings: mineral depletion (current US$),NY.ADJ.DMIN.CD,0
Guinea-Bissau,GNB,1974,Adjusted savings: mineral depletion (current US$),NY.ADJ.DMIN.CD,0
Guinea-Bissau,GNB,1973,Adjusted savings: mineral depletion (current US$),NY.ADJ.DMIN.CD,0
Guinea-Bissau,GNB,1972,Adjusted savings: mineral depletion (current US$),NY.ADJ.DMIN.CD,0
Guinea-Bissau,GNB,1971,Adjusted savings: mineral depletion (current US$),NY.ADJ.DMIN.CD,0
Guinea-Bissau,GNB,1970,Adjusted savings: mineral depletion (current US$),NY.ADJ.DMIN.CD,0
Guinea-Bissau,GNB,2017,Adjusted savings: mineral depletion (% of GNI),NY.ADJ.DMIN.GN.ZS,0
Guinea-Bissau,GNB,2016,Adjusted savings: mineral depletion (% of GNI),NY.ADJ.DMIN.GN.ZS,0
Guinea-Bissau,GNB,2015,Adjusted savings: mineral depletion (% of GNI),NY.ADJ.DMIN.GN.ZS,0
Guinea-Bissau,GNB,2014,Adjusted savings: mineral depletion (% of GNI),NY.ADJ.DMIN.GN.ZS,0
Guinea-Bissau,GNB,2013,Adjusted savings: mineral depletion (% of GNI),NY.ADJ.DMIN.GN.ZS,0
Guinea-Bissau,GNB,2012,Adjusted savings: mineral depletion (% of GNI),NY.ADJ.DMIN.GN.ZS,0
Guinea-Bissau,GNB,2011,Adjusted savings: mineral depletion (% of GNI),NY.ADJ.DMIN.GN.ZS,0
Guinea-Bissau,GNB,2010,Adjusted savings: mineral depletion (% of GNI),NY.ADJ.DMIN.GN.ZS,0
Guinea-Bissau,GNB,2009,Adjusted savings: mineral depletion (% of GNI),NY.ADJ.DMIN.GN.ZS,0
Guinea-Bissau,GNB,2008,Adjusted savings: mineral depletion (% of GNI),NY.ADJ.DMIN.GN.ZS,0
Guinea-Bissau,GNB,2007,Adjusted savings: mineral depletion (% of GNI),NY.ADJ.DMIN.GN.ZS,0
Guinea-Bissau,GNB,2006,Adjusted savings: mineral depletion (% of GNI),NY.ADJ.DMIN.GN.ZS,0
Guinea-Bissau,GNB,2005,Adjusted savings: mineral depletion (% of GNI),NY.ADJ.DMIN.GN.ZS,0
Guinea-Bissau,GNB,2004,Adjusted savings: mineral depletion (% of GNI),NY.ADJ.DMIN.GN.ZS,0
Guinea-Bissau,GNB,2003,Adjusted savings: mineral depletion (% of GNI),NY.ADJ.DMIN.GN.ZS,0
Guinea-Bissau,GNB,2002,Adjusted savings: mineral depletion (% of GNI),NY.ADJ.DMIN.GN.ZS,0
Guinea-Bissau,GNB,2001,Adjusted savings: mineral depletion (% of GNI),NY.ADJ.DMIN.GN.ZS,0
Guinea-Bissau,GNB,2000,Adjusted savings: mineral depletion (% of GNI),NY.ADJ.DMIN.GN.ZS,0
Guinea-Bissau,GNB,1999,Adjusted savings: mineral depletion (% of GNI),NY.ADJ.DMIN.GN.ZS,0
Guinea-Bissau,GNB,1998,Adjusted savings: mineral depletion (% of GNI),NY.ADJ.DMIN.GN.ZS,0
Guinea-Bissau,GNB,1997,Adjusted savings: mineral depletion (% of GNI),NY.ADJ.DMIN.GN.ZS,0
Guinea-Bissau,GNB,1996,Adjusted savings: mineral depletion (% of GNI),NY.ADJ.DMIN.GN.ZS,0
Guinea-Bissau,GNB,1995,Adjusted savings: mineral depletion (% of GNI),NY.ADJ.DMIN.GN.ZS,0
Guinea-Bissau,GNB,1994,Adjusted savings: mineral depletion (% of GNI),NY.ADJ.DMIN.GN.ZS,0
Guinea-Bissau,GNB,1993,Adjusted savings: mineral depletion (% of GNI),NY.ADJ.DMIN.GN.ZS,0
Guinea-Bissau,GNB,1992,Adjusted savings: mineral depletion (% of GNI),NY.ADJ.DMIN.GN.ZS,0
Guinea-Bissau,GNB,1991,Adjusted savings: mineral depletion (% of GNI),NY.ADJ.DMIN.GN.ZS,0
Guinea-Bissau,GNB,1990,Adjusted savings: mineral depletion (% of GNI),NY.ADJ.DMIN.GN.ZS,0
Guinea-Bissau,GNB,1989,Adjusted savings: mineral depletion (% of GNI),NY.ADJ.DMIN.GN.ZS,0
Guinea-Bissau,GNB,1988,Adjusted savings: mineral depletion (% of GNI),NY.ADJ.DMIN.GN.ZS,0
Guinea-Bissau,GNB,1987,Adjusted savings: mineral depletion (% of GNI),NY.ADJ.DMIN.GN.ZS,0
Guinea-Bissau,GNB,1986,Adjusted savings: mineral depletion (% of GNI),NY.ADJ.DMIN.GN.ZS,0
Guinea-Bissau,GNB,1985,Adjusted savings: mineral depletion (% of GNI),NY.ADJ.DMIN.GN.ZS,0
Guinea-Bissau,GNB,1984,Adjusted savings: mineral depletion (% of GNI),NY.ADJ.DMIN.GN.ZS,0
Guinea-Bissau,GNB,1983,Adjusted savings: mineral depletion (% of GNI),NY.ADJ.DMIN.GN.ZS,0
Guinea-Bissau,GNB,1982,Adjusted savings: mineral depletion (% of GNI),NY.ADJ.DMIN.GN.ZS,0
Guinea-Bissau,GNB,1981,Adjusted savings: mineral depletion (% of GNI),NY.ADJ.DMIN.GN.ZS,0
Guinea-Bissau,GNB,1980,Adjusted savings: mineral depletion (% of GNI),NY.ADJ.DMIN.GN.ZS,0
Guinea-Bissau,GNB,1979,Adjusted savings: mineral depletion (% of GNI),NY.ADJ.DMIN.GN.ZS,0
Guinea-Bissau,GNB,1978,Adjusted savings: mineral depletion (% of GNI),NY.ADJ.DMIN.GN.ZS,0
Guinea-Bissau,GNB,1977,Adjusted savings: mineral depletion (% of GNI),NY.ADJ.DMIN.GN.ZS,0
Guinea-Bissau,GNB,1976,Adjusted savings: mineral depletion (% of GNI),NY.ADJ.DMIN.GN.ZS,0
Guinea-Bissau,GNB,1975,Adjusted savings: mineral depletion (% of GNI),NY.ADJ.DMIN.GN.ZS,0
Guinea-Bissau,GNB,1974,Adjusted savings: mineral depletion (% of GNI),NY.ADJ.DMIN.GN.ZS,0
Guinea-Bissau,GNB,1973,Adjusted savings: mineral depletion (% of GNI),NY.ADJ.DMIN.GN.ZS,0
Guinea-Bissau,GNB,1972,Adjusted savings: mineral depletion (% of GNI),NY.ADJ.DMIN.GN.ZS,0
Guinea-Bissau,GNB,1971,Adjusted savings: mineral depletion (% of GNI),NY.ADJ.DMIN.GN.ZS,0
Guinea-Bissau,GNB,1970,Adjusted savings: mineral depletion (% of GNI),NY.ADJ.DMIN.GN.ZS,0
Guinea-Bissau,GNB,2017,Adjusted savings: energy depletion (current US$),NY.ADJ.DNGY.CD,0
Guinea-Bissau,GNB,2016,Adjusted savings: energy depletion (current US$),NY.ADJ.DNGY.CD,0
Guinea-Bissau,GNB,2015,Adjusted savings: energy depletion (current US$),NY.ADJ.DNGY.CD,0
Guinea-Bissau,GNB,2014,Adjusted savings: energy depletion (current US$),NY.ADJ.DNGY.CD,0
Guinea-Bissau,GNB,2013,Adjusted savings: energy depletion (current US$),NY.ADJ.DNGY.CD,0
Guinea-Bissau,GNB,2012,Adjusted savings: energy depletion (current US$),NY.ADJ.DNGY.CD,0
Guinea-Bissau,GNB,2011,Adjusted savings: energy depletion (current US$),NY.ADJ.DNGY.CD,0
Guinea-Bissau,GNB,2010,Adjusted savings: energy depletion (current US$),NY.ADJ.DNGY.CD,0
Guinea-Bissau,GNB,2009,Adjusted savings: energy depletion (current US$),NY.ADJ.DNGY.CD,0
Guinea-Bissau,GNB,2008,Adjusted savings: energy depletion (current US$),NY.ADJ.DNGY.CD,0
Guinea-Bissau,GNB,2007,Adjusted savings: energy depletion (current US$),NY.ADJ.DNGY.CD,0
Guinea-Bissau,GNB,2006,Adjusted savings: energy depletion (current US$),NY.ADJ.DNGY.CD,0
Guinea-Bissau,GNB,2005,Adjusted savings: energy depletion (current US$),NY.ADJ.DNGY.CD,0
Guinea-Bissau,GNB,2004,Adjusted savings: energy depletion (current US$),NY.ADJ.DNGY.CD,0
Guinea-Bissau,GNB,2003,Adjusted savings: energy depletion (current US$),NY.ADJ.DNGY.CD,0
Guinea-Bissau,GNB,2002,Adjusted savings: energy depletion (current US$),NY.ADJ.DNGY.CD,0
Guinea-Bissau,GNB,2001,Adjusted savings: energy depletion (current US$),NY.ADJ.DNGY.CD,0
Guinea-Bissau,GNB,2000,Adjusted savings: energy depletion (current US$),NY.ADJ.DNGY.CD,0
Guinea-Bissau,GNB,1999,Adjusted savings: energy depletion (current US$),NY.ADJ.DNGY.CD,0
Guinea-Bissau,GNB,1998,Adjusted savings: energy depletion (current US$),NY.ADJ.DNGY.CD,0
Guinea-Bissau,GNB,1997,Adjusted savings: energy depletion (current US$),NY.ADJ.DNGY.CD,0
Guinea-Bissau,GNB,1996,Adjusted savings: energy depletion (current US$),NY.ADJ.DNGY.CD,0
Guinea-Bissau,GNB,1995,Adjusted savings: energy depletion (current US$),NY.ADJ.DNGY.CD,0
Guinea-Bissau,GNB,1994,Adjusted savings: energy depletion (current US$),NY.ADJ.DNGY.CD,0
Guinea-Bissau,GNB,1993,Adjusted savings: energy depletion (current US$),NY.ADJ.DNGY.CD,0
Guinea-Bissau,GNB,1992,Adjusted savings: energy depletion (current US$),NY.ADJ.DNGY.CD,0
Guinea-Bissau,GNB,1991,Adjusted savings: energy depletion (current US$),NY.ADJ.DNGY.CD,0
Guinea-Bissau,GNB,1990,Adjusted savings: energy depletion (current US$),NY.ADJ.DNGY.CD,0
Guinea-Bissau,GNB,1989,Adjusted savings: energy depletion (current US$),NY.ADJ.DNGY.CD,0
Guinea-Bissau,GNB,1988,Adjusted savings: energy depletion (current US$),NY.ADJ.DNGY.CD,0
Guinea-Bissau,GNB,1987,Adjusted savings: energy depletion (current US$),NY.ADJ.DNGY.CD,0
Guinea-Bissau,GNB,1986,Adjusted savings: energy depletion (current US$),NY.ADJ.DNGY.CD,0
Guinea-Bissau,GNB,1985,Adjusted savings: energy depletion (current US$),NY.ADJ.DNGY.CD,0
Guinea-Bissau,GNB,1984,Adjusted savings: energy depletion (current US$),NY.ADJ.DNGY.CD,0
Guinea-Bissau,GNB,1983,Adjusted savings: energy depletion (current US$),NY.ADJ.DNGY.CD,0
Guinea-Bissau,GNB,1982,Adjusted savings: energy depletion (current US$),NY.ADJ.DNGY.CD,0
Guinea-Bissau,GNB,1981,Adjusted savings: energy depletion (current US$),NY.ADJ.DNGY.CD,0
Guinea-Bissau,GNB,1980,Adjusted savings: energy depletion (current US$),NY.ADJ.DNGY.CD,0
Guinea-Bissau,GNB,2017,Adjusted savings: energy depletion (% of GNI),NY.ADJ.DNGY.GN.ZS,0
Guinea-Bissau,GNB,2016,Adjusted savings: energy depletion (% of GNI),NY.ADJ.DNGY.GN.ZS,0
Guinea-Bissau,GNB,2015,Adjusted savings: energy depletion (% of GNI),NY.ADJ.DNGY.GN.ZS,0
Guinea-Bissau,GNB,2014,Adjusted savings: energy depletion (% of GNI),NY.ADJ.DNGY.GN.ZS,0
Guinea-Bissau,GNB,2013,Adjusted savings: energy depletion (% of GNI),NY.ADJ.DNGY.GN.ZS,0
Guinea-Bissau,GNB,2012,Adjusted savings: energy depletion (% of GNI),NY.ADJ.DNGY.GN.ZS,0
Guinea-Bissau,GNB,2011,Adjusted savings: energy depletion (% of GNI),NY.ADJ.DNGY.GN.ZS,0
Guinea-Bissau,GNB,2010,Adjusted savings: energy depletion (% of GNI),NY.ADJ.DNGY.GN.ZS,0
Guinea-Bissau,GNB,2009,Adjusted savings: energy depletion (% of GNI),NY.ADJ.DNGY.GN.ZS,0
Guinea-Bissau,GNB,2008,Adjusted savings: energy depletion (% of GNI),NY.ADJ.DNGY.GN.ZS,0
Guinea-Bissau,GNB,2007,Adjusted savings: energy depletion (% of GNI),NY.ADJ.DNGY.GN.ZS,0
Guinea-Bissau,GNB,2006,Adjusted savings: energy depletion (% of GNI),NY.ADJ.DNGY.GN.ZS,0
Guinea-Bissau,GNB,2005,Adjusted savings: energy depletion (% of GNI),NY.ADJ.DNGY.GN.ZS,0
Guinea-Bissau,GNB,2004,Adjusted savings: energy depletion (% of GNI),NY.ADJ.DNGY.GN.ZS,0
Guinea-Bissau,GNB,2003,Adjusted savings: energy depletion (% of GNI),NY.ADJ.DNGY.GN.ZS,0
Guinea-Bissau,GNB,2002,Adjusted savings: energy depletion (% of GNI),NY.ADJ.DNGY.GN.ZS,0
Guinea-Bissau,GNB,2001,Adjusted savings: energy depletion (% of GNI),NY.ADJ.DNGY.GN.ZS,0
Guinea-Bissau,GNB,2000,Adjusted savings: energy depletion (% of GNI),NY.ADJ.DNGY.GN.ZS,0
Guinea-Bissau,GNB,1999,Adjusted savings: energy depletion (% of GNI),NY.ADJ.DNGY.GN.ZS,0
Guinea-Bissau,GNB,1998,Adjusted savings: energy depletion (% of GNI),NY.ADJ.DNGY.GN.ZS,0
Guinea-Bissau,GNB,1997,Adjusted savings: energy depletion (% of GNI),NY.ADJ.DNGY.GN.ZS,0
Guinea-Bissau,GNB,1996,Adjusted savings: energy depletion (% of GNI),NY.ADJ.DNGY.GN.ZS,0
Guinea-Bissau,GNB,1995,Adjusted savings: energy depletion (% of GNI),NY.ADJ.DNGY.GN.ZS,0
Guinea-Bissau,GNB,1994,Adjusted savings: energy depletion (% of GNI),NY.ADJ.DNGY.GN.ZS,0
Guinea-Bissau,GNB,1993,Adjusted savings: energy depletion (% of GNI),NY.ADJ.DNGY.GN.ZS,0
Guinea-Bissau,GNB,1992,Adjusted savings: energy depletion (% of GNI),NY.ADJ.DNGY.GN.ZS,0
Guinea-Bissau,GNB,1991,Adjusted savings: energy depletion (% of GNI),NY.ADJ.DNGY.GN.ZS,0
Guinea-Bissau,GNB,1990,Adjusted savings: energy depletion (% of GNI),NY.ADJ.DNGY.GN.ZS,0
Guinea-Bissau,GNB,1989,Adjusted savings: energy depletion (% of GNI),NY.ADJ.DNGY.GN.ZS,0
Guinea-Bissau,GNB,1988,Adjusted savings: energy depletion (% of GNI),NY.ADJ.DNGY.GN.ZS,0
Guinea-Bissau,GNB,1987,Adjusted savings: energy depletion (% of GNI),NY.ADJ.DNGY.GN.ZS,0
Guinea-Bissau,GNB,1986,Adjusted savings: energy depletion (% of GNI),NY.ADJ.DNGY.GN.ZS,0
Guinea-Bissau,GNB,1985,Adjusted savings: energy depletion (% of GNI),NY.ADJ.DNGY.GN.ZS,0
Guinea-Bissau,GNB,1984,Adjusted savings: energy depletion (% of GNI),NY.ADJ.DNGY.GN.ZS,0
Guinea-Bissau,GNB,1983,Adjusted savings: energy depletion (% of GNI),NY.ADJ.DNGY.GN.ZS,0
Guinea-Bissau,GNB,1982,Adjusted savings: energy depletion (% of GNI),NY.ADJ.DNGY.GN.ZS,0
Guinea-Bissau,GNB,1981,Adjusted savings: energy depletion (% of GNI),NY.ADJ.DNGY.GN.ZS,0
Guinea-Bissau,GNB,1980,Adjusted savings: energy depletion (% of GNI),NY.ADJ.DNGY.GN.ZS,0
Guinea-Bissau,GNB,2017,Adjusted savings: natural resources depletion (% of GNI),NY.ADJ.DRES.GN.ZS,11.4170207386586
Guinea-Bissau,GNB,2016,Adjusted savings: natural resources depletion (% of GNI),NY.ADJ.DRES.GN.ZS,12.4469390230581
Guinea-Bissau,GNB,2015,Adjusted savings: natural resources depletion (% of GNI),NY.ADJ.DRES.GN.ZS,13.2329727614918
Guinea-Bissau,GNB,2014,Adjusted savings: natural resources depletion (% of GNI),NY.ADJ.DRES.GN.ZS,11.9802532690534
Guinea-Bissau,GNB,2013,Adjusted savings: natural resources depletion (% of GNI),NY.ADJ.DRES.GN.ZS,11.7961014643347
Guinea-Bissau,GNB,2012,Adjusted savings: natural resources depletion (% of GNI),NY.ADJ.DRES.GN.ZS,11.6431147134386
Guinea-Bissau,GNB,2011,Adjusted savings: natural resources depletion (% of GNI),NY.ADJ.DRES.GN.ZS,8.97483320553191
Guinea-Bissau,GNB,2010,Adjusted savings: natural resources depletion (% of GNI),NY.ADJ.DRES.GN.ZS,10.1484469079899
Guinea-Bissau,GNB,2009,Adjusted savings: natural resources depletion (% of GNI),NY.ADJ.DRES.GN.ZS,11.2932854653505
Guinea-Bissau,GNB,2008,Adjusted savings: natural resources depletion (% of GNI),NY.ADJ.DRES.GN.ZS,10.0213646642755
Guinea-Bissau,GNB,2007,Adjusted savings: natural resources depletion (% of GNI),NY.ADJ.DRES.GN.ZS,9.81845764732944
Guinea-Bissau,GNB,2006,Adjusted savings: natural resources depletion (% of GNI),NY.ADJ.DRES.GN.ZS,7.43531700409228
Guinea-Bissau,GNB,2005,Adjusted savings: natural resources depletion (% of GNI),NY.ADJ.DRES.GN.ZS,6.97922028278545
Guinea-Bissau,GNB,2004,Adjusted savings: natural resources depletion (% of GNI),NY.ADJ.DRES.GN.ZS,6.96072255132859
Guinea-Bissau,GNB,2003,Adjusted savings: natural resources depletion (% of GNI),NY.ADJ.DRES.GN.ZS,8.17421678340281
Guinea-Bissau,GNB,2002,Adjusted savings: natural resources depletion (% of GNI),NY.ADJ.DRES.GN.ZS,5.28090419414627
Guinea-Bissau,GNB,2001,Adjusted savings: natural resources depletion (% of GNI),NY.ADJ.DRES.GN.ZS,4.26974779599893
Guinea-Bissau,GNB,2000,Adjusted savings: natural resources depletion (% of GNI),NY.ADJ.DRES.GN.ZS,4.08765775110112
Guinea-Bissau,GNB,1999,Adjusted savings: natural resources depletion (% of GNI),NY.ADJ.DRES.GN.ZS,5.83378897101041
Guinea-Bissau,GNB,1998,Adjusted savings: natural resources depletion (% of GNI),NY.ADJ.DRES.GN.ZS,7.82977414636483
Guinea-Bissau,GNB,1997,Adjusted savings: natural resources depletion (% of GNI),NY.ADJ.DRES.GN.ZS,4.29493711830368
Guinea-Bissau,GNB,1996,Adjusted savings: natural resources depletion (% of GNI),NY.ADJ.DRES.GN.ZS,3.55860325909166
Guinea-Bissau,GNB,1995,Adjusted savings: natural resources depletion (% of GNI),NY.ADJ.DRES.GN.ZS,2.74501953026083
Guinea-Bissau,GNB,1994,Adjusted savings: natural resources depletion (% of GNI),NY.ADJ.DRES.GN.ZS,1.08339312835879
Guinea-Bissau,GNB,1993,Adjusted savings: natural resources depletion (% of GNI),NY.ADJ.DRES.GN.ZS,0.307423918884799
Guinea-Bissau,GNB,1992,Adjusted savings: natural resources depletion (% of GNI),NY.ADJ.DRES.GN.ZS,0
Guinea-Bissau,GNB,1991,Adjusted savings: natural resources depletion (% of GNI),NY.ADJ.DRES.GN.ZS,0
Guinea-Bissau,GNB,1990,Adjusted savings: natural resources depletion (% of GNI),NY.ADJ.DRES.GN.ZS,0
Guinea-Bissau,GNB,1989,Adjusted savings: natural resources depletion (% of GNI),NY.ADJ.DRES.GN.ZS,0
Guinea-Bissau,GNB,1988,Adjusted savings: natural resources depletion (% of GNI),NY.ADJ.DRES.GN.ZS,0
Guinea-Bissau,GNB,1987,Adjusted savings: natural resources depletion (% of GNI),NY.ADJ.DRES.GN.ZS,0
Guinea-Bissau,GNB,1986,Adjusted savings: natural resources depletion (% of GNI),NY.ADJ.DRES.GN.ZS,0
Guinea-Bissau,GNB,1985,Adjusted savings: natural resources depletion (% of GNI),NY.ADJ.DRES.GN.ZS,0
Guinea-Bissau,GNB,1984,Adjusted savings: natural resources depletion (% of GNI),NY.ADJ.DRES.GN.ZS,0
Guinea-Bissau,GNB,1983,Adjusted savings: natural resources depletion (% of GNI),NY.ADJ.DRES.GN.ZS,0
Guinea-Bissau,GNB,1982,Adjusted savings: natural resources depletion (% of GNI),NY.ADJ.DRES.GN.ZS,0
Guinea-Bissau,GNB,1981,Adjusted savings: natural resources depletion (% of GNI),NY.ADJ.DRES.GN.ZS,0
Guinea-Bissau,GNB,1980,Adjusted savings: natural resources depletion (% of GNI),NY.ADJ.DRES.GN.ZS,0
Guinea-Bissau,GNB,2017,Mineral rents (% of GDP),NY.GDP.MINR.RT.ZS,0
Guinea-Bissau,GNB,2016,Mineral rents (% of GDP),NY.GDP.MINR.RT.ZS,0
Guinea-Bissau,GNB,2015,Mineral rents (% of GDP),NY.GDP.MINR.RT.ZS,0
Guinea-Bissau,GNB,2014,Mineral rents (% of GDP),NY.GDP.MINR.RT.ZS,0
Guinea-Bissau,GNB,2013,Mineral rents (% of GDP),NY.GDP.MINR.RT.ZS,0
Guinea-Bissau,GNB,2012,Mineral rents (% of GDP),NY.GDP.MINR.RT.ZS,0
Guinea-Bissau,GNB,2011,Mineral rents (% of GDP),NY.GDP.MINR.RT.ZS,0
Guinea-Bissau,GNB,2010,Mineral rents (% of GDP),NY.GDP.MINR.RT.ZS,0
Guinea-Bissau,GNB,2009,Mineral rents (% of GDP),NY.GDP.MINR.RT.ZS,0
Guinea-Bissau,GNB,2008,Mineral rents (% of GDP),NY.GDP.MINR.RT.ZS,0
Guinea-Bissau,GNB,2007,Mineral rents (% of GDP),NY.GDP.MINR.RT.ZS,0
Guinea-Bissau,GNB,2006,Mineral rents (% of GDP),NY.GDP.MINR.RT.ZS,0
Guinea-Bissau,GNB,2005,Mineral rents (% of GDP),NY.GDP.MINR.RT.ZS,0
Guinea-Bissau,GNB,2004,Mineral rents (% of GDP),NY.GDP.MINR.RT.ZS,0
Guinea-Bissau,GNB,2003,Mineral rents (% of GDP),NY.GDP.MINR.RT.ZS,0
Guinea-Bissau,GNB,2002,Mineral rents (% of GDP),NY.GDP.MINR.RT.ZS,0
Guinea-Bissau,GNB,2001,Mineral rents (% of GDP),NY.GDP.MINR.RT.ZS,0
Guinea-Bissau,GNB,2000,Mineral rents (% of GDP),NY.GDP.MINR.RT.ZS,0
Guinea-Bissau,GNB,1999,Mineral rents (% of GDP),NY.GDP.MINR.RT.ZS,0
Guinea-Bissau,GNB,1998,Mineral rents (% of GDP),NY.GDP.MINR.RT.ZS,0
Guinea-Bissau,GNB,1997,Mineral rents (% of GDP),NY.GDP.MINR.RT.ZS,0
Guinea-Bissau,GNB,1996,Mineral rents (% of GDP),NY.GDP.MINR.RT.ZS,0
Guinea-Bissau,GNB,1995,Mineral rents (% of GDP),NY.GDP.MINR.RT.ZS,0
Guinea-Bissau,GNB,1994,Mineral rents (% of GDP),NY.GDP.MINR.RT.ZS,0
Guinea-Bissau,GNB,1993,Mineral rents (% of GDP),NY.GDP.MINR.RT.ZS,0
Guinea-Bissau,GNB,1992,Mineral rents (% of GDP),NY.GDP.MINR.RT.ZS,0
Guinea-Bissau,GNB,1991,Mineral rents (% of GDP),NY.GDP.MINR.RT.ZS,0
Guinea-Bissau,GNB,1990,Mineral rents (% of GDP),NY.GDP.MINR.RT.ZS,0
Guinea-Bissau,GNB,1989,Mineral rents (% of GDP),NY.GDP.MINR.RT.ZS,0
Guinea-Bissau,GNB,1988,Mineral rents (% of GDP),NY.GDP.MINR.RT.ZS,0
Guinea-Bissau,GNB,1987,Mineral rents (% of GDP),NY.GDP.MINR.RT.ZS,0
Guinea-Bissau,GNB,1986,Mineral rents (% of GDP),NY.GDP.MINR.RT.ZS,0
Guinea-Bissau,GNB,1985,Mineral rents (% of GDP),NY.GDP.MINR.RT.ZS,0
Guinea-Bissau,GNB,1984,Mineral rents (% of GDP),NY.GDP.MINR.RT.ZS,0
Guinea-Bissau,GNB,1983,Mineral rents (% of GDP),NY.GDP.MINR.RT.ZS,0
Guinea-Bissau,GNB,1982,Mineral rents (% of GDP),NY.GDP.MINR.RT.ZS,0
Guinea-Bissau,GNB,1981,Mineral rents (% of GDP),NY.GDP.MINR.RT.ZS,0
Guinea-Bissau,GNB,1980,Mineral rents (% of GDP),NY.GDP.MINR.RT.ZS,0
Guinea-Bissau,GNB,1979,Mineral rents (% of GDP),NY.GDP.MINR.RT.ZS,0
Guinea-Bissau,GNB,1978,Mineral rents (% of GDP),NY.GDP.MINR.RT.ZS,0
Guinea-Bissau,GNB,1977,Mineral rents (% of GDP),NY.GDP.MINR.RT.ZS,0
Guinea-Bissau,GNB,1976,Mineral rents (% of GDP),NY.GDP.MINR.RT.ZS,0
Guinea-Bissau,GNB,1975,Mineral rents (% of GDP),NY.GDP.MINR.RT.ZS,0
Guinea-Bissau,GNB,1974,Mineral rents (% of GDP),NY.GDP.MINR.RT.ZS,0
Guinea-Bissau,GNB,1973,Mineral rents (% of GDP),NY.GDP.MINR.RT.ZS,0
Guinea-Bissau,GNB,1972,Mineral rents (% of GDP),NY.GDP.MINR.RT.ZS,0
Guinea-Bissau,GNB,1971,Mineral rents (% of GDP),NY.GDP.MINR.RT.ZS,0
Guinea-Bissau,GNB,1970,Mineral rents (% of GDP),NY.GDP.MINR.RT.ZS,0
Guinea-Bissau,GNB,2017,Natural gas rents (% of GDP),NY.GDP.NGAS.RT.ZS,0
Guinea-Bissau,GNB,2016,Natural gas rents (% of GDP),NY.GDP.NGAS.RT.ZS,0
Guinea-Bissau,GNB,2015,Natural gas rents (% of GDP),NY.GDP.NGAS.RT.ZS,0
Guinea-Bissau,GNB,2014,Natural gas rents (% of GDP),NY.GDP.NGAS.RT.ZS,0
Guinea-Bissau,GNB,2013,Natural gas rents (% of GDP),NY.GDP.NGAS.RT.ZS,0
Guinea-Bissau,GNB,2012,Natural gas rents (% of GDP),NY.GDP.NGAS.RT.ZS,0
Guinea-Bissau,GNB,2011,Natural gas rents (% of GDP),NY.GDP.NGAS.RT.ZS,0
Guinea-Bissau,GNB,2010,Natural gas rents (% of GDP),NY.GDP.NGAS.RT.ZS,0
Guinea-Bissau,GNB,2009,Natural gas rents (% of GDP),NY.GDP.NGAS.RT.ZS,0
Guinea-Bissau,GNB,2008,Natural gas rents (% of GDP),NY.GDP.NGAS.RT.ZS,0
Guinea-Bissau,GNB,2007,Natural gas rents (% of GDP),NY.GDP.NGAS.RT.ZS,0
Guinea-Bissau,GNB,2006,Natural gas rents (% of GDP),NY.GDP.NGAS.RT.ZS,0
Guinea-Bissau,GNB,2005,Natural gas rents (% of GDP),NY.GDP.NGAS.RT.ZS,0
Guinea-Bissau,GNB,2004,Natural gas rents (% of GDP),NY.GDP.NGAS.RT.ZS,0
Guinea-Bissau,GNB,2003,Natural gas rents (% of GDP),NY.GDP.NGAS.RT.ZS,0
Guinea-Bissau,GNB,2002,Natural gas rents (% of GDP),NY.GDP.NGAS.RT.ZS,0
Guinea-Bissau,GNB,2001,Natural gas rents (% of GDP),NY.GDP.NGAS.RT.ZS,0
Guinea-Bissau,GNB,2000,Natural gas rents (% of GDP),NY.GDP.NGAS.RT.ZS,0
Guinea-Bissau,GNB,1999,Natural gas rents (% of GDP),NY.GDP.NGAS.RT.ZS,0
Guinea-Bissau,GNB,1998,Natural gas rents (% of GDP),NY.GDP.NGAS.RT.ZS,0
Guinea-Bissau,GNB,1997,Natural gas rents (% of GDP),NY.GDP.NGAS.RT.ZS,0
Guinea-Bissau,GNB,1996,Natural gas rents (% of GDP),NY.GDP.NGAS.RT.ZS,0
Guinea-Bissau,GNB,1995,Natural gas rents (% of GDP),NY.GDP.NGAS.RT.ZS,0
Guinea-Bissau,GNB,1994,Natural gas rents (% of GDP),NY.GDP.NGAS.RT.ZS,0
Guinea-Bissau,GNB,1993,Natural gas rents (% of GDP),NY.GDP.NGAS.RT.ZS,0
Guinea-Bissau,GNB,1992,Natural gas rents (% of GDP),NY.GDP.NGAS.RT.ZS,0
Guinea-Bissau,GNB,1991,Natural gas rents (% of GDP),NY.GDP.NGAS.RT.ZS,0
Guinea-Bissau,GNB,1990,Natural gas rents (% of GDP),NY.GDP.NGAS.RT.ZS,0
Guinea-Bissau,GNB,1989,Natural gas rents (% of GDP),NY.GDP.NGAS.RT.ZS,0
Guinea-Bissau,GNB,1988,Natural gas rents (% of GDP),NY.GDP.NGAS.RT.ZS,0
Guinea-Bissau,GNB,1987,Natural gas rents (% of GDP),NY.GDP.NGAS.RT.ZS,0
Guinea-Bissau,GNB,1986,Natural gas rents (% of GDP),NY.GDP.NGAS.RT.ZS,0
Guinea-Bissau,GNB,1985,Natural gas rents (% of GDP),NY.GDP.NGAS.RT.ZS,0
Guinea-Bissau,GNB,1984,Natural gas rents (% of GDP),NY.GDP.NGAS.RT.ZS,0
Guinea-Bissau,GNB,1983,Natural gas rents (% of GDP),NY.GDP.NGAS.RT.ZS,0
Guinea-Bissau,GNB,1982,Natural gas rents (% of GDP),NY.GDP.NGAS.RT.ZS,0
Guinea-Bissau,GNB,1981,Natural gas rents (% of GDP),NY.GDP.NGAS.RT.ZS,0
Guinea-Bissau,GNB,1980,Natural gas rents (% of GDP),NY.GDP.NGAS.RT.ZS,0
Guinea-Bissau,GNB,2017,Oil rents (% of GDP),NY.GDP.PETR.RT.ZS,0
Guinea-Bissau,GNB,2016,Oil rents (% of GDP),NY.GDP.PETR.RT.ZS,0
Guinea-Bissau,GNB,2015,Oil rents (% of GDP),NY.GDP.PETR.RT.ZS,0
Guinea-Bissau,GNB,2014,Oil rents (% of GDP),NY.GDP.PETR.RT.ZS,0
Guinea-Bissau,GNB,2013,Oil rents (% of GDP),NY.GDP.PETR.RT.ZS,0
Guinea-Bissau,GNB,2012,Oil rents (% of GDP),NY.GDP.PETR.RT.ZS,0
Guinea-Bissau,GNB,2011,Oil rents (% of GDP),NY.GDP.PETR.RT.ZS,0
Guinea-Bissau,GNB,2010,Oil rents (% of GDP),NY.GDP.PETR.RT.ZS,0
Guinea-Bissau,GNB,2009,Oil rents (% of GDP),NY.GDP.PETR.RT.ZS,0
Guinea-Bissau,GNB,2008,Oil rents (% of GDP),NY.GDP.PETR.RT.ZS,0
Guinea-Bissau,GNB,2007,Oil rents (% of GDP),NY.GDP.PETR.RT.ZS,0
Guinea-Bissau,GNB,2006,Oil rents (% of GDP),NY.GDP.PETR.RT.ZS,0
Guinea-Bissau,GNB,2005,Oil rents (% of GDP),NY.GDP.PETR.RT.ZS,0
Guinea-Bissau,GNB,2004,Oil rents (% of GDP),NY.GDP.PETR.RT.ZS,0
Guinea-Bissau,GNB,2003,Oil rents (% of GDP),NY.GDP.PETR.RT.ZS,0
Guinea-Bissau,GNB,2002,Oil rents (% of GDP),NY.GDP.PETR.RT.ZS,0
Guinea-Bissau,GNB,2001,Oil rents (% of GDP),NY.GDP.PETR.RT.ZS,0
Guinea-Bissau,GNB,2000,Oil rents (% of GDP),NY.GDP.PETR.RT.ZS,0
Guinea-Bissau,GNB,1999,Oil rents (% of GDP),NY.GDP.PETR.RT.ZS,0
Guinea-Bissau,GNB,1998,Oil rents (% of GDP),NY.GDP.PETR.RT.ZS,0
Guinea-Bissau,GNB,1997,Oil rents (% of GDP),NY.GDP.PETR.RT.ZS,0
Guinea-Bissau,GNB,1996,Oil rents (% of GDP),NY.GDP.PETR.RT.ZS,0
Guinea-Bissau,GNB,1995,Oil rents (% of GDP),NY.GDP.PETR.RT.ZS,0
Guinea-Bissau,GNB,1994,Oil rents (% of GDP),NY.GDP.PETR.RT.ZS,0
Guinea-Bissau,GNB,1993,Oil rents (% of GDP),NY.GDP.PETR.RT.ZS,0
Guinea-Bissau,GNB,1992,Oil rents (% of GDP),NY.GDP.PETR.RT.ZS,0
Guinea-Bissau,GNB,1991,Oil rents (% of GDP),NY.GDP.PETR.RT.ZS,0
Guinea-Bissau,GNB,1990,Oil rents (% of GDP),NY.GDP.PETR.RT.ZS,0
Guinea-Bissau,GNB,1989,Oil rents (% of GDP),NY.GDP.PETR.RT.ZS,0
Guinea-Bissau,GNB,1988,Oil rents (% of GDP),NY.GDP.PETR.RT.ZS,0
Guinea-Bissau,GNB,1987,Oil rents (% of GDP),NY.GDP.PETR.RT.ZS,0
Guinea-Bissau,GNB,1986,Oil rents (% of GDP),NY.GDP.PETR.RT.ZS,0
Guinea-Bissau,GNB,1985,Oil rents (% of GDP),NY.GDP.PETR.RT.ZS,0
Guinea-Bissau,GNB,1984,Oil rents (% of GDP),NY.GDP.PETR.RT.ZS,0
Guinea-Bissau,GNB,1983,Oil rents (% of GDP),NY.GDP.PETR.RT.ZS,0
Guinea-Bissau,GNB,1982,Oil rents (% of GDP),NY.GDP.PETR.RT.ZS,0
Guinea-Bissau,GNB,1981,Oil rents (% of GDP),NY.GDP.PETR.RT.ZS,0
Guinea-Bissau,GNB,1980,Oil rents (% of GDP),NY.GDP.PETR.RT.ZS,0
Guinea-Bissau,GNB,2017,Total natural resources rents (% of GDP),NY.GDP.TOTL.RT.ZS,16.3265983930869
Guinea-Bissau,GNB,2016,Total natural resources rents (% of GDP),NY.GDP.TOTL.RT.ZS,18.2111770549822
Guinea-Bissau,GNB,2015,Total natural resources rents (% of GDP),NY.GDP.TOTL.RT.ZS,19.4417816289313
Guinea-Bissau,GNB,2014,Total natural resources rents (% of GDP),NY.GDP.TOTL.RT.ZS,17.8964271665697
Guinea-Bissau,GNB,2013,Total natural resources rents (% of GDP),NY.GDP.TOTL.RT.ZS,16.7934728789429
Guinea-Bissau,GNB,2012,Total natural resources rents (% of GDP),NY.GDP.TOTL.RT.ZS,17.0965574262735
Guinea-Bissau,GNB,2011,Total natural resources rents (% of GDP),NY.GDP.TOTL.RT.ZS,13.2674003962318
Guinea-Bissau,GNB,2010,Total natural resources rents (% of GDP),NY.GDP.TOTL.RT.ZS,14.9472051953664
Guinea-Bissau,GNB,2009,Total natural resources rents (% of GDP),NY.GDP.TOTL.RT.ZS,17.2721869889891
Guinea-Bissau,GNB,2008,Total natural resources rents (% of GDP),NY.GDP.TOTL.RT.ZS,16.0476612541817
Guinea-Bissau,GNB,2007,Total natural resources rents (% of GDP),NY.GDP.TOTL.RT.ZS,16.7237507315756
Guinea-Bissau,GNB,2006,Total natural resources rents (% of GDP),NY.GDP.TOTL.RT.ZS,13.3721037261718
Guinea-Bissau,GNB,2005,Total natural resources rents (% of GDP),NY.GDP.TOTL.RT.ZS,13.24820574993
Guinea-Bissau,GNB,2004,Total natural resources rents (% of GDP),NY.GDP.TOTL.RT.ZS,14.1630294517366
Guinea-Bissau,GNB,2003,Total natural resources rents (% of GDP),NY.GDP.TOTL.RT.ZS,17.8737664205227
Guinea-Bissau,GNB,2002,Total natural resources rents (% of GDP),NY.GDP.TOTL.RT.ZS,12.5996164588669
Guinea-Bissau,GNB,2001,Total natural resources rents (% of GDP),NY.GDP.TOTL.RT.ZS,11.0012688078863
Guinea-Bissau,GNB,2000,Total natural resources rents (% of GDP),NY.GDP.TOTL.RT.ZS,11.8821445050354
Guinea-Bissau,GNB,1999,Total natural resources rents (% of GDP),NY.GDP.TOTL.RT.ZS,19.2640277825533
Guinea-Bissau,GNB,1998,Total natural resources rents (% of GDP),NY.GDP.TOTL.RT.ZS,31.5907860655259
Guinea-Bissau,GNB,1997,Total natural resources rents (% of GDP),NY.GDP.TOTL.RT.ZS,22.8740539547108
Guinea-Bissau,GNB,1996,Total natural resources rents (% of GDP),NY.GDP.TOTL.RT.ZS,24.1708589693795
Guinea-Bissau,GNB,1995,Total natural resources rents (% of GDP),NY.GDP.TOTL.RT.ZS,26.0617399127808
Guinea-Bissau,GNB,1994,Total natural resources rents (% of GDP),NY.GDP.TOTL.RT.ZS,19.0093554981616
Guinea-Bissau,GNB,1993,Total natural resources rents (% of GDP),NY.GDP.TOTL.RT.ZS,15.9723264636258
Guinea-Bissau,GNB,1992,Total natural resources rents (% of GDP),NY.GDP.TOTL.RT.ZS,19.7854249874755
Guinea-Bissau,GNB,1991,Total natural resources rents (% of GDP),NY.GDP.TOTL.RT.ZS,17.3009834955228
Guinea-Bissau,GNB,1990,Total natural resources rents (% of GDP),NY.GDP.TOTL.RT.ZS,18.0876089136158
Guinea-Bissau,GNB,1989,Total natural resources rents (% of GDP),NY.GDP.TOTL.RT.ZS,16.5669916872788
Guinea-Bissau,GNB,1988,Total natural resources rents (% of GDP),NY.GDP.TOTL.RT.ZS,20.866217932086
Guinea-Bissau,GNB,1987,Total natural resources rents (% of GDP),NY.GDP.TOTL.RT.ZS,17.7224176700351
Guinea-Bissau,GNB,1986,Total natural resources rents (% of GDP),NY.GDP.TOTL.RT.ZS,24.0337759504753
Guinea-Bissau,GNB,1985,Total natural resources rents (% of GDP),NY.GDP.TOTL.RT.ZS,14.3987619056116
Guinea-Bissau,GNB,1984,Total natural resources rents (% of GDP),NY.GDP.TOTL.RT.ZS,19.4132481737763
Guinea-Bissau,GNB,1983,Total natural resources rents (% of GDP),NY.GDP.TOTL.RT.ZS,18.1008005963574
Guinea-Bissau,GNB,1982,Total natural resources rents (% of GDP),NY.GDP.TOTL.RT.ZS,25.9100298933837
Guinea-Bissau,GNB,1981,Total natural resources rents (% of GDP),NY.GDP.TOTL.RT.ZS,20.1363562474347
Guinea-Bissau,GNB,1980,Total natural resources rents (% of GDP),NY.GDP.TOTL.RT.ZS,32.435419237931
Guinea-Bissau,GNB,1979,Total natural resources rents (% of GDP),NY.GDP.TOTL.RT.ZS,23.6010486739754
Guinea-Bissau,GNB,1978,Total natural resources rents (% of GDP),NY.GDP.TOTL.RT.ZS,22.1804516966726
Guinea-Bissau,GNB,1977,Total natural resources rents (% of GDP),NY.GDP.TOTL.RT.ZS,22.0695509627354
Guinea-Bissau,GNB,1976,Total natural resources rents (% of GDP),NY.GDP.TOTL.RT.ZS,12.7428952223988
Guinea-Bissau,GNB,1975,Total natural resources rents (% of GDP),NY.GDP.TOTL.RT.ZS,13.5533866209154
Guinea-Bissau,GNB,1974,Total natural resources rents (% of GDP),NY.GDP.TOTL.RT.ZS,11.1207237150051
Guinea-Bissau,GNB,1973,Total natural resources rents (% of GDP),NY.GDP.TOTL.RT.ZS,10.3824001361567
Guinea-Bissau,GNB,1972,Total natural resources rents (% of GDP),NY.GDP.TOTL.RT.ZS,6.46788365704564
Guinea-Bissau,GNB,1971,Total natural resources rents (% of GDP),NY.GDP.TOTL.RT.ZS,6.0433490471916
Guinea-Bissau,GNB,1970,Total natural resources rents (% of GDP),NY.GDP.TOTL.RT.ZS,6.39173742826801
Guinea-Bissau,GNB,2005,Fuel imports (% of merchandise imports),TM.VAL.FUEL.ZS.UN,16.6482333931693
Guinea-Bissau,GNB,2004,Fuel imports (% of merchandise imports),TM.VAL.FUEL.ZS.UN,11.8444035730157
Guinea-Bissau,GNB,2003,Fuel imports (% of merchandise imports),TM.VAL.FUEL.ZS.UN,1.24158005138217
Guinea-Bissau,GNB,1995,Fuel imports (% of merchandise imports),TM.VAL.FUEL.ZS.UN,16.1615973955425
Guinea-Bissau,GNB,1976,Fuel imports (% of merchandise imports),TM.VAL.FUEL.ZS.UN,9.4381851014888
Guinea-Bissau,GNB,1975,Fuel imports (% of merchandise imports),TM.VAL.FUEL.ZS.UN,17.2019086375832
Guinea-Bissau,GNB,1972,Fuel imports (% of merchandise imports),TM.VAL.FUEL.ZS.UN,5.09614393373913
Guinea-Bissau,GNB,1971,Fuel imports (% of merchandise imports),TM.VAL.FUEL.ZS.UN,6.65303506252387
Guinea-Bissau,GNB,1970,Fuel imports (% of merchandise imports),TM.VAL.FUEL.ZS.UN,6.91988071036781
Guinea-Bissau,GNB,2005,Ores and metals imports (% of merchandise imports),TM.VAL.MMTL.ZS.UN,0.0947863895297276
Guinea-Bissau,GNB,2004,Ores and metals imports (% of merchandise imports),TM.VAL.MMTL.ZS.UN,0.0986986384249585
Guinea-Bissau,GNB,2003,Ores and metals imports (% of merchandise imports),TM.VAL.MMTL.ZS.UN,0.113781161917407
Guinea-Bissau,GNB,1995,Ores and metals imports (% of merchandise imports),TM.VAL.MMTL.ZS.UN,0.151446643784167
Guinea-Bissau,GNB,1976,Ores and metals imports (% of merchandise imports),TM.VAL.MMTL.ZS.UN,0.048721107632698
Guinea-Bissau,GNB,1975,Ores and metals imports (% of merchandise imports),TM.VAL.MMTL.ZS.UN,0.381906828552478
Guinea-Bissau,GNB,1972,Ores and metals imports (% of merchandise imports),TM.VAL.MMTL.ZS.UN,0.742657195700725
Guinea-Bissau,GNB,1971,Ores and metals imports (% of merchandise imports),TM.VAL.MMTL.ZS.UN,0.368233022556205
Guinea-Bissau,GNB,1970,Ores and metals imports (% of merchandise imports),TM.VAL.MMTL.ZS.UN,0.96012526830693
Guinea-Bissau,GNB,2004,Fuel exports (% of merchandise exports),TX.VAL.FUEL.ZS.UN,0.809891939704249
Guinea-Bissau,GNB,1995,Fuel exports (% of merchandise exports),TX.VAL.FUEL.ZS.UN,0
Guinea-Bissau,GNB,1975,Fuel exports (% of merchandise exports),TX.VAL.FUEL.ZS.UN,0.298296258287418
Guinea-Bissau,GNB,1971,Fuel exports (% of merchandise exports),TX.VAL.FUEL.ZS.UN,0.00262391825256946
Guinea-Bissau,GNB,2005,Ores and metals exports (% of merchandise exports),TX.VAL.MMTL.ZS.UN,0.628835415498488
Guinea-Bissau,GNB,2004,Ores and metals exports (% of merchandise exports),TX.VAL.MMTL.ZS.UN,0.0878671775223499
Guinea-Bissau,GNB,2003,Ores and metals exports (% of merchandise exports),TX.VAL.MMTL.ZS.UN,0.0050532215362794
Guinea-Bissau,GNB,1995,Ores and metals exports (% of merchandise exports),TX.VAL.MMTL.ZS.UN,0
Guinea-Bissau,GNB,1972,Ores and metals exports (% of merchandise exports),TX.VAL.MMTL.ZS.UN,0.459644919705815
Guinea-Bissau,GNB,1971,Ores and metals exports (% of merchandise exports),TX.VAL.MMTL.ZS.UN,0.467453512089827
Guinea-Bissau,GNB,1970,Ores and metals exports (% of merchandise exports),TX.VAL.MMTL.ZS.UN,0.190350332969023
