Country Name,Country ISO3,Year,Indicator Name,Indicator Code,Value
#country+name,#country+code,#date+year,#indicator+name,#indicator+code,#indicator+value+num
Seychelles,SYC,2015,Energy intensity level of primary energy (MJ/$2011 PPP GDP),EG.EGY.PRIM.PP.KD,2.64140299488298
Seychelles,SYC,2014,Energy intensity level of primary energy (MJ/$2011 PPP GDP),EG.EGY.PRIM.PP.KD,2.97845162927525
Seychelles,SYC,2013,Energy intensity level of primary energy (MJ/$2011 PPP GDP),EG.EGY.PRIM.PP.KD,2.52487805847406
Seychelles,SYC,2012,Energy intensity level of primary energy (MJ/$2011 PPP GDP),EG.EGY.PRIM.PP.KD,2.87049054461019
Seychelles,SYC,2011,Energy intensity level of primary energy (MJ/$2011 PPP GDP),EG.EGY.PRIM.PP.KD,2.36972255526662
Seychelles,SYC,2010,Energy intensity level of primary energy (MJ/$2011 PPP GDP),EG.EGY.PRIM.PP.KD,3.34425546006895
Seychelles,SYC,2009,Energy intensity level of primary energy (MJ/$2011 PPP GDP),EG.EGY.PRIM.PP.KD,4.26306948164294
Seychelles,SYC,2008,Energy intensity level of primary energy (MJ/$2011 PPP GDP),EG.EGY.PRIM.PP.KD,5.5450543625756
Seychelles,SYC,2007,Energy intensity level of primary energy (MJ/$2011 PPP GDP),EG.EGY.PRIM.PP.KD,5.0267517748528
Seychelles,SYC,2006,Energy intensity level of primary energy (MJ/$2011 PPP GDP),EG.EGY.PRIM.PP.KD,6.34311098476255
Seychelles,SYC,2005,Energy intensity level of primary energy (MJ/$2011 PPP GDP),EG.EGY.PRIM.PP.KD,6.53453218465356
Seychelles,SYC,2004,Energy intensity level of primary energy (MJ/$2011 PPP GDP),EG.EGY.PRIM.PP.KD,7.68865538837494
Seychelles,SYC,2003,Energy intensity level of primary energy (MJ/$2011 PPP GDP),EG.EGY.PRIM.PP.KD,5.51127827972791
Seychelles,SYC,2002,Energy intensity level of primary energy (MJ/$2011 PPP GDP),EG.EGY.PRIM.PP.KD,5.10175700060849
Seychelles,SYC,2001,Energy intensity level of primary energy (MJ/$2011 PPP GDP),EG.EGY.PRIM.PP.KD,6.05006201459282
Seychelles,SYC,2000,Energy intensity level of primary energy (MJ/$2011 PPP GDP),EG.EGY.PRIM.PP.KD,5.36839667670073
Seychelles,SYC,1999,Energy intensity level of primary energy (MJ/$2011 PPP GDP),EG.EGY.PRIM.PP.KD,4.89443216752855
Seychelles,SYC,1998,Energy intensity level of primary energy (MJ/$2011 PPP GDP),EG.EGY.PRIM.PP.KD,4.2429389178537
Seychelles,SYC,1997,Energy intensity level of primary energy (MJ/$2011 PPP GDP),EG.EGY.PRIM.PP.KD,3.65577100174885
Seychelles,SYC,1996,Energy intensity level of primary energy (MJ/$2011 PPP GDP),EG.EGY.PRIM.PP.KD,2.82803592161582
Seychelles,SYC,1995,Energy intensity level of primary energy (MJ/$2011 PPP GDP),EG.EGY.PRIM.PP.KD,2.5472717437038
Seychelles,SYC,1994,Energy intensity level of primary energy (MJ/$2011 PPP GDP),EG.EGY.PRIM.PP.KD,2.56697860403267
Seychelles,SYC,1993,Energy intensity level of primary energy (MJ/$2011 PPP GDP),EG.EGY.PRIM.PP.KD,2.31905664346355
Seychelles,SYC,1992,Energy intensity level of primary energy (MJ/$2011 PPP GDP),EG.EGY.PRIM.PP.KD,2.30910444137991
Seychelles,SYC,1991,Energy intensity level of primary energy (MJ/$2011 PPP GDP),EG.EGY.PRIM.PP.KD,2.46313503764323
Seychelles,SYC,1990,Energy intensity level of primary energy (MJ/$2011 PPP GDP),EG.EGY.PRIM.PP.KD,2.22783351737482
Seychelles,SYC,2017,"Access to electricity, rural (% of rural population)",EG.ELC.ACCS.RU.ZS,100
Seychelles,SYC,2016,"Access to electricity, rural (% of rural population)",EG.ELC.ACCS.RU.ZS,100
Seychelles,SYC,2015,"Access to electricity, rural (% of rural population)",EG.ELC.ACCS.RU.ZS,100
Seychelles,SYC,2014,"Access to electricity, rural (% of rural population)",EG.ELC.ACCS.RU.ZS,100
Seychelles,SYC,2013,"Access to electricity, rural (% of rural population)",EG.ELC.ACCS.RU.ZS,95.6060139407049
Seychelles,SYC,2012,"Access to electricity, rural (% of rural population)",EG.ELC.ACCS.RU.ZS,96.9691636019575
Seychelles,SYC,2011,"Access to electricity, rural (% of rural population)",EG.ELC.ACCS.RU.ZS,96.176099808329
Seychelles,SYC,2010,"Access to electricity, rural (% of rural population)",EG.ELC.ACCS.RU.ZS,93.5710193363571
Seychelles,SYC,2009,"Access to electricity, rural (% of rural population)",EG.ELC.ACCS.RU.ZS,93.742925054718
Seychelles,SYC,2008,"Access to electricity, rural (% of rural population)",EG.ELC.ACCS.RU.ZS,93.0687272438091
Seychelles,SYC,2007,"Access to electricity, rural (% of rural population)",EG.ELC.ACCS.RU.ZS,92.4407890928513
Seychelles,SYC,2006,"Access to electricity, rural (% of rural population)",EG.ELC.ACCS.RU.ZS,98.0785265734459
Seychelles,SYC,2005,"Access to electricity, rural (% of rural population)",EG.ELC.ACCS.RU.ZS,91.2075240980271
Seychelles,SYC,2004,"Access to electricity, rural (% of rural population)",EG.ELC.ACCS.RU.ZS,90.5790873467038
Seychelles,SYC,2003,"Access to electricity, rural (% of rural population)",EG.ELC.ACCS.RU.ZS,89.9294895803707
Seychelles,SYC,2002,"Access to electricity, rural (% of rural population)",EG.ELC.ACCS.RU.ZS,92.0608903909745
Seychelles,SYC,2001,"Access to electricity, rural (% of rural population)",EG.ELC.ACCS.RU.ZS,88.5467870095281
Seychelles,SYC,2000,"Access to electricity, rural (% of rural population)",EG.ELC.ACCS.RU.ZS,87.8136096568645
Seychelles,SYC,1999,"Access to electricity, rural (% of rural population)",EG.ELC.ACCS.RU.ZS,87.0633747369481
Seychelles,SYC,1998,"Access to electricity, rural (% of rural population)",EG.ELC.ACCS.RU.ZS,86.3049348876953
Seychelles,SYC,1997,"Access to electricity, rural (% of rural population)",EG.ELC.ACCS.RU.ZS,84.0315985130111
Seychelles,SYC,1996,"Access to electricity, rural (% of rural population)",EG.ELC.ACCS.RU.ZS,84.7995195955886
Seychelles,SYC,1995,"Access to electricity, rural (% of rural population)",EG.ELC.ACCS.RU.ZS,84.0587484942687
Seychelles,SYC,1994,"Access to electricity, rural (% of rural population)",EG.ELC.ACCS.RU.ZS,80.1882258710452
Seychelles,SYC,2017,"Access to electricity, urban (% of urban population)",EG.ELC.ACCS.UR.ZS,100
Seychelles,SYC,2016,"Access to electricity, urban (% of urban population)",EG.ELC.ACCS.UR.ZS,100
Seychelles,SYC,2015,"Access to electricity, urban (% of urban population)",EG.ELC.ACCS.UR.ZS,100
Seychelles,SYC,2014,"Access to electricity, urban (% of urban population)",EG.ELC.ACCS.UR.ZS,100
Seychelles,SYC,2013,"Access to electricity, urban (% of urban population)",EG.ELC.ACCS.UR.ZS,99.9957122802734
Seychelles,SYC,2012,"Access to electricity, urban (% of urban population)",EG.ELC.ACCS.UR.ZS,100
Seychelles,SYC,2011,"Access to electricity, urban (% of urban population)",EG.ELC.ACCS.UR.ZS,100
Seychelles,SYC,2010,"Access to electricity, urban (% of urban population)",EG.ELC.ACCS.UR.ZS,100
Seychelles,SYC,2009,"Access to electricity, urban (% of urban population)",EG.ELC.ACCS.UR.ZS,99.7173309326172
Seychelles,SYC,2008,"Access to electricity, urban (% of urban population)",EG.ELC.ACCS.UR.ZS,99.7490921020508
Seychelles,SYC,2007,"Access to electricity, urban (% of urban population)",EG.ELC.ACCS.UR.ZS,99.793830871582
Seychelles,SYC,2006,"Access to electricity, urban (% of urban population)",EG.ELC.ACCS.UR.ZS,99.8516387939453
Seychelles,SYC,2005,"Access to electricity, urban (% of urban population)",EG.ELC.ACCS.UR.ZS,99.9210052490234
Seychelles,SYC,2004,"Access to electricity, urban (% of urban population)",EG.ELC.ACCS.UR.ZS,99.9713821411133
Seychelles,SYC,2003,"Access to electricity, urban (% of urban population)",EG.ELC.ACCS.UR.ZS,99.9951629638672
Seychelles,SYC,2002,"Access to electricity, urban (% of urban population)",EG.ELC.ACCS.UR.ZS,100
Seychelles,SYC,2001,"Access to electricity, urban (% of urban population)",EG.ELC.ACCS.UR.ZS,100
Seychelles,SYC,2000,"Access to electricity, urban (% of urban population)",EG.ELC.ACCS.UR.ZS,100
Seychelles,SYC,1999,"Access to electricity, urban (% of urban population)",EG.ELC.ACCS.UR.ZS,100
Seychelles,SYC,1998,"Access to electricity, urban (% of urban population)",EG.ELC.ACCS.UR.ZS,100
Seychelles,SYC,1997,"Access to electricity, urban (% of urban population)",EG.ELC.ACCS.UR.ZS,100
Seychelles,SYC,1996,"Access to electricity, urban (% of urban population)",EG.ELC.ACCS.UR.ZS,100
Seychelles,SYC,1995,"Access to electricity, urban (% of urban population)",EG.ELC.ACCS.UR.ZS,100
Seychelles,SYC,1994,"Access to electricity, urban (% of urban population)",EG.ELC.ACCS.UR.ZS,100
Seychelles,SYC,2017,Access to electricity (% of population),EG.ELC.ACCS.ZS,100
Seychelles,SYC,2016,Access to electricity (% of population),EG.ELC.ACCS.ZS,100
Seychelles,SYC,2015,Access to electricity (% of population),EG.ELC.ACCS.ZS,100
Seychelles,SYC,2014,Access to electricity (% of population),EG.ELC.ACCS.ZS,100
Seychelles,SYC,2013,Access to electricity (% of population),EG.ELC.ACCS.ZS,98
Seychelles,SYC,2012,Access to electricity (% of population),EG.ELC.ACCS.ZS,98.6094665527344
Seychelles,SYC,2011,Access to electricity (% of population),EG.ELC.ACCS.ZS,98.2302856445313
Seychelles,SYC,2010,Access to electricity (% of population),EG.ELC.ACCS.ZS,97
Seychelles,SYC,2009,Access to electricity (% of population),EG.ELC.ACCS.ZS,96.9075164794922
Seychelles,SYC,2008,Access to electricity (% of population),EG.ELC.ACCS.ZS,96.5838394165039
Seychelles,SYC,2007,Access to electricity (% of population),EG.ELC.ACCS.ZS,96.2853698730469
Seychelles,SYC,2006,Access to electricity (% of population),EG.ELC.ACCS.ZS,99
Seychelles,SYC,2005,Access to electricity (% of population),EG.ELC.ACCS.ZS,95.7098083496094
Seychelles,SYC,2004,Access to electricity (% of population),EG.ELC.ACCS.ZS,95.4055709838867
Seychelles,SYC,2003,Access to electricity (% of population),EG.ELC.ACCS.ZS,95.0753479003906
Seychelles,SYC,2002,Access to electricity (% of population),EG.ELC.ACCS.ZS,96.1
Seychelles,SYC,2001,Access to electricity (% of population),EG.ELC.ACCS.ZS,94.3474426269531
Seychelles,SYC,2000,Access to electricity (% of population),EG.ELC.ACCS.ZS,93.959602355957
Seychelles,SYC,1999,Access to electricity (% of population),EG.ELC.ACCS.ZS,93.5624160766602
Seychelles,SYC,1998,Access to electricity (% of population),EG.ELC.ACCS.ZS,93.1608047485352
Seychelles,SYC,1997,Access to electricity (% of population),EG.ELC.ACCS.ZS,92
Seychelles,SYC,1996,Access to electricity (% of population),EG.ELC.ACCS.ZS,92.3630599975586
Seychelles,SYC,1995,Access to electricity (% of population),EG.ELC.ACCS.ZS,91.970947265625
Seychelles,SYC,1994,Access to electricity (% of population),EG.ELC.ACCS.ZS,90
Seychelles,SYC,2015,Renewable electricity output (% of total electricity output),EG.ELC.RNEW.ZS,2.38095238095238
Seychelles,SYC,2014,Renewable electricity output (% of total electricity output),EG.ELC.RNEW.ZS,2.14994487320838
Seychelles,SYC,2013,Renewable electricity output (% of total electricity output),EG.ELC.RNEW.ZS,1.96205747840325
Seychelles,SYC,2012,Renewable electricity output (% of total electricity output),EG.ELC.RNEW.ZS,0
Seychelles,SYC,2011,Renewable electricity output (% of total electricity output),EG.ELC.RNEW.ZS,0
Seychelles,SYC,2010,Renewable electricity output (% of total electricity output),EG.ELC.RNEW.ZS,0
Seychelles,SYC,2009,Renewable electricity output (% of total electricity output),EG.ELC.RNEW.ZS,0
Seychelles,SYC,2008,Renewable electricity output (% of total electricity output),EG.ELC.RNEW.ZS,0
Seychelles,SYC,2007,Renewable electricity output (% of total electricity output),EG.ELC.RNEW.ZS,0
Seychelles,SYC,2006,Renewable electricity output (% of total electricity output),EG.ELC.RNEW.ZS,0
Seychelles,SYC,2005,Renewable electricity output (% of total electricity output),EG.ELC.RNEW.ZS,0
Seychelles,SYC,2004,Renewable electricity output (% of total electricity output),EG.ELC.RNEW.ZS,0
Seychelles,SYC,2003,Renewable electricity output (% of total electricity output),EG.ELC.RNEW.ZS,0
Seychelles,SYC,2002,Renewable electricity output (% of total electricity output),EG.ELC.RNEW.ZS,0
Seychelles,SYC,2001,Renewable electricity output (% of total electricity output),EG.ELC.RNEW.ZS,0
Seychelles,SYC,2000,Renewable electricity output (% of total electricity output),EG.ELC.RNEW.ZS,0
Seychelles,SYC,1999,Renewable electricity output (% of total electricity output),EG.ELC.RNEW.ZS,0
Seychelles,SYC,1998,Renewable electricity output (% of total electricity output),EG.ELC.RNEW.ZS,0
Seychelles,SYC,1997,Renewable electricity output (% of total electricity output),EG.ELC.RNEW.ZS,0
Seychelles,SYC,1996,Renewable electricity output (% of total electricity output),EG.ELC.RNEW.ZS,0
Seychelles,SYC,1995,Renewable electricity output (% of total electricity output),EG.ELC.RNEW.ZS,0
Seychelles,SYC,1994,Renewable electricity output (% of total electricity output),EG.ELC.RNEW.ZS,0
Seychelles,SYC,1993,Renewable electricity output (% of total electricity output),EG.ELC.RNEW.ZS,0
Seychelles,SYC,1992,Renewable electricity output (% of total electricity output),EG.ELC.RNEW.ZS,0
Seychelles,SYC,1991,Renewable electricity output (% of total electricity output),EG.ELC.RNEW.ZS,0
Seychelles,SYC,1990,Renewable electricity output (% of total electricity output),EG.ELC.RNEW.ZS,0
Seychelles,SYC,2015,Renewable energy consumption (% of total final energy consumption),EG.FEC.RNEW.ZS,1.35293554797754
Seychelles,SYC,2014,Renewable energy consumption (% of total final energy consumption),EG.FEC.RNEW.ZS,1.2985376439681
Seychelles,SYC,2013,Renewable energy consumption (% of total final energy consumption),EG.FEC.RNEW.ZS,1.28857430299963
Seychelles,SYC,2012,Renewable energy consumption (% of total final energy consumption),EG.FEC.RNEW.ZS,0.630526085089829
Seychelles,SYC,2011,Renewable energy consumption (% of total final energy consumption),EG.FEC.RNEW.ZS,0.963233961852338
Seychelles,SYC,2010,Renewable energy consumption (% of total final energy consumption),EG.FEC.RNEW.ZS,0.625464047907652
Seychelles,SYC,2009,Renewable energy consumption (% of total final energy consumption),EG.FEC.RNEW.ZS,0.505036066831612
Seychelles,SYC,2008,Renewable energy consumption (% of total final energy consumption),EG.FEC.RNEW.ZS,0.383361291768693
Seychelles,SYC,2007,Renewable energy consumption (% of total final energy consumption),EG.FEC.RNEW.ZS,0.425478783758521
Seychelles,SYC,2006,Renewable energy consumption (% of total final energy consumption),EG.FEC.RNEW.ZS,0.354018936492118
Seychelles,SYC,2005,Renewable energy consumption (% of total final energy consumption),EG.FEC.RNEW.ZS,0.376164955368446
Seychelles,SYC,2004,Renewable energy consumption (% of total final energy consumption),EG.FEC.RNEW.ZS,0.402888851155578
Seychelles,SYC,2003,Renewable energy consumption (% of total final energy consumption),EG.FEC.RNEW.ZS,0.525150048697512
Seychelles,SYC,2002,Renewable energy consumption (% of total final energy consumption),EG.FEC.RNEW.ZS,0.560987319092399
Seychelles,SYC,2001,Renewable energy consumption (% of total final energy consumption),EG.FEC.RNEW.ZS,0.505600600786255
Seychelles,SYC,2000,Renewable energy consumption (% of total final energy consumption),EG.FEC.RNEW.ZS,0.571808231194913
Seychelles,SYC,1999,Renewable energy consumption (% of total final energy consumption),EG.FEC.RNEW.ZS,0.868549785055861
Seychelles,SYC,1998,Renewable energy consumption (% of total final energy consumption),EG.FEC.RNEW.ZS,1.03382980003982
Seychelles,SYC,1997,Renewable energy consumption (% of total final energy consumption),EG.FEC.RNEW.ZS,1.37396877138601
Seychelles,SYC,1996,Renewable energy consumption (% of total final energy consumption),EG.FEC.RNEW.ZS,2.29162224322873
Seychelles,SYC,1995,Renewable energy consumption (% of total final energy consumption),EG.FEC.RNEW.ZS,2.96356046049692
Seychelles,SYC,1994,Renewable energy consumption (% of total final energy consumption),EG.FEC.RNEW.ZS,2.76324527668889
Seychelles,SYC,1993,Renewable energy consumption (% of total final energy consumption),EG.FEC.RNEW.ZS,3.11052365202129
Seychelles,SYC,1992,Renewable energy consumption (% of total final energy consumption),EG.FEC.RNEW.ZS,3.33561826863868
Seychelles,SYC,1991,Renewable energy consumption (% of total final energy consumption),EG.FEC.RNEW.ZS,3.48208008021174
Seychelles,SYC,1990,Renewable energy consumption (% of total final energy consumption),EG.FEC.RNEW.ZS,4.2483951388184
Seychelles,SYC,2007,GDP per unit of energy use (PPP $ per kg of oil equivalent),EG.GDP.PUSE.KO.PP,8.19823673969866
Seychelles,SYC,2006,GDP per unit of energy use (PPP $ per kg of oil equivalent),EG.GDP.PUSE.KO.PP,6.09961235358601
Seychelles,SYC,2005,GDP per unit of energy use (PPP $ per kg of oil equivalent),EG.GDP.PUSE.KO.PP,5.76745630537451
Seychelles,SYC,2004,GDP per unit of energy use (PPP $ per kg of oil equivalent),EG.GDP.PUSE.KO.PP,4.56991517018047
Seychelles,SYC,1990,GDP per unit of energy use (PPP $ per kg of oil equivalent),EG.GDP.PUSE.KO.PP,17.0586503717842
Seychelles,SYC,2007,GDP per unit of energy use (constant 2011 PPP $ per kg of oil equivalent),EG.GDP.PUSE.KO.PP.KD,8.69751399326244
Seychelles,SYC,2006,GDP per unit of energy use (constant 2011 PPP $ per kg of oil equivalent),EG.GDP.PUSE.KO.PP.KD,6.64491350846049
Seychelles,SYC,2005,GDP per unit of energy use (constant 2011 PPP $ per kg of oil equivalent),EG.GDP.PUSE.KO.PP.KD,6.47320128051458
Seychelles,SYC,2004,GDP per unit of energy use (constant 2011 PPP $ per kg of oil equivalent),EG.GDP.PUSE.KO.PP.KD,5.2888900686697
Seychelles,SYC,1990,GDP per unit of energy use (constant 2011 PPP $ per kg of oil equivalent),EG.GDP.PUSE.KO.PP.KD,26.287532418071
Seychelles,SYC,2007,Fossil fuel energy consumption (% of total),EG.USE.COMM.FO.ZS,0
Seychelles,SYC,2006,Fossil fuel energy consumption (% of total),EG.USE.COMM.FO.ZS,0
Seychelles,SYC,2005,Fossil fuel energy consumption (% of total),EG.USE.COMM.FO.ZS,0
Seychelles,SYC,2004,Fossil fuel energy consumption (% of total),EG.USE.COMM.FO.ZS,0
Seychelles,SYC,1990,Fossil fuel energy consumption (% of total),EG.USE.COMM.FO.ZS,0
Seychelles,SYC,2007,"Energy use (kg of oil equivalent) per $1,000 GDP (constant 2011 PPP)",EG.USE.COMM.GD.PP.KD,114.975382709893
Seychelles,SYC,2006,"Energy use (kg of oil equivalent) per $1,000 GDP (constant 2011 PPP)",EG.USE.COMM.GD.PP.KD,150.491048337465
Seychelles,SYC,2005,"Energy use (kg of oil equivalent) per $1,000 GDP (constant 2011 PPP)",EG.USE.COMM.GD.PP.KD,154.483068989399
Seychelles,SYC,2004,"Energy use (kg of oil equivalent) per $1,000 GDP (constant 2011 PPP)",EG.USE.COMM.GD.PP.KD,189.075588075425
Seychelles,SYC,1990,"Energy use (kg of oil equivalent) per $1,000 GDP (constant 2011 PPP)",EG.USE.COMM.GD.PP.KD,38.0408470485637
Seychelles,SYC,2007,Energy use (kg of oil equivalent per capita),EG.USE.PCAP.KG.OE,2410.82873707855
Seychelles,SYC,2006,Energy use (kg of oil equivalent per capita),EG.USE.PCAP.KG.OE,2872.34042553192
Seychelles,SYC,2005,Energy use (kg of oil equivalent per capita),EG.USE.PCAP.KG.OE,2751.69567211374
Seychelles,SYC,2004,Energy use (kg of oil equivalent per capita),EG.USE.PCAP.KG.OE,3103.97090027281
Seychelles,SYC,1990,Energy use (kg of oil equivalent per capita),EG.USE.PCAP.KG.OE,540.808839397471
Seychelles,SYC,2014,CO2 emissions from gaseous fuel consumption (% of total),EN.ATM.CO2E.GF.ZS,0
Seychelles,SYC,2013,CO2 emissions from gaseous fuel consumption (% of total),EN.ATM.CO2E.GF.ZS,0
Seychelles,SYC,2012,CO2 emissions from gaseous fuel consumption (% of total),EN.ATM.CO2E.GF.ZS,0
Seychelles,SYC,2011,CO2 emissions from gaseous fuel consumption (% of total),EN.ATM.CO2E.GF.ZS,0
Seychelles,SYC,2010,CO2 emissions from gaseous fuel consumption (% of total),EN.ATM.CO2E.GF.ZS,0
Seychelles,SYC,2009,CO2 emissions from gaseous fuel consumption (% of total),EN.ATM.CO2E.GF.ZS,0
Seychelles,SYC,2008,CO2 emissions from gaseous fuel consumption (% of total),EN.ATM.CO2E.GF.ZS,0
Seychelles,SYC,2007,CO2 emissions from gaseous fuel consumption (% of total),EN.ATM.CO2E.GF.ZS,0
Seychelles,SYC,2006,CO2 emissions from gaseous fuel consumption (% of total),EN.ATM.CO2E.GF.ZS,0
Seychelles,SYC,2005,CO2 emissions from gaseous fuel consumption (% of total),EN.ATM.CO2E.GF.ZS,0
Seychelles,SYC,2004,CO2 emissions from gaseous fuel consumption (% of total),EN.ATM.CO2E.GF.ZS,0
Seychelles,SYC,2003,CO2 emissions from gaseous fuel consumption (% of total),EN.ATM.CO2E.GF.ZS,0
Seychelles,SYC,2002,CO2 emissions from gaseous fuel consumption (% of total),EN.ATM.CO2E.GF.ZS,0
Seychelles,SYC,2001,CO2 emissions from gaseous fuel consumption (% of total),EN.ATM.CO2E.GF.ZS,0
Seychelles,SYC,2000,CO2 emissions from gaseous fuel consumption (% of total),EN.ATM.CO2E.GF.ZS,0
Seychelles,SYC,1999,CO2 emissions from gaseous fuel consumption (% of total),EN.ATM.CO2E.GF.ZS,0
Seychelles,SYC,1998,CO2 emissions from gaseous fuel consumption (% of total),EN.ATM.CO2E.GF.ZS,0
Seychelles,SYC,1997,CO2 emissions from gaseous fuel consumption (% of total),EN.ATM.CO2E.GF.ZS,0
Seychelles,SYC,1996,CO2 emissions from gaseous fuel consumption (% of total),EN.ATM.CO2E.GF.ZS,0
Seychelles,SYC,1995,CO2 emissions from gaseous fuel consumption (% of total),EN.ATM.CO2E.GF.ZS,0
Seychelles,SYC,1994,CO2 emissions from gaseous fuel consumption (% of total),EN.ATM.CO2E.GF.ZS,0
Seychelles,SYC,1993,CO2 emissions from gaseous fuel consumption (% of total),EN.ATM.CO2E.GF.ZS,0
Seychelles,SYC,1992,CO2 emissions from gaseous fuel consumption (% of total),EN.ATM.CO2E.GF.ZS,0
Seychelles,SYC,1991,CO2 emissions from gaseous fuel consumption (% of total),EN.ATM.CO2E.GF.ZS,0
Seychelles,SYC,1990,CO2 emissions from gaseous fuel consumption (% of total),EN.ATM.CO2E.GF.ZS,0
Seychelles,SYC,1989,CO2 emissions from gaseous fuel consumption (% of total),EN.ATM.CO2E.GF.ZS,0
Seychelles,SYC,1988,CO2 emissions from gaseous fuel consumption (% of total),EN.ATM.CO2E.GF.ZS,0
Seychelles,SYC,1987,CO2 emissions from gaseous fuel consumption (% of total),EN.ATM.CO2E.GF.ZS,0
Seychelles,SYC,1986,CO2 emissions from gaseous fuel consumption (% of total),EN.ATM.CO2E.GF.ZS,0
Seychelles,SYC,1985,CO2 emissions from gaseous fuel consumption (% of total),EN.ATM.CO2E.GF.ZS,0
Seychelles,SYC,1984,CO2 emissions from gaseous fuel consumption (% of total),EN.ATM.CO2E.GF.ZS,0
Seychelles,SYC,1983,CO2 emissions from gaseous fuel consumption (% of total),EN.ATM.CO2E.GF.ZS,0
Seychelles,SYC,1982,CO2 emissions from gaseous fuel consumption (% of total),EN.ATM.CO2E.GF.ZS,0
Seychelles,SYC,1981,CO2 emissions from gaseous fuel consumption (% of total),EN.ATM.CO2E.GF.ZS,0
Seychelles,SYC,1980,CO2 emissions from gaseous fuel consumption (% of total),EN.ATM.CO2E.GF.ZS,0
Seychelles,SYC,1979,CO2 emissions from gaseous fuel consumption (% of total),EN.ATM.CO2E.GF.ZS,0
Seychelles,SYC,1978,CO2 emissions from gaseous fuel consumption (% of total),EN.ATM.CO2E.GF.ZS,0
Seychelles,SYC,1977,CO2 emissions from gaseous fuel consumption (% of total),EN.ATM.CO2E.GF.ZS,0
Seychelles,SYC,1976,CO2 emissions from gaseous fuel consumption (% of total),EN.ATM.CO2E.GF.ZS,0
Seychelles,SYC,1975,CO2 emissions from gaseous fuel consumption (% of total),EN.ATM.CO2E.GF.ZS,0
Seychelles,SYC,1974,CO2 emissions from gaseous fuel consumption (% of total),EN.ATM.CO2E.GF.ZS,0
Seychelles,SYC,1973,CO2 emissions from gaseous fuel consumption (% of total),EN.ATM.CO2E.GF.ZS,0
Seychelles,SYC,1972,CO2 emissions from gaseous fuel consumption (% of total),EN.ATM.CO2E.GF.ZS,0
Seychelles,SYC,1971,CO2 emissions from gaseous fuel consumption (% of total),EN.ATM.CO2E.GF.ZS,0
Seychelles,SYC,1970,CO2 emissions from gaseous fuel consumption (% of total),EN.ATM.CO2E.GF.ZS,0
Seychelles,SYC,1969,CO2 emissions from gaseous fuel consumption (% of total),EN.ATM.CO2E.GF.ZS,0
Seychelles,SYC,1968,CO2 emissions from gaseous fuel consumption (% of total),EN.ATM.CO2E.GF.ZS,0
Seychelles,SYC,1967,CO2 emissions from gaseous fuel consumption (% of total),EN.ATM.CO2E.GF.ZS,0
Seychelles,SYC,1966,CO2 emissions from gaseous fuel consumption (% of total),EN.ATM.CO2E.GF.ZS,0
Seychelles,SYC,1965,CO2 emissions from gaseous fuel consumption (% of total),EN.ATM.CO2E.GF.ZS,0
Seychelles,SYC,1964,CO2 emissions from gaseous fuel consumption (% of total),EN.ATM.CO2E.GF.ZS,0
Seychelles,SYC,1963,CO2 emissions from gaseous fuel consumption (% of total),EN.ATM.CO2E.GF.ZS,0
Seychelles,SYC,2014,CO2 emissions from liquid fuel consumption (kt),EN.ATM.CO2E.LF.KT,495.045
Seychelles,SYC,2013,CO2 emissions from liquid fuel consumption (kt),EN.ATM.CO2E.LF.KT,403.37
Seychelles,SYC,2012,CO2 emissions from liquid fuel consumption (kt),EN.ATM.CO2E.LF.KT,440.04
Seychelles,SYC,2011,CO2 emissions from liquid fuel consumption (kt),EN.ATM.CO2E.LF.KT,341.031
Seychelles,SYC,2010,CO2 emissions from liquid fuel consumption (kt),EN.ATM.CO2E.LF.KT,443.707
Seychelles,SYC,2009,CO2 emissions from liquid fuel consumption (kt),EN.ATM.CO2E.LF.KT,524.381
Seychelles,SYC,2008,CO2 emissions from liquid fuel consumption (kt),EN.ATM.CO2E.LF.KT,693.063
Seychelles,SYC,2007,CO2 emissions from liquid fuel consumption (kt),EN.ATM.CO2E.LF.KT,641.725
Seychelles,SYC,2006,CO2 emissions from liquid fuel consumption (kt),EN.ATM.CO2E.LF.KT,733.4
Seychelles,SYC,2005,CO2 emissions from liquid fuel consumption (kt),EN.ATM.CO2E.LF.KT,689.396
Seychelles,SYC,2004,CO2 emissions from liquid fuel consumption (kt),EN.ATM.CO2E.LF.KT,737.067
Seychelles,SYC,2003,CO2 emissions from liquid fuel consumption (kt),EN.ATM.CO2E.LF.KT,550.05
Seychelles,SYC,2002,CO2 emissions from liquid fuel consumption (kt),EN.ATM.CO2E.LF.KT,539.049
Seychelles,SYC,2001,CO2 emissions from liquid fuel consumption (kt),EN.ATM.CO2E.LF.KT,634.391
Seychelles,SYC,2000,CO2 emissions from liquid fuel consumption (kt),EN.ATM.CO2E.LF.KT,572.052
Seychelles,SYC,1999,CO2 emissions from liquid fuel consumption (kt),EN.ATM.CO2E.LF.KT,509.713
Seychelles,SYC,1998,CO2 emissions from liquid fuel consumption (kt),EN.ATM.CO2E.LF.KT,432.706
Seychelles,SYC,1997,CO2 emissions from liquid fuel consumption (kt),EN.ATM.CO2E.LF.KT,341.031
Seychelles,SYC,1996,CO2 emissions from liquid fuel consumption (kt),EN.ATM.CO2E.LF.KT,234.688
Seychelles,SYC,1995,CO2 emissions from liquid fuel consumption (kt),EN.ATM.CO2E.LF.KT,198.018
Seychelles,SYC,1994,CO2 emissions from liquid fuel consumption (kt),EN.ATM.CO2E.LF.KT,201.685
Seychelles,SYC,1993,CO2 emissions from liquid fuel consumption (kt),EN.ATM.CO2E.LF.KT,183.35
Seychelles,SYC,1992,CO2 emissions from liquid fuel consumption (kt),EN.ATM.CO2E.LF.KT,172.349
Seychelles,SYC,1991,CO2 emissions from liquid fuel consumption (kt),EN.ATM.CO2E.LF.KT,172.349
Seychelles,SYC,1990,CO2 emissions from liquid fuel consumption (kt),EN.ATM.CO2E.LF.KT,150.347
Seychelles,SYC,1989,CO2 emissions from liquid fuel consumption (kt),EN.ATM.CO2E.LF.KT,234.688
Seychelles,SYC,1988,CO2 emissions from liquid fuel consumption (kt),EN.ATM.CO2E.LF.KT,198.018
Seychelles,SYC,1987,CO2 emissions from liquid fuel consumption (kt),EN.ATM.CO2E.LF.KT,201.685
Seychelles,SYC,1986,CO2 emissions from liquid fuel consumption (kt),EN.ATM.CO2E.LF.KT,165.015
Seychelles,SYC,1985,CO2 emissions from liquid fuel consumption (kt),EN.ATM.CO2E.LF.KT,150.347
Seychelles,SYC,1984,CO2 emissions from liquid fuel consumption (kt),EN.ATM.CO2E.LF.KT,99.009
Seychelles,SYC,1983,CO2 emissions from liquid fuel consumption (kt),EN.ATM.CO2E.LF.KT,99.009
Seychelles,SYC,1982,CO2 emissions from liquid fuel consumption (kt),EN.ATM.CO2E.LF.KT,84.341
Seychelles,SYC,1981,CO2 emissions from liquid fuel consumption (kt),EN.ATM.CO2E.LF.KT,99.009
Seychelles,SYC,1980,CO2 emissions from liquid fuel consumption (kt),EN.ATM.CO2E.LF.KT,95.342
Seychelles,SYC,1979,CO2 emissions from liquid fuel consumption (kt),EN.ATM.CO2E.LF.KT,121.011
Seychelles,SYC,1978,CO2 emissions from liquid fuel consumption (kt),EN.ATM.CO2E.LF.KT,77.007
Seychelles,SYC,1977,CO2 emissions from liquid fuel consumption (kt),EN.ATM.CO2E.LF.KT,84.341
Seychelles,SYC,1976,CO2 emissions from liquid fuel consumption (kt),EN.ATM.CO2E.LF.KT,80.674
Seychelles,SYC,1975,CO2 emissions from liquid fuel consumption (kt),EN.ATM.CO2E.LF.KT,58.672
Seychelles,SYC,1974,CO2 emissions from liquid fuel consumption (kt),EN.ATM.CO2E.LF.KT,55.005
Seychelles,SYC,1973,CO2 emissions from liquid fuel consumption (kt),EN.ATM.CO2E.LF.KT,47.671
Seychelles,SYC,1972,CO2 emissions from liquid fuel consumption (kt),EN.ATM.CO2E.LF.KT,44.004
Seychelles,SYC,1971,CO2 emissions from liquid fuel consumption (kt),EN.ATM.CO2E.LF.KT,33.003
Seychelles,SYC,1970,CO2 emissions from liquid fuel consumption (kt),EN.ATM.CO2E.LF.KT,29.336
Seychelles,SYC,1969,CO2 emissions from liquid fuel consumption (kt),EN.ATM.CO2E.LF.KT,7.334
Seychelles,SYC,1968,CO2 emissions from liquid fuel consumption (kt),EN.ATM.CO2E.LF.KT,7.334
Seychelles,SYC,1967,CO2 emissions from liquid fuel consumption (kt),EN.ATM.CO2E.LF.KT,7.334
Seychelles,SYC,1966,CO2 emissions from liquid fuel consumption (kt),EN.ATM.CO2E.LF.KT,7.334
Seychelles,SYC,1965,CO2 emissions from liquid fuel consumption (kt),EN.ATM.CO2E.LF.KT,7.334
Seychelles,SYC,1964,CO2 emissions from liquid fuel consumption (kt),EN.ATM.CO2E.LF.KT,7.334
Seychelles,SYC,1963,CO2 emissions from liquid fuel consumption (kt),EN.ATM.CO2E.LF.KT,7.334
Seychelles,SYC,2008,Methane emissions in energy sector (thousand metric tons of CO2 equivalent),EN.ATM.METH.EG.KT.CE,3.70555498461047
Seychelles,SYC,2007,Methane emissions in energy sector (thousand metric tons of CO2 equivalent),EN.ATM.METH.EG.KT.CE,3.36980579225312
Seychelles,SYC,2006,Methane emissions in energy sector (thousand metric tons of CO2 equivalent),EN.ATM.METH.EG.KT.CE,2.96985785689844
Seychelles,SYC,2005,Methane emissions in energy sector (thousand metric tons of CO2 equivalent),EN.ATM.METH.EG.KT.CE,2.69148174958467
Seychelles,SYC,2004,Methane emissions in energy sector (thousand metric tons of CO2 equivalent),EN.ATM.METH.EG.KT.CE,2.60468850595232
Seychelles,SYC,2003,Methane emissions in energy sector (thousand metric tons of CO2 equivalent),EN.ATM.METH.EG.KT.CE,2.04992977181587
Seychelles,SYC,2002,Methane emissions in energy sector (thousand metric tons of CO2 equivalent),EN.ATM.METH.EG.KT.CE,1.90262388333638
Seychelles,SYC,2001,Methane emissions in energy sector (thousand metric tons of CO2 equivalent),EN.ATM.METH.EG.KT.CE,1.44846723672801
Seychelles,SYC,2000,Methane emissions in energy sector (thousand metric tons of CO2 equivalent),EN.ATM.METH.EG.KT.CE,1.28859419501672
Seychelles,SYC,1999,Methane emissions in energy sector (thousand metric tons of CO2 equivalent),EN.ATM.METH.EG.KT.CE,0.979669646584886
Seychelles,SYC,1998,Methane emissions in energy sector (thousand metric tons of CO2 equivalent),EN.ATM.METH.EG.KT.CE,0.934193293334578
Seychelles,SYC,1997,Methane emissions in energy sector (thousand metric tons of CO2 equivalent),EN.ATM.METH.EG.KT.CE,1.16453510074146
Seychelles,SYC,1996,Methane emissions in energy sector (thousand metric tons of CO2 equivalent),EN.ATM.METH.EG.KT.CE,0.942640906650528
Seychelles,SYC,1995,Methane emissions in energy sector (thousand metric tons of CO2 equivalent),EN.ATM.METH.EG.KT.CE,0.957652771067256
Seychelles,SYC,1994,Methane emissions in energy sector (thousand metric tons of CO2 equivalent),EN.ATM.METH.EG.KT.CE,0.89383092824494
Seychelles,SYC,1993,Methane emissions in energy sector (thousand metric tons of CO2 equivalent),EN.ATM.METH.EG.KT.CE,0.783231014839161
Seychelles,SYC,1992,Methane emissions in energy sector (thousand metric tons of CO2 equivalent),EN.ATM.METH.EG.KT.CE,0.756481184787989
Seychelles,SYC,1991,Methane emissions in energy sector (thousand metric tons of CO2 equivalent),EN.ATM.METH.EG.KT.CE,0.822769683438346
Seychelles,SYC,1990,Methane emissions in energy sector (thousand metric tons of CO2 equivalent),EN.ATM.METH.EG.KT.CE,0.710189310337784
Seychelles,SYC,1989,Methane emissions in energy sector (thousand metric tons of CO2 equivalent),EN.ATM.METH.EG.KT.CE,0.946780600752619
Seychelles,SYC,1988,Methane emissions in energy sector (thousand metric tons of CO2 equivalent),EN.ATM.METH.EG.KT.CE,1.00521345165957
Seychelles,SYC,1987,Methane emissions in energy sector (thousand metric tons of CO2 equivalent),EN.ATM.METH.EG.KT.CE,0.478190099046803
Seychelles,SYC,1986,Methane emissions in energy sector (thousand metric tons of CO2 equivalent),EN.ATM.METH.EG.KT.CE,0.475955834668647
Seychelles,SYC,1985,Methane emissions in energy sector (thousand metric tons of CO2 equivalent),EN.ATM.METH.EG.KT.CE,0.50677847893841
Seychelles,SYC,1984,Methane emissions in energy sector (thousand metric tons of CO2 equivalent),EN.ATM.METH.EG.KT.CE,0.449459136207175
Seychelles,SYC,1983,Methane emissions in energy sector (thousand metric tons of CO2 equivalent),EN.ATM.METH.EG.KT.CE,0.47314383925663
Seychelles,SYC,1982,Methane emissions in energy sector (thousand metric tons of CO2 equivalent),EN.ATM.METH.EG.KT.CE,0.284566131102728
Seychelles,SYC,1981,Methane emissions in energy sector (thousand metric tons of CO2 equivalent),EN.ATM.METH.EG.KT.CE,0.358579595667056
Seychelles,SYC,1980,Methane emissions in energy sector (thousand metric tons of CO2 equivalent),EN.ATM.METH.EG.KT.CE,0.525335196595622
Seychelles,SYC,1979,Methane emissions in energy sector (thousand metric tons of CO2 equivalent),EN.ATM.METH.EG.KT.CE,0.504383482152162
Seychelles,SYC,1978,Methane emissions in energy sector (thousand metric tons of CO2 equivalent),EN.ATM.METH.EG.KT.CE,0.353270955783129
Seychelles,SYC,1977,Methane emissions in energy sector (thousand metric tons of CO2 equivalent),EN.ATM.METH.EG.KT.CE,0.314524739047566
Seychelles,SYC,1976,Methane emissions in energy sector (thousand metric tons of CO2 equivalent),EN.ATM.METH.EG.KT.CE,0.337705309680825
Seychelles,SYC,1975,Methane emissions in energy sector (thousand metric tons of CO2 equivalent),EN.ATM.METH.EG.KT.CE,0.413117632092396
Seychelles,SYC,1974,Methane emissions in energy sector (thousand metric tons of CO2 equivalent),EN.ATM.METH.EG.KT.CE,0.416245114959795
Seychelles,SYC,1973,Methane emissions in energy sector (thousand metric tons of CO2 equivalent),EN.ATM.METH.EG.KT.CE,0.387381395272818
Seychelles,SYC,1972,Methane emissions in energy sector (thousand metric tons of CO2 equivalent),EN.ATM.METH.EG.KT.CE,0.382706141406543
Seychelles,SYC,1971,Methane emissions in energy sector (thousand metric tons of CO2 equivalent),EN.ATM.METH.EG.KT.CE,0.370875180156575
Seychelles,SYC,1970,Methane emissions in energy sector (thousand metric tons of CO2 equivalent),EN.ATM.METH.EG.KT.CE,0.370602145404591
Seychelles,SYC,1969,Methane emissions in energy sector (thousand metric tons of CO2 equivalent),EN.ATM.METH.EG.KT.CE,0
Seychelles,SYC,2008,Energy related methane emissions (% of total),EN.ATM.METH.EG.ZS,16.0053342458987
Seychelles,SYC,2007,Energy related methane emissions (% of total),EN.ATM.METH.EG.ZS,14.9690641896833
Seychelles,SYC,2006,Energy related methane emissions (% of total),EN.ATM.METH.EG.ZS,13.5775482295696
Seychelles,SYC,2005,Energy related methane emissions (% of total),EN.ATM.METH.EG.ZS,12.5424379029063
Seychelles,SYC,2004,Energy related methane emissions (% of total),EN.ATM.METH.EG.ZS,12.1928075176235
Seychelles,SYC,2003,Energy related methane emissions (% of total),EN.ATM.METH.EG.ZS,9.86653144314212
Seychelles,SYC,2002,Energy related methane emissions (% of total),EN.ATM.METH.EG.ZS,9.24339708960718
Seychelles,SYC,2001,Energy related methane emissions (% of total),EN.ATM.METH.EG.ZS,7.23643848627374
Seychelles,SYC,2000,Energy related methane emissions (% of total),EN.ATM.METH.EG.ZS,6.5510968282336
Seychelles,SYC,1999,Energy related methane emissions (% of total),EN.ATM.METH.EG.ZS,5.07382652323035
Seychelles,SYC,1998,Energy related methane emissions (% of total),EN.ATM.METH.EG.ZS,4.86564075320877
Seychelles,SYC,1997,Energy related methane emissions (% of total),EN.ATM.METH.EG.ZS,6.00195386567501
Seychelles,SYC,1996,Energy related methane emissions (% of total),EN.ATM.METH.EG.ZS,4.93873171711468
Seychelles,SYC,1995,Energy related methane emissions (% of total),EN.ATM.METH.EG.ZS,5.00283546858384
Seychelles,SYC,1994,Energy related methane emissions (% of total),EN.ATM.METH.EG.ZS,4.69715452170843
Seychelles,SYC,1993,Energy related methane emissions (% of total),EN.ATM.METH.EG.ZS,4.17919351396475
Seychelles,SYC,1992,Energy related methane emissions (% of total),EN.ATM.METH.EG.ZS,4.08851288352982
Seychelles,SYC,1991,Energy related methane emissions (% of total),EN.ATM.METH.EG.ZS,4.47281411390302
Seychelles,SYC,1990,Energy related methane emissions (% of total),EN.ATM.METH.EG.ZS,3.98792324079953
Seychelles,SYC,1989,Energy related methane emissions (% of total),EN.ATM.METH.EG.ZS,5.60536985514203
Seychelles,SYC,1988,Energy related methane emissions (% of total),EN.ATM.METH.EG.ZS,6.07596334439206
Seychelles,SYC,1987,Energy related methane emissions (% of total),EN.ATM.METH.EG.ZS,3.07347768466831
Seychelles,SYC,1986,Energy related methane emissions (% of total),EN.ATM.METH.EG.ZS,3.1287154292105
Seychelles,SYC,1985,Energy related methane emissions (% of total),EN.ATM.METH.EG.ZS,3.42804704591268
Seychelles,SYC,1984,Energy related methane emissions (% of total),EN.ATM.METH.EG.ZS,3.19674490008588
Seychelles,SYC,1983,Energy related methane emissions (% of total),EN.ATM.METH.EG.ZS,3.39936372376985
Seychelles,SYC,1982,Energy related methane emissions (% of total),EN.ATM.METH.EG.ZS,2.08351245499142
Seychelles,SYC,1981,Energy related methane emissions (% of total),EN.ATM.METH.EG.ZS,2.60419626028234
Seychelles,SYC,1980,Energy related methane emissions (% of total),EN.ATM.METH.EG.ZS,3.90952941882389
Seychelles,SYC,1979,Energy related methane emissions (% of total),EN.ATM.METH.EG.ZS,3.93352010225742
Seychelles,SYC,1978,Energy related methane emissions (% of total),EN.ATM.METH.EG.ZS,2.90968731083525
Seychelles,SYC,1977,Energy related methane emissions (% of total),EN.ATM.METH.EG.ZS,2.70738243006177
Seychelles,SYC,1976,Energy related methane emissions (% of total),EN.ATM.METH.EG.ZS,2.92059353346327
Seychelles,SYC,1975,Energy related methane emissions (% of total),EN.ATM.METH.EG.ZS,3.63602274368847
Seychelles,SYC,1974,Energy related methane emissions (% of total),EN.ATM.METH.EG.ZS,3.81893770319552
Seychelles,SYC,1973,Energy related methane emissions (% of total),EN.ATM.METH.EG.ZS,3.73394054009618
Seychelles,SYC,1972,Energy related methane emissions (% of total),EN.ATM.METH.EG.ZS,3.83064689956342
Seychelles,SYC,1971,Energy related methane emissions (% of total),EN.ATM.METH.EG.ZS,3.94921138433515
Seychelles,SYC,1970,Energy related methane emissions (% of total),EN.ATM.METH.EG.ZS,4.16509394339271
Seychelles,SYC,2008,Nitrous oxide emissions in energy sector (thousand metric tons of CO2 equivalent),EN.ATM.NOXE.EG.KT.CE,4.72665665988
Seychelles,SYC,2007,Nitrous oxide emissions in energy sector (thousand metric tons of CO2 equivalent),EN.ATM.NOXE.EG.KT.CE,4.59455578731
Seychelles,SYC,2006,Nitrous oxide emissions in energy sector (thousand metric tons of CO2 equivalent),EN.ATM.NOXE.EG.KT.CE,4.363212149
Seychelles,SYC,2005,Nitrous oxide emissions in energy sector (thousand metric tons of CO2 equivalent),EN.ATM.NOXE.EG.KT.CE,4.68102616431
Seychelles,SYC,2004,Nitrous oxide emissions in energy sector (thousand metric tons of CO2 equivalent),EN.ATM.NOXE.EG.KT.CE,5.00416204231
Seychelles,SYC,2003,Nitrous oxide emissions in energy sector (thousand metric tons of CO2 equivalent),EN.ATM.NOXE.EG.KT.CE,2.687045714
Seychelles,SYC,2002,Nitrous oxide emissions in energy sector (thousand metric tons of CO2 equivalent),EN.ATM.NOXE.EG.KT.CE,2.68345120138
Seychelles,SYC,2001,Nitrous oxide emissions in energy sector (thousand metric tons of CO2 equivalent),EN.ATM.NOXE.EG.KT.CE,2.131638368
Seychelles,SYC,2000,Nitrous oxide emissions in energy sector (thousand metric tons of CO2 equivalent),EN.ATM.NOXE.EG.KT.CE,2.14233956738
Seychelles,SYC,1999,Nitrous oxide emissions in energy sector (thousand metric tons of CO2 equivalent),EN.ATM.NOXE.EG.KT.CE,1.77434117231
Seychelles,SYC,1998,Nitrous oxide emissions in energy sector (thousand metric tons of CO2 equivalent),EN.ATM.NOXE.EG.KT.CE,1.74174064231
Seychelles,SYC,1997,Nitrous oxide emissions in energy sector (thousand metric tons of CO2 equivalent),EN.ATM.NOXE.EG.KT.CE,1.82563116831
Seychelles,SYC,1996,Nitrous oxide emissions in energy sector (thousand metric tons of CO2 equivalent),EN.ATM.NOXE.EG.KT.CE,1.66852651631
Seychelles,SYC,1995,Nitrous oxide emissions in energy sector (thousand metric tons of CO2 equivalent),EN.ATM.NOXE.EG.KT.CE,1.66484985431
Seychelles,SYC,1994,Nitrous oxide emissions in energy sector (thousand metric tons of CO2 equivalent),EN.ATM.NOXE.EG.KT.CE,1.57257643231
Seychelles,SYC,1993,Nitrous oxide emissions in energy sector (thousand metric tons of CO2 equivalent),EN.ATM.NOXE.EG.KT.CE,1.493438144
Seychelles,SYC,1992,Nitrous oxide emissions in energy sector (thousand metric tons of CO2 equivalent),EN.ATM.NOXE.EG.KT.CE,1.63397379138
Seychelles,SYC,1991,Nitrous oxide emissions in energy sector (thousand metric tons of CO2 equivalent),EN.ATM.NOXE.EG.KT.CE,1.741517938
Seychelles,SYC,1990,Nitrous oxide emissions in energy sector (thousand metric tons of CO2 equivalent),EN.ATM.NOXE.EG.KT.CE,1.582974576
Seychelles,SYC,1989,Nitrous oxide emissions in energy sector (thousand metric tons of CO2 equivalent),EN.ATM.NOXE.EG.KT.CE,1.840032714
Seychelles,SYC,1988,Nitrous oxide emissions in energy sector (thousand metric tons of CO2 equivalent),EN.ATM.NOXE.EG.KT.CE,1.886943216
Seychelles,SYC,1987,Nitrous oxide emissions in energy sector (thousand metric tons of CO2 equivalent),EN.ATM.NOXE.EG.KT.CE,2.539734892
Seychelles,SYC,1986,Nitrous oxide emissions in energy sector (thousand metric tons of CO2 equivalent),EN.ATM.NOXE.EG.KT.CE,2.542136152
Seychelles,SYC,1985,Nitrous oxide emissions in energy sector (thousand metric tons of CO2 equivalent),EN.ATM.NOXE.EG.KT.CE,2.373018938
Seychelles,SYC,1984,Nitrous oxide emissions in energy sector (thousand metric tons of CO2 equivalent),EN.ATM.NOXE.EG.KT.CE,2.388726514
Seychelles,SYC,1983,Nitrous oxide emissions in energy sector (thousand metric tons of CO2 equivalent),EN.ATM.NOXE.EG.KT.CE,2.184878202
Seychelles,SYC,1982,Nitrous oxide emissions in energy sector (thousand metric tons of CO2 equivalent),EN.ATM.NOXE.EG.KT.CE,1.137378902
Seychelles,SYC,1981,Nitrous oxide emissions in energy sector (thousand metric tons of CO2 equivalent),EN.ATM.NOXE.EG.KT.CE,0.818709442
Seychelles,SYC,1980,Nitrous oxide emissions in energy sector (thousand metric tons of CO2 equivalent),EN.ATM.NOXE.EG.KT.CE,1.418292346
Seychelles,SYC,1979,Nitrous oxide emissions in energy sector (thousand metric tons of CO2 equivalent),EN.ATM.NOXE.EG.KT.CE,1.235469288
Seychelles,SYC,1978,Nitrous oxide emissions in energy sector (thousand metric tons of CO2 equivalent),EN.ATM.NOXE.EG.KT.CE,0.994953804
Seychelles,SYC,1977,Nitrous oxide emissions in energy sector (thousand metric tons of CO2 equivalent),EN.ATM.NOXE.EG.KT.CE,0.775381114
Seychelles,SYC,1976,Nitrous oxide emissions in energy sector (thousand metric tons of CO2 equivalent),EN.ATM.NOXE.EG.KT.CE,0.72726031
Seychelles,SYC,1975,Nitrous oxide emissions in energy sector (thousand metric tons of CO2 equivalent),EN.ATM.NOXE.EG.KT.CE,0.655394591
Seychelles,SYC,1974,Nitrous oxide emissions in energy sector (thousand metric tons of CO2 equivalent),EN.ATM.NOXE.EG.KT.CE,0.427902548
Seychelles,SYC,1973,Nitrous oxide emissions in energy sector (thousand metric tons of CO2 equivalent),EN.ATM.NOXE.EG.KT.CE,0.385358272
Seychelles,SYC,1972,Nitrous oxide emissions in energy sector (thousand metric tons of CO2 equivalent),EN.ATM.NOXE.EG.KT.CE,0.373095044
Seychelles,SYC,1971,Nitrous oxide emissions in energy sector (thousand metric tons of CO2 equivalent),EN.ATM.NOXE.EG.KT.CE,0.358674464
Seychelles,SYC,1970,Nitrous oxide emissions in energy sector (thousand metric tons of CO2 equivalent),EN.ATM.NOXE.EG.KT.CE,0.357810494
Seychelles,SYC,1969,Nitrous oxide emissions in energy sector (thousand metric tons of CO2 equivalent),EN.ATM.NOXE.EG.KT.CE,0
Seychelles,SYC,2008,Nitrous oxide emissions in energy sector (% of total),EN.ATM.NOXE.EG.ZS,21.5956426352801
Seychelles,SYC,2007,Nitrous oxide emissions in energy sector (% of total),EN.ATM.NOXE.EG.ZS,21.224613634541
Seychelles,SYC,2006,Nitrous oxide emissions in energy sector (% of total),EN.ATM.NOXE.EG.ZS,20.907610436219
Seychelles,SYC,2005,Nitrous oxide emissions in energy sector (% of total),EN.ATM.NOXE.EG.ZS,23.1557675189271
Seychelles,SYC,2004,Nitrous oxide emissions in energy sector (% of total),EN.ATM.NOXE.EG.ZS,24.8315712899067
Seychelles,SYC,2003,Nitrous oxide emissions in energy sector (% of total),EN.ATM.NOXE.EG.ZS,15.2439706583235
Seychelles,SYC,2002,Nitrous oxide emissions in energy sector (% of total),EN.ATM.NOXE.EG.ZS,15.0530110180957
Seychelles,SYC,2001,Nitrous oxide emissions in energy sector (% of total),EN.ATM.NOXE.EG.ZS,14.5940573213801
Seychelles,SYC,2000,Nitrous oxide emissions in energy sector (% of total),EN.ATM.NOXE.EG.ZS,14.7965494237271
Seychelles,SYC,1999,Nitrous oxide emissions in energy sector (% of total),EN.ATM.NOXE.EG.ZS,12.4532892983647
Seychelles,SYC,1998,Nitrous oxide emissions in energy sector (% of total),EN.ATM.NOXE.EG.ZS,12.3183673222848
Seychelles,SYC,1997,Nitrous oxide emissions in energy sector (% of total),EN.ATM.NOXE.EG.ZS,12.8204390961239
Seychelles,SYC,1996,Nitrous oxide emissions in energy sector (% of total),EN.ATM.NOXE.EG.ZS,12.5731309138648
Seychelles,SYC,1995,Nitrous oxide emissions in energy sector (% of total),EN.ATM.NOXE.EG.ZS,12.4711955270289
Seychelles,SYC,1994,Nitrous oxide emissions in energy sector (% of total),EN.ATM.NOXE.EG.ZS,11.9955336243447
Seychelles,SYC,1993,Nitrous oxide emissions in energy sector (% of total),EN.ATM.NOXE.EG.ZS,11.4156526354701
Seychelles,SYC,1992,Nitrous oxide emissions in energy sector (% of total),EN.ATM.NOXE.EG.ZS,12.2292855024884
Seychelles,SYC,1991,Nitrous oxide emissions in energy sector (% of total),EN.ATM.NOXE.EG.ZS,12.8519362092987
Seychelles,SYC,1990,Nitrous oxide emissions in energy sector (% of total),EN.ATM.NOXE.EG.ZS,12.078391745847
Seychelles,SYC,1989,Nitrous oxide emissions in energy sector (% of total),EN.ATM.NOXE.EG.ZS,13.6686940842424
Seychelles,SYC,1988,Nitrous oxide emissions in energy sector (% of total),EN.ATM.NOXE.EG.ZS,13.1351635498893
Seychelles,SYC,1987,Nitrous oxide emissions in energy sector (% of total),EN.ATM.NOXE.EG.ZS,20.0936246400769
Seychelles,SYC,1986,Nitrous oxide emissions in energy sector (% of total),EN.ATM.NOXE.EG.ZS,20.0991156862745
Seychelles,SYC,1985,Nitrous oxide emissions in energy sector (% of total),EN.ATM.NOXE.EG.ZS,20.5141049381889
Seychelles,SYC,1984,Nitrous oxide emissions in energy sector (% of total),EN.ATM.NOXE.EG.ZS,21.3816711156495
Seychelles,SYC,1983,Nitrous oxide emissions in energy sector (% of total),EN.ATM.NOXE.EG.ZS,17.1160047404184
Seychelles,SYC,1982,Nitrous oxide emissions in energy sector (% of total),EN.ATM.NOXE.EG.ZS,8.68560410398207
Seychelles,SYC,1981,Nitrous oxide emissions in energy sector (% of total),EN.ATM.NOXE.EG.ZS,6.23254708632355
Seychelles,SYC,1980,Nitrous oxide emissions in energy sector (% of total),EN.ATM.NOXE.EG.ZS,10.3228218932054
Seychelles,SYC,1979,Nitrous oxide emissions in energy sector (% of total),EN.ATM.NOXE.EG.ZS,10.2898562399306
Seychelles,SYC,1978,Nitrous oxide emissions in energy sector (% of total),EN.ATM.NOXE.EG.ZS,8.95350856148142
Seychelles,SYC,1977,Nitrous oxide emissions in energy sector (% of total),EN.ATM.NOXE.EG.ZS,7.71191768953514
Seychelles,SYC,1976,Nitrous oxide emissions in energy sector (% of total),EN.ATM.NOXE.EG.ZS,7.36044187731975
Seychelles,SYC,1975,Nitrous oxide emissions in energy sector (% of total),EN.ATM.NOXE.EG.ZS,7.18257334855341
Seychelles,SYC,1974,Nitrous oxide emissions in energy sector (% of total),EN.ATM.NOXE.EG.ZS,5.27308734036498
Seychelles,SYC,1973,Nitrous oxide emissions in energy sector (% of total),EN.ATM.NOXE.EG.ZS,4.86652755865438
Seychelles,SYC,1972,Nitrous oxide emissions in energy sector (% of total),EN.ATM.NOXE.EG.ZS,4.96818301905485
Seychelles,SYC,1971,Nitrous oxide emissions in energy sector (% of total),EN.ATM.NOXE.EG.ZS,5.26499572252862
Seychelles,SYC,1970,Nitrous oxide emissions in energy sector (% of total),EN.ATM.NOXE.EG.ZS,5.71640244657405
Seychelles,SYC,2019,Time required to get electricity (days),IC.ELC.TIME,52
Seychelles,SYC,2018,Time required to get electricity (days),IC.ELC.TIME,52
Seychelles,SYC,2017,Time required to get electricity (days),IC.ELC.TIME,52
Seychelles,SYC,2016,Time required to get electricity (days),IC.ELC.TIME,52
Seychelles,SYC,2015,Time required to get electricity (days),IC.ELC.TIME,137
Seychelles,SYC,2014,Time required to get electricity (days),IC.ELC.TIME,137
Seychelles,SYC,2013,Time required to get electricity (days),IC.ELC.TIME,137
Seychelles,SYC,2012,Time required to get electricity (days),IC.ELC.TIME,147
Seychelles,SYC,2011,Time required to get electricity (days),IC.ELC.TIME,147
Seychelles,SYC,2010,Time required to get electricity (days),IC.ELC.TIME,147
Seychelles,SYC,2009,Time required to get electricity (days),IC.ELC.TIME,147
Seychelles,SYC,2017,Adjusted savings: mineral depletion (current US$),NY.ADJ.DMIN.CD,0
Seychelles,SYC,2016,Adjusted savings: mineral depletion (current US$),NY.ADJ.DMIN.CD,0
Seychelles,SYC,2015,Adjusted savings: mineral depletion (current US$),NY.ADJ.DMIN.CD,0
Seychelles,SYC,2014,Adjusted savings: mineral depletion (current US$),NY.ADJ.DMIN.CD,0
Seychelles,SYC,2013,Adjusted savings: mineral depletion (current US$),NY.ADJ.DMIN.CD,0
Seychelles,SYC,2012,Adjusted savings: mineral depletion (current US$),NY.ADJ.DMIN.CD,0
Seychelles,SYC,2011,Adjusted savings: mineral depletion (current US$),NY.ADJ.DMIN.CD,0
Seychelles,SYC,2010,Adjusted savings: mineral depletion (current US$),NY.ADJ.DMIN.CD,0
Seychelles,SYC,2009,Adjusted savings: mineral depletion (current US$),NY.ADJ.DMIN.CD,0
Seychelles,SYC,2008,Adjusted savings: mineral depletion (current US$),NY.ADJ.DMIN.CD,0
Seychelles,SYC,2007,Adjusted savings: mineral depletion (current US$),NY.ADJ.DMIN.CD,0
Seychelles,SYC,2006,Adjusted savings: mineral depletion (current US$),NY.ADJ.DMIN.CD,0
Seychelles,SYC,2005,Adjusted savings: mineral depletion (current US$),NY.ADJ.DMIN.CD,0
Seychelles,SYC,2004,Adjusted savings: mineral depletion (current US$),NY.ADJ.DMIN.CD,0
Seychelles,SYC,2003,Adjusted savings: mineral depletion (current US$),NY.ADJ.DMIN.CD,0
Seychelles,SYC,2002,Adjusted savings: mineral depletion (current US$),NY.ADJ.DMIN.CD,0
Seychelles,SYC,2001,Adjusted savings: mineral depletion (current US$),NY.ADJ.DMIN.CD,0
Seychelles,SYC,2000,Adjusted savings: mineral depletion (current US$),NY.ADJ.DMIN.CD,0
Seychelles,SYC,1999,Adjusted savings: mineral depletion (current US$),NY.ADJ.DMIN.CD,0
Seychelles,SYC,1998,Adjusted savings: mineral depletion (current US$),NY.ADJ.DMIN.CD,0
Seychelles,SYC,1997,Adjusted savings: mineral depletion (current US$),NY.ADJ.DMIN.CD,0
Seychelles,SYC,1996,Adjusted savings: mineral depletion (current US$),NY.ADJ.DMIN.CD,0
Seychelles,SYC,1995,Adjusted savings: mineral depletion (current US$),NY.ADJ.DMIN.CD,0
Seychelles,SYC,1994,Adjusted savings: mineral depletion (current US$),NY.ADJ.DMIN.CD,0
Seychelles,SYC,1993,Adjusted savings: mineral depletion (current US$),NY.ADJ.DMIN.CD,0
Seychelles,SYC,1992,Adjusted savings: mineral depletion (current US$),NY.ADJ.DMIN.CD,0
Seychelles,SYC,1991,Adjusted savings: mineral depletion (current US$),NY.ADJ.DMIN.CD,0
Seychelles,SYC,1990,Adjusted savings: mineral depletion (current US$),NY.ADJ.DMIN.CD,0
Seychelles,SYC,1989,Adjusted savings: mineral depletion (current US$),NY.ADJ.DMIN.CD,0
Seychelles,SYC,1988,Adjusted savings: mineral depletion (current US$),NY.ADJ.DMIN.CD,0
Seychelles,SYC,1987,Adjusted savings: mineral depletion (current US$),NY.ADJ.DMIN.CD,0
Seychelles,SYC,1986,Adjusted savings: mineral depletion (current US$),NY.ADJ.DMIN.CD,0
Seychelles,SYC,1985,Adjusted savings: mineral depletion (current US$),NY.ADJ.DMIN.CD,0
Seychelles,SYC,1984,Adjusted savings: mineral depletion (current US$),NY.ADJ.DMIN.CD,0
Seychelles,SYC,1983,Adjusted savings: mineral depletion (current US$),NY.ADJ.DMIN.CD,0
Seychelles,SYC,1982,Adjusted savings: mineral depletion (current US$),NY.ADJ.DMIN.CD,0
Seychelles,SYC,1981,Adjusted savings: mineral depletion (current US$),NY.ADJ.DMIN.CD,0
Seychelles,SYC,1980,Adjusted savings: mineral depletion (current US$),NY.ADJ.DMIN.CD,0
Seychelles,SYC,1979,Adjusted savings: mineral depletion (current US$),NY.ADJ.DMIN.CD,0
Seychelles,SYC,1978,Adjusted savings: mineral depletion (current US$),NY.ADJ.DMIN.CD,0
Seychelles,SYC,1977,Adjusted savings: mineral depletion (current US$),NY.ADJ.DMIN.CD,0
Seychelles,SYC,1976,Adjusted savings: mineral depletion (current US$),NY.ADJ.DMIN.CD,0
Seychelles,SYC,1975,Adjusted savings: mineral depletion (current US$),NY.ADJ.DMIN.CD,0
Seychelles,SYC,1974,Adjusted savings: mineral depletion (current US$),NY.ADJ.DMIN.CD,0
Seychelles,SYC,1973,Adjusted savings: mineral depletion (current US$),NY.ADJ.DMIN.CD,0
Seychelles,SYC,1972,Adjusted savings: mineral depletion (current US$),NY.ADJ.DMIN.CD,0
Seychelles,SYC,1971,Adjusted savings: mineral depletion (current US$),NY.ADJ.DMIN.CD,0
Seychelles,SYC,1970,Adjusted savings: mineral depletion (current US$),NY.ADJ.DMIN.CD,0
Seychelles,SYC,2017,Adjusted savings: mineral depletion (% of GNI),NY.ADJ.DMIN.GN.ZS,0
Seychelles,SYC,2016,Adjusted savings: mineral depletion (% of GNI),NY.ADJ.DMIN.GN.ZS,0
Seychelles,SYC,2015,Adjusted savings: mineral depletion (% of GNI),NY.ADJ.DMIN.GN.ZS,0
Seychelles,SYC,2014,Adjusted savings: mineral depletion (% of GNI),NY.ADJ.DMIN.GN.ZS,0
Seychelles,SYC,2013,Adjusted savings: mineral depletion (% of GNI),NY.ADJ.DMIN.GN.ZS,0
Seychelles,SYC,2012,Adjusted savings: mineral depletion (% of GNI),NY.ADJ.DMIN.GN.ZS,0
Seychelles,SYC,2011,Adjusted savings: mineral depletion (% of GNI),NY.ADJ.DMIN.GN.ZS,0
Seychelles,SYC,2010,Adjusted savings: mineral depletion (% of GNI),NY.ADJ.DMIN.GN.ZS,0
Seychelles,SYC,2009,Adjusted savings: mineral depletion (% of GNI),NY.ADJ.DMIN.GN.ZS,0
Seychelles,SYC,2008,Adjusted savings: mineral depletion (% of GNI),NY.ADJ.DMIN.GN.ZS,0
Seychelles,SYC,2007,Adjusted savings: mineral depletion (% of GNI),NY.ADJ.DMIN.GN.ZS,0
Seychelles,SYC,2006,Adjusted savings: mineral depletion (% of GNI),NY.ADJ.DMIN.GN.ZS,0
Seychelles,SYC,2005,Adjusted savings: mineral depletion (% of GNI),NY.ADJ.DMIN.GN.ZS,0
Seychelles,SYC,2004,Adjusted savings: mineral depletion (% of GNI),NY.ADJ.DMIN.GN.ZS,0
Seychelles,SYC,2003,Adjusted savings: mineral depletion (% of GNI),NY.ADJ.DMIN.GN.ZS,0
Seychelles,SYC,2002,Adjusted savings: mineral depletion (% of GNI),NY.ADJ.DMIN.GN.ZS,0
Seychelles,SYC,2001,Adjusted savings: mineral depletion (% of GNI),NY.ADJ.DMIN.GN.ZS,0
Seychelles,SYC,2000,Adjusted savings: mineral depletion (% of GNI),NY.ADJ.DMIN.GN.ZS,0
Seychelles,SYC,1999,Adjusted savings: mineral depletion (% of GNI),NY.ADJ.DMIN.GN.ZS,0
Seychelles,SYC,1998,Adjusted savings: mineral depletion (% of GNI),NY.ADJ.DMIN.GN.ZS,0
Seychelles,SYC,1997,Adjusted savings: mineral depletion (% of GNI),NY.ADJ.DMIN.GN.ZS,0
Seychelles,SYC,1996,Adjusted savings: mineral depletion (% of GNI),NY.ADJ.DMIN.GN.ZS,0
Seychelles,SYC,1995,Adjusted savings: mineral depletion (% of GNI),NY.ADJ.DMIN.GN.ZS,0
Seychelles,SYC,1994,Adjusted savings: mineral depletion (% of GNI),NY.ADJ.DMIN.GN.ZS,0
Seychelles,SYC,1993,Adjusted savings: mineral depletion (% of GNI),NY.ADJ.DMIN.GN.ZS,0
Seychelles,SYC,1992,Adjusted savings: mineral depletion (% of GNI),NY.ADJ.DMIN.GN.ZS,0
Seychelles,SYC,1991,Adjusted savings: mineral depletion (% of GNI),NY.ADJ.DMIN.GN.ZS,0
Seychelles,SYC,1990,Adjusted savings: mineral depletion (% of GNI),NY.ADJ.DMIN.GN.ZS,0
Seychelles,SYC,1989,Adjusted savings: mineral depletion (% of GNI),NY.ADJ.DMIN.GN.ZS,0
Seychelles,SYC,1988,Adjusted savings: mineral depletion (% of GNI),NY.ADJ.DMIN.GN.ZS,0
Seychelles,SYC,1987,Adjusted savings: mineral depletion (% of GNI),NY.ADJ.DMIN.GN.ZS,0
Seychelles,SYC,1986,Adjusted savings: mineral depletion (% of GNI),NY.ADJ.DMIN.GN.ZS,0
Seychelles,SYC,1985,Adjusted savings: mineral depletion (% of GNI),NY.ADJ.DMIN.GN.ZS,0
Seychelles,SYC,1984,Adjusted savings: mineral depletion (% of GNI),NY.ADJ.DMIN.GN.ZS,0
Seychelles,SYC,1983,Adjusted savings: mineral depletion (% of GNI),NY.ADJ.DMIN.GN.ZS,0
Seychelles,SYC,1982,Adjusted savings: mineral depletion (% of GNI),NY.ADJ.DMIN.GN.ZS,0
Seychelles,SYC,1981,Adjusted savings: mineral depletion (% of GNI),NY.ADJ.DMIN.GN.ZS,0
Seychelles,SYC,1980,Adjusted savings: mineral depletion (% of GNI),NY.ADJ.DMIN.GN.ZS,0
Seychelles,SYC,1979,Adjusted savings: mineral depletion (% of GNI),NY.ADJ.DMIN.GN.ZS,0
Seychelles,SYC,1978,Adjusted savings: mineral depletion (% of GNI),NY.ADJ.DMIN.GN.ZS,0
Seychelles,SYC,1977,Adjusted savings: mineral depletion (% of GNI),NY.ADJ.DMIN.GN.ZS,0
Seychelles,SYC,1976,Adjusted savings: mineral depletion (% of GNI),NY.ADJ.DMIN.GN.ZS,0
Seychelles,SYC,1975,Adjusted savings: mineral depletion (% of GNI),NY.ADJ.DMIN.GN.ZS,0
Seychelles,SYC,1974,Adjusted savings: mineral depletion (% of GNI),NY.ADJ.DMIN.GN.ZS,0
Seychelles,SYC,1973,Adjusted savings: mineral depletion (% of GNI),NY.ADJ.DMIN.GN.ZS,0
Seychelles,SYC,1972,Adjusted savings: mineral depletion (% of GNI),NY.ADJ.DMIN.GN.ZS,0
Seychelles,SYC,1971,Adjusted savings: mineral depletion (% of GNI),NY.ADJ.DMIN.GN.ZS,0
Seychelles,SYC,1970,Adjusted savings: mineral depletion (% of GNI),NY.ADJ.DMIN.GN.ZS,0
Seychelles,SYC,2017,Adjusted savings: energy depletion (current US$),NY.ADJ.DNGY.CD,0
Seychelles,SYC,2016,Adjusted savings: energy depletion (current US$),NY.ADJ.DNGY.CD,0
Seychelles,SYC,2015,Adjusted savings: energy depletion (current US$),NY.ADJ.DNGY.CD,0
Seychelles,SYC,2014,Adjusted savings: energy depletion (current US$),NY.ADJ.DNGY.CD,0
Seychelles,SYC,2013,Adjusted savings: energy depletion (current US$),NY.ADJ.DNGY.CD,0
Seychelles,SYC,2012,Adjusted savings: energy depletion (current US$),NY.ADJ.DNGY.CD,0
Seychelles,SYC,2011,Adjusted savings: energy depletion (current US$),NY.ADJ.DNGY.CD,0
Seychelles,SYC,2010,Adjusted savings: energy depletion (current US$),NY.ADJ.DNGY.CD,0
Seychelles,SYC,2009,Adjusted savings: energy depletion (current US$),NY.ADJ.DNGY.CD,0
Seychelles,SYC,2008,Adjusted savings: energy depletion (current US$),NY.ADJ.DNGY.CD,0
Seychelles,SYC,2007,Adjusted savings: energy depletion (current US$),NY.ADJ.DNGY.CD,0
Seychelles,SYC,2006,Adjusted savings: energy depletion (current US$),NY.ADJ.DNGY.CD,0
Seychelles,SYC,2005,Adjusted savings: energy depletion (current US$),NY.ADJ.DNGY.CD,0
Seychelles,SYC,2004,Adjusted savings: energy depletion (current US$),NY.ADJ.DNGY.CD,0
Seychelles,SYC,2003,Adjusted savings: energy depletion (current US$),NY.ADJ.DNGY.CD,0
Seychelles,SYC,2002,Adjusted savings: energy depletion (current US$),NY.ADJ.DNGY.CD,0
Seychelles,SYC,2001,Adjusted savings: energy depletion (current US$),NY.ADJ.DNGY.CD,0
Seychelles,SYC,2000,Adjusted savings: energy depletion (current US$),NY.ADJ.DNGY.CD,0
Seychelles,SYC,1999,Adjusted savings: energy depletion (current US$),NY.ADJ.DNGY.CD,0
Seychelles,SYC,1998,Adjusted savings: energy depletion (current US$),NY.ADJ.DNGY.CD,0
Seychelles,SYC,1997,Adjusted savings: energy depletion (current US$),NY.ADJ.DNGY.CD,0
Seychelles,SYC,1996,Adjusted savings: energy depletion (current US$),NY.ADJ.DNGY.CD,0
Seychelles,SYC,1995,Adjusted savings: energy depletion (current US$),NY.ADJ.DNGY.CD,0
Seychelles,SYC,1994,Adjusted savings: energy depletion (current US$),NY.ADJ.DNGY.CD,0
Seychelles,SYC,1993,Adjusted savings: energy depletion (current US$),NY.ADJ.DNGY.CD,0
Seychelles,SYC,1992,Adjusted savings: energy depletion (current US$),NY.ADJ.DNGY.CD,0
Seychelles,SYC,1991,Adjusted savings: energy depletion (current US$),NY.ADJ.DNGY.CD,0
Seychelles,SYC,1990,Adjusted savings: energy depletion (current US$),NY.ADJ.DNGY.CD,0
Seychelles,SYC,1989,Adjusted savings: energy depletion (current US$),NY.ADJ.DNGY.CD,0
Seychelles,SYC,1988,Adjusted savings: energy depletion (current US$),NY.ADJ.DNGY.CD,0
Seychelles,SYC,1987,Adjusted savings: energy depletion (current US$),NY.ADJ.DNGY.CD,0
Seychelles,SYC,1986,Adjusted savings: energy depletion (current US$),NY.ADJ.DNGY.CD,0
Seychelles,SYC,1985,Adjusted savings: energy depletion (current US$),NY.ADJ.DNGY.CD,0
Seychelles,SYC,1984,Adjusted savings: energy depletion (current US$),NY.ADJ.DNGY.CD,0
Seychelles,SYC,1983,Adjusted savings: energy depletion (current US$),NY.ADJ.DNGY.CD,0
Seychelles,SYC,1982,Adjusted savings: energy depletion (current US$),NY.ADJ.DNGY.CD,0
Seychelles,SYC,1981,Adjusted savings: energy depletion (current US$),NY.ADJ.DNGY.CD,0
Seychelles,SYC,1980,Adjusted savings: energy depletion (current US$),NY.ADJ.DNGY.CD,0
Seychelles,SYC,2017,Adjusted savings: energy depletion (% of GNI),NY.ADJ.DNGY.GN.ZS,0
Seychelles,SYC,2016,Adjusted savings: energy depletion (% of GNI),NY.ADJ.DNGY.GN.ZS,0
Seychelles,SYC,2015,Adjusted savings: energy depletion (% of GNI),NY.ADJ.DNGY.GN.ZS,0
Seychelles,SYC,2014,Adjusted savings: energy depletion (% of GNI),NY.ADJ.DNGY.GN.ZS,0
Seychelles,SYC,2013,Adjusted savings: energy depletion (% of GNI),NY.ADJ.DNGY.GN.ZS,0
Seychelles,SYC,2012,Adjusted savings: energy depletion (% of GNI),NY.ADJ.DNGY.GN.ZS,0
Seychelles,SYC,2011,Adjusted savings: energy depletion (% of GNI),NY.ADJ.DNGY.GN.ZS,0
Seychelles,SYC,2010,Adjusted savings: energy depletion (% of GNI),NY.ADJ.DNGY.GN.ZS,0
Seychelles,SYC,2009,Adjusted savings: energy depletion (% of GNI),NY.ADJ.DNGY.GN.ZS,0
Seychelles,SYC,2008,Adjusted savings: energy depletion (% of GNI),NY.ADJ.DNGY.GN.ZS,0
Seychelles,SYC,2007,Adjusted savings: energy depletion (% of GNI),NY.ADJ.DNGY.GN.ZS,0
Seychelles,SYC,2006,Adjusted savings: energy depletion (% of GNI),NY.ADJ.DNGY.GN.ZS,0
Seychelles,SYC,2005,Adjusted savings: energy depletion (% of GNI),NY.ADJ.DNGY.GN.ZS,0
Seychelles,SYC,2004,Adjusted savings: energy depletion (% of GNI),NY.ADJ.DNGY.GN.ZS,0
Seychelles,SYC,2003,Adjusted savings: energy depletion (% of GNI),NY.ADJ.DNGY.GN.ZS,0
Seychelles,SYC,2002,Adjusted savings: energy depletion (% of GNI),NY.ADJ.DNGY.GN.ZS,0
Seychelles,SYC,2001,Adjusted savings: energy depletion (% of GNI),NY.ADJ.DNGY.GN.ZS,0
Seychelles,SYC,2000,Adjusted savings: energy depletion (% of GNI),NY.ADJ.DNGY.GN.ZS,0
Seychelles,SYC,1999,Adjusted savings: energy depletion (% of GNI),NY.ADJ.DNGY.GN.ZS,0
Seychelles,SYC,1998,Adjusted savings: energy depletion (% of GNI),NY.ADJ.DNGY.GN.ZS,0
Seychelles,SYC,1997,Adjusted savings: energy depletion (% of GNI),NY.ADJ.DNGY.GN.ZS,0
Seychelles,SYC,1996,Adjusted savings: energy depletion (% of GNI),NY.ADJ.DNGY.GN.ZS,0
Seychelles,SYC,1995,Adjusted savings: energy depletion (% of GNI),NY.ADJ.DNGY.GN.ZS,0
Seychelles,SYC,1994,Adjusted savings: energy depletion (% of GNI),NY.ADJ.DNGY.GN.ZS,0
Seychelles,SYC,1993,Adjusted savings: energy depletion (% of GNI),NY.ADJ.DNGY.GN.ZS,0
Seychelles,SYC,1992,Adjusted savings: energy depletion (% of GNI),NY.ADJ.DNGY.GN.ZS,0
Seychelles,SYC,1991,Adjusted savings: energy depletion (% of GNI),NY.ADJ.DNGY.GN.ZS,0
Seychelles,SYC,1990,Adjusted savings: energy depletion (% of GNI),NY.ADJ.DNGY.GN.ZS,0
Seychelles,SYC,1989,Adjusted savings: energy depletion (% of GNI),NY.ADJ.DNGY.GN.ZS,0
Seychelles,SYC,1988,Adjusted savings: energy depletion (% of GNI),NY.ADJ.DNGY.GN.ZS,0
Seychelles,SYC,1987,Adjusted savings: energy depletion (% of GNI),NY.ADJ.DNGY.GN.ZS,0
Seychelles,SYC,1986,Adjusted savings: energy depletion (% of GNI),NY.ADJ.DNGY.GN.ZS,0
Seychelles,SYC,1985,Adjusted savings: energy depletion (% of GNI),NY.ADJ.DNGY.GN.ZS,0
Seychelles,SYC,1984,Adjusted savings: energy depletion (% of GNI),NY.ADJ.DNGY.GN.ZS,0
Seychelles,SYC,1983,Adjusted savings: energy depletion (% of GNI),NY.ADJ.DNGY.GN.ZS,0
Seychelles,SYC,1982,Adjusted savings: energy depletion (% of GNI),NY.ADJ.DNGY.GN.ZS,0
Seychelles,SYC,1981,Adjusted savings: energy depletion (% of GNI),NY.ADJ.DNGY.GN.ZS,0
Seychelles,SYC,1980,Adjusted savings: energy depletion (% of GNI),NY.ADJ.DNGY.GN.ZS,0
Seychelles,SYC,2017,Adjusted savings: natural resources depletion (% of GNI),NY.ADJ.DRES.GN.ZS,0
Seychelles,SYC,2016,Adjusted savings: natural resources depletion (% of GNI),NY.ADJ.DRES.GN.ZS,0
Seychelles,SYC,2015,Adjusted savings: natural resources depletion (% of GNI),NY.ADJ.DRES.GN.ZS,0
Seychelles,SYC,2014,Adjusted savings: natural resources depletion (% of GNI),NY.ADJ.DRES.GN.ZS,0
Seychelles,SYC,2013,Adjusted savings: natural resources depletion (% of GNI),NY.ADJ.DRES.GN.ZS,0
Seychelles,SYC,2012,Adjusted savings: natural resources depletion (% of GNI),NY.ADJ.DRES.GN.ZS,0
Seychelles,SYC,2011,Adjusted savings: natural resources depletion (% of GNI),NY.ADJ.DRES.GN.ZS,0
Seychelles,SYC,2010,Adjusted savings: natural resources depletion (% of GNI),NY.ADJ.DRES.GN.ZS,0
Seychelles,SYC,2009,Adjusted savings: natural resources depletion (% of GNI),NY.ADJ.DRES.GN.ZS,0
Seychelles,SYC,2008,Adjusted savings: natural resources depletion (% of GNI),NY.ADJ.DRES.GN.ZS,0
Seychelles,SYC,2007,Adjusted savings: natural resources depletion (% of GNI),NY.ADJ.DRES.GN.ZS,0
Seychelles,SYC,2006,Adjusted savings: natural resources depletion (% of GNI),NY.ADJ.DRES.GN.ZS,0
Seychelles,SYC,2005,Adjusted savings: natural resources depletion (% of GNI),NY.ADJ.DRES.GN.ZS,0
Seychelles,SYC,2004,Adjusted savings: natural resources depletion (% of GNI),NY.ADJ.DRES.GN.ZS,0
Seychelles,SYC,2003,Adjusted savings: natural resources depletion (% of GNI),NY.ADJ.DRES.GN.ZS,0
Seychelles,SYC,2002,Adjusted savings: natural resources depletion (% of GNI),NY.ADJ.DRES.GN.ZS,0
Seychelles,SYC,2001,Adjusted savings: natural resources depletion (% of GNI),NY.ADJ.DRES.GN.ZS,0
Seychelles,SYC,2000,Adjusted savings: natural resources depletion (% of GNI),NY.ADJ.DRES.GN.ZS,0
Seychelles,SYC,1999,Adjusted savings: natural resources depletion (% of GNI),NY.ADJ.DRES.GN.ZS,0
Seychelles,SYC,1998,Adjusted savings: natural resources depletion (% of GNI),NY.ADJ.DRES.GN.ZS,0
Seychelles,SYC,1997,Adjusted savings: natural resources depletion (% of GNI),NY.ADJ.DRES.GN.ZS,0
Seychelles,SYC,1996,Adjusted savings: natural resources depletion (% of GNI),NY.ADJ.DRES.GN.ZS,0
Seychelles,SYC,1995,Adjusted savings: natural resources depletion (% of GNI),NY.ADJ.DRES.GN.ZS,0
Seychelles,SYC,1994,Adjusted savings: natural resources depletion (% of GNI),NY.ADJ.DRES.GN.ZS,0
Seychelles,SYC,1993,Adjusted savings: natural resources depletion (% of GNI),NY.ADJ.DRES.GN.ZS,0
Seychelles,SYC,1992,Adjusted savings: natural resources depletion (% of GNI),NY.ADJ.DRES.GN.ZS,0
Seychelles,SYC,1991,Adjusted savings: natural resources depletion (% of GNI),NY.ADJ.DRES.GN.ZS,0
Seychelles,SYC,1990,Adjusted savings: natural resources depletion (% of GNI),NY.ADJ.DRES.GN.ZS,0
Seychelles,SYC,2017,Mineral rents (% of GDP),NY.GDP.MINR.RT.ZS,0
Seychelles,SYC,2016,Mineral rents (% of GDP),NY.GDP.MINR.RT.ZS,0
Seychelles,SYC,2015,Mineral rents (% of GDP),NY.GDP.MINR.RT.ZS,0
Seychelles,SYC,2014,Mineral rents (% of GDP),NY.GDP.MINR.RT.ZS,0
Seychelles,SYC,2013,Mineral rents (% of GDP),NY.GDP.MINR.RT.ZS,0
Seychelles,SYC,2012,Mineral rents (% of GDP),NY.GDP.MINR.RT.ZS,0
Seychelles,SYC,2011,Mineral rents (% of GDP),NY.GDP.MINR.RT.ZS,0
Seychelles,SYC,2010,Mineral rents (% of GDP),NY.GDP.MINR.RT.ZS,0
Seychelles,SYC,2009,Mineral rents (% of GDP),NY.GDP.MINR.RT.ZS,0
Seychelles,SYC,2008,Mineral rents (% of GDP),NY.GDP.MINR.RT.ZS,0
Seychelles,SYC,2007,Mineral rents (% of GDP),NY.GDP.MINR.RT.ZS,0
Seychelles,SYC,2006,Mineral rents (% of GDP),NY.GDP.MINR.RT.ZS,0
Seychelles,SYC,2005,Mineral rents (% of GDP),NY.GDP.MINR.RT.ZS,0
Seychelles,SYC,2004,Mineral rents (% of GDP),NY.GDP.MINR.RT.ZS,0
Seychelles,SYC,2003,Mineral rents (% of GDP),NY.GDP.MINR.RT.ZS,0
Seychelles,SYC,2002,Mineral rents (% of GDP),NY.GDP.MINR.RT.ZS,0
Seychelles,SYC,2001,Mineral rents (% of GDP),NY.GDP.MINR.RT.ZS,0
Seychelles,SYC,2000,Mineral rents (% of GDP),NY.GDP.MINR.RT.ZS,0
Seychelles,SYC,1999,Mineral rents (% of GDP),NY.GDP.MINR.RT.ZS,0
Seychelles,SYC,1998,Mineral rents (% of GDP),NY.GDP.MINR.RT.ZS,0
Seychelles,SYC,1997,Mineral rents (% of GDP),NY.GDP.MINR.RT.ZS,0
Seychelles,SYC,1996,Mineral rents (% of GDP),NY.GDP.MINR.RT.ZS,0
Seychelles,SYC,1995,Mineral rents (% of GDP),NY.GDP.MINR.RT.ZS,0
Seychelles,SYC,1994,Mineral rents (% of GDP),NY.GDP.MINR.RT.ZS,0
Seychelles,SYC,1993,Mineral rents (% of GDP),NY.GDP.MINR.RT.ZS,0
Seychelles,SYC,1992,Mineral rents (% of GDP),NY.GDP.MINR.RT.ZS,0
Seychelles,SYC,1991,Mineral rents (% of GDP),NY.GDP.MINR.RT.ZS,0
Seychelles,SYC,1990,Mineral rents (% of GDP),NY.GDP.MINR.RT.ZS,0
Seychelles,SYC,1989,Mineral rents (% of GDP),NY.GDP.MINR.RT.ZS,0
Seychelles,SYC,1988,Mineral rents (% of GDP),NY.GDP.MINR.RT.ZS,0
Seychelles,SYC,1987,Mineral rents (% of GDP),NY.GDP.MINR.RT.ZS,0
Seychelles,SYC,1986,Mineral rents (% of GDP),NY.GDP.MINR.RT.ZS,0
Seychelles,SYC,1985,Mineral rents (% of GDP),NY.GDP.MINR.RT.ZS,0
Seychelles,SYC,1984,Mineral rents (% of GDP),NY.GDP.MINR.RT.ZS,0
Seychelles,SYC,1983,Mineral rents (% of GDP),NY.GDP.MINR.RT.ZS,0
Seychelles,SYC,1982,Mineral rents (% of GDP),NY.GDP.MINR.RT.ZS,0
Seychelles,SYC,1981,Mineral rents (% of GDP),NY.GDP.MINR.RT.ZS,0
Seychelles,SYC,1980,Mineral rents (% of GDP),NY.GDP.MINR.RT.ZS,0
Seychelles,SYC,1979,Mineral rents (% of GDP),NY.GDP.MINR.RT.ZS,0
Seychelles,SYC,1978,Mineral rents (% of GDP),NY.GDP.MINR.RT.ZS,0
Seychelles,SYC,1977,Mineral rents (% of GDP),NY.GDP.MINR.RT.ZS,0
Seychelles,SYC,1976,Mineral rents (% of GDP),NY.GDP.MINR.RT.ZS,0
Seychelles,SYC,1975,Mineral rents (% of GDP),NY.GDP.MINR.RT.ZS,0
Seychelles,SYC,1974,Mineral rents (% of GDP),NY.GDP.MINR.RT.ZS,0
Seychelles,SYC,1973,Mineral rents (% of GDP),NY.GDP.MINR.RT.ZS,0
Seychelles,SYC,1972,Mineral rents (% of GDP),NY.GDP.MINR.RT.ZS,0
Seychelles,SYC,1971,Mineral rents (% of GDP),NY.GDP.MINR.RT.ZS,0
Seychelles,SYC,1970,Mineral rents (% of GDP),NY.GDP.MINR.RT.ZS,0
Seychelles,SYC,2017,Natural gas rents (% of GDP),NY.GDP.NGAS.RT.ZS,0
Seychelles,SYC,2016,Natural gas rents (% of GDP),NY.GDP.NGAS.RT.ZS,0
Seychelles,SYC,2015,Natural gas rents (% of GDP),NY.GDP.NGAS.RT.ZS,0
Seychelles,SYC,2014,Natural gas rents (% of GDP),NY.GDP.NGAS.RT.ZS,0
Seychelles,SYC,2013,Natural gas rents (% of GDP),NY.GDP.NGAS.RT.ZS,0
Seychelles,SYC,2012,Natural gas rents (% of GDP),NY.GDP.NGAS.RT.ZS,0
Seychelles,SYC,2011,Natural gas rents (% of GDP),NY.GDP.NGAS.RT.ZS,0
Seychelles,SYC,2010,Natural gas rents (% of GDP),NY.GDP.NGAS.RT.ZS,0
Seychelles,SYC,2009,Natural gas rents (% of GDP),NY.GDP.NGAS.RT.ZS,0
Seychelles,SYC,2008,Natural gas rents (% of GDP),NY.GDP.NGAS.RT.ZS,0
Seychelles,SYC,2007,Natural gas rents (% of GDP),NY.GDP.NGAS.RT.ZS,0
Seychelles,SYC,2006,Natural gas rents (% of GDP),NY.GDP.NGAS.RT.ZS,0
Seychelles,SYC,2005,Natural gas rents (% of GDP),NY.GDP.NGAS.RT.ZS,0
Seychelles,SYC,2004,Natural gas rents (% of GDP),NY.GDP.NGAS.RT.ZS,0
Seychelles,SYC,2003,Natural gas rents (% of GDP),NY.GDP.NGAS.RT.ZS,0
Seychelles,SYC,2002,Natural gas rents (% of GDP),NY.GDP.NGAS.RT.ZS,0
Seychelles,SYC,2001,Natural gas rents (% of GDP),NY.GDP.NGAS.RT.ZS,0
Seychelles,SYC,2000,Natural gas rents (% of GDP),NY.GDP.NGAS.RT.ZS,0
Seychelles,SYC,1999,Natural gas rents (% of GDP),NY.GDP.NGAS.RT.ZS,0
Seychelles,SYC,1998,Natural gas rents (% of GDP),NY.GDP.NGAS.RT.ZS,0
Seychelles,SYC,1997,Natural gas rents (% of GDP),NY.GDP.NGAS.RT.ZS,0
Seychelles,SYC,1996,Natural gas rents (% of GDP),NY.GDP.NGAS.RT.ZS,0
Seychelles,SYC,1995,Natural gas rents (% of GDP),NY.GDP.NGAS.RT.ZS,0
Seychelles,SYC,1994,Natural gas rents (% of GDP),NY.GDP.NGAS.RT.ZS,0
Seychelles,SYC,1993,Natural gas rents (% of GDP),NY.GDP.NGAS.RT.ZS,0
Seychelles,SYC,1992,Natural gas rents (% of GDP),NY.GDP.NGAS.RT.ZS,0
Seychelles,SYC,1991,Natural gas rents (% of GDP),NY.GDP.NGAS.RT.ZS,0
Seychelles,SYC,1990,Natural gas rents (% of GDP),NY.GDP.NGAS.RT.ZS,0
Seychelles,SYC,1989,Natural gas rents (% of GDP),NY.GDP.NGAS.RT.ZS,0
Seychelles,SYC,1988,Natural gas rents (% of GDP),NY.GDP.NGAS.RT.ZS,0
Seychelles,SYC,1987,Natural gas rents (% of GDP),NY.GDP.NGAS.RT.ZS,0
Seychelles,SYC,1986,Natural gas rents (% of GDP),NY.GDP.NGAS.RT.ZS,0
Seychelles,SYC,1985,Natural gas rents (% of GDP),NY.GDP.NGAS.RT.ZS,0
Seychelles,SYC,1984,Natural gas rents (% of GDP),NY.GDP.NGAS.RT.ZS,0
Seychelles,SYC,1983,Natural gas rents (% of GDP),NY.GDP.NGAS.RT.ZS,0
Seychelles,SYC,1982,Natural gas rents (% of GDP),NY.GDP.NGAS.RT.ZS,0
Seychelles,SYC,1981,Natural gas rents (% of GDP),NY.GDP.NGAS.RT.ZS,0
Seychelles,SYC,1980,Natural gas rents (% of GDP),NY.GDP.NGAS.RT.ZS,0
Seychelles,SYC,2017,Oil rents (% of GDP),NY.GDP.PETR.RT.ZS,0
Seychelles,SYC,2016,Oil rents (% of GDP),NY.GDP.PETR.RT.ZS,0
Seychelles,SYC,2015,Oil rents (% of GDP),NY.GDP.PETR.RT.ZS,0
Seychelles,SYC,2014,Oil rents (% of GDP),NY.GDP.PETR.RT.ZS,0
Seychelles,SYC,2013,Oil rents (% of GDP),NY.GDP.PETR.RT.ZS,0
Seychelles,SYC,2012,Oil rents (% of GDP),NY.GDP.PETR.RT.ZS,0
Seychelles,SYC,2011,Oil rents (% of GDP),NY.GDP.PETR.RT.ZS,0
Seychelles,SYC,2010,Oil rents (% of GDP),NY.GDP.PETR.RT.ZS,0
Seychelles,SYC,2009,Oil rents (% of GDP),NY.GDP.PETR.RT.ZS,0
Seychelles,SYC,2008,Oil rents (% of GDP),NY.GDP.PETR.RT.ZS,0
Seychelles,SYC,2007,Oil rents (% of GDP),NY.GDP.PETR.RT.ZS,0
Seychelles,SYC,2006,Oil rents (% of GDP),NY.GDP.PETR.RT.ZS,0
Seychelles,SYC,2005,Oil rents (% of GDP),NY.GDP.PETR.RT.ZS,0
Seychelles,SYC,2004,Oil rents (% of GDP),NY.GDP.PETR.RT.ZS,0
Seychelles,SYC,2003,Oil rents (% of GDP),NY.GDP.PETR.RT.ZS,0
Seychelles,SYC,2002,Oil rents (% of GDP),NY.GDP.PETR.RT.ZS,0
Seychelles,SYC,2001,Oil rents (% of GDP),NY.GDP.PETR.RT.ZS,0
Seychelles,SYC,2000,Oil rents (% of GDP),NY.GDP.PETR.RT.ZS,0
Seychelles,SYC,1999,Oil rents (% of GDP),NY.GDP.PETR.RT.ZS,0
Seychelles,SYC,1998,Oil rents (% of GDP),NY.GDP.PETR.RT.ZS,0
Seychelles,SYC,1997,Oil rents (% of GDP),NY.GDP.PETR.RT.ZS,0
Seychelles,SYC,1996,Oil rents (% of GDP),NY.GDP.PETR.RT.ZS,0
Seychelles,SYC,1995,Oil rents (% of GDP),NY.GDP.PETR.RT.ZS,0
Seychelles,SYC,1994,Oil rents (% of GDP),NY.GDP.PETR.RT.ZS,0
Seychelles,SYC,1993,Oil rents (% of GDP),NY.GDP.PETR.RT.ZS,0
Seychelles,SYC,1992,Oil rents (% of GDP),NY.GDP.PETR.RT.ZS,0
Seychelles,SYC,1991,Oil rents (% of GDP),NY.GDP.PETR.RT.ZS,0
Seychelles,SYC,1990,Oil rents (% of GDP),NY.GDP.PETR.RT.ZS,0
Seychelles,SYC,1989,Oil rents (% of GDP),NY.GDP.PETR.RT.ZS,0
Seychelles,SYC,1988,Oil rents (% of GDP),NY.GDP.PETR.RT.ZS,0
Seychelles,SYC,1987,Oil rents (% of GDP),NY.GDP.PETR.RT.ZS,0
Seychelles,SYC,1986,Oil rents (% of GDP),NY.GDP.PETR.RT.ZS,0
Seychelles,SYC,1985,Oil rents (% of GDP),NY.GDP.PETR.RT.ZS,0
Seychelles,SYC,1984,Oil rents (% of GDP),NY.GDP.PETR.RT.ZS,0
Seychelles,SYC,1983,Oil rents (% of GDP),NY.GDP.PETR.RT.ZS,0
Seychelles,SYC,1982,Oil rents (% of GDP),NY.GDP.PETR.RT.ZS,0
Seychelles,SYC,1981,Oil rents (% of GDP),NY.GDP.PETR.RT.ZS,0
Seychelles,SYC,1980,Oil rents (% of GDP),NY.GDP.PETR.RT.ZS,0
Seychelles,SYC,2017,Total natural resources rents (% of GDP),NY.GDP.TOTL.RT.ZS,0.107254226272661
Seychelles,SYC,2016,Total natural resources rents (% of GDP),NY.GDP.TOTL.RT.ZS,0.115671862040526
Seychelles,SYC,2015,Total natural resources rents (% of GDP),NY.GDP.TOTL.RT.ZS,0.12972158073703
Seychelles,SYC,2014,Total natural resources rents (% of GDP),NY.GDP.TOTL.RT.ZS,0.129472957554488
Seychelles,SYC,2013,Total natural resources rents (% of GDP),NY.GDP.TOTL.RT.ZS,0.130136847381123
Seychelles,SYC,2012,Total natural resources rents (% of GDP),NY.GDP.TOTL.RT.ZS,0.16449690986916
Seychelles,SYC,2011,Total natural resources rents (% of GDP),NY.GDP.TOTL.RT.ZS,0.14987629351038
Seychelles,SYC,2010,Total natural resources rents (% of GDP),NY.GDP.TOTL.RT.ZS,0.147076426024177
Seychelles,SYC,2009,Total natural resources rents (% of GDP),NY.GDP.TOTL.RT.ZS,0.161350767294539
Seychelles,SYC,2008,Total natural resources rents (% of GDP),NY.GDP.TOTL.RT.ZS,0.178606458766312
Seychelles,SYC,2007,Total natural resources rents (% of GDP),NY.GDP.TOTL.RT.ZS,0.107701100591467
Seychelles,SYC,2006,Total natural resources rents (% of GDP),NY.GDP.TOTL.RT.ZS,0.102662799538802
Seychelles,SYC,2005,Total natural resources rents (% of GDP),NY.GDP.TOTL.RT.ZS,0.0891506885227263
Seychelles,SYC,2004,Total natural resources rents (% of GDP),NY.GDP.TOTL.RT.ZS,0.0658136759944535
Seychelles,SYC,2003,Total natural resources rents (% of GDP),NY.GDP.TOTL.RT.ZS,0.118654334106205
Seychelles,SYC,2002,Total natural resources rents (% of GDP),NY.GDP.TOTL.RT.ZS,0.103564634896705
Seychelles,SYC,2001,Total natural resources rents (% of GDP),NY.GDP.TOTL.RT.ZS,0.099596340668633
Seychelles,SYC,2000,Total natural resources rents (% of GDP),NY.GDP.TOTL.RT.ZS,0.10669197533674
Seychelles,SYC,1999,Total natural resources rents (% of GDP),NY.GDP.TOTL.RT.ZS,0.0743726167849591
Seychelles,SYC,1998,Total natural resources rents (% of GDP),NY.GDP.TOTL.RT.ZS,0.0820366782304666
Seychelles,SYC,1997,Total natural resources rents (% of GDP),NY.GDP.TOTL.RT.ZS,0.0886297433275837
Seychelles,SYC,1996,Total natural resources rents (% of GDP),NY.GDP.TOTL.RT.ZS,0.111417504053404
Seychelles,SYC,1995,Total natural resources rents (% of GDP),NY.GDP.TOTL.RT.ZS,0.119075541250423
Seychelles,SYC,1994,Total natural resources rents (% of GDP),NY.GDP.TOTL.RT.ZS,0.101996080122268
Seychelles,SYC,1993,Total natural resources rents (% of GDP),NY.GDP.TOTL.RT.ZS,0.101569572121529
Seychelles,SYC,1992,Total natural resources rents (% of GDP),NY.GDP.TOTL.RT.ZS,0.109511997042222
Seychelles,SYC,1991,Total natural resources rents (% of GDP),NY.GDP.TOTL.RT.ZS,0.111514883489116
Seychelles,SYC,1990,Total natural resources rents (% of GDP),NY.GDP.TOTL.RT.ZS,0.124123297601482
Seychelles,SYC,1989,Total natural resources rents (% of GDP),NY.GDP.TOTL.RT.ZS,0
Seychelles,SYC,1988,Total natural resources rents (% of GDP),NY.GDP.TOTL.RT.ZS,0
Seychelles,SYC,1987,Total natural resources rents (% of GDP),NY.GDP.TOTL.RT.ZS,0
Seychelles,SYC,1986,Total natural resources rents (% of GDP),NY.GDP.TOTL.RT.ZS,0
Seychelles,SYC,1985,Total natural resources rents (% of GDP),NY.GDP.TOTL.RT.ZS,0
Seychelles,SYC,1984,Total natural resources rents (% of GDP),NY.GDP.TOTL.RT.ZS,0
Seychelles,SYC,1983,Total natural resources rents (% of GDP),NY.GDP.TOTL.RT.ZS,0
Seychelles,SYC,1982,Total natural resources rents (% of GDP),NY.GDP.TOTL.RT.ZS,0
Seychelles,SYC,1981,Total natural resources rents (% of GDP),NY.GDP.TOTL.RT.ZS,0
Seychelles,SYC,1980,Total natural resources rents (% of GDP),NY.GDP.TOTL.RT.ZS,0
Seychelles,SYC,1979,Total natural resources rents (% of GDP),NY.GDP.TOTL.RT.ZS,0
Seychelles,SYC,1978,Total natural resources rents (% of GDP),NY.GDP.TOTL.RT.ZS,0
Seychelles,SYC,1977,Total natural resources rents (% of GDP),NY.GDP.TOTL.RT.ZS,0
Seychelles,SYC,1976,Total natural resources rents (% of GDP),NY.GDP.TOTL.RT.ZS,0
Seychelles,SYC,1975,Total natural resources rents (% of GDP),NY.GDP.TOTL.RT.ZS,0
Seychelles,SYC,1974,Total natural resources rents (% of GDP),NY.GDP.TOTL.RT.ZS,0
Seychelles,SYC,1973,Total natural resources rents (% of GDP),NY.GDP.TOTL.RT.ZS,0
Seychelles,SYC,1972,Total natural resources rents (% of GDP),NY.GDP.TOTL.RT.ZS,0
Seychelles,SYC,1971,Total natural resources rents (% of GDP),NY.GDP.TOTL.RT.ZS,0
Seychelles,SYC,1970,Total natural resources rents (% of GDP),NY.GDP.TOTL.RT.ZS,0
Seychelles,SYC,2018,Fuel imports (% of merchandise imports),TM.VAL.FUEL.ZS.UN,20.6561448526048
Seychelles,SYC,2017,Fuel imports (% of merchandise imports),TM.VAL.FUEL.ZS.UN,15.8114337113947
Seychelles,SYC,2016,Fuel imports (% of merchandise imports),TM.VAL.FUEL.ZS.UN,11.6662834196191
Seychelles,SYC,2015,Fuel imports (% of merchandise imports),TM.VAL.FUEL.ZS.UN,17.7636380597881
Seychelles,SYC,2014,Fuel imports (% of merchandise imports),TM.VAL.FUEL.ZS.UN,26.2093101353195
Seychelles,SYC,2013,Fuel imports (% of merchandise imports),TM.VAL.FUEL.ZS.UN,21.9590759942753
Seychelles,SYC,2012,Fuel imports (% of merchandise imports),TM.VAL.FUEL.ZS.UN,23.1924300491068
Seychelles,SYC,2011,Fuel imports (% of merchandise imports),TM.VAL.FUEL.ZS.UN,29.8119328566798
Seychelles,SYC,2010,Fuel imports (% of merchandise imports),TM.VAL.FUEL.ZS.UN,34.1937208128295
Seychelles,SYC,2008,Fuel imports (% of merchandise imports),TM.VAL.FUEL.ZS.UN,12.3901526097554
Seychelles,SYC,2007,Fuel imports (% of merchandise imports),TM.VAL.FUEL.ZS.UN,25.2718425482197
Seychelles,SYC,2006,Fuel imports (% of merchandise imports),TM.VAL.FUEL.ZS.UN,26.6670715403876
Seychelles,SYC,2005,Fuel imports (% of merchandise imports),TM.VAL.FUEL.ZS.UN,23.5177514113028
Seychelles,SYC,2004,Fuel imports (% of merchandise imports),TM.VAL.FUEL.ZS.UN,26.2998346547819
Seychelles,SYC,2003,Fuel imports (% of merchandise imports),TM.VAL.FUEL.ZS.UN,16.0779763229569
Seychelles,SYC,2002,Fuel imports (% of merchandise imports),TM.VAL.FUEL.ZS.UN,14.485855347658
Seychelles,SYC,2001,Fuel imports (% of merchandise imports),TM.VAL.FUEL.ZS.UN,0.0289852369366688
Seychelles,SYC,2000,Fuel imports (% of merchandise imports),TM.VAL.FUEL.ZS.UN,21.680010102175
Seychelles,SYC,1999,Fuel imports (% of merchandise imports),TM.VAL.FUEL.ZS.UN,9.9641548392015
Seychelles,SYC,1998,Fuel imports (% of merchandise imports),TM.VAL.FUEL.ZS.UN,9.40743324600904
Seychelles,SYC,1997,Fuel imports (% of merchandise imports),TM.VAL.FUEL.ZS.UN,14.7442238992694
Seychelles,SYC,1996,Fuel imports (% of merchandise imports),TM.VAL.FUEL.ZS.UN,3.28721397521371
Seychelles,SYC,1995,Fuel imports (% of merchandise imports),TM.VAL.FUEL.ZS.UN,17.4145411627547
Seychelles,SYC,1994,Fuel imports (% of merchandise imports),TM.VAL.FUEL.ZS.UN,15.5580685520962
Seychelles,SYC,1993,Fuel imports (% of merchandise imports),TM.VAL.FUEL.ZS.UN,14.2253232790528
Seychelles,SYC,1992,Fuel imports (% of merchandise imports),TM.VAL.FUEL.ZS.UN,17.1821215779965
Seychelles,SYC,1991,Fuel imports (% of merchandise imports),TM.VAL.FUEL.ZS.UN,21.8659123870612
Seychelles,SYC,1990,Fuel imports (% of merchandise imports),TM.VAL.FUEL.ZS.UN,19.2819471197527
Seychelles,SYC,1989,Fuel imports (% of merchandise imports),TM.VAL.FUEL.ZS.UN,18.3080780519606
Seychelles,SYC,1988,Fuel imports (% of merchandise imports),TM.VAL.FUEL.ZS.UN,14.0816514490869
Seychelles,SYC,1987,Fuel imports (% of merchandise imports),TM.VAL.FUEL.ZS.UN,14.9341478348382
Seychelles,SYC,1986,Fuel imports (% of merchandise imports),TM.VAL.FUEL.ZS.UN,16.9834220911269
Seychelles,SYC,1985,Fuel imports (% of merchandise imports),TM.VAL.FUEL.ZS.UN,26.1783428764165
Seychelles,SYC,1984,Fuel imports (% of merchandise imports),TM.VAL.FUEL.ZS.UN,30.2363812627627
Seychelles,SYC,1983,Fuel imports (% of merchandise imports),TM.VAL.FUEL.ZS.UN,25.0248623798045
Seychelles,SYC,1982,Fuel imports (% of merchandise imports),TM.VAL.FUEL.ZS.UN,20.1215166982926
Seychelles,SYC,1981,Fuel imports (% of merchandise imports),TM.VAL.FUEL.ZS.UN,22.1543203498099
Seychelles,SYC,1980,Fuel imports (% of merchandise imports),TM.VAL.FUEL.ZS.UN,24.4097963803692
Seychelles,SYC,1979,Fuel imports (% of merchandise imports),TM.VAL.FUEL.ZS.UN,23.0439579863803
Seychelles,SYC,1978,Fuel imports (% of merchandise imports),TM.VAL.FUEL.ZS.UN,18.4734370482052
Seychelles,SYC,1977,Fuel imports (% of merchandise imports),TM.VAL.FUEL.ZS.UN,19.33840646075
Seychelles,SYC,1976,Fuel imports (% of merchandise imports),TM.VAL.FUEL.ZS.UN,19.3853127593801
Seychelles,SYC,1975,Fuel imports (% of merchandise imports),TM.VAL.FUEL.ZS.UN,18.9654219867446
Seychelles,SYC,1974,Fuel imports (% of merchandise imports),TM.VAL.FUEL.ZS.UN,15.7669730007599
Seychelles,SYC,1973,Fuel imports (% of merchandise imports),TM.VAL.FUEL.ZS.UN,9.17091622276092
Seychelles,SYC,1972,Fuel imports (% of merchandise imports),TM.VAL.FUEL.ZS.UN,5.56054414545582
Seychelles,SYC,1971,Fuel imports (% of merchandise imports),TM.VAL.FUEL.ZS.UN,7.11172717410849
Seychelles,SYC,2018,Ores and metals imports (% of merchandise imports),TM.VAL.MMTL.ZS.UN,0.465745386207076
Seychelles,SYC,2017,Ores and metals imports (% of merchandise imports),TM.VAL.MMTL.ZS.UN,0.423412144554143
Seychelles,SYC,2016,Ores and metals imports (% of merchandise imports),TM.VAL.MMTL.ZS.UN,0.321565434509285
Seychelles,SYC,2015,Ores and metals imports (% of merchandise imports),TM.VAL.MMTL.ZS.UN,0.49780637030778
Seychelles,SYC,2014,Ores and metals imports (% of merchandise imports),TM.VAL.MMTL.ZS.UN,0.387280179392165
Seychelles,SYC,2013,Ores and metals imports (% of merchandise imports),TM.VAL.MMTL.ZS.UN,1.74138852426176
Seychelles,SYC,2012,Ores and metals imports (% of merchandise imports),TM.VAL.MMTL.ZS.UN,0.44825164643449
Seychelles,SYC,2011,Ores and metals imports (% of merchandise imports),TM.VAL.MMTL.ZS.UN,0.287838338369413
Seychelles,SYC,2010,Ores and metals imports (% of merchandise imports),TM.VAL.MMTL.ZS.UN,0.569636392479926
Seychelles,SYC,2008,Ores and metals imports (% of merchandise imports),TM.VAL.MMTL.ZS.UN,0.648169453964237
Seychelles,SYC,2007,Ores and metals imports (% of merchandise imports),TM.VAL.MMTL.ZS.UN,0.411424246267236
Seychelles,SYC,2006,Ores and metals imports (% of merchandise imports),TM.VAL.MMTL.ZS.UN,0.477280463216454
Seychelles,SYC,2005,Ores and metals imports (% of merchandise imports),TM.VAL.MMTL.ZS.UN,0.296412327287344
Seychelles,SYC,2004,Ores and metals imports (% of merchandise imports),TM.VAL.MMTL.ZS.UN,0.337897850641049
Seychelles,SYC,2003,Ores and metals imports (% of merchandise imports),TM.VAL.MMTL.ZS.UN,0.327985823085963
Seychelles,SYC,2002,Ores and metals imports (% of merchandise imports),TM.VAL.MMTL.ZS.UN,0.587872941549909
Seychelles,SYC,2001,Ores and metals imports (% of merchandise imports),TM.VAL.MMTL.ZS.UN,0.51533104795242
Seychelles,SYC,2000,Ores and metals imports (% of merchandise imports),TM.VAL.MMTL.ZS.UN,0.766411816564894
Seychelles,SYC,1999,Ores and metals imports (% of merchandise imports),TM.VAL.MMTL.ZS.UN,0.654564777865894
Seychelles,SYC,1998,Ores and metals imports (% of merchandise imports),TM.VAL.MMTL.ZS.UN,0.496942025482142
Seychelles,SYC,1997,Ores and metals imports (% of merchandise imports),TM.VAL.MMTL.ZS.UN,0.5814139098108
Seychelles,SYC,1996,Ores and metals imports (% of merchandise imports),TM.VAL.MMTL.ZS.UN,0.511025935634222
Seychelles,SYC,1995,Ores and metals imports (% of merchandise imports),TM.VAL.MMTL.ZS.UN,0.67680244996635
Seychelles,SYC,1994,Ores and metals imports (% of merchandise imports),TM.VAL.MMTL.ZS.UN,1.03876498699745
Seychelles,SYC,1993,Ores and metals imports (% of merchandise imports),TM.VAL.MMTL.ZS.UN,0.626576004633711
Seychelles,SYC,1992,Ores and metals imports (% of merchandise imports),TM.VAL.MMTL.ZS.UN,1.11163445863179
Seychelles,SYC,1991,Ores and metals imports (% of merchandise imports),TM.VAL.MMTL.ZS.UN,0.865220540918473
Seychelles,SYC,1990,Ores and metals imports (% of merchandise imports),TM.VAL.MMTL.ZS.UN,1.1845929946286
Seychelles,SYC,1989,Ores and metals imports (% of merchandise imports),TM.VAL.MMTL.ZS.UN,0.991651343503313
Seychelles,SYC,1988,Ores and metals imports (% of merchandise imports),TM.VAL.MMTL.ZS.UN,0.484354675094234
Seychelles,SYC,1987,Ores and metals imports (% of merchandise imports),TM.VAL.MMTL.ZS.UN,0.485079104236018
Seychelles,SYC,1986,Ores and metals imports (% of merchandise imports),TM.VAL.MMTL.ZS.UN,0.720315292270766
Seychelles,SYC,1985,Ores and metals imports (% of merchandise imports),TM.VAL.MMTL.ZS.UN,0.806362460109128
Seychelles,SYC,1984,Ores and metals imports (% of merchandise imports),TM.VAL.MMTL.ZS.UN,0.340465566120978
Seychelles,SYC,1983,Ores and metals imports (% of merchandise imports),TM.VAL.MMTL.ZS.UN,0.969954456153292
Seychelles,SYC,1982,Ores and metals imports (% of merchandise imports),TM.VAL.MMTL.ZS.UN,1.09895592259947
Seychelles,SYC,1981,Ores and metals imports (% of merchandise imports),TM.VAL.MMTL.ZS.UN,1.0259255346512
Seychelles,SYC,1980,Ores and metals imports (% of merchandise imports),TM.VAL.MMTL.ZS.UN,0.761571750722292
Seychelles,SYC,1979,Ores and metals imports (% of merchandise imports),TM.VAL.MMTL.ZS.UN,0.269831369664162
Seychelles,SYC,1978,Ores and metals imports (% of merchandise imports),TM.VAL.MMTL.ZS.UN,0.368598105833271
Seychelles,SYC,1977,Ores and metals imports (% of merchandise imports),TM.VAL.MMTL.ZS.UN,0.566831939880514
Seychelles,SYC,1976,Ores and metals imports (% of merchandise imports),TM.VAL.MMTL.ZS.UN,0.268018814929548
Seychelles,SYC,1975,Ores and metals imports (% of merchandise imports),TM.VAL.MMTL.ZS.UN,0.452232811118022
Seychelles,SYC,1974,Ores and metals imports (% of merchandise imports),TM.VAL.MMTL.ZS.UN,0.382993499358245
Seychelles,SYC,1973,Ores and metals imports (% of merchandise imports),TM.VAL.MMTL.ZS.UN,0.252911933694041
Seychelles,SYC,1972,Ores and metals imports (% of merchandise imports),TM.VAL.MMTL.ZS.UN,0.352394223964049
Seychelles,SYC,1971,Ores and metals imports (% of merchandise imports),TM.VAL.MMTL.ZS.UN,0.362774601957658
Seychelles,SYC,2018,Fuel exports (% of merchandise exports),TX.VAL.FUEL.ZS.UN,0.00442239401205413
Seychelles,SYC,2017,Fuel exports (% of merchandise exports),TX.VAL.FUEL.ZS.UN,0.00719090456151625
Seychelles,SYC,2016,Fuel exports (% of merchandise exports),TX.VAL.FUEL.ZS.UN,0.00188626813207242
Seychelles,SYC,2015,Fuel exports (% of merchandise exports),TX.VAL.FUEL.ZS.UN,0.00220583777300364
Seychelles,SYC,2014,Fuel exports (% of merchandise exports),TX.VAL.FUEL.ZS.UN,0.00251402924606597
Seychelles,SYC,2013,Fuel exports (% of merchandise exports),TX.VAL.FUEL.ZS.UN,0.00192806646941586
Seychelles,SYC,2012,Fuel exports (% of merchandise exports),TX.VAL.FUEL.ZS.UN,0.00149261583304944
Seychelles,SYC,2011,Fuel exports (% of merchandise exports),TX.VAL.FUEL.ZS.UN,1.82268212001967
Seychelles,SYC,2010,Fuel exports (% of merchandise exports),TX.VAL.FUEL.ZS.UN,0.00548711371266712
Seychelles,SYC,2008,Fuel exports (% of merchandise exports),TX.VAL.FUEL.ZS.UN,0.0023959870838903
Seychelles,SYC,2007,Fuel exports (% of merchandise exports),TX.VAL.FUEL.ZS.UN,0
Seychelles,SYC,2006,Fuel exports (% of merchandise exports),TX.VAL.FUEL.ZS.UN,0
Seychelles,SYC,2005,Fuel exports (% of merchandise exports),TX.VAL.FUEL.ZS.UN,0
Seychelles,SYC,2004,Fuel exports (% of merchandise exports),TX.VAL.FUEL.ZS.UN,0
Seychelles,SYC,2003,Fuel exports (% of merchandise exports),TX.VAL.FUEL.ZS.UN,0
Seychelles,SYC,2002,Fuel exports (% of merchandise exports),TX.VAL.FUEL.ZS.UN,0.000757980692153346
Seychelles,SYC,2001,Fuel exports (% of merchandise exports),TX.VAL.FUEL.ZS.UN,0
Seychelles,SYC,2000,Fuel exports (% of merchandise exports),TX.VAL.FUEL.ZS.UN,0
Seychelles,SYC,1999,Fuel exports (% of merchandise exports),TX.VAL.FUEL.ZS.UN,0
Seychelles,SYC,1998,Fuel exports (% of merchandise exports),TX.VAL.FUEL.ZS.UN,0
Seychelles,SYC,1997,Fuel exports (% of merchandise exports),TX.VAL.FUEL.ZS.UN,0
Seychelles,SYC,1996,Fuel exports (% of merchandise exports),TX.VAL.FUEL.ZS.UN,0
Seychelles,SYC,1995,Fuel exports (% of merchandise exports),TX.VAL.FUEL.ZS.UN,0.00290752284248818
Seychelles,SYC,1994,Fuel exports (% of merchandise exports),TX.VAL.FUEL.ZS.UN,0
Seychelles,SYC,1993,Fuel exports (% of merchandise exports),TX.VAL.FUEL.ZS.UN,0
Seychelles,SYC,1992,Fuel exports (% of merchandise exports),TX.VAL.FUEL.ZS.UN,0
Seychelles,SYC,1991,Fuel exports (% of merchandise exports),TX.VAL.FUEL.ZS.UN,0
Seychelles,SYC,1990,Fuel exports (% of merchandise exports),TX.VAL.FUEL.ZS.UN,0
Seychelles,SYC,1989,Fuel exports (% of merchandise exports),TX.VAL.FUEL.ZS.UN,0
Seychelles,SYC,1988,Fuel exports (% of merchandise exports),TX.VAL.FUEL.ZS.UN,0
Seychelles,SYC,1987,Fuel exports (% of merchandise exports),TX.VAL.FUEL.ZS.UN,0
Seychelles,SYC,1986,Fuel exports (% of merchandise exports),TX.VAL.FUEL.ZS.UN,0
Seychelles,SYC,1985,Fuel exports (% of merchandise exports),TX.VAL.FUEL.ZS.UN,82.1878497291674
Seychelles,SYC,1984,Fuel exports (% of merchandise exports),TX.VAL.FUEL.ZS.UN,78.929982154751
Seychelles,SYC,1983,Fuel exports (% of merchandise exports),TX.VAL.FUEL.ZS.UN,0
Seychelles,SYC,1982,Fuel exports (% of merchandise exports),TX.VAL.FUEL.ZS.UN,0
Seychelles,SYC,1977,Fuel exports (% of merchandise exports),TX.VAL.FUEL.ZS.UN,0
Seychelles,SYC,1976,Fuel exports (% of merchandise exports),TX.VAL.FUEL.ZS.UN,0
Seychelles,SYC,2018,Ores and metals exports (% of merchandise exports),TX.VAL.MMTL.ZS.UN,0.206228143319651
Seychelles,SYC,2017,Ores and metals exports (% of merchandise exports),TX.VAL.MMTL.ZS.UN,0.273337665668446
Seychelles,SYC,2016,Ores and metals exports (% of merchandise exports),TX.VAL.MMTL.ZS.UN,0.0240589369306992
Seychelles,SYC,2015,Ores and metals exports (% of merchandise exports),TX.VAL.MMTL.ZS.UN,0.00908430551940618
Seychelles,SYC,2014,Ores and metals exports (% of merchandise exports),TX.VAL.MMTL.ZS.UN,0.0116484003466998
Seychelles,SYC,2013,Ores and metals exports (% of merchandise exports),TX.VAL.MMTL.ZS.UN,0.0245408184761264
Seychelles,SYC,2012,Ores and metals exports (% of merchandise exports),TX.VAL.MMTL.ZS.UN,0.114571552723693
Seychelles,SYC,2011,Ores and metals exports (% of merchandise exports),TX.VAL.MMTL.ZS.UN,0.0175180031535163
Seychelles,SYC,2010,Ores and metals exports (% of merchandise exports),TX.VAL.MMTL.ZS.UN,0.0532649972087275
Seychelles,SYC,2008,Ores and metals exports (% of merchandise exports),TX.VAL.MMTL.ZS.UN,0.0039819356307523
Seychelles,SYC,2007,Ores and metals exports (% of merchandise exports),TX.VAL.MMTL.ZS.UN,0.0109648488895377
Seychelles,SYC,2006,Ores and metals exports (% of merchandise exports),TX.VAL.MMTL.ZS.UN,0.0170291274773801
Seychelles,SYC,2005,Ores and metals exports (% of merchandise exports),TX.VAL.MMTL.ZS.UN,0.0121100857227275
Seychelles,SYC,2004,Ores and metals exports (% of merchandise exports),TX.VAL.MMTL.ZS.UN,0.00199689155454377
Seychelles,SYC,2003,Ores and metals exports (% of merchandise exports),TX.VAL.MMTL.ZS.UN,0.000487825584131394
Seychelles,SYC,2002,Ores and metals exports (% of merchandise exports),TX.VAL.MMTL.ZS.UN,0.00759101136635465
Seychelles,SYC,2001,Ores and metals exports (% of merchandise exports),TX.VAL.MMTL.ZS.UN,0.0232076178507915
Seychelles,SYC,2000,Ores and metals exports (% of merchandise exports),TX.VAL.MMTL.ZS.UN,0.0230095107369136
Seychelles,SYC,1999,Ores and metals exports (% of merchandise exports),TX.VAL.MMTL.ZS.UN,0.012243186636764
Seychelles,SYC,1998,Ores and metals exports (% of merchandise exports),TX.VAL.MMTL.ZS.UN,0.0101598893010615
Seychelles,SYC,1997,Ores and metals exports (% of merchandise exports),TX.VAL.MMTL.ZS.UN,0.100496056688398
Seychelles,SYC,1996,Ores and metals exports (% of merchandise exports),TX.VAL.MMTL.ZS.UN,0.320388151154793
Seychelles,SYC,1995,Ores and metals exports (% of merchandise exports),TX.VAL.MMTL.ZS.UN,0.0677318757845913
Seychelles,SYC,1994,Ores and metals exports (% of merchandise exports),TX.VAL.MMTL.ZS.UN,0.209616482529966
Seychelles,SYC,1993,Ores and metals exports (% of merchandise exports),TX.VAL.MMTL.ZS.UN,0.215949964859596
Seychelles,SYC,1992,Ores and metals exports (% of merchandise exports),TX.VAL.MMTL.ZS.UN,0.0868880266124106
Seychelles,SYC,1991,Ores and metals exports (% of merchandise exports),TX.VAL.MMTL.ZS.UN,0.261802756365244
Seychelles,SYC,1990,Ores and metals exports (% of merchandise exports),TX.VAL.MMTL.ZS.UN,0.254199433074365
Seychelles,SYC,1989,Ores and metals exports (% of merchandise exports),TX.VAL.MMTL.ZS.UN,0.302805926319214
Seychelles,SYC,1988,Ores and metals exports (% of merchandise exports),TX.VAL.MMTL.ZS.UN,0.225796074444868
Seychelles,SYC,1987,Ores and metals exports (% of merchandise exports),TX.VAL.MMTL.ZS.UN,0.156760966612716
Seychelles,SYC,1986,Ores and metals exports (% of merchandise exports),TX.VAL.MMTL.ZS.UN,0.961839390253981
Seychelles,SYC,1985,Ores and metals exports (% of merchandise exports),TX.VAL.MMTL.ZS.UN,0.0322062820072564
Seychelles,SYC,1984,Ores and metals exports (% of merchandise exports),TX.VAL.MMTL.ZS.UN,0.0875497925799757
Seychelles,SYC,1983,Ores and metals exports (% of merchandise exports),TX.VAL.MMTL.ZS.UN,0.64879787718781
Seychelles,SYC,1982,Ores and metals exports (% of merchandise exports),TX.VAL.MMTL.ZS.UN,0.315331803172415
Seychelles,SYC,1981,Ores and metals exports (% of merchandise exports),TX.VAL.MMTL.ZS.UN,2.15078172407101
Seychelles,SYC,1980,Ores and metals exports (% of merchandise exports),TX.VAL.MMTL.ZS.UN,4.3506706428888
Seychelles,SYC,1979,Ores and metals exports (% of merchandise exports),TX.VAL.MMTL.ZS.UN,6.37420288195159
Seychelles,SYC,1978,Ores and metals exports (% of merchandise exports),TX.VAL.MMTL.ZS.UN,7.29247187484103
Seychelles,SYC,1977,Ores and metals exports (% of merchandise exports),TX.VAL.MMTL.ZS.UN,5.77901851283591
Seychelles,SYC,1976,Ores and metals exports (% of merchandise exports),TX.VAL.MMTL.ZS.UN,6.797732301297
Seychelles,SYC,1975,Ores and metals exports (% of merchandise exports),TX.VAL.MMTL.ZS.UN,4.30340779123126
Seychelles,SYC,1974,Ores and metals exports (% of merchandise exports),TX.VAL.MMTL.ZS.UN,2.53989440245319
Seychelles,SYC,1973,Ores and metals exports (% of merchandise exports),TX.VAL.MMTL.ZS.UN,3.67622292234597
Seychelles,SYC,1972,Ores and metals exports (% of merchandise exports),TX.VAL.MMTL.ZS.UN,5.94546349870737
Seychelles,SYC,1971,Ores and metals exports (% of merchandise exports),TX.VAL.MMTL.ZS.UN,4.45338980978327
