Country Name,Country ISO3,Year,Indicator Name,Indicator Code,Value
#country+name,#country+code,#date+year,#indicator+name,#indicator+code,#indicator+value+num
Liberia,LBR,2015,Energy intensity level of primary energy (MJ/$2011 PPP GDP),EG.EGY.PRIM.PP.KD,25.9923426815392
Liberia,LBR,2014,Energy intensity level of primary energy (MJ/$2011 PPP GDP),EG.EGY.PRIM.PP.KD,24.0187497795465
Liberia,LBR,2013,Energy intensity level of primary energy (MJ/$2011 PPP GDP),EG.EGY.PRIM.PP.KD,23.788826769609
Liberia,LBR,2012,Energy intensity level of primary energy (MJ/$2011 PPP GDP),EG.EGY.PRIM.PP.KD,25.5463865498549
Liberia,LBR,2011,Energy intensity level of primary energy (MJ/$2011 PPP GDP),EG.EGY.PRIM.PP.KD,26.2878200177582
Liberia,LBR,2010,Energy intensity level of primary energy (MJ/$2011 PPP GDP),EG.EGY.PRIM.PP.KD,27.1255432124813
Liberia,LBR,2009,Energy intensity level of primary energy (MJ/$2011 PPP GDP),EG.EGY.PRIM.PP.KD,26.3728688147133
Liberia,LBR,2008,Energy intensity level of primary energy (MJ/$2011 PPP GDP),EG.EGY.PRIM.PP.KD,27.0583798945019
Liberia,LBR,2007,Energy intensity level of primary energy (MJ/$2011 PPP GDP),EG.EGY.PRIM.PP.KD,28.4998889605409
Liberia,LBR,2006,Energy intensity level of primary energy (MJ/$2011 PPP GDP),EG.EGY.PRIM.PP.KD,30.7406715782951
Liberia,LBR,2005,Energy intensity level of primary energy (MJ/$2011 PPP GDP),EG.EGY.PRIM.PP.KD,32.0571439934913
Liberia,LBR,2004,Energy intensity level of primary energy (MJ/$2011 PPP GDP),EG.EGY.PRIM.PP.KD,31.8529944154599
Liberia,LBR,2003,Energy intensity level of primary energy (MJ/$2011 PPP GDP),EG.EGY.PRIM.PP.KD,31.1762953244223
Liberia,LBR,2002,Energy intensity level of primary energy (MJ/$2011 PPP GDP),EG.EGY.PRIM.PP.KD,20.7666799850037
Liberia,LBR,2001,Energy intensity level of primary energy (MJ/$2011 PPP GDP),EG.EGY.PRIM.PP.KD,20.7259978229334
Liberia,LBR,2000,Energy intensity level of primary energy (MJ/$2011 PPP GDP),EG.EGY.PRIM.PP.KD,20.1558126865166
Liberia,LBR,1999,Energy intensity level of primary energy (MJ/$2011 PPP GDP),EG.EGY.PRIM.PP.KD,23.3790358974996
Liberia,LBR,1998,Energy intensity level of primary energy (MJ/$2011 PPP GDP),EG.EGY.PRIM.PP.KD,25.5754442463628
Liberia,LBR,1997,Energy intensity level of primary energy (MJ/$2011 PPP GDP),EG.EGY.PRIM.PP.KD,29.7876731450065
Liberia,LBR,1996,Energy intensity level of primary energy (MJ/$2011 PPP GDP),EG.EGY.PRIM.PP.KD,55.1814801791513
Liberia,LBR,1995,Energy intensity level of primary energy (MJ/$2011 PPP GDP),EG.EGY.PRIM.PP.KD,57.988164574364
Liberia,LBR,1994,Energy intensity level of primary energy (MJ/$2011 PPP GDP),EG.EGY.PRIM.PP.KD,55.0651874027966
Liberia,LBR,1993,Energy intensity level of primary energy (MJ/$2011 PPP GDP),EG.EGY.PRIM.PP.KD,45.055830440604
Liberia,LBR,1992,Energy intensity level of primary energy (MJ/$2011 PPP GDP),EG.EGY.PRIM.PP.KD,31.8606155854694
Liberia,LBR,1991,Energy intensity level of primary energy (MJ/$2011 PPP GDP),EG.EGY.PRIM.PP.KD,21.981874282175
Liberia,LBR,1990,Energy intensity level of primary energy (MJ/$2011 PPP GDP),EG.EGY.PRIM.PP.KD,20.6941351492246
Liberia,LBR,2017,"Access to electricity, rural (% of rural population)",EG.ELC.ACCS.RU.ZS,6.5873123890643
Liberia,LBR,2016,"Access to electricity, rural (% of rural population)",EG.ELC.ACCS.RU.ZS,5.45498651093242
Liberia,LBR,2015,"Access to electricity, rural (% of rural population)",EG.ELC.ACCS.RU.ZS,4.96423401944107
Liberia,LBR,2014,"Access to electricity, rural (% of rural population)",EG.ELC.ACCS.RU.ZS,4.12869763642378
Liberia,LBR,2013,"Access to electricity, rural (% of rural population)",EG.ELC.ACCS.RU.ZS,3.46262654625727
Liberia,LBR,2012,"Access to electricity, rural (% of rural population)",EG.ELC.ACCS.RU.ZS,2.49378392734742
Liberia,LBR,2011,"Access to electricity, rural (% of rural population)",EG.ELC.ACCS.RU.ZS,1.21625144465769
Liberia,LBR,2010,"Access to electricity, rural (% of rural population)",EG.ELC.ACCS.RU.ZS,1.10010617952073
Liberia,LBR,2009,"Access to electricity, rural (% of rural population)",EG.ELC.ACCS.RU.ZS,0.455571053376458
Liberia,LBR,2008,"Access to electricity, rural (% of rural population)",EG.ELC.ACCS.RU.ZS,0
Liberia,LBR,2007,"Access to electricity, rural (% of rural population)",EG.ELC.ACCS.RU.ZS,0
Liberia,LBR,2017,"Access to electricity, urban (% of urban population)",EG.ELC.ACCS.UR.ZS,35.9806861877441
Liberia,LBR,2016,"Access to electricity, urban (% of urban population)",EG.ELC.ACCS.UR.ZS,34
Liberia,LBR,2015,"Access to electricity, urban (% of urban population)",EG.ELC.ACCS.UR.ZS,25.7831783294678
Liberia,LBR,2014,"Access to electricity, urban (% of urban population)",EG.ELC.ACCS.UR.ZS,14.8
Liberia,LBR,2013,"Access to electricity, urban (% of urban population)",EG.ELC.ACCS.UR.ZS,16.4
Liberia,LBR,2012,"Access to electricity, urban (% of urban population)",EG.ELC.ACCS.UR.ZS,14.9267330169678
Liberia,LBR,2011,"Access to electricity, urban (% of urban population)",EG.ELC.ACCS.UR.ZS,7.2
Liberia,LBR,2010,"Access to electricity, urban (% of urban population)",EG.ELC.ACCS.UR.ZS,9.45423889160156
Liberia,LBR,2009,"Access to electricity, urban (% of urban population)",EG.ELC.ACCS.UR.ZS,3.5
Liberia,LBR,2008,"Access to electricity, urban (% of urban population)",EG.ELC.ACCS.UR.ZS,4.03018045425415
Liberia,LBR,2007,"Access to electricity, urban (% of urban population)",EG.ELC.ACCS.UR.ZS,6.9
Liberia,LBR,2017,Access to electricity (% of population),EG.ELC.ACCS.ZS,21.4888687133789
Liberia,LBR,2016,Access to electricity (% of population),EG.ELC.ACCS.ZS,19.8
Liberia,LBR,2015,Access to electricity (% of population),EG.ELC.ACCS.ZS,15.3362312316895
Liberia,LBR,2014,Access to electricity (% of population),EG.ELC.ACCS.ZS,9.4
Liberia,LBR,2013,Access to electricity (% of population),EG.ELC.ACCS.ZS,9.8
Liberia,LBR,2012,Access to electricity (% of population),EG.ELC.ACCS.ZS,8.53408432006836
Liberia,LBR,2011,Access to electricity (% of population),EG.ELC.ACCS.ZS,4.1
Liberia,LBR,2010,Access to electricity (% of population),EG.ELC.ACCS.ZS,5.0944676399231
Liberia,LBR,2009,Access to electricity (% of population),EG.ELC.ACCS.ZS,1.9
Liberia,LBR,2008,Access to electricity (% of population),EG.ELC.ACCS.ZS,1.83453071117401
Liberia,LBR,2007,Access to electricity (% of population),EG.ELC.ACCS.ZS,3
Liberia,LBR,2015,Renewable electricity output (% of total electricity output),EG.ELC.RNEW.ZS,0
Liberia,LBR,2014,Renewable electricity output (% of total electricity output),EG.ELC.RNEW.ZS,0
Liberia,LBR,2013,Renewable electricity output (% of total electricity output),EG.ELC.RNEW.ZS,0
Liberia,LBR,2012,Renewable electricity output (% of total electricity output),EG.ELC.RNEW.ZS,0
Liberia,LBR,2011,Renewable electricity output (% of total electricity output),EG.ELC.RNEW.ZS,0
Liberia,LBR,2010,Renewable electricity output (% of total electricity output),EG.ELC.RNEW.ZS,0
Liberia,LBR,2009,Renewable electricity output (% of total electricity output),EG.ELC.RNEW.ZS,0
Liberia,LBR,2008,Renewable electricity output (% of total electricity output),EG.ELC.RNEW.ZS,0
Liberia,LBR,2007,Renewable electricity output (% of total electricity output),EG.ELC.RNEW.ZS,0
Liberia,LBR,2006,Renewable electricity output (% of total electricity output),EG.ELC.RNEW.ZS,0
Liberia,LBR,2005,Renewable electricity output (% of total electricity output),EG.ELC.RNEW.ZS,0
Liberia,LBR,2004,Renewable electricity output (% of total electricity output),EG.ELC.RNEW.ZS,0
Liberia,LBR,2003,Renewable electricity output (% of total electricity output),EG.ELC.RNEW.ZS,0
Liberia,LBR,2002,Renewable electricity output (% of total electricity output),EG.ELC.RNEW.ZS,0
Liberia,LBR,2001,Renewable electricity output (% of total electricity output),EG.ELC.RNEW.ZS,0
Liberia,LBR,2000,Renewable electricity output (% of total electricity output),EG.ELC.RNEW.ZS,0
Liberia,LBR,1999,Renewable electricity output (% of total electricity output),EG.ELC.RNEW.ZS,0
Liberia,LBR,1998,Renewable electricity output (% of total electricity output),EG.ELC.RNEW.ZS,0
Liberia,LBR,1997,Renewable electricity output (% of total electricity output),EG.ELC.RNEW.ZS,0
Liberia,LBR,1996,Renewable electricity output (% of total electricity output),EG.ELC.RNEW.ZS,0
Liberia,LBR,1995,Renewable electricity output (% of total electricity output),EG.ELC.RNEW.ZS,0
Liberia,LBR,1994,Renewable electricity output (% of total electricity output),EG.ELC.RNEW.ZS,0
Liberia,LBR,1993,Renewable electricity output (% of total electricity output),EG.ELC.RNEW.ZS,0
Liberia,LBR,1992,Renewable electricity output (% of total electricity output),EG.ELC.RNEW.ZS,0
Liberia,LBR,1991,Renewable electricity output (% of total electricity output),EG.ELC.RNEW.ZS,0
Liberia,LBR,1990,Renewable electricity output (% of total electricity output),EG.ELC.RNEW.ZS,0
Liberia,LBR,2015,Renewable energy consumption (% of total final energy consumption),EG.FEC.RNEW.ZS,83.84704333625
Liberia,LBR,2014,Renewable energy consumption (% of total final energy consumption),EG.FEC.RNEW.ZS,83.9355343251113
Liberia,LBR,2013,Renewable energy consumption (% of total final energy consumption),EG.FEC.RNEW.ZS,86.9896264925097
Liberia,LBR,2012,Renewable energy consumption (% of total final energy consumption),EG.FEC.RNEW.ZS,85.1799364456257
Liberia,LBR,2011,Renewable energy consumption (% of total final energy consumption),EG.FEC.RNEW.ZS,87.3679743918266
Liberia,LBR,2010,Renewable energy consumption (% of total final energy consumption),EG.FEC.RNEW.ZS,89.2054669015124
Liberia,LBR,2009,Renewable energy consumption (% of total final energy consumption),EG.FEC.RNEW.ZS,91.5130245095015
Liberia,LBR,2008,Renewable energy consumption (% of total final energy consumption),EG.FEC.RNEW.ZS,91.4943941514789
Liberia,LBR,2007,Renewable energy consumption (% of total final energy consumption),EG.FEC.RNEW.ZS,89.84999737284
Liberia,LBR,2006,Renewable energy consumption (% of total final energy consumption),EG.FEC.RNEW.ZS,87.6347056578426
Liberia,LBR,2005,Renewable energy consumption (% of total final energy consumption),EG.FEC.RNEW.ZS,88.2274138557077
Liberia,LBR,2004,Renewable energy consumption (% of total final energy consumption),EG.FEC.RNEW.ZS,90.1840627229306
Liberia,LBR,2003,Renewable energy consumption (% of total final energy consumption),EG.FEC.RNEW.ZS,90.7150332808808
Liberia,LBR,2002,Renewable energy consumption (% of total final energy consumption),EG.FEC.RNEW.ZS,91.3993997204887
Liberia,LBR,2001,Renewable energy consumption (% of total final energy consumption),EG.FEC.RNEW.ZS,90.7242959525428
Liberia,LBR,2000,Renewable energy consumption (% of total final energy consumption),EG.FEC.RNEW.ZS,90.826124782357
Liberia,LBR,1999,Renewable energy consumption (% of total final energy consumption),EG.FEC.RNEW.ZS,90.0509513558389
Liberia,LBR,1998,Renewable energy consumption (% of total final energy consumption),EG.FEC.RNEW.ZS,88.0034271010486
Liberia,LBR,1997,Renewable energy consumption (% of total final energy consumption),EG.FEC.RNEW.ZS,87.6524541679149
Liberia,LBR,1996,Renewable energy consumption (% of total final energy consumption),EG.FEC.RNEW.ZS,86.9857347954309
Liberia,LBR,1995,Renewable energy consumption (% of total final energy consumption),EG.FEC.RNEW.ZS,86.5974066868768
Liberia,LBR,1994,Renewable energy consumption (% of total final energy consumption),EG.FEC.RNEW.ZS,86.8545270972531
Liberia,LBR,1993,Renewable energy consumption (% of total final energy consumption),EG.FEC.RNEW.ZS,87.4436129389303
Liberia,LBR,1992,Renewable energy consumption (% of total final energy consumption),EG.FEC.RNEW.ZS,88.9272423563431
Liberia,LBR,1991,Renewable energy consumption (% of total final energy consumption),EG.FEC.RNEW.ZS,90.0681413831512
Liberia,LBR,1990,Renewable energy consumption (% of total final energy consumption),EG.FEC.RNEW.ZS,88.8172391382016
Liberia,LBR,2014,CO2 emissions from gaseous fuel consumption (% of total),EN.ATM.CO2E.GF.ZS,0
Liberia,LBR,2013,CO2 emissions from gaseous fuel consumption (% of total),EN.ATM.CO2E.GF.ZS,0
Liberia,LBR,2012,CO2 emissions from gaseous fuel consumption (% of total),EN.ATM.CO2E.GF.ZS,0
Liberia,LBR,2011,CO2 emissions from gaseous fuel consumption (% of total),EN.ATM.CO2E.GF.ZS,0
Liberia,LBR,2010,CO2 emissions from gaseous fuel consumption (% of total),EN.ATM.CO2E.GF.ZS,0
Liberia,LBR,2009,CO2 emissions from gaseous fuel consumption (% of total),EN.ATM.CO2E.GF.ZS,0
Liberia,LBR,2008,CO2 emissions from gaseous fuel consumption (% of total),EN.ATM.CO2E.GF.ZS,0
Liberia,LBR,2007,CO2 emissions from gaseous fuel consumption (% of total),EN.ATM.CO2E.GF.ZS,0
Liberia,LBR,2006,CO2 emissions from gaseous fuel consumption (% of total),EN.ATM.CO2E.GF.ZS,0
Liberia,LBR,2005,CO2 emissions from gaseous fuel consumption (% of total),EN.ATM.CO2E.GF.ZS,0
Liberia,LBR,2004,CO2 emissions from gaseous fuel consumption (% of total),EN.ATM.CO2E.GF.ZS,0
Liberia,LBR,2003,CO2 emissions from gaseous fuel consumption (% of total),EN.ATM.CO2E.GF.ZS,0
Liberia,LBR,2002,CO2 emissions from gaseous fuel consumption (% of total),EN.ATM.CO2E.GF.ZS,0
Liberia,LBR,2001,CO2 emissions from gaseous fuel consumption (% of total),EN.ATM.CO2E.GF.ZS,0
Liberia,LBR,2000,CO2 emissions from gaseous fuel consumption (% of total),EN.ATM.CO2E.GF.ZS,0
Liberia,LBR,1999,CO2 emissions from gaseous fuel consumption (% of total),EN.ATM.CO2E.GF.ZS,0
Liberia,LBR,1998,CO2 emissions from gaseous fuel consumption (% of total),EN.ATM.CO2E.GF.ZS,0
Liberia,LBR,1997,CO2 emissions from gaseous fuel consumption (% of total),EN.ATM.CO2E.GF.ZS,0
Liberia,LBR,1996,CO2 emissions from gaseous fuel consumption (% of total),EN.ATM.CO2E.GF.ZS,0
Liberia,LBR,1995,CO2 emissions from gaseous fuel consumption (% of total),EN.ATM.CO2E.GF.ZS,0
Liberia,LBR,1994,CO2 emissions from gaseous fuel consumption (% of total),EN.ATM.CO2E.GF.ZS,0
Liberia,LBR,1993,CO2 emissions from gaseous fuel consumption (% of total),EN.ATM.CO2E.GF.ZS,0
Liberia,LBR,1992,CO2 emissions from gaseous fuel consumption (% of total),EN.ATM.CO2E.GF.ZS,0
Liberia,LBR,1991,CO2 emissions from gaseous fuel consumption (% of total),EN.ATM.CO2E.GF.ZS,0
Liberia,LBR,1990,CO2 emissions from gaseous fuel consumption (% of total),EN.ATM.CO2E.GF.ZS,0
Liberia,LBR,1989,CO2 emissions from gaseous fuel consumption (% of total),EN.ATM.CO2E.GF.ZS,0
Liberia,LBR,1988,CO2 emissions from gaseous fuel consumption (% of total),EN.ATM.CO2E.GF.ZS,0
Liberia,LBR,1987,CO2 emissions from gaseous fuel consumption (% of total),EN.ATM.CO2E.GF.ZS,0
Liberia,LBR,1986,CO2 emissions from gaseous fuel consumption (% of total),EN.ATM.CO2E.GF.ZS,0
Liberia,LBR,1985,CO2 emissions from gaseous fuel consumption (% of total),EN.ATM.CO2E.GF.ZS,0
Liberia,LBR,1984,CO2 emissions from gaseous fuel consumption (% of total),EN.ATM.CO2E.GF.ZS,0
Liberia,LBR,1983,CO2 emissions from gaseous fuel consumption (% of total),EN.ATM.CO2E.GF.ZS,0
Liberia,LBR,1982,CO2 emissions from gaseous fuel consumption (% of total),EN.ATM.CO2E.GF.ZS,0
Liberia,LBR,1981,CO2 emissions from gaseous fuel consumption (% of total),EN.ATM.CO2E.GF.ZS,0
Liberia,LBR,1980,CO2 emissions from gaseous fuel consumption (% of total),EN.ATM.CO2E.GF.ZS,0
Liberia,LBR,1979,CO2 emissions from gaseous fuel consumption (% of total),EN.ATM.CO2E.GF.ZS,0
Liberia,LBR,1978,CO2 emissions from gaseous fuel consumption (% of total),EN.ATM.CO2E.GF.ZS,0
Liberia,LBR,1977,CO2 emissions from gaseous fuel consumption (% of total),EN.ATM.CO2E.GF.ZS,0
Liberia,LBR,1976,CO2 emissions from gaseous fuel consumption (% of total),EN.ATM.CO2E.GF.ZS,0
Liberia,LBR,1975,CO2 emissions from gaseous fuel consumption (% of total),EN.ATM.CO2E.GF.ZS,0
Liberia,LBR,1974,CO2 emissions from gaseous fuel consumption (% of total),EN.ATM.CO2E.GF.ZS,0
Liberia,LBR,1973,CO2 emissions from gaseous fuel consumption (% of total),EN.ATM.CO2E.GF.ZS,0
Liberia,LBR,1972,CO2 emissions from gaseous fuel consumption (% of total),EN.ATM.CO2E.GF.ZS,0
Liberia,LBR,1971,CO2 emissions from gaseous fuel consumption (% of total),EN.ATM.CO2E.GF.ZS,0
Liberia,LBR,1970,CO2 emissions from gaseous fuel consumption (% of total),EN.ATM.CO2E.GF.ZS,0
Liberia,LBR,1969,CO2 emissions from gaseous fuel consumption (% of total),EN.ATM.CO2E.GF.ZS,0
Liberia,LBR,1968,CO2 emissions from gaseous fuel consumption (% of total),EN.ATM.CO2E.GF.ZS,0
Liberia,LBR,1967,CO2 emissions from gaseous fuel consumption (% of total),EN.ATM.CO2E.GF.ZS,0
Liberia,LBR,1966,CO2 emissions from gaseous fuel consumption (% of total),EN.ATM.CO2E.GF.ZS,0
Liberia,LBR,1965,CO2 emissions from gaseous fuel consumption (% of total),EN.ATM.CO2E.GF.ZS,0
Liberia,LBR,1964,CO2 emissions from gaseous fuel consumption (% of total),EN.ATM.CO2E.GF.ZS,0
Liberia,LBR,1963,CO2 emissions from gaseous fuel consumption (% of total),EN.ATM.CO2E.GF.ZS,0
Liberia,LBR,1962,CO2 emissions from gaseous fuel consumption (% of total),EN.ATM.CO2E.GF.ZS,0
Liberia,LBR,1961,CO2 emissions from gaseous fuel consumption (% of total),EN.ATM.CO2E.GF.ZS,0
Liberia,LBR,1960,CO2 emissions from gaseous fuel consumption (% of total),EN.ATM.CO2E.GF.ZS,0
Liberia,LBR,2014,CO2 emissions from liquid fuel consumption (kt),EN.ATM.CO2E.LF.KT,788.405
Liberia,LBR,2013,CO2 emissions from liquid fuel consumption (kt),EN.ATM.CO2E.LF.KT,861.745
Liberia,LBR,2012,CO2 emissions from liquid fuel consumption (kt),EN.ATM.CO2E.LF.KT,964.421
Liberia,LBR,2011,CO2 emissions from liquid fuel consumption (kt),EN.ATM.CO2E.LF.KT,850.744
Liberia,LBR,2010,CO2 emissions from liquid fuel consumption (kt),EN.ATM.CO2E.LF.KT,755.402
Liberia,LBR,2009,CO2 emissions from liquid fuel consumption (kt),EN.ATM.CO2E.LF.KT,480.377
Liberia,LBR,2008,CO2 emissions from liquid fuel consumption (kt),EN.ATM.CO2E.LF.KT,517.047
Liberia,LBR,2007,CO2 emissions from liquid fuel consumption (kt),EN.ATM.CO2E.LF.KT,590.387
Liberia,LBR,2006,CO2 emissions from liquid fuel consumption (kt),EN.ATM.CO2E.LF.KT,671.061
Liberia,LBR,2005,CO2 emissions from liquid fuel consumption (kt),EN.ATM.CO2E.LF.KT,652.726
Liberia,LBR,2004,CO2 emissions from liquid fuel consumption (kt),EN.ATM.CO2E.LF.KT,557.384
Liberia,LBR,2003,CO2 emissions from liquid fuel consumption (kt),EN.ATM.CO2E.LF.KT,509.713
Liberia,LBR,2002,CO2 emissions from liquid fuel consumption (kt),EN.ATM.CO2E.LF.KT,462.042
Liberia,LBR,2001,CO2 emissions from liquid fuel consumption (kt),EN.ATM.CO2E.LF.KT,458.375
Liberia,LBR,2000,CO2 emissions from liquid fuel consumption (kt),EN.ATM.CO2E.LF.KT,385.035
Liberia,LBR,1999,CO2 emissions from liquid fuel consumption (kt),EN.ATM.CO2E.LF.KT,385.035
Liberia,LBR,1998,CO2 emissions from liquid fuel consumption (kt),EN.ATM.CO2E.LF.KT,370.367
Liberia,LBR,1997,CO2 emissions from liquid fuel consumption (kt),EN.ATM.CO2E.LF.KT,344.698
Liberia,LBR,1996,CO2 emissions from liquid fuel consumption (kt),EN.ATM.CO2E.LF.KT,330.03
Liberia,LBR,1995,CO2 emissions from liquid fuel consumption (kt),EN.ATM.CO2E.LF.KT,322.696
Liberia,LBR,1994,CO2 emissions from liquid fuel consumption (kt),EN.ATM.CO2E.LF.KT,311.695
Liberia,LBR,1993,CO2 emissions from liquid fuel consumption (kt),EN.ATM.CO2E.LF.KT,311.695
Liberia,LBR,1992,CO2 emissions from liquid fuel consumption (kt),EN.ATM.CO2E.LF.KT,278.692
Liberia,LBR,1991,CO2 emissions from liquid fuel consumption (kt),EN.ATM.CO2E.LF.KT,278.692
Liberia,LBR,1990,CO2 emissions from liquid fuel consumption (kt),EN.ATM.CO2E.LF.KT,447.374
Liberia,LBR,1989,CO2 emissions from liquid fuel consumption (kt),EN.ATM.CO2E.LF.KT,623.39
Liberia,LBR,1988,CO2 emissions from liquid fuel consumption (kt),EN.ATM.CO2E.LF.KT,766.403
Liberia,LBR,1987,CO2 emissions from liquid fuel consumption (kt),EN.ATM.CO2E.LF.KT,715.065
Liberia,LBR,1986,CO2 emissions from liquid fuel consumption (kt),EN.ATM.CO2E.LF.KT,682.062
Liberia,LBR,1985,CO2 emissions from liquid fuel consumption (kt),EN.ATM.CO2E.LF.KT,674.728
Liberia,LBR,1984,CO2 emissions from liquid fuel consumption (kt),EN.ATM.CO2E.LF.KT,660.06
Liberia,LBR,1983,CO2 emissions from liquid fuel consumption (kt),EN.ATM.CO2E.LF.KT,667.394
Liberia,LBR,1982,CO2 emissions from liquid fuel consumption (kt),EN.ATM.CO2E.LF.KT,561.051
Liberia,LBR,1981,CO2 emissions from liquid fuel consumption (kt),EN.ATM.CO2E.LF.KT,1895.839
Liberia,LBR,1980,CO2 emissions from liquid fuel consumption (kt),EN.ATM.CO2E.LF.KT,1991.181
Liberia,LBR,1979,CO2 emissions from liquid fuel consumption (kt),EN.ATM.CO2E.LF.KT,1877.504
Liberia,LBR,1978,CO2 emissions from liquid fuel consumption (kt),EN.ATM.CO2E.LF.KT,1441.131
Liberia,LBR,1977,CO2 emissions from liquid fuel consumption (kt),EN.ATM.CO2E.LF.KT,1422.796
Liberia,LBR,1976,CO2 emissions from liquid fuel consumption (kt),EN.ATM.CO2E.LF.KT,1426.463
Liberia,LBR,1975,CO2 emissions from liquid fuel consumption (kt),EN.ATM.CO2E.LF.KT,1441.131
Liberia,LBR,1974,CO2 emissions from liquid fuel consumption (kt),EN.ATM.CO2E.LF.KT,1679.486
Liberia,LBR,1973,CO2 emissions from liquid fuel consumption (kt),EN.ATM.CO2E.LF.KT,1437.464
Liberia,LBR,1972,CO2 emissions from liquid fuel consumption (kt),EN.ATM.CO2E.LF.KT,1463.133
Liberia,LBR,1971,CO2 emissions from liquid fuel consumption (kt),EN.ATM.CO2E.LF.KT,1481.468
Liberia,LBR,1970,CO2 emissions from liquid fuel consumption (kt),EN.ATM.CO2E.LF.KT,1408.128
Liberia,LBR,1969,CO2 emissions from liquid fuel consumption (kt),EN.ATM.CO2E.LF.KT,1235.779
Liberia,LBR,1968,CO2 emissions from liquid fuel consumption (kt),EN.ATM.CO2E.LF.KT,858.078
Liberia,LBR,1967,CO2 emissions from liquid fuel consumption (kt),EN.ATM.CO2E.LF.KT,612.389
Liberia,LBR,1966,CO2 emissions from liquid fuel consumption (kt),EN.ATM.CO2E.LF.KT,612.389
Liberia,LBR,1965,CO2 emissions from liquid fuel consumption (kt),EN.ATM.CO2E.LF.KT,557.384
Liberia,LBR,1964,CO2 emissions from liquid fuel consumption (kt),EN.ATM.CO2E.LF.KT,484.044
Liberia,LBR,1963,CO2 emissions from liquid fuel consumption (kt),EN.ATM.CO2E.LF.KT,355.699
Liberia,LBR,1962,CO2 emissions from liquid fuel consumption (kt),EN.ATM.CO2E.LF.KT,253.023
Liberia,LBR,1961,CO2 emissions from liquid fuel consumption (kt),EN.ATM.CO2E.LF.KT,161.348
Liberia,LBR,1960,CO2 emissions from liquid fuel consumption (kt),EN.ATM.CO2E.LF.KT,165.015
Liberia,LBR,2008,Methane emissions in energy sector (thousand metric tons of CO2 equivalent),EN.ATM.METH.EG.KT.CE,905.07817972226
Liberia,LBR,2007,Methane emissions in energy sector (thousand metric tons of CO2 equivalent),EN.ATM.METH.EG.KT.CE,871.308731208224
Liberia,LBR,2006,Methane emissions in energy sector (thousand metric tons of CO2 equivalent),EN.ATM.METH.EG.KT.CE,921.052862429954
Liberia,LBR,2005,Methane emissions in energy sector (thousand metric tons of CO2 equivalent),EN.ATM.METH.EG.KT.CE,805.863454684191
Liberia,LBR,2004,Methane emissions in energy sector (thousand metric tons of CO2 equivalent),EN.ATM.METH.EG.KT.CE,771.871474347085
Liberia,LBR,2003,Methane emissions in energy sector (thousand metric tons of CO2 equivalent),EN.ATM.METH.EG.KT.CE,739.059854199694
Liberia,LBR,2002,Methane emissions in energy sector (thousand metric tons of CO2 equivalent),EN.ATM.METH.EG.KT.CE,707.918895350912
Liberia,LBR,2001,Methane emissions in energy sector (thousand metric tons of CO2 equivalent),EN.ATM.METH.EG.KT.CE,678.527244919176
Liberia,LBR,2000,Methane emissions in energy sector (thousand metric tons of CO2 equivalent),EN.ATM.METH.EG.KT.CE,650.26807955399
Liberia,LBR,1999,Methane emissions in energy sector (thousand metric tons of CO2 equivalent),EN.ATM.METH.EG.KT.CE,577.306096780179
Liberia,LBR,1998,Methane emissions in energy sector (thousand metric tons of CO2 equivalent),EN.ATM.METH.EG.KT.CE,512.303424042311
Liberia,LBR,1997,Methane emissions in energy sector (thousand metric tons of CO2 equivalent),EN.ATM.METH.EG.KT.CE,454.471082897811
Liberia,LBR,1996,Methane emissions in energy sector (thousand metric tons of CO2 equivalent),EN.ATM.METH.EG.KT.CE,399.529983838681
Liberia,LBR,1995,Methane emissions in energy sector (thousand metric tons of CO2 equivalent),EN.ATM.METH.EG.KT.CE,369.649819381915
Liberia,LBR,1994,Methane emissions in energy sector (thousand metric tons of CO2 equivalent),EN.ATM.METH.EG.KT.CE,364.953816788882
Liberia,LBR,1993,Methane emissions in energy sector (thousand metric tons of CO2 equivalent),EN.ATM.METH.EG.KT.CE,379.926792164395
Liberia,LBR,1992,Methane emissions in energy sector (thousand metric tons of CO2 equivalent),EN.ATM.METH.EG.KT.CE,411.783467184348
Liberia,LBR,1991,Methane emissions in energy sector (thousand metric tons of CO2 equivalent),EN.ATM.METH.EG.KT.CE,441.076481254854
Liberia,LBR,1990,Methane emissions in energy sector (thousand metric tons of CO2 equivalent),EN.ATM.METH.EG.KT.CE,454.441168039486
Liberia,LBR,1989,Methane emissions in energy sector (thousand metric tons of CO2 equivalent),EN.ATM.METH.EG.KT.CE,459.261753127082
Liberia,LBR,1988,Methane emissions in energy sector (thousand metric tons of CO2 equivalent),EN.ATM.METH.EG.KT.CE,447.968562714524
Liberia,LBR,1987,Methane emissions in energy sector (thousand metric tons of CO2 equivalent),EN.ATM.METH.EG.KT.CE,390.369354317664
Liberia,LBR,1986,Methane emissions in energy sector (thousand metric tons of CO2 equivalent),EN.ATM.METH.EG.KT.CE,378.845788193083
Liberia,LBR,1985,Methane emissions in energy sector (thousand metric tons of CO2 equivalent),EN.ATM.METH.EG.KT.CE,322.115444952864
Liberia,LBR,1984,Methane emissions in energy sector (thousand metric tons of CO2 equivalent),EN.ATM.METH.EG.KT.CE,306.143820978517
Liberia,LBR,1983,Methane emissions in energy sector (thousand metric tons of CO2 equivalent),EN.ATM.METH.EG.KT.CE,292.473414504248
Liberia,LBR,1982,Methane emissions in energy sector (thousand metric tons of CO2 equivalent),EN.ATM.METH.EG.KT.CE,310.291733884501
Liberia,LBR,1981,Methane emissions in energy sector (thousand metric tons of CO2 equivalent),EN.ATM.METH.EG.KT.CE,297.18715390838
Liberia,LBR,1980,Methane emissions in energy sector (thousand metric tons of CO2 equivalent),EN.ATM.METH.EG.KT.CE,314.626393126442
Liberia,LBR,1979,Methane emissions in energy sector (thousand metric tons of CO2 equivalent),EN.ATM.METH.EG.KT.CE,298.607431520942
Liberia,LBR,1978,Methane emissions in energy sector (thousand metric tons of CO2 equivalent),EN.ATM.METH.EG.KT.CE,278.284566223679
Liberia,LBR,1977,Methane emissions in energy sector (thousand metric tons of CO2 equivalent),EN.ATM.METH.EG.KT.CE,274.996837468812
Liberia,LBR,1976,Methane emissions in energy sector (thousand metric tons of CO2 equivalent),EN.ATM.METH.EG.KT.CE,212.454890691531
Liberia,LBR,1975,Methane emissions in energy sector (thousand metric tons of CO2 equivalent),EN.ATM.METH.EG.KT.CE,217.184904073721
Liberia,LBR,1974,Methane emissions in energy sector (thousand metric tons of CO2 equivalent),EN.ATM.METH.EG.KT.CE,219.460682167761
Liberia,LBR,1973,Methane emissions in energy sector (thousand metric tons of CO2 equivalent),EN.ATM.METH.EG.KT.CE,232.833586191585
Liberia,LBR,1972,Methane emissions in energy sector (thousand metric tons of CO2 equivalent),EN.ATM.METH.EG.KT.CE,222.699091445623
Liberia,LBR,1971,Methane emissions in energy sector (thousand metric tons of CO2 equivalent),EN.ATM.METH.EG.KT.CE,215.196185806483
Liberia,LBR,1970,Methane emissions in energy sector (thousand metric tons of CO2 equivalent),EN.ATM.METH.EG.KT.CE,208.461048555241
Liberia,LBR,1969,Methane emissions in energy sector (thousand metric tons of CO2 equivalent),EN.ATM.METH.EG.KT.CE,0
Liberia,LBR,2008,Energy related methane emissions (% of total),EN.ATM.METH.EG.ZS,55.8290470849429
Liberia,LBR,2007,Energy related methane emissions (% of total),EN.ATM.METH.EG.ZS,54.0279488564658
Liberia,LBR,2006,Energy related methane emissions (% of total),EN.ATM.METH.EG.ZS,62.0275210234933
Liberia,LBR,2005,Energy related methane emissions (% of total),EN.ATM.METH.EG.ZS,61.1735356615749
Liberia,LBR,2004,Energy related methane emissions (% of total),EN.ATM.METH.EG.ZS,58.1114747374072
Liberia,LBR,2003,Energy related methane emissions (% of total),EN.ATM.METH.EG.ZS,59.4673200997501
Liberia,LBR,2002,Energy related methane emissions (% of total),EN.ATM.METH.EG.ZS,56.7197256110017
Liberia,LBR,2001,Energy related methane emissions (% of total),EN.ATM.METH.EG.ZS,53.2224148686691
Liberia,LBR,2000,Energy related methane emissions (% of total),EN.ATM.METH.EG.ZS,56.2686003161848
Liberia,LBR,1999,Energy related methane emissions (% of total),EN.ATM.METH.EG.ZS,52.304537008732
Liberia,LBR,1998,Energy related methane emissions (% of total),EN.ATM.METH.EG.ZS,51.1495261529095
Liberia,LBR,1997,Energy related methane emissions (% of total),EN.ATM.METH.EG.ZS,50.6045747328266
Liberia,LBR,1996,Energy related methane emissions (% of total),EN.ATM.METH.EG.ZS,49.0039253968077
Liberia,LBR,1995,Energy related methane emissions (% of total),EN.ATM.METH.EG.ZS,47.9134432992975
Liberia,LBR,1994,Energy related methane emissions (% of total),EN.ATM.METH.EG.ZS,48.2348205356834
Liberia,LBR,1993,Energy related methane emissions (% of total),EN.ATM.METH.EG.ZS,49.1091172052555
Liberia,LBR,1992,Energy related methane emissions (% of total),EN.ATM.METH.EG.ZS,49.8478317724712
Liberia,LBR,1991,Energy related methane emissions (% of total),EN.ATM.METH.EG.ZS,52.1886417989126
Liberia,LBR,1990,Energy related methane emissions (% of total),EN.ATM.METH.EG.ZS,51.0791135293982
Liberia,LBR,1989,Energy related methane emissions (% of total),EN.ATM.METH.EG.ZS,50.2930725052682
Liberia,LBR,1988,Energy related methane emissions (% of total),EN.ATM.METH.EG.ZS,50.2442921859622
Liberia,LBR,1987,Energy related methane emissions (% of total),EN.ATM.METH.EG.ZS,46.8445661098634
Liberia,LBR,1986,Energy related methane emissions (% of total),EN.ATM.METH.EG.ZS,46.5426810642935
Liberia,LBR,1985,Energy related methane emissions (% of total),EN.ATM.METH.EG.ZS,42.9428285119329
Liberia,LBR,1984,Energy related methane emissions (% of total),EN.ATM.METH.EG.ZS,41.8801396687438
Liberia,LBR,1983,Energy related methane emissions (% of total),EN.ATM.METH.EG.ZS,41.0832083640722
Liberia,LBR,1982,Energy related methane emissions (% of total),EN.ATM.METH.EG.ZS,43.5812790574649
Liberia,LBR,1981,Energy related methane emissions (% of total),EN.ATM.METH.EG.ZS,43.4672882682071
Liberia,LBR,1980,Energy related methane emissions (% of total),EN.ATM.METH.EG.ZS,45.3891720166541
Liberia,LBR,1979,Energy related methane emissions (% of total),EN.ATM.METH.EG.ZS,45.0809174056837
Liberia,LBR,1978,Energy related methane emissions (% of total),EN.ATM.METH.EG.ZS,44.2349248336018
Liberia,LBR,1977,Energy related methane emissions (% of total),EN.ATM.METH.EG.ZS,43.7003736772637
Liberia,LBR,1976,Energy related methane emissions (% of total),EN.ATM.METH.EG.ZS,38.4585248868683
Liberia,LBR,1975,Energy related methane emissions (% of total),EN.ATM.METH.EG.ZS,39.80472046305
Liberia,LBR,1974,Energy related methane emissions (% of total),EN.ATM.METH.EG.ZS,40.3420371631913
Liberia,LBR,1973,Energy related methane emissions (% of total),EN.ATM.METH.EG.ZS,42.3242218850077
Liberia,LBR,1972,Energy related methane emissions (% of total),EN.ATM.METH.EG.ZS,42.3425772694579
Liberia,LBR,1971,Energy related methane emissions (% of total),EN.ATM.METH.EG.ZS,42.2530764214
Liberia,LBR,1970,Energy related methane emissions (% of total),EN.ATM.METH.EG.ZS,42.2697840401732
Liberia,LBR,2008,Nitrous oxide emissions in energy sector (thousand metric tons of CO2 equivalent),EN.ATM.NOXE.EG.KT.CE,112.389227419
Liberia,LBR,2007,Nitrous oxide emissions in energy sector (thousand metric tons of CO2 equivalent),EN.ATM.NOXE.EG.KT.CE,108.499139843
Liberia,LBR,2006,Nitrous oxide emissions in energy sector (thousand metric tons of CO2 equivalent),EN.ATM.NOXE.EG.KT.CE,106.236475573
Liberia,LBR,2005,Nitrous oxide emissions in energy sector (thousand metric tons of CO2 equivalent),EN.ATM.NOXE.EG.KT.CE,100.88317507
Liberia,LBR,2004,Nitrous oxide emissions in energy sector (thousand metric tons of CO2 equivalent),EN.ATM.NOXE.EG.KT.CE,97.117445854
Liberia,LBR,2003,Nitrous oxide emissions in energy sector (thousand metric tons of CO2 equivalent),EN.ATM.NOXE.EG.KT.CE,92.776678914
Liberia,LBR,2002,Nitrous oxide emissions in energy sector (thousand metric tons of CO2 equivalent),EN.ATM.NOXE.EG.KT.CE,89.098335474
Liberia,LBR,2001,Nitrous oxide emissions in energy sector (thousand metric tons of CO2 equivalent),EN.ATM.NOXE.EG.KT.CE,85.751982256
Liberia,LBR,2000,Nitrous oxide emissions in energy sector (thousand metric tons of CO2 equivalent),EN.ATM.NOXE.EG.KT.CE,82.372470136
Liberia,LBR,1999,Nitrous oxide emissions in energy sector (thousand metric tons of CO2 equivalent),EN.ATM.NOXE.EG.KT.CE,73.70899264
Liberia,LBR,1998,Nitrous oxide emissions in energy sector (thousand metric tons of CO2 equivalent),EN.ATM.NOXE.EG.KT.CE,65.92814671
Liberia,LBR,1997,Nitrous oxide emissions in energy sector (thousand metric tons of CO2 equivalent),EN.ATM.NOXE.EG.KT.CE,58.87961812
Liberia,LBR,1996,Nitrous oxide emissions in energy sector (thousand metric tons of CO2 equivalent),EN.ATM.NOXE.EG.KT.CE,52.164170456
Liberia,LBR,1995,Nitrous oxide emissions in energy sector (thousand metric tons of CO2 equivalent),EN.ATM.NOXE.EG.KT.CE,48.45034578
Liberia,LBR,1994,Nitrous oxide emissions in energy sector (thousand metric tons of CO2 equivalent),EN.ATM.NOXE.EG.KT.CE,47.663106174
Liberia,LBR,1993,Nitrous oxide emissions in energy sector (thousand metric tons of CO2 equivalent),EN.ATM.NOXE.EG.KT.CE,46.869491976
Liberia,LBR,1992,Nitrous oxide emissions in energy sector (thousand metric tons of CO2 equivalent),EN.ATM.NOXE.EG.KT.CE,50.768391984
Liberia,LBR,1991,Nitrous oxide emissions in energy sector (thousand metric tons of CO2 equivalent),EN.ATM.NOXE.EG.KT.CE,54.353060678
Liberia,LBR,1990,Nitrous oxide emissions in energy sector (thousand metric tons of CO2 equivalent),EN.ATM.NOXE.EG.KT.CE,57.411015254
Liberia,LBR,1989,Nitrous oxide emissions in energy sector (thousand metric tons of CO2 equivalent),EN.ATM.NOXE.EG.KT.CE,59.75589202
Liberia,LBR,1988,Nitrous oxide emissions in energy sector (thousand metric tons of CO2 equivalent),EN.ATM.NOXE.EG.KT.CE,59.401439136
Liberia,LBR,1987,Nitrous oxide emissions in energy sector (thousand metric tons of CO2 equivalent),EN.ATM.NOXE.EG.KT.CE,51.798525332
Liberia,LBR,1986,Nitrous oxide emissions in energy sector (thousand metric tons of CO2 equivalent),EN.ATM.NOXE.EG.KT.CE,51.505243632
Liberia,LBR,1985,Nitrous oxide emissions in energy sector (thousand metric tons of CO2 equivalent),EN.ATM.NOXE.EG.KT.CE,43.65937235
Liberia,LBR,1984,Nitrous oxide emissions in energy sector (thousand metric tons of CO2 equivalent),EN.ATM.NOXE.EG.KT.CE,42.28256904
Liberia,LBR,1983,Nitrous oxide emissions in energy sector (thousand metric tons of CO2 equivalent),EN.ATM.NOXE.EG.KT.CE,41.59022558
Liberia,LBR,1982,Nitrous oxide emissions in energy sector (thousand metric tons of CO2 equivalent),EN.ATM.NOXE.EG.KT.CE,45.50347493
Liberia,LBR,1981,Nitrous oxide emissions in energy sector (thousand metric tons of CO2 equivalent),EN.ATM.NOXE.EG.KT.CE,42.18613951
Liberia,LBR,1980,Nitrous oxide emissions in energy sector (thousand metric tons of CO2 equivalent),EN.ATM.NOXE.EG.KT.CE,49.11397735
Liberia,LBR,1979,Nitrous oxide emissions in energy sector (thousand metric tons of CO2 equivalent),EN.ATM.NOXE.EG.KT.CE,46.53566767
Liberia,LBR,1978,Nitrous oxide emissions in energy sector (thousand metric tons of CO2 equivalent),EN.ATM.NOXE.EG.KT.CE,41.89414338
Liberia,LBR,1977,Nitrous oxide emissions in energy sector (thousand metric tons of CO2 equivalent),EN.ATM.NOXE.EG.KT.CE,40.82753692
Liberia,LBR,1976,Nitrous oxide emissions in energy sector (thousand metric tons of CO2 equivalent),EN.ATM.NOXE.EG.KT.CE,28.67381828
Liberia,LBR,1975,Nitrous oxide emissions in energy sector (thousand metric tons of CO2 equivalent),EN.ATM.NOXE.EG.KT.CE,29.445464514
Liberia,LBR,1974,Nitrous oxide emissions in energy sector (thousand metric tons of CO2 equivalent),EN.ATM.NOXE.EG.KT.CE,29.688267798
Liberia,LBR,1973,Nitrous oxide emissions in energy sector (thousand metric tons of CO2 equivalent),EN.ATM.NOXE.EG.KT.CE,32.515468728
Liberia,LBR,1972,Nitrous oxide emissions in energy sector (thousand metric tons of CO2 equivalent),EN.ATM.NOXE.EG.KT.CE,31.03791672
Liberia,LBR,1971,Nitrous oxide emissions in energy sector (thousand metric tons of CO2 equivalent),EN.ATM.NOXE.EG.KT.CE,29.791248868
Liberia,LBR,1970,Nitrous oxide emissions in energy sector (thousand metric tons of CO2 equivalent),EN.ATM.NOXE.EG.KT.CE,28.832753668
Liberia,LBR,1969,Nitrous oxide emissions in energy sector (thousand metric tons of CO2 equivalent),EN.ATM.NOXE.EG.KT.CE,0
Liberia,LBR,2008,Nitrous oxide emissions in energy sector (% of total),EN.ATM.NOXE.EG.ZS,22.4769149395215
Liberia,LBR,2007,Nitrous oxide emissions in energy sector (% of total),EN.ATM.NOXE.EG.ZS,19.9790632199655
Liberia,LBR,2006,Nitrous oxide emissions in energy sector (% of total),EN.ATM.NOXE.EG.ZS,33.754068660862
Liberia,LBR,2005,Nitrous oxide emissions in energy sector (% of total),EN.ATM.NOXE.EG.ZS,40.1976840877845
Liberia,LBR,2004,Nitrous oxide emissions in energy sector (% of total),EN.ATM.NOXE.EG.ZS,29.9210226450054
Liberia,LBR,2003,Nitrous oxide emissions in energy sector (% of total),EN.ATM.NOXE.EG.ZS,36.1621753157307
Liberia,LBR,2002,Nitrous oxide emissions in energy sector (% of total),EN.ATM.NOXE.EG.ZS,29.2752920409508
Liberia,LBR,2001,Nitrous oxide emissions in energy sector (% of total),EN.ATM.NOXE.EG.ZS,21.9405044219009
Liberia,LBR,2000,Nitrous oxide emissions in energy sector (% of total),EN.ATM.NOXE.EG.ZS,30.4105489786763
Liberia,LBR,1999,Nitrous oxide emissions in energy sector (% of total),EN.ATM.NOXE.EG.ZS,24.6440728840613
Liberia,LBR,1998,Nitrous oxide emissions in energy sector (% of total),EN.ATM.NOXE.EG.ZS,25.9538992214005
Liberia,LBR,1997,Nitrous oxide emissions in energy sector (% of total),EN.ATM.NOXE.EG.ZS,28.8260914831908
Liberia,LBR,1996,Nitrous oxide emissions in energy sector (% of total),EN.ATM.NOXE.EG.ZS,27.3896809205011
Liberia,LBR,1995,Nitrous oxide emissions in energy sector (% of total),EN.ATM.NOXE.EG.ZS,26.2519380131418
Liberia,LBR,1994,Nitrous oxide emissions in energy sector (% of total),EN.ATM.NOXE.EG.ZS,27.0301741512194
Liberia,LBR,1993,Nitrous oxide emissions in energy sector (% of total),EN.ATM.NOXE.EG.ZS,26.5264787022384
Liberia,LBR,1992,Nitrous oxide emissions in energy sector (% of total),EN.ATM.NOXE.EG.ZS,26.8997223121057
Liberia,LBR,1991,Nitrous oxide emissions in energy sector (% of total),EN.ATM.NOXE.EG.ZS,29.4242694045919
Liberia,LBR,1990,Nitrous oxide emissions in energy sector (% of total),EN.ATM.NOXE.EG.ZS,27.3657398407381
Liberia,LBR,1989,Nitrous oxide emissions in energy sector (% of total),EN.ATM.NOXE.EG.ZS,27.3660053295021
Liberia,LBR,1988,Nitrous oxide emissions in energy sector (% of total),EN.ATM.NOXE.EG.ZS,27.0914486801197
Liberia,LBR,1987,Nitrous oxide emissions in energy sector (% of total),EN.ATM.NOXE.EG.ZS,24.1793346096464
Liberia,LBR,1986,Nitrous oxide emissions in energy sector (% of total),EN.ATM.NOXE.EG.ZS,24.6197584048556
Liberia,LBR,1985,Nitrous oxide emissions in energy sector (% of total),EN.ATM.NOXE.EG.ZS,21.7604845699947
Liberia,LBR,1984,Nitrous oxide emissions in energy sector (% of total),EN.ATM.NOXE.EG.ZS,20.8805944741096
Liberia,LBR,1983,Nitrous oxide emissions in energy sector (% of total),EN.ATM.NOXE.EG.ZS,20.4157994850475
Liberia,LBR,1982,Nitrous oxide emissions in energy sector (% of total),EN.ATM.NOXE.EG.ZS,22.2390669268553
Liberia,LBR,1981,Nitrous oxide emissions in energy sector (% of total),EN.ATM.NOXE.EG.ZS,22.2185012784049
Liberia,LBR,1980,Nitrous oxide emissions in energy sector (% of total),EN.ATM.NOXE.EG.ZS,24.2065241970231
Liberia,LBR,1979,Nitrous oxide emissions in energy sector (% of total),EN.ATM.NOXE.EG.ZS,25.3204472886562
Liberia,LBR,1978,Nitrous oxide emissions in energy sector (% of total),EN.ATM.NOXE.EG.ZS,24.7221954324935
Liberia,LBR,1977,Nitrous oxide emissions in energy sector (% of total),EN.ATM.NOXE.EG.ZS,23.496809507073
Liberia,LBR,1976,Nitrous oxide emissions in energy sector (% of total),EN.ATM.NOXE.EG.ZS,19.1028888888889
Liberia,LBR,1975,Nitrous oxide emissions in energy sector (% of total),EN.ATM.NOXE.EG.ZS,20.9601606016272
Liberia,LBR,1974,Nitrous oxide emissions in energy sector (% of total),EN.ATM.NOXE.EG.ZS,21.7544677835198
Liberia,LBR,1973,Nitrous oxide emissions in energy sector (% of total),EN.ATM.NOXE.EG.ZS,22.1454046567406
Liberia,LBR,1972,Nitrous oxide emissions in energy sector (% of total),EN.ATM.NOXE.EG.ZS,22.2406052716925
Liberia,LBR,1971,Nitrous oxide emissions in energy sector (% of total),EN.ATM.NOXE.EG.ZS,21.7633863636878
Liberia,LBR,1970,Nitrous oxide emissions in energy sector (% of total),EN.ATM.NOXE.EG.ZS,21.4984820285232
Liberia,LBR,2016,Pump price for diesel fuel (US$ per liter),EP.PMP.DESL.CD,0.83
Liberia,LBR,2014,Pump price for diesel fuel (US$ per liter),EP.PMP.DESL.CD,0.94
Liberia,LBR,2012,Pump price for diesel fuel (US$ per liter),EP.PMP.DESL.CD,1.22
Liberia,LBR,2010,Pump price for diesel fuel (US$ per liter),EP.PMP.DESL.CD,0.96
Liberia,LBR,2008,Pump price for diesel fuel (US$ per liter),EP.PMP.DESL.CD,1.03
Liberia,LBR,2006,Pump price for diesel fuel (US$ per liter),EP.PMP.DESL.CD,0.85
Liberia,LBR,2004,Pump price for diesel fuel (US$ per liter),EP.PMP.DESL.CD,0.77
Liberia,LBR,2016,Pump price for gasoline (US$ per liter),EP.PMP.SGAS.CD,0.8
Liberia,LBR,2014,Pump price for gasoline (US$ per liter),EP.PMP.SGAS.CD,0.91
Liberia,LBR,2012,Pump price for gasoline (US$ per liter),EP.PMP.SGAS.CD,1.17
Liberia,LBR,2010,Pump price for gasoline (US$ per liter),EP.PMP.SGAS.CD,0.98
Liberia,LBR,2008,Pump price for gasoline (US$ per liter),EP.PMP.SGAS.CD,0.77
Liberia,LBR,2006,Pump price for gasoline (US$ per liter),EP.PMP.SGAS.CD,0.79
Liberia,LBR,2004,Pump price for gasoline (US$ per liter),EP.PMP.SGAS.CD,0.75
Liberia,LBR,2017,Time to obtain an electrical connection (days),IC.ELC.DURS,30.6
Liberia,LBR,2019,Time required to get electricity (days),IC.ELC.TIME,482
Liberia,LBR,2018,Time required to get electricity (days),IC.ELC.TIME,482
Liberia,LBR,2017,Time required to get electricity (days),IC.ELC.TIME,482
Liberia,LBR,2016,Time required to get electricity (days),IC.ELC.TIME,482
Liberia,LBR,2015,Time required to get electricity (days),IC.ELC.TIME,482
Liberia,LBR,2014,Time required to get electricity (days),IC.ELC.TIME,482
Liberia,LBR,2013,Time required to get electricity (days),IC.ELC.TIME,482
Liberia,LBR,2012,Time required to get electricity (days),IC.ELC.TIME,482
Liberia,LBR,2011,Time required to get electricity (days),IC.ELC.TIME,602
Liberia,LBR,2010,Time required to get electricity (days),IC.ELC.TIME,602
Liberia,LBR,2009,Time required to get electricity (days),IC.ELC.TIME,602
Liberia,LBR,2017,Firms using banks to finance investment (% of firms),IC.FRM.BNKS.ZS,19.4
Liberia,LBR,2009,Firms using banks to finance investment (% of firms),IC.FRM.BNKS.ZS,10.1
Liberia,LBR,2017,Value lost due to electrical outages (% of sales for affected firms),IC.FRM.OUTG.ZS,6.1
Liberia,LBR,2009,Value lost due to electrical outages (% of sales for affected firms),IC.FRM.OUTG.ZS,2.8
Liberia,LBR,2009,Investment in energy with private participation (current US$),IE.PPI.ENGY.CD,340000000
Liberia,LBR,2017,Adjusted savings: mineral depletion (current US$),NY.ADJ.DMIN.CD,26181935.9553232
Liberia,LBR,2016,Adjusted savings: mineral depletion (current US$),NY.ADJ.DMIN.CD,23357612.3583613
Liberia,LBR,2015,Adjusted savings: mineral depletion (current US$),NY.ADJ.DMIN.CD,24205447.1800699
Liberia,LBR,2014,Adjusted savings: mineral depletion (current US$),NY.ADJ.DMIN.CD,27799776.7546056
Liberia,LBR,2013,Adjusted savings: mineral depletion (current US$),NY.ADJ.DMIN.CD,32618890.8465287
Liberia,LBR,2012,Adjusted savings: mineral depletion (current US$),NY.ADJ.DMIN.CD,31774855.7264116
Liberia,LBR,2011,Adjusted savings: mineral depletion (current US$),NY.ADJ.DMIN.CD,19072652.1319014
Liberia,LBR,2010,Adjusted savings: mineral depletion (current US$),NY.ADJ.DMIN.CD,13239340.3189005
Liberia,LBR,2009,Adjusted savings: mineral depletion (current US$),NY.ADJ.DMIN.CD,7158861.77937523
Liberia,LBR,2008,Adjusted savings: mineral depletion (current US$),NY.ADJ.DMIN.CD,6531603.43119062
Liberia,LBR,2007,Adjusted savings: mineral depletion (current US$),NY.ADJ.DMIN.CD,50366.5150020934
Liberia,LBR,2006,Adjusted savings: mineral depletion (current US$),NY.ADJ.DMIN.CD,1971.72606962795
Liberia,LBR,2005,Adjusted savings: mineral depletion (current US$),NY.ADJ.DMIN.CD,2425.82708715547
Liberia,LBR,2004,Adjusted savings: mineral depletion (current US$),NY.ADJ.DMIN.CD,208156.360261916
Liberia,LBR,2003,Adjusted savings: mineral depletion (current US$),NY.ADJ.DMIN.CD,27134.5351990526
Liberia,LBR,2002,Adjusted savings: mineral depletion (current US$),NY.ADJ.DMIN.CD,28447.2071186128
Liberia,LBR,2001,Adjusted savings: mineral depletion (current US$),NY.ADJ.DMIN.CD,0
Liberia,LBR,2000,Adjusted savings: mineral depletion (current US$),NY.ADJ.DMIN.CD,0
Liberia,LBR,1999,Adjusted savings: mineral depletion (current US$),NY.ADJ.DMIN.CD,0
Liberia,LBR,1998,Adjusted savings: mineral depletion (current US$),NY.ADJ.DMIN.CD,0
Liberia,LBR,1997,Adjusted savings: mineral depletion (current US$),NY.ADJ.DMIN.CD,580055.058445657
Liberia,LBR,1996,Adjusted savings: mineral depletion (current US$),NY.ADJ.DMIN.CD,1238278.63312242
Liberia,LBR,1995,Adjusted savings: mineral depletion (current US$),NY.ADJ.DMIN.CD,1060240.63427725
Liberia,LBR,1994,Adjusted savings: mineral depletion (current US$),NY.ADJ.DMIN.CD,342764.030020468
Liberia,LBR,1993,Adjusted savings: mineral depletion (current US$),NY.ADJ.DMIN.CD,512843.057823481
Liberia,LBR,1992,Adjusted savings: mineral depletion (current US$),NY.ADJ.DMIN.CD,700622.617471713
Liberia,LBR,1991,Adjusted savings: mineral depletion (current US$),NY.ADJ.DMIN.CD,689576.863668704
Liberia,LBR,1990,Adjusted savings: mineral depletion (current US$),NY.ADJ.DMIN.CD,1707136.9333037
Liberia,LBR,1989,Adjusted savings: mineral depletion (current US$),NY.ADJ.DMIN.CD,3529644.49389835
Liberia,LBR,1988,Adjusted savings: mineral depletion (current US$),NY.ADJ.DMIN.CD,3210375.42431202
Liberia,LBR,1987,Adjusted savings: mineral depletion (current US$),NY.ADJ.DMIN.CD,4043300.00788411
Liberia,LBR,1986,Adjusted savings: mineral depletion (current US$),NY.ADJ.DMIN.CD,4577267.90564236
Liberia,LBR,1985,Adjusted savings: mineral depletion (current US$),NY.ADJ.DMIN.CD,4925308.2131807
Liberia,LBR,1984,Adjusted savings: mineral depletion (current US$),NY.ADJ.DMIN.CD,4983745.11335188
Liberia,LBR,1983,Adjusted savings: mineral depletion (current US$),NY.ADJ.DMIN.CD,5917951.78064523
Liberia,LBR,1982,Adjusted savings: mineral depletion (current US$),NY.ADJ.DMIN.CD,7694337.19258329
Liberia,LBR,1981,Adjusted savings: mineral depletion (current US$),NY.ADJ.DMIN.CD,6699337.09084741
Liberia,LBR,1980,Adjusted savings: mineral depletion (current US$),NY.ADJ.DMIN.CD,6133507.49814362
Liberia,LBR,1979,Adjusted savings: mineral depletion (current US$),NY.ADJ.DMIN.CD,4258294.72402641
Liberia,LBR,1978,Adjusted savings: mineral depletion (current US$),NY.ADJ.DMIN.CD,4120537.00229294
Liberia,LBR,1977,Adjusted savings: mineral depletion (current US$),NY.ADJ.DMIN.CD,5276638.18279074
Liberia,LBR,1976,Adjusted savings: mineral depletion (current US$),NY.ADJ.DMIN.CD,6732830.29871021
Liberia,LBR,1975,Adjusted savings: mineral depletion (current US$),NY.ADJ.DMIN.CD,4097185.94673575
Liberia,LBR,1974,Adjusted savings: mineral depletion (current US$),NY.ADJ.DMIN.CD,2877038.88983721
Liberia,LBR,1973,Adjusted savings: mineral depletion (current US$),NY.ADJ.DMIN.CD,2323168.4558731
Liberia,LBR,1972,Adjusted savings: mineral depletion (current US$),NY.ADJ.DMIN.CD,3733582.3289314
Liberia,LBR,1971,Adjusted savings: mineral depletion (current US$),NY.ADJ.DMIN.CD,2917008.71172646
Liberia,LBR,1970,Adjusted savings: mineral depletion (current US$),NY.ADJ.DMIN.CD,2738437.32611798
Liberia,LBR,2017,Adjusted savings: mineral depletion (% of GNI),NY.ADJ.DMIN.GN.ZS,0.87783284111127
Liberia,LBR,2016,Adjusted savings: mineral depletion (% of GNI),NY.ADJ.DMIN.GN.ZS,0.779411696186609
Liberia,LBR,2015,Adjusted savings: mineral depletion (% of GNI),NY.ADJ.DMIN.GN.ZS,0.835534938904727
Liberia,LBR,2014,Adjusted savings: mineral depletion (% of GNI),NY.ADJ.DMIN.GN.ZS,0.9889639542727
Liberia,LBR,2013,Adjusted savings: mineral depletion (% of GNI),NY.ADJ.DMIN.GN.ZS,1.17949065918047
Liberia,LBR,2012,Adjusted savings: mineral depletion (% of GNI),NY.ADJ.DMIN.GN.ZS,1.29217031619832
Liberia,LBR,2011,Adjusted savings: mineral depletion (% of GNI),NY.ADJ.DMIN.GN.ZS,0.83903871288249
Liberia,LBR,2010,Adjusted savings: mineral depletion (% of GNI),NY.ADJ.DMIN.GN.ZS,0.727996318426089
Liberia,LBR,2009,Adjusted savings: mineral depletion (% of GNI),NY.ADJ.DMIN.GN.ZS,0.440979562668153
Liberia,LBR,2008,Adjusted savings: mineral depletion (% of GNI),NY.ADJ.DMIN.GN.ZS,0.416981832941178
Liberia,LBR,2007,Adjusted savings: mineral depletion (% of GNI),NY.ADJ.DMIN.GN.ZS,0.00413246793030533
Liberia,LBR,2006,Adjusted savings: mineral depletion (% of GNI),NY.ADJ.DMIN.GN.ZS,0.000203901372650396
Liberia,LBR,2005,Adjusted savings: mineral depletion (% of GNI),NY.ADJ.DMIN.GN.ZS,0.000305750753170402
Liberia,LBR,2004,Adjusted savings: mineral depletion (% of GNI),NY.ADJ.DMIN.GN.ZS,0.028487245557332
Liberia,LBR,2003,Adjusted savings: mineral depletion (% of GNI),NY.ADJ.DMIN.GN.ZS,0.00455965898830341
Liberia,LBR,2002,Adjusted savings: mineral depletion (% of GNI),NY.ADJ.DMIN.GN.ZS,0.00372735746975667
Liberia,LBR,2001,Adjusted savings: mineral depletion (% of GNI),NY.ADJ.DMIN.GN.ZS,0
Liberia,LBR,2000,Adjusted savings: mineral depletion (% of GNI),NY.ADJ.DMIN.GN.ZS,0
Liberia,LBR,2017,Adjusted savings: energy depletion (current US$),NY.ADJ.DNGY.CD,0
Liberia,LBR,2016,Adjusted savings: energy depletion (current US$),NY.ADJ.DNGY.CD,0
Liberia,LBR,2015,Adjusted savings: energy depletion (current US$),NY.ADJ.DNGY.CD,0
Liberia,LBR,2014,Adjusted savings: energy depletion (current US$),NY.ADJ.DNGY.CD,0
Liberia,LBR,2013,Adjusted savings: energy depletion (current US$),NY.ADJ.DNGY.CD,0
Liberia,LBR,2012,Adjusted savings: energy depletion (current US$),NY.ADJ.DNGY.CD,0
Liberia,LBR,2011,Adjusted savings: energy depletion (current US$),NY.ADJ.DNGY.CD,0
Liberia,LBR,2010,Adjusted savings: energy depletion (current US$),NY.ADJ.DNGY.CD,0
Liberia,LBR,2009,Adjusted savings: energy depletion (current US$),NY.ADJ.DNGY.CD,0
Liberia,LBR,2008,Adjusted savings: energy depletion (current US$),NY.ADJ.DNGY.CD,0
Liberia,LBR,2007,Adjusted savings: energy depletion (current US$),NY.ADJ.DNGY.CD,0
Liberia,LBR,2006,Adjusted savings: energy depletion (current US$),NY.ADJ.DNGY.CD,0
Liberia,LBR,2005,Adjusted savings: energy depletion (current US$),NY.ADJ.DNGY.CD,0
Liberia,LBR,2004,Adjusted savings: energy depletion (current US$),NY.ADJ.DNGY.CD,0
Liberia,LBR,2003,Adjusted savings: energy depletion (current US$),NY.ADJ.DNGY.CD,0
Liberia,LBR,2002,Adjusted savings: energy depletion (current US$),NY.ADJ.DNGY.CD,0
Liberia,LBR,2001,Adjusted savings: energy depletion (current US$),NY.ADJ.DNGY.CD,0
Liberia,LBR,2000,Adjusted savings: energy depletion (current US$),NY.ADJ.DNGY.CD,0
Liberia,LBR,1999,Adjusted savings: energy depletion (current US$),NY.ADJ.DNGY.CD,0
Liberia,LBR,1998,Adjusted savings: energy depletion (current US$),NY.ADJ.DNGY.CD,0
Liberia,LBR,1997,Adjusted savings: energy depletion (current US$),NY.ADJ.DNGY.CD,0
Liberia,LBR,1996,Adjusted savings: energy depletion (current US$),NY.ADJ.DNGY.CD,0
Liberia,LBR,1995,Adjusted savings: energy depletion (current US$),NY.ADJ.DNGY.CD,0
Liberia,LBR,1994,Adjusted savings: energy depletion (current US$),NY.ADJ.DNGY.CD,0
Liberia,LBR,1993,Adjusted savings: energy depletion (current US$),NY.ADJ.DNGY.CD,0
Liberia,LBR,1992,Adjusted savings: energy depletion (current US$),NY.ADJ.DNGY.CD,0
Liberia,LBR,1991,Adjusted savings: energy depletion (current US$),NY.ADJ.DNGY.CD,0
Liberia,LBR,1990,Adjusted savings: energy depletion (current US$),NY.ADJ.DNGY.CD,0
Liberia,LBR,1989,Adjusted savings: energy depletion (current US$),NY.ADJ.DNGY.CD,0
Liberia,LBR,1988,Adjusted savings: energy depletion (current US$),NY.ADJ.DNGY.CD,0
Liberia,LBR,1987,Adjusted savings: energy depletion (current US$),NY.ADJ.DNGY.CD,0
Liberia,LBR,1986,Adjusted savings: energy depletion (current US$),NY.ADJ.DNGY.CD,0
Liberia,LBR,1985,Adjusted savings: energy depletion (current US$),NY.ADJ.DNGY.CD,0
Liberia,LBR,1984,Adjusted savings: energy depletion (current US$),NY.ADJ.DNGY.CD,0
Liberia,LBR,1983,Adjusted savings: energy depletion (current US$),NY.ADJ.DNGY.CD,0
Liberia,LBR,1982,Adjusted savings: energy depletion (current US$),NY.ADJ.DNGY.CD,0
Liberia,LBR,1981,Adjusted savings: energy depletion (current US$),NY.ADJ.DNGY.CD,0
Liberia,LBR,1980,Adjusted savings: energy depletion (current US$),NY.ADJ.DNGY.CD,0
Liberia,LBR,2017,Adjusted savings: energy depletion (% of GNI),NY.ADJ.DNGY.GN.ZS,0
Liberia,LBR,2016,Adjusted savings: energy depletion (% of GNI),NY.ADJ.DNGY.GN.ZS,0
Liberia,LBR,2015,Adjusted savings: energy depletion (% of GNI),NY.ADJ.DNGY.GN.ZS,0
Liberia,LBR,2014,Adjusted savings: energy depletion (% of GNI),NY.ADJ.DNGY.GN.ZS,0
Liberia,LBR,2013,Adjusted savings: energy depletion (% of GNI),NY.ADJ.DNGY.GN.ZS,0
Liberia,LBR,2012,Adjusted savings: energy depletion (% of GNI),NY.ADJ.DNGY.GN.ZS,0
Liberia,LBR,2011,Adjusted savings: energy depletion (% of GNI),NY.ADJ.DNGY.GN.ZS,0
Liberia,LBR,2010,Adjusted savings: energy depletion (% of GNI),NY.ADJ.DNGY.GN.ZS,0
Liberia,LBR,2009,Adjusted savings: energy depletion (% of GNI),NY.ADJ.DNGY.GN.ZS,0
Liberia,LBR,2008,Adjusted savings: energy depletion (% of GNI),NY.ADJ.DNGY.GN.ZS,0
Liberia,LBR,2007,Adjusted savings: energy depletion (% of GNI),NY.ADJ.DNGY.GN.ZS,0
Liberia,LBR,2006,Adjusted savings: energy depletion (% of GNI),NY.ADJ.DNGY.GN.ZS,0
Liberia,LBR,2005,Adjusted savings: energy depletion (% of GNI),NY.ADJ.DNGY.GN.ZS,0
Liberia,LBR,2004,Adjusted savings: energy depletion (% of GNI),NY.ADJ.DNGY.GN.ZS,0
Liberia,LBR,2003,Adjusted savings: energy depletion (% of GNI),NY.ADJ.DNGY.GN.ZS,0
Liberia,LBR,2002,Adjusted savings: energy depletion (% of GNI),NY.ADJ.DNGY.GN.ZS,0
Liberia,LBR,2001,Adjusted savings: energy depletion (% of GNI),NY.ADJ.DNGY.GN.ZS,0
Liberia,LBR,2000,Adjusted savings: energy depletion (% of GNI),NY.ADJ.DNGY.GN.ZS,0
Liberia,LBR,2017,Adjusted savings: natural resources depletion (% of GNI),NY.ADJ.DRES.GN.ZS,19.1556515985435
Liberia,LBR,2016,Adjusted savings: natural resources depletion (% of GNI),NY.ADJ.DRES.GN.ZS,18.5198700902651
Liberia,LBR,2015,Adjusted savings: natural resources depletion (% of GNI),NY.ADJ.DRES.GN.ZS,17.8059120429807
Liberia,LBR,2014,Adjusted savings: natural resources depletion (% of GNI),NY.ADJ.DRES.GN.ZS,17.5166157629091
Liberia,LBR,2013,Adjusted savings: natural resources depletion (% of GNI),NY.ADJ.DRES.GN.ZS,16.4864453081407
Liberia,LBR,2012,Adjusted savings: natural resources depletion (% of GNI),NY.ADJ.DRES.GN.ZS,17.5351909378607
Liberia,LBR,2011,Adjusted savings: natural resources depletion (% of GNI),NY.ADJ.DRES.GN.ZS,15.4635553509373
Liberia,LBR,2010,Adjusted savings: natural resources depletion (% of GNI),NY.ADJ.DRES.GN.ZS,16.2451570538593
Liberia,LBR,2009,Adjusted savings: natural resources depletion (% of GNI),NY.ADJ.DRES.GN.ZS,16.1338813850055
Liberia,LBR,2008,Adjusted savings: natural resources depletion (% of GNI),NY.ADJ.DRES.GN.ZS,12.9203244740957
Liberia,LBR,2007,Adjusted savings: natural resources depletion (% of GNI),NY.ADJ.DRES.GN.ZS,9.19708830526433
Liberia,LBR,2006,Adjusted savings: natural resources depletion (% of GNI),NY.ADJ.DRES.GN.ZS,4.66450853603248
Liberia,LBR,2005,Adjusted savings: natural resources depletion (% of GNI),NY.ADJ.DRES.GN.ZS,1.44940068790582
Liberia,LBR,2004,Adjusted savings: natural resources depletion (% of GNI),NY.ADJ.DRES.GN.ZS,0.603402678418855
Liberia,LBR,2003,Adjusted savings: natural resources depletion (% of GNI),NY.ADJ.DRES.GN.ZS,3.83402303368077
Liberia,LBR,2002,Adjusted savings: natural resources depletion (% of GNI),NY.ADJ.DRES.GN.ZS,3.93125798976665
Liberia,LBR,2001,Adjusted savings: natural resources depletion (% of GNI),NY.ADJ.DRES.GN.ZS,1.09054287423245
Liberia,LBR,2000,Adjusted savings: natural resources depletion (% of GNI),NY.ADJ.DRES.GN.ZS,0.253264432629668
Liberia,LBR,2017,Mineral rents (% of GDP),NY.GDP.MINR.RT.ZS,5.01038167383344
Liberia,LBR,2016,Mineral rents (% of GDP),NY.GDP.MINR.RT.ZS,3.95617103612094
Liberia,LBR,2015,Mineral rents (% of GDP),NY.GDP.MINR.RT.ZS,7.13674568444709
Liberia,LBR,2014,Mineral rents (% of GDP),NY.GDP.MINR.RT.ZS,14.1506750011129
Liberia,LBR,2013,Mineral rents (% of GDP),NY.GDP.MINR.RT.ZS,17.8578330168043
Liberia,LBR,2012,Mineral rents (% of GDP),NY.GDP.MINR.RT.ZS,13.756631638077
Liberia,LBR,2011,Mineral rents (% of GDP),NY.GDP.MINR.RT.ZS,8.53379335530915
Liberia,LBR,2010,Mineral rents (% of GDP),NY.GDP.MINR.RT.ZS,0.904202562576519
Liberia,LBR,2009,Mineral rents (% of GDP),NY.GDP.MINR.RT.ZS,0.576966122720439
Liberia,LBR,2008,Mineral rents (% of GDP),NY.GDP.MINR.RT.ZS,0.557881852493536
Liberia,LBR,2007,Mineral rents (% of GDP),NY.GDP.MINR.RT.ZS,0.242639849768836
Liberia,LBR,2006,Mineral rents (% of GDP),NY.GDP.MINR.RT.ZS,0.00676880334969392
Liberia,LBR,2005,Mineral rents (% of GDP),NY.GDP.MINR.RT.ZS,0.0101290601458454
Liberia,LBR,2004,Mineral rents (% of GDP),NY.GDP.MINR.RT.ZS,0.0336332701020478
Liberia,LBR,2003,Mineral rents (% of GDP),NY.GDP.MINR.RT.ZS,0.00517552654320938
Liberia,LBR,2002,Mineral rents (% of GDP),NY.GDP.MINR.RT.ZS,0.00315496897217628
Liberia,LBR,2001,Mineral rents (% of GDP),NY.GDP.MINR.RT.ZS,0
Liberia,LBR,2000,Mineral rents (% of GDP),NY.GDP.MINR.RT.ZS,0
Liberia,LBR,2017,Natural gas rents (% of GDP),NY.GDP.NGAS.RT.ZS,0
Liberia,LBR,2016,Natural gas rents (% of GDP),NY.GDP.NGAS.RT.ZS,0
Liberia,LBR,2015,Natural gas rents (% of GDP),NY.GDP.NGAS.RT.ZS,0
Liberia,LBR,2014,Natural gas rents (% of GDP),NY.GDP.NGAS.RT.ZS,0
Liberia,LBR,2013,Natural gas rents (% of GDP),NY.GDP.NGAS.RT.ZS,0
Liberia,LBR,2012,Natural gas rents (% of GDP),NY.GDP.NGAS.RT.ZS,0
Liberia,LBR,2011,Natural gas rents (% of GDP),NY.GDP.NGAS.RT.ZS,0
Liberia,LBR,2010,Natural gas rents (% of GDP),NY.GDP.NGAS.RT.ZS,0
Liberia,LBR,2009,Natural gas rents (% of GDP),NY.GDP.NGAS.RT.ZS,0
Liberia,LBR,2008,Natural gas rents (% of GDP),NY.GDP.NGAS.RT.ZS,0
Liberia,LBR,2007,Natural gas rents (% of GDP),NY.GDP.NGAS.RT.ZS,0
Liberia,LBR,2006,Natural gas rents (% of GDP),NY.GDP.NGAS.RT.ZS,0
Liberia,LBR,2005,Natural gas rents (% of GDP),NY.GDP.NGAS.RT.ZS,0
Liberia,LBR,2004,Natural gas rents (% of GDP),NY.GDP.NGAS.RT.ZS,0
Liberia,LBR,2003,Natural gas rents (% of GDP),NY.GDP.NGAS.RT.ZS,0
Liberia,LBR,2002,Natural gas rents (% of GDP),NY.GDP.NGAS.RT.ZS,0
Liberia,LBR,2001,Natural gas rents (% of GDP),NY.GDP.NGAS.RT.ZS,0
Liberia,LBR,2000,Natural gas rents (% of GDP),NY.GDP.NGAS.RT.ZS,0
Liberia,LBR,2017,Oil rents (% of GDP),NY.GDP.PETR.RT.ZS,0
Liberia,LBR,2016,Oil rents (% of GDP),NY.GDP.PETR.RT.ZS,0
Liberia,LBR,2015,Oil rents (% of GDP),NY.GDP.PETR.RT.ZS,0
Liberia,LBR,2014,Oil rents (% of GDP),NY.GDP.PETR.RT.ZS,0
Liberia,LBR,2013,Oil rents (% of GDP),NY.GDP.PETR.RT.ZS,0
Liberia,LBR,2012,Oil rents (% of GDP),NY.GDP.PETR.RT.ZS,0
Liberia,LBR,2011,Oil rents (% of GDP),NY.GDP.PETR.RT.ZS,0
Liberia,LBR,2010,Oil rents (% of GDP),NY.GDP.PETR.RT.ZS,0
Liberia,LBR,2009,Oil rents (% of GDP),NY.GDP.PETR.RT.ZS,0
Liberia,LBR,2008,Oil rents (% of GDP),NY.GDP.PETR.RT.ZS,0
Liberia,LBR,2007,Oil rents (% of GDP),NY.GDP.PETR.RT.ZS,0
Liberia,LBR,2006,Oil rents (% of GDP),NY.GDP.PETR.RT.ZS,0
Liberia,LBR,2005,Oil rents (% of GDP),NY.GDP.PETR.RT.ZS,0
Liberia,LBR,2004,Oil rents (% of GDP),NY.GDP.PETR.RT.ZS,0
Liberia,LBR,2003,Oil rents (% of GDP),NY.GDP.PETR.RT.ZS,0
Liberia,LBR,2002,Oil rents (% of GDP),NY.GDP.PETR.RT.ZS,0
Liberia,LBR,2001,Oil rents (% of GDP),NY.GDP.PETR.RT.ZS,0
Liberia,LBR,2000,Oil rents (% of GDP),NY.GDP.PETR.RT.ZS,0
Liberia,LBR,2017,Total natural resources rents (% of GDP),NY.GDP.TOTL.RT.ZS,25.204099690318
Liberia,LBR,2016,Total natural resources rents (% of GDP),NY.GDP.TOTL.RT.ZS,23.6957543967215
Liberia,LBR,2015,Total natural resources rents (% of GDP),NY.GDP.TOTL.RT.ZS,26.0982582342627
Liberia,LBR,2014,Total natural resources rents (% of GDP),NY.GDP.TOTL.RT.ZS,32.3203319773832
Liberia,LBR,2013,Total natural resources rents (% of GDP),NY.GDP.TOTL.RT.ZS,34.9579215890344
Liberia,LBR,2012,Total natural resources rents (% of GDP),NY.GDP.TOTL.RT.ZS,32.0835087873713
Liberia,LBR,2011,Total natural resources rents (% of GDP),NY.GDP.TOTL.RT.ZS,26.0035454166709
Liberia,LBR,2010,Total natural resources rents (% of GDP),NY.GDP.TOTL.RT.ZS,18.8582451009174
Liberia,LBR,2009,Total natural resources rents (% of GDP),NY.GDP.TOTL.RT.ZS,22.3779595158189
Liberia,LBR,2008,Total natural resources rents (% of GDP),NY.GDP.TOTL.RT.ZS,22.0339499072484
Liberia,LBR,2007,Total natural resources rents (% of GDP),NY.GDP.TOTL.RT.ZS,21.6503910447793
Liberia,LBR,2006,Total natural resources rents (% of GDP),NY.GDP.TOTL.RT.ZS,17.6460754553987
Liberia,LBR,2005,Total natural resources rents (% of GDP),NY.GDP.TOTL.RT.ZS,19.8286421385547
Liberia,LBR,2004,Total natural resources rents (% of GDP),NY.GDP.TOTL.RT.ZS,19.8156587203525
Liberia,LBR,2003,Total natural resources rents (% of GDP),NY.GDP.TOTL.RT.ZS,34.2108042408307
Liberia,LBR,2002,Total natural resources rents (% of GDP),NY.GDP.TOTL.RT.ZS,23.7038337837703
Liberia,LBR,2001,Total natural resources rents (% of GDP),NY.GDP.TOTL.RT.ZS,17.1109589323273
Liberia,LBR,2000,Total natural resources rents (% of GDP),NY.GDP.TOTL.RT.ZS,17.8204044736018
Liberia,LBR,1984,Fuel imports (% of merchandise imports),TM.VAL.FUEL.ZS.UN,19.7477961735291
Liberia,LBR,1983,Fuel imports (% of merchandise imports),TM.VAL.FUEL.ZS.UN,17.3746332899635
Liberia,LBR,1982,Fuel imports (% of merchandise imports),TM.VAL.FUEL.ZS.UN,26.8697443681589
Liberia,LBR,1981,Fuel imports (% of merchandise imports),TM.VAL.FUEL.ZS.UN,27.0748705672253
Liberia,LBR,1980,Fuel imports (% of merchandise imports),TM.VAL.FUEL.ZS.UN,28.4783126831682
Liberia,LBR,1979,Fuel imports (% of merchandise imports),TM.VAL.FUEL.ZS.UN,20.3710149167347
Liberia,LBR,1978,Fuel imports (% of merchandise imports),TM.VAL.FUEL.ZS.UN,17.5782938356587
Liberia,LBR,1977,Fuel imports (% of merchandise imports),TM.VAL.FUEL.ZS.UN,14.8562345154401
Liberia,LBR,1976,Fuel imports (% of merchandise imports),TM.VAL.FUEL.ZS.UN,14.906759813803
Liberia,LBR,1975,Fuel imports (% of merchandise imports),TM.VAL.FUEL.ZS.UN,14.5957767148304
Liberia,LBR,1974,Fuel imports (% of merchandise imports),TM.VAL.FUEL.ZS.UN,19.5575282949868
Liberia,LBR,1973,Fuel imports (% of merchandise imports),TM.VAL.FUEL.ZS.UN,7.6081886956398
Liberia,LBR,1972,Fuel imports (% of merchandise imports),TM.VAL.FUEL.ZS.UN,6.73742433958092
Liberia,LBR,1971,Fuel imports (% of merchandise imports),TM.VAL.FUEL.ZS.UN,7.29879443131847
Liberia,LBR,1970,Fuel imports (% of merchandise imports),TM.VAL.FUEL.ZS.UN,6.3656538082199
Liberia,LBR,1967,Fuel imports (% of merchandise imports),TM.VAL.FUEL.ZS.UN,6.53476048331782
Liberia,LBR,1963,Fuel imports (% of merchandise imports),TM.VAL.FUEL.ZS.UN,6.97495860352818
Liberia,LBR,1984,Ores and metals imports (% of merchandise imports),TM.VAL.MMTL.ZS.UN,1.32281322176941
Liberia,LBR,1983,Ores and metals imports (% of merchandise imports),TM.VAL.MMTL.ZS.UN,1.744664104646
Liberia,LBR,1982,Ores and metals imports (% of merchandise imports),TM.VAL.MMTL.ZS.UN,0.752623333903546
Liberia,LBR,1981,Ores and metals imports (% of merchandise imports),TM.VAL.MMTL.ZS.UN,1.19658625434422
Liberia,LBR,1980,Ores and metals imports (% of merchandise imports),TM.VAL.MMTL.ZS.UN,1.18803613598157
Liberia,LBR,1979,Ores and metals imports (% of merchandise imports),TM.VAL.MMTL.ZS.UN,1.2314707765826
Liberia,LBR,1978,Ores and metals imports (% of merchandise imports),TM.VAL.MMTL.ZS.UN,0.847071995450519
Liberia,LBR,1977,Ores and metals imports (% of merchandise imports),TM.VAL.MMTL.ZS.UN,1.27378316724295
Liberia,LBR,1976,Ores and metals imports (% of merchandise imports),TM.VAL.MMTL.ZS.UN,0.896196324715512
Liberia,LBR,1975,Ores and metals imports (% of merchandise imports),TM.VAL.MMTL.ZS.UN,1.13317450394187
Liberia,LBR,1974,Ores and metals imports (% of merchandise imports),TM.VAL.MMTL.ZS.UN,0.798488825022435
Liberia,LBR,1973,Ores and metals imports (% of merchandise imports),TM.VAL.MMTL.ZS.UN,0.761010282345173
Liberia,LBR,1972,Ores and metals imports (% of merchandise imports),TM.VAL.MMTL.ZS.UN,0.928933598046978
Liberia,LBR,1971,Ores and metals imports (% of merchandise imports),TM.VAL.MMTL.ZS.UN,0.870187851234233
Liberia,LBR,1970,Ores and metals imports (% of merchandise imports),TM.VAL.MMTL.ZS.UN,1.12976034169461
Liberia,LBR,1967,Ores and metals imports (% of merchandise imports),TM.VAL.MMTL.ZS.UN,0.607605588882691
Liberia,LBR,1963,Ores and metals imports (% of merchandise imports),TM.VAL.MMTL.ZS.UN,1.31821167241746
Liberia,LBR,1984,Fuel exports (% of merchandise exports),TX.VAL.FUEL.ZS.UN,0.00415661176061479
Liberia,LBR,1983,Fuel exports (% of merchandise exports),TX.VAL.FUEL.ZS.UN,0.121468651192053
Liberia,LBR,1982,Fuel exports (% of merchandise exports),TX.VAL.FUEL.ZS.UN,1.56822928220455
Liberia,LBR,1981,Fuel exports (% of merchandise exports),TX.VAL.FUEL.ZS.UN,0.0667110729823982
Liberia,LBR,1980,Fuel exports (% of merchandise exports),TX.VAL.FUEL.ZS.UN,1.16373068877179
Liberia,LBR,1979,Fuel exports (% of merchandise exports),TX.VAL.FUEL.ZS.UN,0.00180069262033281
Liberia,LBR,1978,Fuel exports (% of merchandise exports),TX.VAL.FUEL.ZS.UN,0.00653052631588449
Liberia,LBR,1977,Fuel exports (% of merchandise exports),TX.VAL.FUEL.ZS.UN,0.0019712747805779
Liberia,LBR,1976,Fuel exports (% of merchandise exports),TX.VAL.FUEL.ZS.UN,0.0571973012570786
Liberia,LBR,1975,Fuel exports (% of merchandise exports),TX.VAL.FUEL.ZS.UN,0.04257453208529
Liberia,LBR,1974,Fuel exports (% of merchandise exports),TX.VAL.FUEL.ZS.UN,0.0544218297650044
Liberia,LBR,1973,Fuel exports (% of merchandise exports),TX.VAL.FUEL.ZS.UN,0.0106683707893429
Liberia,LBR,1972,Fuel exports (% of merchandise exports),TX.VAL.FUEL.ZS.UN,0.0434702732525369
Liberia,LBR,1971,Fuel exports (% of merchandise exports),TX.VAL.FUEL.ZS.UN,0.000481172710171923
Liberia,LBR,1970,Fuel exports (% of merchandise exports),TX.VAL.FUEL.ZS.UN,0.00202182880785042
Liberia,LBR,1967,Fuel exports (% of merchandise exports),TX.VAL.FUEL.ZS.UN,0.0138609835088571
Liberia,LBR,1984,Ores and metals exports (% of merchandise exports),TX.VAL.MMTL.ZS.UN,64.7615299324146
Liberia,LBR,1983,Ores and metals exports (% of merchandise exports),TX.VAL.MMTL.ZS.UN,67.4786750990607
Liberia,LBR,1982,Ores and metals exports (% of merchandise exports),TX.VAL.MMTL.ZS.UN,71.19834711933
Liberia,LBR,1981,Ores and metals exports (% of merchandise exports),TX.VAL.MMTL.ZS.UN,66.7327405790939
Liberia,LBR,1980,Ores and metals exports (% of merchandise exports),TX.VAL.MMTL.ZS.UN,57.597839578455
Liberia,LBR,1979,Ores and metals exports (% of merchandise exports),TX.VAL.MMTL.ZS.UN,61.5144763116118
Liberia,LBR,1978,Ores and metals exports (% of merchandise exports),TX.VAL.MMTL.ZS.UN,62.7410768437455
Liberia,LBR,1977,Ores and metals exports (% of merchandise exports),TX.VAL.MMTL.ZS.UN,65.9737949458696
Liberia,LBR,1976,Ores and metals exports (% of merchandise exports),TX.VAL.MMTL.ZS.UN,75.6115923504624
Liberia,LBR,1975,Ores and metals exports (% of merchandise exports),TX.VAL.MMTL.ZS.UN,79.3520891160126
Liberia,LBR,1974,Ores and metals exports (% of merchandise exports),TX.VAL.MMTL.ZS.UN,73.1465321380948
Liberia,LBR,1973,Ores and metals exports (% of merchandise exports),TX.VAL.MMTL.ZS.UN,76.0859603412712
Liberia,LBR,1972,Ores and metals exports (% of merchandise exports),TX.VAL.MMTL.ZS.UN,77.5647887434307
Liberia,LBR,1971,Ores and metals exports (% of merchandise exports),TX.VAL.MMTL.ZS.UN,74.9854227153524
Liberia,LBR,1970,Ores and metals exports (% of merchandise exports),TX.VAL.MMTL.ZS.UN,73.6423219630379
Liberia,LBR,1967,Ores and metals exports (% of merchandise exports),TX.VAL.MMTL.ZS.UN,75.938022527576
Liberia,LBR,1963,Ores and metals exports (% of merchandise exports),TX.VAL.MMTL.ZS.UN,61.021551440058
