Country Name,Country ISO3,Year,Indicator Name,Indicator Code,Value
#country+name,#country+code,#date+year,#indicator+name,#indicator+code,#indicator+value+num
Lao PDR,LAO,2015,Energy intensity level of primary energy (MJ/$2011 PPP GDP),EG.EGY.PRIM.PP.KD,5.17189025046944
Lao PDR,LAO,2014,Energy intensity level of primary energy (MJ/$2011 PPP GDP),EG.EGY.PRIM.PP.KD,2.30241041586574
Lao PDR,LAO,2013,Energy intensity level of primary energy (MJ/$2011 PPP GDP),EG.EGY.PRIM.PP.KD,2.50492302855265
Lao PDR,LAO,2012,Energy intensity level of primary energy (MJ/$2011 PPP GDP),EG.EGY.PRIM.PP.KD,2.51121060752739
Lao PDR,LAO,2011,Energy intensity level of primary energy (MJ/$2011 PPP GDP),EG.EGY.PRIM.PP.KD,2.71189700116424
Lao PDR,LAO,2010,Energy intensity level of primary energy (MJ/$2011 PPP GDP),EG.EGY.PRIM.PP.KD,3.00056298404235
Lao PDR,LAO,2009,Energy intensity level of primary energy (MJ/$2011 PPP GDP),EG.EGY.PRIM.PP.KD,3.14769838636543
Lao PDR,LAO,2008,Energy intensity level of primary energy (MJ/$2011 PPP GDP),EG.EGY.PRIM.PP.KD,3.31856196978629
Lao PDR,LAO,2007,Energy intensity level of primary energy (MJ/$2011 PPP GDP),EG.EGY.PRIM.PP.KD,3.52314472475102
Lao PDR,LAO,2006,Energy intensity level of primary energy (MJ/$2011 PPP GDP),EG.EGY.PRIM.PP.KD,4.09018823632922
Lao PDR,LAO,2005,Energy intensity level of primary energy (MJ/$2011 PPP GDP),EG.EGY.PRIM.PP.KD,4.37927351366848
Lao PDR,LAO,2004,Energy intensity level of primary energy (MJ/$2011 PPP GDP),EG.EGY.PRIM.PP.KD,4.6446147568295
Lao PDR,LAO,2003,Energy intensity level of primary energy (MJ/$2011 PPP GDP),EG.EGY.PRIM.PP.KD,4.71178339563886
Lao PDR,LAO,2002,Energy intensity level of primary energy (MJ/$2011 PPP GDP),EG.EGY.PRIM.PP.KD,4.98871162347996
Lao PDR,LAO,2001,Energy intensity level of primary energy (MJ/$2011 PPP GDP),EG.EGY.PRIM.PP.KD,5.10056971095381
Lao PDR,LAO,2000,Energy intensity level of primary energy (MJ/$2011 PPP GDP),EG.EGY.PRIM.PP.KD,5.42195520712951
Lao PDR,LAO,1999,Energy intensity level of primary energy (MJ/$2011 PPP GDP),EG.EGY.PRIM.PP.KD,5.59296016782184
Lao PDR,LAO,1998,Energy intensity level of primary energy (MJ/$2011 PPP GDP),EG.EGY.PRIM.PP.KD,5.76639231650081
Lao PDR,LAO,1997,Energy intensity level of primary energy (MJ/$2011 PPP GDP),EG.EGY.PRIM.PP.KD,5.85329987807082
Lao PDR,LAO,1996,Energy intensity level of primary energy (MJ/$2011 PPP GDP),EG.EGY.PRIM.PP.KD,6.06205904498543
Lao PDR,LAO,1995,Energy intensity level of primary energy (MJ/$2011 PPP GDP),EG.EGY.PRIM.PP.KD,6.30938586452983
Lao PDR,LAO,1994,Energy intensity level of primary energy (MJ/$2011 PPP GDP),EG.EGY.PRIM.PP.KD,6.63404443364601
Lao PDR,LAO,1993,Energy intensity level of primary energy (MJ/$2011 PPP GDP),EG.EGY.PRIM.PP.KD,7.11877175596494
Lao PDR,LAO,1992,Energy intensity level of primary energy (MJ/$2011 PPP GDP),EG.EGY.PRIM.PP.KD,7.48710880975962
Lao PDR,LAO,1991,Energy intensity level of primary energy (MJ/$2011 PPP GDP),EG.EGY.PRIM.PP.KD,7.83922573446131
Lao PDR,LAO,1990,Energy intensity level of primary energy (MJ/$2011 PPP GDP),EG.EGY.PRIM.PP.KD,8.05148654823041
Lao PDR,LAO,2017,"Access to electricity, rural (% of rural population)",EG.ELC.ACCS.RU.ZS,90.5104835477527
Lao PDR,LAO,2016,"Access to electricity, rural (% of rural population)",EG.ELC.ACCS.RU.ZS,86.7611649203298
Lao PDR,LAO,2015,"Access to electricity, rural (% of rural population)",EG.ELC.ACCS.RU.ZS,85.6909291890972
Lao PDR,LAO,2014,"Access to electricity, rural (% of rural population)",EG.ELC.ACCS.RU.ZS,76.0640909535773
Lao PDR,LAO,2013,"Access to electricity, rural (% of rural population)",EG.ELC.ACCS.RU.ZS,71.083623745479
Lao PDR,LAO,2012,"Access to electricity, rural (% of rural population)",EG.ELC.ACCS.RU.ZS,66.7857008293217
Lao PDR,LAO,2011,"Access to electricity, rural (% of rural population)",EG.ELC.ACCS.RU.ZS,58.0129840961962
Lao PDR,LAO,2010,"Access to electricity, rural (% of rural population)",EG.ELC.ACCS.RU.ZS,59.3170987686267
Lao PDR,LAO,2009,"Access to electricity, rural (% of rural population)",EG.ELC.ACCS.RU.ZS,55.7416967848459
Lao PDR,LAO,2008,"Access to electricity, rural (% of rural population)",EG.ELC.ACCS.RU.ZS,52.5910697517922
Lao PDR,LAO,2007,"Access to electricity, rural (% of rural population)",EG.ELC.ACCS.RU.ZS,48.8750946030495
Lao PDR,LAO,2006,"Access to electricity, rural (% of rural population)",EG.ELC.ACCS.RU.ZS,42.7965272980043
Lao PDR,LAO,2005,"Access to electricity, rural (% of rural population)",EG.ELC.ACCS.RU.ZS,44.1323150671069
Lao PDR,LAO,2004,"Access to electricity, rural (% of rural population)",EG.ELC.ACCS.RU.ZS,39.2634942422111
Lao PDR,LAO,2003,"Access to electricity, rural (% of rural population)",EG.ELC.ACCS.RU.ZS,31.5567277016702
Lao PDR,LAO,2002,"Access to electricity, rural (% of rural population)",EG.ELC.ACCS.RU.ZS,30.5366371175321
Lao PDR,LAO,2001,"Access to electricity, rural (% of rural population)",EG.ELC.ACCS.RU.ZS,30.9018583957791
Lao PDR,LAO,2000,"Access to electricity, rural (% of rural population)",EG.ELC.ACCS.RU.ZS,28.1607477959464
Lao PDR,LAO,1999,"Access to electricity, rural (% of rural population)",EG.ELC.ACCS.RU.ZS,25.4516348285569
Lao PDR,LAO,1998,"Access to electricity, rural (% of rural population)",EG.ELC.ACCS.RU.ZS,22.7740610945426
Lao PDR,LAO,1997,"Access to electricity, rural (% of rural population)",EG.ELC.ACCS.RU.ZS,20.1315466049175
Lao PDR,LAO,1996,"Access to electricity, rural (% of rural population)",EG.ELC.ACCS.RU.ZS,17.524975009968
Lao PDR,LAO,1995,"Access to electricity, rural (% of rural population)",EG.ELC.ACCS.RU.ZS,10.1707021531334
Lao PDR,LAO,1994,"Access to electricity, rural (% of rural population)",EG.ELC.ACCS.RU.ZS,12.1054292727328
Lao PDR,LAO,1993,"Access to electricity, rural (% of rural population)",EG.ELC.ACCS.RU.ZS,17.9675461763977
Lao PDR,LAO,2017,"Access to electricity, urban (% of urban population)",EG.ELC.ACCS.UR.ZS,99.5
Lao PDR,LAO,2016,"Access to electricity, urban (% of urban population)",EG.ELC.ACCS.UR.ZS,98.7680892944336
Lao PDR,LAO,2015,"Access to electricity, urban (% of urban population)",EG.ELC.ACCS.UR.ZS,97.8
Lao PDR,LAO,2014,"Access to electricity, urban (% of urban population)",EG.ELC.ACCS.UR.ZS,97.6826934814453
Lao PDR,LAO,2013,"Access to electricity, urban (% of urban population)",EG.ELC.ACCS.UR.ZS,97.4671859741211
Lao PDR,LAO,2012,"Access to electricity, urban (% of urban population)",EG.ELC.ACCS.UR.ZS,97.4309445624879
Lao PDR,LAO,2011,"Access to electricity, urban (% of urban population)",EG.ELC.ACCS.UR.ZS,97.1095809936523
Lao PDR,LAO,2010,"Access to electricity, urban (% of urban population)",EG.ELC.ACCS.UR.ZS,96.9456939697266
Lao PDR,LAO,2009,"Access to electricity, urban (% of urban population)",EG.ELC.ACCS.UR.ZS,96.7942581176758
Lao PDR,LAO,2008,"Access to electricity, urban (% of urban population)",EG.ELC.ACCS.UR.ZS,99
Lao PDR,LAO,2007,"Access to electricity, urban (% of urban population)",EG.ELC.ACCS.UR.ZS,96.5301361083984
Lao PDR,LAO,2006,"Access to electricity, urban (% of urban population)",EG.ELC.ACCS.UR.ZS,94.1318814277072
Lao PDR,LAO,2005,"Access to electricity, urban (% of urban population)",EG.ELC.ACCS.UR.ZS,92.2
Lao PDR,LAO,2004,"Access to electricity, urban (% of urban population)",EG.ELC.ACCS.UR.ZS,96.2322463989258
Lao PDR,LAO,2003,"Access to electricity, urban (% of urban population)",EG.ELC.ACCS.UR.ZS,97
Lao PDR,LAO,2002,"Access to electricity, urban (% of urban population)",EG.ELC.ACCS.UR.ZS,96.0971374511719
Lao PDR,LAO,2001,"Access to electricity, urban (% of urban population)",EG.ELC.ACCS.UR.ZS,96.039909362793
Lao PDR,LAO,2000,"Access to electricity, urban (% of urban population)",EG.ELC.ACCS.UR.ZS,95.9822082519531
Lao PDR,LAO,1999,"Access to electricity, urban (% of urban population)",EG.ELC.ACCS.UR.ZS,95.9184646606445
Lao PDR,LAO,1998,"Access to electricity, urban (% of urban population)",EG.ELC.ACCS.UR.ZS,95.843132019043
Lao PDR,LAO,1997,"Access to electricity, urban (% of urban population)",EG.ELC.ACCS.UR.ZS,95.7506484985352
Lao PDR,LAO,1996,"Access to electricity, urban (% of urban population)",EG.ELC.ACCS.UR.ZS,95.6370162963867
Lao PDR,LAO,1995,"Access to electricity, urban (% of urban population)",EG.ELC.ACCS.UR.ZS,95.5044631958008
Lao PDR,LAO,1994,"Access to electricity, urban (% of urban population)",EG.ELC.ACCS.UR.ZS,95.3567657470703
Lao PDR,LAO,1993,"Access to electricity, urban (% of urban population)",EG.ELC.ACCS.UR.ZS,97
Lao PDR,LAO,2017,Access to electricity (% of population),EG.ELC.ACCS.ZS,93.6
Lao PDR,LAO,2016,Access to electricity (% of population),EG.ELC.ACCS.ZS,90.8118209838867
Lao PDR,LAO,2015,Access to electricity (% of population),EG.ELC.ACCS.ZS,89.7
Lao PDR,LAO,2014,Access to electricity (% of population),EG.ELC.ACCS.ZS,83.0873260498047
Lao PDR,LAO,2013,Access to electricity (% of population),EG.ELC.ACCS.ZS,79.4925918579102
Lao PDR,LAO,2012,Access to electricity (% of population),EG.ELC.ACCS.ZS,76.3666277465237
Lao PDR,LAO,2011,Access to electricity (% of population),EG.ELC.ACCS.ZS,70
Lao PDR,LAO,2010,Access to electricity (% of population),EG.ELC.ACCS.ZS,70.6297607421875
Lao PDR,LAO,2009,Access to electricity (% of population),EG.ELC.ACCS.ZS,67.8419418334961
Lao PDR,LAO,2008,Access to electricity (% of population),EG.ELC.ACCS.ZS,66
Lao PDR,LAO,2007,Access to electricity (% of population),EG.ELC.ACCS.ZS,62.3690986633301
Lao PDR,LAO,2006,Access to electricity (% of population),EG.ELC.ACCS.ZS,57.0410587037665
Lao PDR,LAO,2005,Access to electricity (% of population),EG.ELC.ACCS.ZS,57.2
Lao PDR,LAO,2004,Access to electricity (% of population),EG.ELC.ACCS.ZS,54.2132377624512
Lao PDR,LAO,2003,Access to electricity (% of population),EG.ELC.ACCS.ZS,48
Lao PDR,LAO,2002,Access to electricity (% of population),EG.ELC.ACCS.ZS,46.3
Lao PDR,LAO,2001,Access to electricity (% of population),EG.ELC.ACCS.ZS,45.8790550231934
Lao PDR,LAO,2000,Access to electricity (% of population),EG.ELC.ACCS.ZS,43.0658683776855
Lao PDR,LAO,1999,Access to electricity (% of population),EG.ELC.ACCS.ZS,40.2433280944824
Lao PDR,LAO,1998,Access to electricity (% of population),EG.ELC.ACCS.ZS,37.4163665771484
Lao PDR,LAO,1997,Access to electricity (% of population),EG.ELC.ACCS.ZS,34.5899124145508
Lao PDR,LAO,1996,Access to electricity (% of population),EG.ELC.ACCS.ZS,31.7679214477539
Lao PDR,LAO,1995,Access to electricity (% of population),EG.ELC.ACCS.ZS,25
Lao PDR,LAO,1994,Access to electricity (% of population),EG.ELC.ACCS.ZS,26.1366157531738
Lao PDR,LAO,1993,Access to electricity (% of population),EG.ELC.ACCS.ZS,31
Lao PDR,LAO,2015,Renewable electricity output (% of total electricity output),EG.ELC.RNEW.ZS,86.3699995757859
Lao PDR,LAO,2014,Renewable electricity output (% of total electricity output),EG.ELC.RNEW.ZS,99.9667487290981
Lao PDR,LAO,2013,Renewable electricity output (% of total electricity output),EG.ELC.RNEW.ZS,99.9651873436654
Lao PDR,LAO,2012,Renewable electricity output (% of total electricity output),EG.ELC.RNEW.ZS,100
Lao PDR,LAO,2011,Renewable electricity output (% of total electricity output),EG.ELC.RNEW.ZS,100
Lao PDR,LAO,2010,Renewable electricity output (% of total electricity output),EG.ELC.RNEW.ZS,100
Lao PDR,LAO,2009,Renewable electricity output (% of total electricity output),EG.ELC.RNEW.ZS,100
Lao PDR,LAO,2008,Renewable electricity output (% of total electricity output),EG.ELC.RNEW.ZS,100
Lao PDR,LAO,2007,Renewable electricity output (% of total electricity output),EG.ELC.RNEW.ZS,100
Lao PDR,LAO,2006,Renewable electricity output (% of total electricity output),EG.ELC.RNEW.ZS,100
Lao PDR,LAO,2005,Renewable electricity output (% of total electricity output),EG.ELC.RNEW.ZS,100
Lao PDR,LAO,2004,Renewable electricity output (% of total electricity output),EG.ELC.RNEW.ZS,100
Lao PDR,LAO,2003,Renewable electricity output (% of total electricity output),EG.ELC.RNEW.ZS,90.9039016083618
Lao PDR,LAO,2002,Renewable electricity output (% of total electricity output),EG.ELC.RNEW.ZS,90.5991807969466
Lao PDR,LAO,2001,Renewable electricity output (% of total electricity output),EG.ELC.RNEW.ZS,90.7550491299177
Lao PDR,LAO,2000,Renewable electricity output (% of total electricity output),EG.ELC.RNEW.ZS,90.9088380274609
Lao PDR,LAO,1999,Renewable electricity output (% of total electricity output),EG.ELC.RNEW.ZS,91.4756034219475
Lao PDR,LAO,1998,Renewable electricity output (% of total electricity output),EG.ELC.RNEW.ZS,92.4580678212536
Lao PDR,LAO,1997,Renewable electricity output (% of total electricity output),EG.ELC.RNEW.ZS,96.5920046209247
Lao PDR,LAO,1996,Renewable electricity output (% of total electricity output),EG.ELC.RNEW.ZS,96.6688275388492
Lao PDR,LAO,1995,Renewable electricity output (% of total electricity output),EG.ELC.RNEW.ZS,96.1879074395557
Lao PDR,LAO,1994,Renewable electricity output (% of total electricity output),EG.ELC.RNEW.ZS,96.5365867724356
Lao PDR,LAO,1993,Renewable electricity output (% of total electricity output),EG.ELC.RNEW.ZS,95.5341550418818
Lao PDR,LAO,1992,Renewable electricity output (% of total electricity output),EG.ELC.RNEW.ZS,94.5899169640325
Lao PDR,LAO,1991,Renewable electricity output (% of total electricity output),EG.ELC.RNEW.ZS,94.8801191271127
Lao PDR,LAO,1990,Renewable electricity output (% of total electricity output),EG.ELC.RNEW.ZS,94.8775699373914
Lao PDR,LAO,2015,Renewable energy consumption (% of total final energy consumption),EG.FEC.RNEW.ZS,59.3158607506634
Lao PDR,LAO,2014,Renewable energy consumption (% of total final energy consumption),EG.FEC.RNEW.ZS,60.4741411934053
Lao PDR,LAO,2013,Renewable energy consumption (% of total final energy consumption),EG.FEC.RNEW.ZS,60.6815317371727
Lao PDR,LAO,2012,Renewable energy consumption (% of total final energy consumption),EG.FEC.RNEW.ZS,63.3466578185902
Lao PDR,LAO,2011,Renewable energy consumption (% of total final energy consumption),EG.FEC.RNEW.ZS,66.2695521000416
Lao PDR,LAO,2010,Renewable energy consumption (% of total final energy consumption),EG.FEC.RNEW.ZS,71.5085793947307
Lao PDR,LAO,2009,Renewable energy consumption (% of total final energy consumption),EG.FEC.RNEW.ZS,66.8227414544118
Lao PDR,LAO,2008,Renewable energy consumption (% of total final energy consumption),EG.FEC.RNEW.ZS,69.0607146318837
Lao PDR,LAO,2007,Renewable energy consumption (% of total final energy consumption),EG.FEC.RNEW.ZS,72.2198777703148
Lao PDR,LAO,2006,Renewable energy consumption (% of total final energy consumption),EG.FEC.RNEW.ZS,72.9963562009633
Lao PDR,LAO,2005,Renewable energy consumption (% of total final energy consumption),EG.FEC.RNEW.ZS,77.2446003667133
Lao PDR,LAO,2004,Renewable energy consumption (% of total final energy consumption),EG.FEC.RNEW.ZS,77.6517329914112
Lao PDR,LAO,2003,Renewable energy consumption (% of total final energy consumption),EG.FEC.RNEW.ZS,82.0761164935571
Lao PDR,LAO,2002,Renewable energy consumption (% of total final energy consumption),EG.FEC.RNEW.ZS,83.9017740962276
Lao PDR,LAO,2001,Renewable energy consumption (% of total final energy consumption),EG.FEC.RNEW.ZS,84.8473392840846
Lao PDR,LAO,2000,Renewable energy consumption (% of total final energy consumption),EG.FEC.RNEW.ZS,85.4720575462818
Lao PDR,LAO,1999,Renewable energy consumption (% of total final energy consumption),EG.FEC.RNEW.ZS,86.5487696249113
Lao PDR,LAO,1998,Renewable energy consumption (% of total final energy consumption),EG.FEC.RNEW.ZS,86.2281782841321
Lao PDR,LAO,1997,Renewable energy consumption (% of total final energy consumption),EG.FEC.RNEW.ZS,85.9164563384091
Lao PDR,LAO,1996,Renewable energy consumption (% of total final energy consumption),EG.FEC.RNEW.ZS,85.6468919294896
Lao PDR,LAO,1995,Renewable energy consumption (% of total final energy consumption),EG.FEC.RNEW.ZS,85.9691828208372
Lao PDR,LAO,1994,Renewable energy consumption (% of total final energy consumption),EG.FEC.RNEW.ZS,86.5755632600477
Lao PDR,LAO,1993,Renewable energy consumption (% of total final energy consumption),EG.FEC.RNEW.ZS,86.9281107254713
Lao PDR,LAO,1992,Renewable energy consumption (% of total final energy consumption),EG.FEC.RNEW.ZS,87.1192640525316
Lao PDR,LAO,1991,Renewable energy consumption (% of total final energy consumption),EG.FEC.RNEW.ZS,88.1048891659301
Lao PDR,LAO,1990,Renewable energy consumption (% of total final energy consumption),EG.FEC.RNEW.ZS,88.4450970085087
Lao PDR,LAO,2014,CO2 emissions from gaseous fuel consumption (% of total),EN.ATM.CO2E.GF.ZS,0
Lao PDR,LAO,2013,CO2 emissions from gaseous fuel consumption (% of total),EN.ATM.CO2E.GF.ZS,0
Lao PDR,LAO,2012,CO2 emissions from gaseous fuel consumption (% of total),EN.ATM.CO2E.GF.ZS,0
Lao PDR,LAO,2011,CO2 emissions from gaseous fuel consumption (% of total),EN.ATM.CO2E.GF.ZS,0
Lao PDR,LAO,2010,CO2 emissions from gaseous fuel consumption (% of total),EN.ATM.CO2E.GF.ZS,0
Lao PDR,LAO,2009,CO2 emissions from gaseous fuel consumption (% of total),EN.ATM.CO2E.GF.ZS,0
Lao PDR,LAO,2008,CO2 emissions from gaseous fuel consumption (% of total),EN.ATM.CO2E.GF.ZS,0
Lao PDR,LAO,2007,CO2 emissions from gaseous fuel consumption (% of total),EN.ATM.CO2E.GF.ZS,0
Lao PDR,LAO,2006,CO2 emissions from gaseous fuel consumption (% of total),EN.ATM.CO2E.GF.ZS,0
Lao PDR,LAO,2005,CO2 emissions from gaseous fuel consumption (% of total),EN.ATM.CO2E.GF.ZS,0
Lao PDR,LAO,2004,CO2 emissions from gaseous fuel consumption (% of total),EN.ATM.CO2E.GF.ZS,0
Lao PDR,LAO,2003,CO2 emissions from gaseous fuel consumption (% of total),EN.ATM.CO2E.GF.ZS,0
Lao PDR,LAO,2002,CO2 emissions from gaseous fuel consumption (% of total),EN.ATM.CO2E.GF.ZS,0
Lao PDR,LAO,2001,CO2 emissions from gaseous fuel consumption (% of total),EN.ATM.CO2E.GF.ZS,0
Lao PDR,LAO,2000,CO2 emissions from gaseous fuel consumption (% of total),EN.ATM.CO2E.GF.ZS,0
Lao PDR,LAO,1999,CO2 emissions from gaseous fuel consumption (% of total),EN.ATM.CO2E.GF.ZS,0
Lao PDR,LAO,1998,CO2 emissions from gaseous fuel consumption (% of total),EN.ATM.CO2E.GF.ZS,0
Lao PDR,LAO,1997,CO2 emissions from gaseous fuel consumption (% of total),EN.ATM.CO2E.GF.ZS,0
Lao PDR,LAO,1996,CO2 emissions from gaseous fuel consumption (% of total),EN.ATM.CO2E.GF.ZS,0
Lao PDR,LAO,1995,CO2 emissions from gaseous fuel consumption (% of total),EN.ATM.CO2E.GF.ZS,0
Lao PDR,LAO,1994,CO2 emissions from gaseous fuel consumption (% of total),EN.ATM.CO2E.GF.ZS,0
Lao PDR,LAO,1993,CO2 emissions from gaseous fuel consumption (% of total),EN.ATM.CO2E.GF.ZS,0
Lao PDR,LAO,1992,CO2 emissions from gaseous fuel consumption (% of total),EN.ATM.CO2E.GF.ZS,0
Lao PDR,LAO,1991,CO2 emissions from gaseous fuel consumption (% of total),EN.ATM.CO2E.GF.ZS,0
Lao PDR,LAO,1990,CO2 emissions from gaseous fuel consumption (% of total),EN.ATM.CO2E.GF.ZS,0
Lao PDR,LAO,1989,CO2 emissions from gaseous fuel consumption (% of total),EN.ATM.CO2E.GF.ZS,0
Lao PDR,LAO,1988,CO2 emissions from gaseous fuel consumption (% of total),EN.ATM.CO2E.GF.ZS,0
Lao PDR,LAO,1987,CO2 emissions from gaseous fuel consumption (% of total),EN.ATM.CO2E.GF.ZS,0
Lao PDR,LAO,1986,CO2 emissions from gaseous fuel consumption (% of total),EN.ATM.CO2E.GF.ZS,0
Lao PDR,LAO,1985,CO2 emissions from gaseous fuel consumption (% of total),EN.ATM.CO2E.GF.ZS,0
Lao PDR,LAO,1984,CO2 emissions from gaseous fuel consumption (% of total),EN.ATM.CO2E.GF.ZS,0
Lao PDR,LAO,1983,CO2 emissions from gaseous fuel consumption (% of total),EN.ATM.CO2E.GF.ZS,0
Lao PDR,LAO,1982,CO2 emissions from gaseous fuel consumption (% of total),EN.ATM.CO2E.GF.ZS,0
Lao PDR,LAO,1981,CO2 emissions from gaseous fuel consumption (% of total),EN.ATM.CO2E.GF.ZS,0
Lao PDR,LAO,1980,CO2 emissions from gaseous fuel consumption (% of total),EN.ATM.CO2E.GF.ZS,0
Lao PDR,LAO,1979,CO2 emissions from gaseous fuel consumption (% of total),EN.ATM.CO2E.GF.ZS,0
Lao PDR,LAO,1978,CO2 emissions from gaseous fuel consumption (% of total),EN.ATM.CO2E.GF.ZS,0
Lao PDR,LAO,1977,CO2 emissions from gaseous fuel consumption (% of total),EN.ATM.CO2E.GF.ZS,0
Lao PDR,LAO,1976,CO2 emissions from gaseous fuel consumption (% of total),EN.ATM.CO2E.GF.ZS,0
Lao PDR,LAO,1975,CO2 emissions from gaseous fuel consumption (% of total),EN.ATM.CO2E.GF.ZS,0
Lao PDR,LAO,1974,CO2 emissions from gaseous fuel consumption (% of total),EN.ATM.CO2E.GF.ZS,0
Lao PDR,LAO,1973,CO2 emissions from gaseous fuel consumption (% of total),EN.ATM.CO2E.GF.ZS,0
Lao PDR,LAO,1972,CO2 emissions from gaseous fuel consumption (% of total),EN.ATM.CO2E.GF.ZS,0
Lao PDR,LAO,1971,CO2 emissions from gaseous fuel consumption (% of total),EN.ATM.CO2E.GF.ZS,0
Lao PDR,LAO,1970,CO2 emissions from gaseous fuel consumption (% of total),EN.ATM.CO2E.GF.ZS,0
Lao PDR,LAO,1969,CO2 emissions from gaseous fuel consumption (% of total),EN.ATM.CO2E.GF.ZS,0
Lao PDR,LAO,1968,CO2 emissions from gaseous fuel consumption (% of total),EN.ATM.CO2E.GF.ZS,0
Lao PDR,LAO,1967,CO2 emissions from gaseous fuel consumption (% of total),EN.ATM.CO2E.GF.ZS,0
Lao PDR,LAO,1966,CO2 emissions from gaseous fuel consumption (% of total),EN.ATM.CO2E.GF.ZS,0
Lao PDR,LAO,1965,CO2 emissions from gaseous fuel consumption (% of total),EN.ATM.CO2E.GF.ZS,0
Lao PDR,LAO,1964,CO2 emissions from gaseous fuel consumption (% of total),EN.ATM.CO2E.GF.ZS,0
Lao PDR,LAO,1963,CO2 emissions from gaseous fuel consumption (% of total),EN.ATM.CO2E.GF.ZS,0
Lao PDR,LAO,1962,CO2 emissions from gaseous fuel consumption (% of total),EN.ATM.CO2E.GF.ZS,0
Lao PDR,LAO,1961,CO2 emissions from gaseous fuel consumption (% of total),EN.ATM.CO2E.GF.ZS,0
Lao PDR,LAO,1960,CO2 emissions from gaseous fuel consumption (% of total),EN.ATM.CO2E.GF.ZS,0
Lao PDR,LAO,2014,CO2 emissions from liquid fuel consumption (kt),EN.ATM.CO2E.LF.KT,447.374
Lao PDR,LAO,2013,CO2 emissions from liquid fuel consumption (kt),EN.ATM.CO2E.LF.KT,443.707
Lao PDR,LAO,2012,CO2 emissions from liquid fuel consumption (kt),EN.ATM.CO2E.LF.KT,425.372
Lao PDR,LAO,2011,CO2 emissions from liquid fuel consumption (kt),EN.ATM.CO2E.LF.KT,421.705
Lao PDR,LAO,2010,CO2 emissions from liquid fuel consumption (kt),EN.ATM.CO2E.LF.KT,381.368
Lao PDR,LAO,2009,CO2 emissions from liquid fuel consumption (kt),EN.ATM.CO2E.LF.KT,396.036
Lao PDR,LAO,2008,CO2 emissions from liquid fuel consumption (kt),EN.ATM.CO2E.LF.KT,388.702
Lao PDR,LAO,2007,CO2 emissions from liquid fuel consumption (kt),EN.ATM.CO2E.LF.KT,388.702
Lao PDR,LAO,2006,CO2 emissions from liquid fuel consumption (kt),EN.ATM.CO2E.LF.KT,377.701
Lao PDR,LAO,2005,CO2 emissions from liquid fuel consumption (kt),EN.ATM.CO2E.LF.KT,377.701
Lao PDR,LAO,2004,CO2 emissions from liquid fuel consumption (kt),EN.ATM.CO2E.LF.KT,374.034
Lao PDR,LAO,2003,CO2 emissions from liquid fuel consumption (kt),EN.ATM.CO2E.LF.KT,363.033
Lao PDR,LAO,2002,CO2 emissions from liquid fuel consumption (kt),EN.ATM.CO2E.LF.KT,374.034
Lao PDR,LAO,2001,CO2 emissions from liquid fuel consumption (kt),EN.ATM.CO2E.LF.KT,374.034
Lao PDR,LAO,2000,CO2 emissions from liquid fuel consumption (kt),EN.ATM.CO2E.LF.KT,333.697
Lao PDR,LAO,1999,CO2 emissions from liquid fuel consumption (kt),EN.ATM.CO2E.LF.KT,333.697
Lao PDR,LAO,1998,CO2 emissions from liquid fuel consumption (kt),EN.ATM.CO2E.LF.KT,333.697
Lao PDR,LAO,1997,CO2 emissions from liquid fuel consumption (kt),EN.ATM.CO2E.LF.KT,315.362
Lao PDR,LAO,1996,CO2 emissions from liquid fuel consumption (kt),EN.ATM.CO2E.LF.KT,300.694
Lao PDR,LAO,1995,CO2 emissions from liquid fuel consumption (kt),EN.ATM.CO2E.LF.KT,282.359
Lao PDR,LAO,1994,CO2 emissions from liquid fuel consumption (kt),EN.ATM.CO2E.LF.KT,267.691
Lao PDR,LAO,1993,CO2 emissions from liquid fuel consumption (kt),EN.ATM.CO2E.LF.KT,249.356
Lao PDR,LAO,1992,CO2 emissions from liquid fuel consumption (kt),EN.ATM.CO2E.LF.KT,249.356
Lao PDR,LAO,1991,CO2 emissions from liquid fuel consumption (kt),EN.ATM.CO2E.LF.KT,231.021
Lao PDR,LAO,1990,CO2 emissions from liquid fuel consumption (kt),EN.ATM.CO2E.LF.KT,212.686
Lao PDR,LAO,1989,CO2 emissions from liquid fuel consumption (kt),EN.ATM.CO2E.LF.KT,231.021
Lao PDR,LAO,1988,CO2 emissions from liquid fuel consumption (kt),EN.ATM.CO2E.LF.KT,209.019
Lao PDR,LAO,1987,CO2 emissions from liquid fuel consumption (kt),EN.ATM.CO2E.LF.KT,209.019
Lao PDR,LAO,1986,CO2 emissions from liquid fuel consumption (kt),EN.ATM.CO2E.LF.KT,209.019
Lao PDR,LAO,1985,CO2 emissions from liquid fuel consumption (kt),EN.ATM.CO2E.LF.KT,201.685
Lao PDR,LAO,1984,CO2 emissions from liquid fuel consumption (kt),EN.ATM.CO2E.LF.KT,183.35
Lao PDR,LAO,1983,CO2 emissions from liquid fuel consumption (kt),EN.ATM.CO2E.LF.KT,179.683
Lao PDR,LAO,1982,CO2 emissions from liquid fuel consumption (kt),EN.ATM.CO2E.LF.KT,157.681
Lao PDR,LAO,1981,CO2 emissions from liquid fuel consumption (kt),EN.ATM.CO2E.LF.KT,150.347
Lao PDR,LAO,1980,CO2 emissions from liquid fuel consumption (kt),EN.ATM.CO2E.LF.KT,187.017
Lao PDR,LAO,1979,CO2 emissions from liquid fuel consumption (kt),EN.ATM.CO2E.LF.KT,223.687
Lao PDR,LAO,1978,CO2 emissions from liquid fuel consumption (kt),EN.ATM.CO2E.LF.KT,231.021
Lao PDR,LAO,1977,CO2 emissions from liquid fuel consumption (kt),EN.ATM.CO2E.LF.KT,231.021
Lao PDR,LAO,1976,CO2 emissions from liquid fuel consumption (kt),EN.ATM.CO2E.LF.KT,223.687
Lao PDR,LAO,1975,CO2 emissions from liquid fuel consumption (kt),EN.ATM.CO2E.LF.KT,253.023
Lao PDR,LAO,1974,CO2 emissions from liquid fuel consumption (kt),EN.ATM.CO2E.LF.KT,293.36
Lao PDR,LAO,1973,CO2 emissions from liquid fuel consumption (kt),EN.ATM.CO2E.LF.KT,517.047
Lao PDR,LAO,1972,CO2 emissions from liquid fuel consumption (kt),EN.ATM.CO2E.LF.KT,487.711
Lao PDR,LAO,1971,CO2 emissions from liquid fuel consumption (kt),EN.ATM.CO2E.LF.KT,421.705
Lao PDR,LAO,1970,CO2 emissions from liquid fuel consumption (kt),EN.ATM.CO2E.LF.KT,572.052
Lao PDR,LAO,1969,CO2 emissions from liquid fuel consumption (kt),EN.ATM.CO2E.LF.KT,319.029
Lao PDR,LAO,1968,CO2 emissions from liquid fuel consumption (kt),EN.ATM.CO2E.LF.KT,168.682
Lao PDR,LAO,1967,CO2 emissions from liquid fuel consumption (kt),EN.ATM.CO2E.LF.KT,319.029
Lao PDR,LAO,1966,CO2 emissions from liquid fuel consumption (kt),EN.ATM.CO2E.LF.KT,234.688
Lao PDR,LAO,1965,CO2 emissions from liquid fuel consumption (kt),EN.ATM.CO2E.LF.KT,179.683
Lao PDR,LAO,1964,CO2 emissions from liquid fuel consumption (kt),EN.ATM.CO2E.LF.KT,172.349
Lao PDR,LAO,1963,CO2 emissions from liquid fuel consumption (kt),EN.ATM.CO2E.LF.KT,146.68
Lao PDR,LAO,1962,CO2 emissions from liquid fuel consumption (kt),EN.ATM.CO2E.LF.KT,132.012
Lao PDR,LAO,1961,CO2 emissions from liquid fuel consumption (kt),EN.ATM.CO2E.LF.KT,113.677
Lao PDR,LAO,1960,CO2 emissions from liquid fuel consumption (kt),EN.ATM.CO2E.LF.KT,80.674
Lao PDR,LAO,2008,Methane emissions in energy sector (thousand metric tons of CO2 equivalent),EN.ATM.METH.EG.KT.CE,804.614800756168
Lao PDR,LAO,2007,Methane emissions in energy sector (thousand metric tons of CO2 equivalent),EN.ATM.METH.EG.KT.CE,791.565776177562
Lao PDR,LAO,2006,Methane emissions in energy sector (thousand metric tons of CO2 equivalent),EN.ATM.METH.EG.KT.CE,777.187865001882
Lao PDR,LAO,2005,Methane emissions in energy sector (thousand metric tons of CO2 equivalent),EN.ATM.METH.EG.KT.CE,763.933859761748
Lao PDR,LAO,2004,Methane emissions in energy sector (thousand metric tons of CO2 equivalent),EN.ATM.METH.EG.KT.CE,743.122422634847
Lao PDR,LAO,2003,Methane emissions in energy sector (thousand metric tons of CO2 equivalent),EN.ATM.METH.EG.KT.CE,742.289680272033
Lao PDR,LAO,2002,Methane emissions in energy sector (thousand metric tons of CO2 equivalent),EN.ATM.METH.EG.KT.CE,740.235763832642
Lao PDR,LAO,2001,Methane emissions in energy sector (thousand metric tons of CO2 equivalent),EN.ATM.METH.EG.KT.CE,725.584382557367
Lao PDR,LAO,2000,Methane emissions in energy sector (thousand metric tons of CO2 equivalent),EN.ATM.METH.EG.KT.CE,700.951669139735
Lao PDR,LAO,1999,Methane emissions in energy sector (thousand metric tons of CO2 equivalent),EN.ATM.METH.EG.KT.CE,690.705842709426
Lao PDR,LAO,1998,Methane emissions in energy sector (thousand metric tons of CO2 equivalent),EN.ATM.METH.EG.KT.CE,677.10458104484
Lao PDR,LAO,1997,Methane emissions in energy sector (thousand metric tons of CO2 equivalent),EN.ATM.METH.EG.KT.CE,680.262961238864
Lao PDR,LAO,1996,Methane emissions in energy sector (thousand metric tons of CO2 equivalent),EN.ATM.METH.EG.KT.CE,636.035778460526
Lao PDR,LAO,1995,Methane emissions in energy sector (thousand metric tons of CO2 equivalent),EN.ATM.METH.EG.KT.CE,546.562821729114
Lao PDR,LAO,1994,Methane emissions in energy sector (thousand metric tons of CO2 equivalent),EN.ATM.METH.EG.KT.CE,528.785151672425
Lao PDR,LAO,1993,Methane emissions in energy sector (thousand metric tons of CO2 equivalent),EN.ATM.METH.EG.KT.CE,518.42181797374
Lao PDR,LAO,1992,Methane emissions in energy sector (thousand metric tons of CO2 equivalent),EN.ATM.METH.EG.KT.CE,521.940251069456
Lao PDR,LAO,1991,Methane emissions in energy sector (thousand metric tons of CO2 equivalent),EN.ATM.METH.EG.KT.CE,512.710178037689
Lao PDR,LAO,1990,Methane emissions in energy sector (thousand metric tons of CO2 equivalent),EN.ATM.METH.EG.KT.CE,519.724381378584
Lao PDR,LAO,1989,Methane emissions in energy sector (thousand metric tons of CO2 equivalent),EN.ATM.METH.EG.KT.CE,509.33095477666
Lao PDR,LAO,1988,Methane emissions in energy sector (thousand metric tons of CO2 equivalent),EN.ATM.METH.EG.KT.CE,498.205684460345
Lao PDR,LAO,1987,Methane emissions in energy sector (thousand metric tons of CO2 equivalent),EN.ATM.METH.EG.KT.CE,491.451284817379
Lao PDR,LAO,1986,Methane emissions in energy sector (thousand metric tons of CO2 equivalent),EN.ATM.METH.EG.KT.CE,492.943734777068
Lao PDR,LAO,1985,Methane emissions in energy sector (thousand metric tons of CO2 equivalent),EN.ATM.METH.EG.KT.CE,488.95105919856
Lao PDR,LAO,1984,Methane emissions in energy sector (thousand metric tons of CO2 equivalent),EN.ATM.METH.EG.KT.CE,484.433365935568
Lao PDR,LAO,1983,Methane emissions in energy sector (thousand metric tons of CO2 equivalent),EN.ATM.METH.EG.KT.CE,484.975211948966
Lao PDR,LAO,1982,Methane emissions in energy sector (thousand metric tons of CO2 equivalent),EN.ATM.METH.EG.KT.CE,482.916832693547
Lao PDR,LAO,1981,Methane emissions in energy sector (thousand metric tons of CO2 equivalent),EN.ATM.METH.EG.KT.CE,484.565166972262
Lao PDR,LAO,1980,Methane emissions in energy sector (thousand metric tons of CO2 equivalent),EN.ATM.METH.EG.KT.CE,489.616099605195
Lao PDR,LAO,1979,Methane emissions in energy sector (thousand metric tons of CO2 equivalent),EN.ATM.METH.EG.KT.CE,480.496690855826
Lao PDR,LAO,1978,Methane emissions in energy sector (thousand metric tons of CO2 equivalent),EN.ATM.METH.EG.KT.CE,477.468436021214
Lao PDR,LAO,1977,Methane emissions in energy sector (thousand metric tons of CO2 equivalent),EN.ATM.METH.EG.KT.CE,471.847833705472
Lao PDR,LAO,1976,Methane emissions in energy sector (thousand metric tons of CO2 equivalent),EN.ATM.METH.EG.KT.CE,468.780733691629
Lao PDR,LAO,1975,Methane emissions in energy sector (thousand metric tons of CO2 equivalent),EN.ATM.METH.EG.KT.CE,478.419685043609
Lao PDR,LAO,1974,Methane emissions in energy sector (thousand metric tons of CO2 equivalent),EN.ATM.METH.EG.KT.CE,476.866333380325
Lao PDR,LAO,1973,Methane emissions in energy sector (thousand metric tons of CO2 equivalent),EN.ATM.METH.EG.KT.CE,472.145573166881
Lao PDR,LAO,1972,Methane emissions in energy sector (thousand metric tons of CO2 equivalent),EN.ATM.METH.EG.KT.CE,464.374065242924
Lao PDR,LAO,1971,Methane emissions in energy sector (thousand metric tons of CO2 equivalent),EN.ATM.METH.EG.KT.CE,461.462671132497
Lao PDR,LAO,1970,Methane emissions in energy sector (thousand metric tons of CO2 equivalent),EN.ATM.METH.EG.KT.CE,460.813142460201
Lao PDR,LAO,1969,Methane emissions in energy sector (thousand metric tons of CO2 equivalent),EN.ATM.METH.EG.KT.CE,0
Lao PDR,LAO,2008,Energy related methane emissions (% of total),EN.ATM.METH.EG.ZS,9.65736316294031
Lao PDR,LAO,2007,Energy related methane emissions (% of total),EN.ATM.METH.EG.ZS,9.68310528664089
Lao PDR,LAO,2006,Energy related methane emissions (% of total),EN.ATM.METH.EG.ZS,9.01407183304317
Lao PDR,LAO,2005,Energy related methane emissions (% of total),EN.ATM.METH.EG.ZS,7.07509941895576
Lao PDR,LAO,2004,Energy related methane emissions (% of total),EN.ATM.METH.EG.ZS,5.74247668331825
Lao PDR,LAO,2003,Energy related methane emissions (% of total),EN.ATM.METH.EG.ZS,8.97147146350789
Lao PDR,LAO,2002,Energy related methane emissions (% of total),EN.ATM.METH.EG.ZS,8.59697626634522
Lao PDR,LAO,2001,Energy related methane emissions (% of total),EN.ATM.METH.EG.ZS,9.26872316703564
Lao PDR,LAO,2000,Energy related methane emissions (% of total),EN.ATM.METH.EG.ZS,9.70929218590123
Lao PDR,LAO,1999,Energy related methane emissions (% of total),EN.ATM.METH.EG.ZS,4.02502195596479
Lao PDR,LAO,1998,Energy related methane emissions (% of total),EN.ATM.METH.EG.ZS,3.43564902449153
Lao PDR,LAO,1997,Energy related methane emissions (% of total),EN.ATM.METH.EG.ZS,9.20102364072076
Lao PDR,LAO,1996,Energy related methane emissions (% of total),EN.ATM.METH.EG.ZS,8.94669530283459
Lao PDR,LAO,1995,Energy related methane emissions (% of total),EN.ATM.METH.EG.ZS,6.62479511832493
Lao PDR,LAO,1994,Energy related methane emissions (% of total),EN.ATM.METH.EG.ZS,6.89144177848534
Lao PDR,LAO,1993,Energy related methane emissions (% of total),EN.ATM.METH.EG.ZS,6.49417838413678
Lao PDR,LAO,1992,Energy related methane emissions (% of total),EN.ATM.METH.EG.ZS,5.61692945931894
Lao PDR,LAO,1991,Energy related methane emissions (% of total),EN.ATM.METH.EG.ZS,7.14226260545582
Lao PDR,LAO,1990,Energy related methane emissions (% of total),EN.ATM.METH.EG.ZS,6.38452236110089
Lao PDR,LAO,1989,Energy related methane emissions (% of total),EN.ATM.METH.EG.ZS,8.66440452257933
Lao PDR,LAO,1988,Energy related methane emissions (% of total),EN.ATM.METH.EG.ZS,7.26502582482104
Lao PDR,LAO,1987,Energy related methane emissions (% of total),EN.ATM.METH.EG.ZS,6.00701460059941
Lao PDR,LAO,1986,Energy related methane emissions (% of total),EN.ATM.METH.EG.ZS,6.87433912038953
Lao PDR,LAO,1985,Energy related methane emissions (% of total),EN.ATM.METH.EG.ZS,7.47572149001241
Lao PDR,LAO,1984,Energy related methane emissions (% of total),EN.ATM.METH.EG.ZS,6.80481425619355
Lao PDR,LAO,1983,Energy related methane emissions (% of total),EN.ATM.METH.EG.ZS,4.65364741732365
Lao PDR,LAO,1982,Energy related methane emissions (% of total),EN.ATM.METH.EG.ZS,6.58281783165187
Lao PDR,LAO,1981,Energy related methane emissions (% of total),EN.ATM.METH.EG.ZS,6.59362942352979
Lao PDR,LAO,1980,Energy related methane emissions (% of total),EN.ATM.METH.EG.ZS,6.17710005797396
Lao PDR,LAO,1979,Energy related methane emissions (% of total),EN.ATM.METH.EG.ZS,6.95705549981577
Lao PDR,LAO,1978,Energy related methane emissions (% of total),EN.ATM.METH.EG.ZS,6.77647557428167
Lao PDR,LAO,1977,Energy related methane emissions (% of total),EN.ATM.METH.EG.ZS,7.52818529305528
Lao PDR,LAO,1976,Energy related methane emissions (% of total),EN.ATM.METH.EG.ZS,9.82917198595236
Lao PDR,LAO,1975,Energy related methane emissions (% of total),EN.ATM.METH.EG.ZS,8.7483416511744
Lao PDR,LAO,1974,Energy related methane emissions (% of total),EN.ATM.METH.EG.ZS,8.6114105792991
Lao PDR,LAO,1973,Energy related methane emissions (% of total),EN.ATM.METH.EG.ZS,6.35762138258362
Lao PDR,LAO,1972,Energy related methane emissions (% of total),EN.ATM.METH.EG.ZS,7.49472749790469
Lao PDR,LAO,1971,Energy related methane emissions (% of total),EN.ATM.METH.EG.ZS,8.21414890141329
Lao PDR,LAO,1970,Energy related methane emissions (% of total),EN.ATM.METH.EG.ZS,6.60590131082403
Lao PDR,LAO,2008,Nitrous oxide emissions in energy sector (thousand metric tons of CO2 equivalent),EN.ATM.NOXE.EG.KT.CE,123.129177853
Lao PDR,LAO,2007,Nitrous oxide emissions in energy sector (thousand metric tons of CO2 equivalent),EN.ATM.NOXE.EG.KT.CE,121.803966789
Lao PDR,LAO,2006,Nitrous oxide emissions in energy sector (thousand metric tons of CO2 equivalent),EN.ATM.NOXE.EG.KT.CE,119.779057825
Lao PDR,LAO,2005,Nitrous oxide emissions in energy sector (thousand metric tons of CO2 equivalent),EN.ATM.NOXE.EG.KT.CE,119.035926848
Lao PDR,LAO,2004,Nitrous oxide emissions in energy sector (thousand metric tons of CO2 equivalent),EN.ATM.NOXE.EG.KT.CE,116.39525019
Lao PDR,LAO,2003,Nitrous oxide emissions in energy sector (thousand metric tons of CO2 equivalent),EN.ATM.NOXE.EG.KT.CE,117.625816394
Lao PDR,LAO,2002,Nitrous oxide emissions in energy sector (thousand metric tons of CO2 equivalent),EN.ATM.NOXE.EG.KT.CE,117.634690206
Lao PDR,LAO,2001,Nitrous oxide emissions in energy sector (thousand metric tons of CO2 equivalent),EN.ATM.NOXE.EG.KT.CE,116.746883252
Lao PDR,LAO,2000,Nitrous oxide emissions in energy sector (thousand metric tons of CO2 equivalent),EN.ATM.NOXE.EG.KT.CE,115.112132972
Lao PDR,LAO,1999,Nitrous oxide emissions in energy sector (thousand metric tons of CO2 equivalent),EN.ATM.NOXE.EG.KT.CE,113.826510954
Lao PDR,LAO,1998,Nitrous oxide emissions in energy sector (thousand metric tons of CO2 equivalent),EN.ATM.NOXE.EG.KT.CE,111.070991944
Lao PDR,LAO,1997,Nitrous oxide emissions in energy sector (thousand metric tons of CO2 equivalent),EN.ATM.NOXE.EG.KT.CE,111.273316296
Lao PDR,LAO,1996,Nitrous oxide emissions in energy sector (thousand metric tons of CO2 equivalent),EN.ATM.NOXE.EG.KT.CE,108.54508144
Lao PDR,LAO,1995,Nitrous oxide emissions in energy sector (thousand metric tons of CO2 equivalent),EN.ATM.NOXE.EG.KT.CE,107.397406198
Lao PDR,LAO,1994,Nitrous oxide emissions in energy sector (thousand metric tons of CO2 equivalent),EN.ATM.NOXE.EG.KT.CE,108.13626336
Lao PDR,LAO,1993,Nitrous oxide emissions in energy sector (thousand metric tons of CO2 equivalent),EN.ATM.NOXE.EG.KT.CE,105.707013584
Lao PDR,LAO,1992,Nitrous oxide emissions in energy sector (thousand metric tons of CO2 equivalent),EN.ATM.NOXE.EG.KT.CE,106.61343052
Lao PDR,LAO,1991,Nitrous oxide emissions in energy sector (thousand metric tons of CO2 equivalent),EN.ATM.NOXE.EG.KT.CE,104.49073869
Lao PDR,LAO,1990,Nitrous oxide emissions in energy sector (thousand metric tons of CO2 equivalent),EN.ATM.NOXE.EG.KT.CE,105.80865564
Lao PDR,LAO,1989,Nitrous oxide emissions in energy sector (thousand metric tons of CO2 equivalent),EN.ATM.NOXE.EG.KT.CE,103.71691545
Lao PDR,LAO,1988,Nitrous oxide emissions in energy sector (thousand metric tons of CO2 equivalent),EN.ATM.NOXE.EG.KT.CE,101.53827544
Lao PDR,LAO,1987,Nitrous oxide emissions in energy sector (thousand metric tons of CO2 equivalent),EN.ATM.NOXE.EG.KT.CE,100.3415812
Lao PDR,LAO,1986,Nitrous oxide emissions in energy sector (thousand metric tons of CO2 equivalent),EN.ATM.NOXE.EG.KT.CE,100.4764033
Lao PDR,LAO,1985,Nitrous oxide emissions in energy sector (thousand metric tons of CO2 equivalent),EN.ATM.NOXE.EG.KT.CE,99.69920571
Lao PDR,LAO,1984,Nitrous oxide emissions in energy sector (thousand metric tons of CO2 equivalent),EN.ATM.NOXE.EG.KT.CE,98.50877192
Lao PDR,LAO,1983,Nitrous oxide emissions in energy sector (thousand metric tons of CO2 equivalent),EN.ATM.NOXE.EG.KT.CE,98.37740632
Lao PDR,LAO,1982,Nitrous oxide emissions in energy sector (thousand metric tons of CO2 equivalent),EN.ATM.NOXE.EG.KT.CE,97.77361529
Lao PDR,LAO,1981,Nitrous oxide emissions in energy sector (thousand metric tons of CO2 equivalent),EN.ATM.NOXE.EG.KT.CE,98.69982926
Lao PDR,LAO,1980,Nitrous oxide emissions in energy sector (thousand metric tons of CO2 equivalent),EN.ATM.NOXE.EG.KT.CE,99.10373632
Lao PDR,LAO,1979,Nitrous oxide emissions in energy sector (thousand metric tons of CO2 equivalent),EN.ATM.NOXE.EG.KT.CE,96.06878455
Lao PDR,LAO,1978,Nitrous oxide emissions in energy sector (thousand metric tons of CO2 equivalent),EN.ATM.NOXE.EG.KT.CE,95.18036299
Lao PDR,LAO,1977,Nitrous oxide emissions in energy sector (thousand metric tons of CO2 equivalent),EN.ATM.NOXE.EG.KT.CE,93.95729147
Lao PDR,LAO,1976,Nitrous oxide emissions in energy sector (thousand metric tons of CO2 equivalent),EN.ATM.NOXE.EG.KT.CE,93.15749643
Lao PDR,LAO,1975,Nitrous oxide emissions in energy sector (thousand metric tons of CO2 equivalent),EN.ATM.NOXE.EG.KT.CE,95.26269403
Lao PDR,LAO,1974,Nitrous oxide emissions in energy sector (thousand metric tons of CO2 equivalent),EN.ATM.NOXE.EG.KT.CE,95.0839843
Lao PDR,LAO,1973,Nitrous oxide emissions in energy sector (thousand metric tons of CO2 equivalent),EN.ATM.NOXE.EG.KT.CE,94.24052266
Lao PDR,LAO,1972,Nitrous oxide emissions in energy sector (thousand metric tons of CO2 equivalent),EN.ATM.NOXE.EG.KT.CE,92.869790204
Lao PDR,LAO,1971,Nitrous oxide emissions in energy sector (thousand metric tons of CO2 equivalent),EN.ATM.NOXE.EG.KT.CE,92.470782446
Lao PDR,LAO,1970,Nitrous oxide emissions in energy sector (thousand metric tons of CO2 equivalent),EN.ATM.NOXE.EG.KT.CE,92.569554646
Lao PDR,LAO,1969,Nitrous oxide emissions in energy sector (thousand metric tons of CO2 equivalent),EN.ATM.NOXE.EG.KT.CE,0
Lao PDR,LAO,2008,Nitrous oxide emissions in energy sector (% of total),EN.ATM.NOXE.EG.ZS,3.60908740606799
Lao PDR,LAO,2007,Nitrous oxide emissions in energy sector (% of total),EN.ATM.NOXE.EG.ZS,3.56515762544234
Lao PDR,LAO,2006,Nitrous oxide emissions in energy sector (% of total),EN.ATM.NOXE.EG.ZS,2.88991150028796
Lao PDR,LAO,2005,Nitrous oxide emissions in energy sector (% of total),EN.ATM.NOXE.EG.ZS,1.87463377873682
Lao PDR,LAO,2004,Nitrous oxide emissions in energy sector (% of total),EN.ATM.NOXE.EG.ZS,1.41929399423919
Lao PDR,LAO,2003,Nitrous oxide emissions in energy sector (% of total),EN.ATM.NOXE.EG.ZS,3.39654397787187
Lao PDR,LAO,2002,Nitrous oxide emissions in energy sector (% of total),EN.ATM.NOXE.EG.ZS,2.90643256868437
Lao PDR,LAO,2001,Nitrous oxide emissions in energy sector (% of total),EN.ATM.NOXE.EG.ZS,3.64046872565225
Lao PDR,LAO,2000,Nitrous oxide emissions in energy sector (% of total),EN.ATM.NOXE.EG.ZS,3.52532431929518
Lao PDR,LAO,1999,Nitrous oxide emissions in energy sector (% of total),EN.ATM.NOXE.EG.ZS,0.697848943008155
Lao PDR,LAO,1998,Nitrous oxide emissions in energy sector (% of total),EN.ATM.NOXE.EG.ZS,0.649668582162893
Lao PDR,LAO,1997,Nitrous oxide emissions in energy sector (% of total),EN.ATM.NOXE.EG.ZS,3.27699987766467
Lao PDR,LAO,1996,Nitrous oxide emissions in energy sector (% of total),EN.ATM.NOXE.EG.ZS,3.25547086169065
Lao PDR,LAO,1995,Nitrous oxide emissions in energy sector (% of total),EN.ATM.NOXE.EG.ZS,2.27019590314865
Lao PDR,LAO,1994,Nitrous oxide emissions in energy sector (% of total),EN.ATM.NOXE.EG.ZS,2.72114778728616
Lao PDR,LAO,1993,Nitrous oxide emissions in energy sector (% of total),EN.ATM.NOXE.EG.ZS,2.28639300518308
Lao PDR,LAO,1992,Nitrous oxide emissions in energy sector (% of total),EN.ATM.NOXE.EG.ZS,1.76764249772565
Lao PDR,LAO,1991,Nitrous oxide emissions in energy sector (% of total),EN.ATM.NOXE.EG.ZS,2.76363628090026
Lao PDR,LAO,1990,Nitrous oxide emissions in energy sector (% of total),EN.ATM.NOXE.EG.ZS,2.37476774718738
Lao PDR,LAO,1989,Nitrous oxide emissions in energy sector (% of total),EN.ATM.NOXE.EG.ZS,4.62883347606589
Lao PDR,LAO,1988,Nitrous oxide emissions in energy sector (% of total),EN.ATM.NOXE.EG.ZS,2.79891325785089
Lao PDR,LAO,1987,Nitrous oxide emissions in energy sector (% of total),EN.ATM.NOXE.EG.ZS,1.98819744229186
Lao PDR,LAO,1986,Nitrous oxide emissions in energy sector (% of total),EN.ATM.NOXE.EG.ZS,2.82206885442878
Lao PDR,LAO,1985,Nitrous oxide emissions in energy sector (% of total),EN.ATM.NOXE.EG.ZS,3.54933249090899
Lao PDR,LAO,1984,Nitrous oxide emissions in energy sector (% of total),EN.ATM.NOXE.EG.ZS,2.82224105866157
Lao PDR,LAO,1983,Nitrous oxide emissions in energy sector (% of total),EN.ATM.NOXE.EG.ZS,1.40677115942993
Lao PDR,LAO,1982,Nitrous oxide emissions in energy sector (% of total),EN.ATM.NOXE.EG.ZS,2.89837950174142
Lao PDR,LAO,1981,Nitrous oxide emissions in energy sector (% of total),EN.ATM.NOXE.EG.ZS,2.9199595186999
Lao PDR,LAO,1980,Nitrous oxide emissions in energy sector (% of total),EN.ATM.NOXE.EG.ZS,2.44476329293007
Lao PDR,LAO,1979,Nitrous oxide emissions in energy sector (% of total),EN.ATM.NOXE.EG.ZS,2.99978999486966
Lao PDR,LAO,1978,Nitrous oxide emissions in energy sector (% of total),EN.ATM.NOXE.EG.ZS,2.46672635173134
Lao PDR,LAO,1977,Nitrous oxide emissions in energy sector (% of total),EN.ATM.NOXE.EG.ZS,3.04113507748127
Lao PDR,LAO,1976,Nitrous oxide emissions in energy sector (% of total),EN.ATM.NOXE.EG.ZS,5.70739516147412
Lao PDR,LAO,1975,Nitrous oxide emissions in energy sector (% of total),EN.ATM.NOXE.EG.ZS,5.64685476713311
Lao PDR,LAO,1974,Nitrous oxide emissions in energy sector (% of total),EN.ATM.NOXE.EG.ZS,5.5730646515228
Lao PDR,LAO,1973,Nitrous oxide emissions in energy sector (% of total),EN.ATM.NOXE.EG.ZS,2.44631956481504
Lao PDR,LAO,1972,Nitrous oxide emissions in energy sector (% of total),EN.ATM.NOXE.EG.ZS,3.81622268562337
Lao PDR,LAO,1971,Nitrous oxide emissions in energy sector (% of total),EN.ATM.NOXE.EG.ZS,5.29175131543
Lao PDR,LAO,1970,Nitrous oxide emissions in energy sector (% of total),EN.ATM.NOXE.EG.ZS,2.88669682726886
Lao PDR,LAO,2016,Pump price for diesel fuel (US$ per liter),EP.PMP.DESL.CD,0.8
Lao PDR,LAO,2014,Pump price for diesel fuel (US$ per liter),EP.PMP.DESL.CD,1.08
Lao PDR,LAO,2012,Pump price for diesel fuel (US$ per liter),EP.PMP.DESL.CD,1.18
Lao PDR,LAO,2010,Pump price for diesel fuel (US$ per liter),EP.PMP.DESL.CD,0.97
Lao PDR,LAO,2008,Pump price for diesel fuel (US$ per liter),EP.PMP.DESL.CD,0.76
Lao PDR,LAO,2006,Pump price for diesel fuel (US$ per liter),EP.PMP.DESL.CD,0.73
Lao PDR,LAO,2004,Pump price for diesel fuel (US$ per liter),EP.PMP.DESL.CD,0.48
Lao PDR,LAO,2002,Pump price for diesel fuel (US$ per liter),EP.PMP.DESL.CD,0.3
Lao PDR,LAO,2000,Pump price for diesel fuel (US$ per liter),EP.PMP.DESL.CD,0.32
Lao PDR,LAO,1998,Pump price for diesel fuel (US$ per liter),EP.PMP.DESL.CD,0.24
Lao PDR,LAO,2016,Pump price for gasoline (US$ per liter),EP.PMP.SGAS.CD,0.93
Lao PDR,LAO,2014,Pump price for gasoline (US$ per liter),EP.PMP.SGAS.CD,1.4
Lao PDR,LAO,2012,Pump price for gasoline (US$ per liter),EP.PMP.SGAS.CD,1.33
Lao PDR,LAO,2010,Pump price for gasoline (US$ per liter),EP.PMP.SGAS.CD,1.26
Lao PDR,LAO,2008,Pump price for gasoline (US$ per liter),EP.PMP.SGAS.CD,0.92
Lao PDR,LAO,2006,Pump price for gasoline (US$ per liter),EP.PMP.SGAS.CD,0.86
Lao PDR,LAO,2004,Pump price for gasoline (US$ per liter),EP.PMP.SGAS.CD,0.54
Lao PDR,LAO,2002,Pump price for gasoline (US$ per liter),EP.PMP.SGAS.CD,0.36
Lao PDR,LAO,2000,Pump price for gasoline (US$ per liter),EP.PMP.SGAS.CD,0.41
Lao PDR,LAO,1998,Pump price for gasoline (US$ per liter),EP.PMP.SGAS.CD,0.31
Lao PDR,LAO,2018,Time to obtain an electrical connection (days),IC.ELC.DURS,14.7
Lao PDR,LAO,2016,Time to obtain an electrical connection (days),IC.ELC.DURS,23.4
Lao PDR,LAO,2012,Time to obtain an electrical connection (days),IC.ELC.DURS,22.7
Lao PDR,LAO,2019,Time required to get electricity (days),IC.ELC.TIME,87
Lao PDR,LAO,2018,Time required to get electricity (days),IC.ELC.TIME,105
Lao PDR,LAO,2017,Time required to get electricity (days),IC.ELC.TIME,105
Lao PDR,LAO,2016,Time required to get electricity (days),IC.ELC.TIME,105
Lao PDR,LAO,2015,Time required to get electricity (days),IC.ELC.TIME,105
Lao PDR,LAO,2014,Time required to get electricity (days),IC.ELC.TIME,135
Lao PDR,LAO,2013,Time required to get electricity (days),IC.ELC.TIME,135
Lao PDR,LAO,2012,Time required to get electricity (days),IC.ELC.TIME,135
Lao PDR,LAO,2011,Time required to get electricity (days),IC.ELC.TIME,135
Lao PDR,LAO,2010,Time required to get electricity (days),IC.ELC.TIME,135
Lao PDR,LAO,2009,Time required to get electricity (days),IC.ELC.TIME,135
Lao PDR,LAO,2018,Firms using banks to finance investment (% of firms),IC.FRM.BNKS.ZS,8.6
Lao PDR,LAO,2016,Firms using banks to finance investment (% of firms),IC.FRM.BNKS.ZS,15.9
Lao PDR,LAO,2012,Firms using banks to finance investment (% of firms),IC.FRM.BNKS.ZS,20.6
Lao PDR,LAO,2009,Firms using banks to finance investment (% of firms),IC.FRM.BNKS.ZS,0
Lao PDR,LAO,2018,Value lost due to electrical outages (% of sales for affected firms),IC.FRM.OUTG.ZS,0.9
Lao PDR,LAO,2016,Value lost due to electrical outages (% of sales for affected firms),IC.FRM.OUTG.ZS,2.6
Lao PDR,LAO,2012,Value lost due to electrical outages (% of sales for affected firms),IC.FRM.OUTG.ZS,2.5
Lao PDR,LAO,2017,Investment in energy with private participation (current US$),IE.PPI.ENGY.CD,1850000000
Lao PDR,LAO,2014,Investment in energy with private participation (current US$),IE.PPI.ENGY.CD,2022000000
Lao PDR,LAO,2012,Investment in energy with private participation (current US$),IE.PPI.ENGY.CD,5888420000
Lao PDR,LAO,2011,Investment in energy with private participation (current US$),IE.PPI.ENGY.CD,455600000
Lao PDR,LAO,2010,Investment in energy with private participation (current US$),IE.PPI.ENGY.CD,3860000000
Lao PDR,LAO,2008,Investment in energy with private participation (current US$),IE.PPI.ENGY.CD,869500000
Lao PDR,LAO,2006,Investment in energy with private participation (current US$),IE.PPI.ENGY.CD,1070000000
Lao PDR,LAO,2005,Investment in energy with private participation (current US$),IE.PPI.ENGY.CD,1250000000
Lao PDR,LAO,1996,Investment in energy with private participation (current US$),IE.PPI.ENGY.CD,535500000
Lao PDR,LAO,2017,Adjusted savings: mineral depletion (current US$),NY.ADJ.DMIN.CD,571951231.709542
Lao PDR,LAO,2016,Adjusted savings: mineral depletion (current US$),NY.ADJ.DMIN.CD,444900189.516975
Lao PDR,LAO,2015,Adjusted savings: mineral depletion (current US$),NY.ADJ.DMIN.CD,459872645.425984
Lao PDR,LAO,2014,Adjusted savings: mineral depletion (current US$),NY.ADJ.DMIN.CD,518620784.776307
Lao PDR,LAO,2013,Adjusted savings: mineral depletion (current US$),NY.ADJ.DMIN.CD,603890368.374815
Lao PDR,LAO,2012,Adjusted savings: mineral depletion (current US$),NY.ADJ.DMIN.CD,655013010.497435
Lao PDR,LAO,2011,Adjusted savings: mineral depletion (current US$),NY.ADJ.DMIN.CD,622638372.428725
Lao PDR,LAO,2010,Adjusted savings: mineral depletion (current US$),NY.ADJ.DMIN.CD,498496304.464028
Lao PDR,LAO,2009,Adjusted savings: mineral depletion (current US$),NY.ADJ.DMIN.CD,310223445.495507
Lao PDR,LAO,2008,Adjusted savings: mineral depletion (current US$),NY.ADJ.DMIN.CD,313743468.922222
Lao PDR,LAO,2007,Adjusted savings: mineral depletion (current US$),NY.ADJ.DMIN.CD,190057179.543023
Lao PDR,LAO,2006,Adjusted savings: mineral depletion (current US$),NY.ADJ.DMIN.CD,179499457.409665
Lao PDR,LAO,2005,Adjusted savings: mineral depletion (current US$),NY.ADJ.DMIN.CD,39584404.6006614
Lao PDR,LAO,2004,Adjusted savings: mineral depletion (current US$),NY.ADJ.DMIN.CD,12532166.9106766
Lao PDR,LAO,2003,Adjusted savings: mineral depletion (current US$),NY.ADJ.DMIN.CD,10164927.0228075
Lao PDR,LAO,2002,Adjusted savings: mineral depletion (current US$),NY.ADJ.DMIN.CD,0
Lao PDR,LAO,2001,Adjusted savings: mineral depletion (current US$),NY.ADJ.DMIN.CD,0
Lao PDR,LAO,2000,Adjusted savings: mineral depletion (current US$),NY.ADJ.DMIN.CD,0
Lao PDR,LAO,1999,Adjusted savings: mineral depletion (current US$),NY.ADJ.DMIN.CD,0
Lao PDR,LAO,1998,Adjusted savings: mineral depletion (current US$),NY.ADJ.DMIN.CD,0
Lao PDR,LAO,1997,Adjusted savings: mineral depletion (current US$),NY.ADJ.DMIN.CD,0
Lao PDR,LAO,1996,Adjusted savings: mineral depletion (current US$),NY.ADJ.DMIN.CD,0
Lao PDR,LAO,1995,Adjusted savings: mineral depletion (current US$),NY.ADJ.DMIN.CD,0
Lao PDR,LAO,1994,Adjusted savings: mineral depletion (current US$),NY.ADJ.DMIN.CD,0
Lao PDR,LAO,1993,Adjusted savings: mineral depletion (current US$),NY.ADJ.DMIN.CD,0
Lao PDR,LAO,1992,Adjusted savings: mineral depletion (current US$),NY.ADJ.DMIN.CD,0
Lao PDR,LAO,1991,Adjusted savings: mineral depletion (current US$),NY.ADJ.DMIN.CD,0
Lao PDR,LAO,1990,Adjusted savings: mineral depletion (current US$),NY.ADJ.DMIN.CD,0
Lao PDR,LAO,1989,Adjusted savings: mineral depletion (current US$),NY.ADJ.DMIN.CD,0
Lao PDR,LAO,1988,Adjusted savings: mineral depletion (current US$),NY.ADJ.DMIN.CD,0
Lao PDR,LAO,1987,Adjusted savings: mineral depletion (current US$),NY.ADJ.DMIN.CD,0
Lao PDR,LAO,1986,Adjusted savings: mineral depletion (current US$),NY.ADJ.DMIN.CD,0
Lao PDR,LAO,1985,Adjusted savings: mineral depletion (current US$),NY.ADJ.DMIN.CD,802225.280304058
Lao PDR,LAO,1984,Adjusted savings: mineral depletion (current US$),NY.ADJ.DMIN.CD,985243.554526889
Lao PDR,LAO,1983,Adjusted savings: mineral depletion (current US$),NY.ADJ.DMIN.CD,1135547.8323802
Lao PDR,LAO,1982,Adjusted savings: mineral depletion (current US$),NY.ADJ.DMIN.CD,990598.033648543
Lao PDR,LAO,1981,Adjusted savings: mineral depletion (current US$),NY.ADJ.DMIN.CD,1275566.47968546
Lao PDR,LAO,1980,Adjusted savings: mineral depletion (current US$),NY.ADJ.DMIN.CD,2008433.48516902
Lao PDR,LAO,1979,Adjusted savings: mineral depletion (current US$),NY.ADJ.DMIN.CD,1903207.07512367
Lao PDR,LAO,1978,Adjusted savings: mineral depletion (current US$),NY.ADJ.DMIN.CD,1437787.39610526
Lao PDR,LAO,1977,Adjusted savings: mineral depletion (current US$),NY.ADJ.DMIN.CD,1171890.96538147
Lao PDR,LAO,1976,Adjusted savings: mineral depletion (current US$),NY.ADJ.DMIN.CD,362821.840047164
Lao PDR,LAO,1975,Adjusted savings: mineral depletion (current US$),NY.ADJ.DMIN.CD,141964.365275677
Lao PDR,LAO,1974,Adjusted savings: mineral depletion (current US$),NY.ADJ.DMIN.CD,765328.788021738
Lao PDR,LAO,1973,Adjusted savings: mineral depletion (current US$),NY.ADJ.DMIN.CD,46051.8840596422
Lao PDR,LAO,1972,Adjusted savings: mineral depletion (current US$),NY.ADJ.DMIN.CD,0
Lao PDR,LAO,1971,Adjusted savings: mineral depletion (current US$),NY.ADJ.DMIN.CD,0
Lao PDR,LAO,1970,Adjusted savings: mineral depletion (current US$),NY.ADJ.DMIN.CD,48740.1498534645
Lao PDR,LAO,2017,Adjusted savings: mineral depletion (% of GNI),NY.ADJ.DMIN.GN.ZS,3.58284073778579
Lao PDR,LAO,2016,Adjusted savings: mineral depletion (% of GNI),NY.ADJ.DMIN.GN.ZS,2.94125432039937
Lao PDR,LAO,2015,Adjusted savings: mineral depletion (% of GNI),NY.ADJ.DMIN.GN.ZS,3.34442269915134
Lao PDR,LAO,2014,Adjusted savings: mineral depletion (% of GNI),NY.ADJ.DMIN.GN.ZS,4.08907289185743
Lao PDR,LAO,2013,Adjusted savings: mineral depletion (% of GNI),NY.ADJ.DMIN.GN.ZS,5.34429850337629
Lao PDR,LAO,2012,Adjusted savings: mineral depletion (% of GNI),NY.ADJ.DMIN.GN.ZS,6.83515396306835
Lao PDR,LAO,2011,Adjusted savings: mineral depletion (% of GNI),NY.ADJ.DMIN.GN.ZS,7.63368895824509
Lao PDR,LAO,2010,Adjusted savings: mineral depletion (% of GNI),NY.ADJ.DMIN.GN.ZS,7.46712969017981
Lao PDR,LAO,2009,Adjusted savings: mineral depletion (% of GNI),NY.ADJ.DMIN.GN.ZS,5.47337944176635
Lao PDR,LAO,2008,Adjusted savings: mineral depletion (% of GNI),NY.ADJ.DMIN.GN.ZS,6.04701239189466
Lao PDR,LAO,2007,Adjusted savings: mineral depletion (% of GNI),NY.ADJ.DMIN.GN.ZS,4.66353355505319
Lao PDR,LAO,2006,Adjusted savings: mineral depletion (% of GNI),NY.ADJ.DMIN.GN.ZS,5.50212809607833
Lao PDR,LAO,2005,Adjusted savings: mineral depletion (% of GNI),NY.ADJ.DMIN.GN.ZS,1.4826613044825
Lao PDR,LAO,2004,Adjusted savings: mineral depletion (% of GNI),NY.ADJ.DMIN.GN.ZS,0.552224257182191
Lao PDR,LAO,2003,Adjusted savings: mineral depletion (% of GNI),NY.ADJ.DMIN.GN.ZS,0.532207419666777
Lao PDR,LAO,2002,Adjusted savings: mineral depletion (% of GNI),NY.ADJ.DMIN.GN.ZS,0
Lao PDR,LAO,2001,Adjusted savings: mineral depletion (% of GNI),NY.ADJ.DMIN.GN.ZS,0
Lao PDR,LAO,2000,Adjusted savings: mineral depletion (% of GNI),NY.ADJ.DMIN.GN.ZS,0
Lao PDR,LAO,1999,Adjusted savings: mineral depletion (% of GNI),NY.ADJ.DMIN.GN.ZS,0
Lao PDR,LAO,1998,Adjusted savings: mineral depletion (% of GNI),NY.ADJ.DMIN.GN.ZS,0
Lao PDR,LAO,1997,Adjusted savings: mineral depletion (% of GNI),NY.ADJ.DMIN.GN.ZS,0
Lao PDR,LAO,1996,Adjusted savings: mineral depletion (% of GNI),NY.ADJ.DMIN.GN.ZS,0
Lao PDR,LAO,1995,Adjusted savings: mineral depletion (% of GNI),NY.ADJ.DMIN.GN.ZS,0
Lao PDR,LAO,1994,Adjusted savings: mineral depletion (% of GNI),NY.ADJ.DMIN.GN.ZS,0
Lao PDR,LAO,1993,Adjusted savings: mineral depletion (% of GNI),NY.ADJ.DMIN.GN.ZS,0
Lao PDR,LAO,1992,Adjusted savings: mineral depletion (% of GNI),NY.ADJ.DMIN.GN.ZS,0
Lao PDR,LAO,1991,Adjusted savings: mineral depletion (% of GNI),NY.ADJ.DMIN.GN.ZS,0
Lao PDR,LAO,1990,Adjusted savings: mineral depletion (% of GNI),NY.ADJ.DMIN.GN.ZS,0
Lao PDR,LAO,1989,Adjusted savings: mineral depletion (% of GNI),NY.ADJ.DMIN.GN.ZS,0
Lao PDR,LAO,1988,Adjusted savings: mineral depletion (% of GNI),NY.ADJ.DMIN.GN.ZS,0
Lao PDR,LAO,1987,Adjusted savings: mineral depletion (% of GNI),NY.ADJ.DMIN.GN.ZS,0
Lao PDR,LAO,1986,Adjusted savings: mineral depletion (% of GNI),NY.ADJ.DMIN.GN.ZS,0
Lao PDR,LAO,1985,Adjusted savings: mineral depletion (% of GNI),NY.ADJ.DMIN.GN.ZS,0.0338968435554278
Lao PDR,LAO,1984,Adjusted savings: mineral depletion (% of GNI),NY.ADJ.DMIN.GN.ZS,0.0560707730278178
Lao PDR,LAO,2017,Adjusted savings: energy depletion (current US$),NY.ADJ.DNGY.CD,0
Lao PDR,LAO,2016,Adjusted savings: energy depletion (current US$),NY.ADJ.DNGY.CD,0
Lao PDR,LAO,2015,Adjusted savings: energy depletion (current US$),NY.ADJ.DNGY.CD,0
Lao PDR,LAO,2014,Adjusted savings: energy depletion (current US$),NY.ADJ.DNGY.CD,0
Lao PDR,LAO,2013,Adjusted savings: energy depletion (current US$),NY.ADJ.DNGY.CD,0
Lao PDR,LAO,2012,Adjusted savings: energy depletion (current US$),NY.ADJ.DNGY.CD,6031109.42680141
Lao PDR,LAO,2011,Adjusted savings: energy depletion (current US$),NY.ADJ.DNGY.CD,10184983.5635896
Lao PDR,LAO,2010,Adjusted savings: energy depletion (current US$),NY.ADJ.DNGY.CD,5761039.56948936
Lao PDR,LAO,2009,Adjusted savings: energy depletion (current US$),NY.ADJ.DNGY.CD,2257546.37446936
Lao PDR,LAO,2008,Adjusted savings: energy depletion (current US$),NY.ADJ.DNGY.CD,7322116.00528323
Lao PDR,LAO,2007,Adjusted savings: energy depletion (current US$),NY.ADJ.DNGY.CD,2801397.88608224
Lao PDR,LAO,2006,Adjusted savings: energy depletion (current US$),NY.ADJ.DNGY.CD,1411199.40165852
Lao PDR,LAO,2005,Adjusted savings: energy depletion (current US$),NY.ADJ.DNGY.CD,1273831.39131932
Lao PDR,LAO,2004,Adjusted savings: energy depletion (current US$),NY.ADJ.DNGY.CD,1821340.7885505
Lao PDR,LAO,2003,Adjusted savings: energy depletion (current US$),NY.ADJ.DNGY.CD,165137.271158799
Lao PDR,LAO,2002,Adjusted savings: energy depletion (current US$),NY.ADJ.DNGY.CD,113122.45428167
Lao PDR,LAO,2001,Adjusted savings: energy depletion (current US$),NY.ADJ.DNGY.CD,400150.968590572
Lao PDR,LAO,2000,Adjusted savings: energy depletion (current US$),NY.ADJ.DNGY.CD,57036.6942918045
Lao PDR,LAO,1999,Adjusted savings: energy depletion (current US$),NY.ADJ.DNGY.CD,9728.62474644625
Lao PDR,LAO,1998,Adjusted savings: energy depletion (current US$),NY.ADJ.DNGY.CD,18556.8994490724
Lao PDR,LAO,1997,Adjusted savings: energy depletion (current US$),NY.ADJ.DNGY.CD,3106.88546883038
Lao PDR,LAO,1996,Adjusted savings: energy depletion (current US$),NY.ADJ.DNGY.CD,3490.43938515548
Lao PDR,LAO,1995,Adjusted savings: energy depletion (current US$),NY.ADJ.DNGY.CD,8084.10053291214
Lao PDR,LAO,1994,Adjusted savings: energy depletion (current US$),NY.ADJ.DNGY.CD,27.6100253126944
Lao PDR,LAO,1993,Adjusted savings: energy depletion (current US$),NY.ADJ.DNGY.CD,24.9094975480379
Lao PDR,LAO,1992,Adjusted savings: energy depletion (current US$),NY.ADJ.DNGY.CD,334.675718101312
Lao PDR,LAO,1991,Adjusted savings: energy depletion (current US$),NY.ADJ.DNGY.CD,774.001357316311
Lao PDR,LAO,1990,Adjusted savings: energy depletion (current US$),NY.ADJ.DNGY.CD,986.83820222488
Lao PDR,LAO,1989,Adjusted savings: energy depletion (current US$),NY.ADJ.DNGY.CD,856.485293468596
Lao PDR,LAO,1988,Adjusted savings: energy depletion (current US$),NY.ADJ.DNGY.CD,504.85684531009
Lao PDR,LAO,1987,Adjusted savings: energy depletion (current US$),NY.ADJ.DNGY.CD,31.4566511141384
Lao PDR,LAO,1986,Adjusted savings: energy depletion (current US$),NY.ADJ.DNGY.CD,1863.26868798838
Lao PDR,LAO,1985,Adjusted savings: energy depletion (current US$),NY.ADJ.DNGY.CD,2004.37400769976
Lao PDR,LAO,1984,Adjusted savings: energy depletion (current US$),NY.ADJ.DNGY.CD,636.388543535833
Lao PDR,LAO,1983,Adjusted savings: energy depletion (current US$),NY.ADJ.DNGY.CD,710.536135786638
Lao PDR,LAO,1982,Adjusted savings: energy depletion (current US$),NY.ADJ.DNGY.CD,963.608819898526
Lao PDR,LAO,1981,Adjusted savings: energy depletion (current US$),NY.ADJ.DNGY.CD,452.643439377687
Lao PDR,LAO,1980,Adjusted savings: energy depletion (current US$),NY.ADJ.DNGY.CD,221.079506274246
Lao PDR,LAO,2017,Adjusted savings: energy depletion (% of GNI),NY.ADJ.DNGY.GN.ZS,0
Lao PDR,LAO,2016,Adjusted savings: energy depletion (% of GNI),NY.ADJ.DNGY.GN.ZS,0
Lao PDR,LAO,2015,Adjusted savings: energy depletion (% of GNI),NY.ADJ.DNGY.GN.ZS,0
Lao PDR,LAO,2014,Adjusted savings: energy depletion (% of GNI),NY.ADJ.DNGY.GN.ZS,0
Lao PDR,LAO,2013,Adjusted savings: energy depletion (% of GNI),NY.ADJ.DNGY.GN.ZS,0
Lao PDR,LAO,2012,Adjusted savings: energy depletion (% of GNI),NY.ADJ.DNGY.GN.ZS,0.0629354850050905
Lao PDR,LAO,2011,Adjusted savings: energy depletion (% of GNI),NY.ADJ.DNGY.GN.ZS,0.12487022967442
Lao PDR,LAO,2010,Adjusted savings: energy depletion (% of GNI),NY.ADJ.DNGY.GN.ZS,0.0862963862127065
Lao PDR,LAO,2009,Adjusted savings: energy depletion (% of GNI),NY.ADJ.DNGY.GN.ZS,0.0398306707448187
Lao PDR,LAO,2008,Adjusted savings: energy depletion (% of GNI),NY.ADJ.DNGY.GN.ZS,0.141124614867487
Lao PDR,LAO,2007,Adjusted savings: energy depletion (% of GNI),NY.ADJ.DNGY.GN.ZS,0.0687393818755594
Lao PDR,LAO,2006,Adjusted savings: energy depletion (% of GNI),NY.ADJ.DNGY.GN.ZS,0.0432569545840655
Lao PDR,LAO,2005,Adjusted savings: energy depletion (% of GNI),NY.ADJ.DNGY.GN.ZS,0.047712237468205
Lao PDR,LAO,2004,Adjusted savings: energy depletion (% of GNI),NY.ADJ.DNGY.GN.ZS,0.08025655668343
Lao PDR,LAO,2003,Adjusted savings: energy depletion (% of GNI),NY.ADJ.DNGY.GN.ZS,0.00864613004865065
Lao PDR,LAO,2002,Adjusted savings: energy depletion (% of GNI),NY.ADJ.DNGY.GN.ZS,0.00667829189754383
Lao PDR,LAO,2001,Adjusted savings: energy depletion (% of GNI),NY.ADJ.DNGY.GN.ZS,0.0235434743687806
Lao PDR,LAO,2000,Adjusted savings: energy depletion (% of GNI),NY.ADJ.DNGY.GN.ZS,0.00343510057214094
Lao PDR,LAO,1999,Adjusted savings: energy depletion (% of GNI),NY.ADJ.DNGY.GN.ZS,0.000679545441935344
Lao PDR,LAO,1998,Adjusted savings: energy depletion (% of GNI),NY.ADJ.DNGY.GN.ZS,0.00149269928896303
Lao PDR,LAO,1997,Adjusted savings: energy depletion (% of GNI),NY.ADJ.DNGY.GN.ZS,0.000182266647242305
Lao PDR,LAO,1996,Adjusted savings: energy depletion (% of GNI),NY.ADJ.DNGY.GN.ZS,0.000186987637551027
Lao PDR,LAO,1995,Adjusted savings: energy depletion (% of GNI),NY.ADJ.DNGY.GN.ZS,0.00045996837520689
Lao PDR,LAO,1994,Adjusted savings: energy depletion (% of GNI),NY.ADJ.DNGY.GN.ZS,1.79077153068707e-06
Lao PDR,LAO,1993,Adjusted savings: energy depletion (% of GNI),NY.ADJ.DNGY.GN.ZS,1.87607025277219e-06
Lao PDR,LAO,1992,Adjusted savings: energy depletion (% of GNI),NY.ADJ.DNGY.GN.ZS,2.96749119683167e-05
Lao PDR,LAO,1991,Adjusted savings: energy depletion (% of GNI),NY.ADJ.DNGY.GN.ZS,7.52855182043031e-05
Lao PDR,LAO,1990,Adjusted savings: energy depletion (% of GNI),NY.ADJ.DNGY.GN.ZS,0.000114011549306055
Lao PDR,LAO,1989,Adjusted savings: energy depletion (% of GNI),NY.ADJ.DNGY.GN.ZS,0.0001199480577687
Lao PDR,LAO,1988,Adjusted savings: energy depletion (% of GNI),NY.ADJ.DNGY.GN.ZS,8.42887297036938e-05
Lao PDR,LAO,1987,Adjusted savings: energy depletion (% of GNI),NY.ADJ.DNGY.GN.ZS,2.89316925052331e-06
Lao PDR,LAO,1986,Adjusted savings: energy depletion (% of GNI),NY.ADJ.DNGY.GN.ZS,0.000104864059100028
Lao PDR,LAO,1985,Adjusted savings: energy depletion (% of GNI),NY.ADJ.DNGY.GN.ZS,8.4691861293393e-05
Lao PDR,LAO,1984,Adjusted savings: energy depletion (% of GNI),NY.ADJ.DNGY.GN.ZS,3.62172352390937e-05
Lao PDR,LAO,2017,Adjusted savings: natural resources depletion (% of GNI),NY.ADJ.DRES.GN.ZS,6.31725232872001
Lao PDR,LAO,2016,Adjusted savings: natural resources depletion (% of GNI),NY.ADJ.DRES.GN.ZS,4.93947942048846
Lao PDR,LAO,2015,Adjusted savings: natural resources depletion (% of GNI),NY.ADJ.DRES.GN.ZS,5.35807505808563
Lao PDR,LAO,2014,Adjusted savings: natural resources depletion (% of GNI),NY.ADJ.DRES.GN.ZS,7.20814677764479
Lao PDR,LAO,2013,Adjusted savings: natural resources depletion (% of GNI),NY.ADJ.DRES.GN.ZS,7.59339941257486
Lao PDR,LAO,2012,Adjusted savings: natural resources depletion (% of GNI),NY.ADJ.DRES.GN.ZS,9.24655514646585
Lao PDR,LAO,2011,Adjusted savings: natural resources depletion (% of GNI),NY.ADJ.DRES.GN.ZS,10.9036152123292
Lao PDR,LAO,2010,Adjusted savings: natural resources depletion (% of GNI),NY.ADJ.DRES.GN.ZS,10.211937688386
Lao PDR,LAO,2009,Adjusted savings: natural resources depletion (% of GNI),NY.ADJ.DRES.GN.ZS,8.01733632483294
Lao PDR,LAO,2008,Adjusted savings: natural resources depletion (% of GNI),NY.ADJ.DRES.GN.ZS,9.27451604697226
Lao PDR,LAO,2007,Adjusted savings: natural resources depletion (% of GNI),NY.ADJ.DRES.GN.ZS,7.18002409895057
Lao PDR,LAO,2006,Adjusted savings: natural resources depletion (% of GNI),NY.ADJ.DRES.GN.ZS,7.75309301255587
Lao PDR,LAO,2005,Adjusted savings: natural resources depletion (% of GNI),NY.ADJ.DRES.GN.ZS,3.48380928595016
Lao PDR,LAO,2004,Adjusted savings: natural resources depletion (% of GNI),NY.ADJ.DRES.GN.ZS,3.83601318174833
Lao PDR,LAO,2003,Adjusted savings: natural resources depletion (% of GNI),NY.ADJ.DRES.GN.ZS,4.18834679328508
Lao PDR,LAO,2002,Adjusted savings: natural resources depletion (% of GNI),NY.ADJ.DRES.GN.ZS,3.00630263513501
Lao PDR,LAO,2001,Adjusted savings: natural resources depletion (% of GNI),NY.ADJ.DRES.GN.ZS,2.87439757234258
Lao PDR,LAO,2000,Adjusted savings: natural resources depletion (% of GNI),NY.ADJ.DRES.GN.ZS,2.55669157574804
Lao PDR,LAO,1999,Adjusted savings: natural resources depletion (% of GNI),NY.ADJ.DRES.GN.ZS,3.26775221946906
Lao PDR,LAO,1998,Adjusted savings: natural resources depletion (% of GNI),NY.ADJ.DRES.GN.ZS,5.35514192593235
Lao PDR,LAO,1997,Adjusted savings: natural resources depletion (% of GNI),NY.ADJ.DRES.GN.ZS,4.78870462146244
Lao PDR,LAO,1996,Adjusted savings: natural resources depletion (% of GNI),NY.ADJ.DRES.GN.ZS,5.24762954193341
Lao PDR,LAO,1995,Adjusted savings: natural resources depletion (% of GNI),NY.ADJ.DRES.GN.ZS,5.64579889293744
Lao PDR,LAO,1994,Adjusted savings: natural resources depletion (% of GNI),NY.ADJ.DRES.GN.ZS,3.86093374954927
Lao PDR,LAO,1993,Adjusted savings: natural resources depletion (% of GNI),NY.ADJ.DRES.GN.ZS,3.62668036530225
Lao PDR,LAO,1992,Adjusted savings: natural resources depletion (% of GNI),NY.ADJ.DRES.GN.ZS,4.0639778772781
Lao PDR,LAO,1991,Adjusted savings: natural resources depletion (% of GNI),NY.ADJ.DRES.GN.ZS,4.11353687518787
Lao PDR,LAO,1990,Adjusted savings: natural resources depletion (% of GNI),NY.ADJ.DRES.GN.ZS,3.9207277302051
Lao PDR,LAO,1989,Adjusted savings: natural resources depletion (% of GNI),NY.ADJ.DRES.GN.ZS,4.33287811285061
Lao PDR,LAO,1988,Adjusted savings: natural resources depletion (% of GNI),NY.ADJ.DRES.GN.ZS,5.06693097764482
Lao PDR,LAO,1987,Adjusted savings: natural resources depletion (% of GNI),NY.ADJ.DRES.GN.ZS,2.71583407462169
Lao PDR,LAO,1986,Adjusted savings: natural resources depletion (% of GNI),NY.ADJ.DRES.GN.ZS,1.5275499922612
Lao PDR,LAO,1985,Adjusted savings: natural resources depletion (% of GNI),NY.ADJ.DRES.GN.ZS,0.799774530862552
Lao PDR,LAO,1984,Adjusted savings: natural resources depletion (% of GNI),NY.ADJ.DRES.GN.ZS,0.984396256653907
Lao PDR,LAO,2017,Mineral rents (% of GDP),NY.GDP.MINR.RT.ZS,6.59302156695576
Lao PDR,LAO,2016,Mineral rents (% of GDP),NY.GDP.MINR.RT.ZS,5.26481432115255
Lao PDR,LAO,2015,Mineral rents (% of GDP),NY.GDP.MINR.RT.ZS,6.03288226367703
Lao PDR,LAO,2014,Mineral rents (% of GDP),NY.GDP.MINR.RT.ZS,7.8376241601618
Lao PDR,LAO,2013,Mineral rents (% of GDP),NY.GDP.MINR.RT.ZS,9.89198643857432
Lao PDR,LAO,2012,Mineral rents (% of GDP),NY.GDP.MINR.RT.ZS,12.0307305752498
Lao PDR,LAO,2011,Mineral rents (% of GDP),NY.GDP.MINR.RT.ZS,13.1190611220304
Lao PDR,LAO,2010,Mineral rents (% of GDP),NY.GDP.MINR.RT.ZS,13.1533638363928
Lao PDR,LAO,2009,Mineral rents (% of GDP),NY.GDP.MINR.RT.ZS,9.28463758549262
Lao PDR,LAO,2008,Mineral rents (% of GDP),NY.GDP.MINR.RT.ZS,10.0349502544606
Lao PDR,LAO,2007,Mineral rents (% of GDP),NY.GDP.MINR.RT.ZS,9.83637922573509
Lao PDR,LAO,2006,Mineral rents (% of GDP),NY.GDP.MINR.RT.ZS,10.9908586612384
Lao PDR,LAO,2005,Mineral rents (% of GDP),NY.GDP.MINR.RT.ZS,3.71599897074123
Lao PDR,LAO,2004,Mineral rents (% of GDP),NY.GDP.MINR.RT.ZS,0.791402476509132
Lao PDR,LAO,2003,Mineral rents (% of GDP),NY.GDP.MINR.RT.ZS,0.716757912675695
Lao PDR,LAO,2002,Mineral rents (% of GDP),NY.GDP.MINR.RT.ZS,0
Lao PDR,LAO,2001,Mineral rents (% of GDP),NY.GDP.MINR.RT.ZS,0
Lao PDR,LAO,2000,Mineral rents (% of GDP),NY.GDP.MINR.RT.ZS,0
Lao PDR,LAO,1999,Mineral rents (% of GDP),NY.GDP.MINR.RT.ZS,0
Lao PDR,LAO,1998,Mineral rents (% of GDP),NY.GDP.MINR.RT.ZS,0
Lao PDR,LAO,1997,Mineral rents (% of GDP),NY.GDP.MINR.RT.ZS,0
Lao PDR,LAO,1996,Mineral rents (% of GDP),NY.GDP.MINR.RT.ZS,0
Lao PDR,LAO,1995,Mineral rents (% of GDP),NY.GDP.MINR.RT.ZS,0
Lao PDR,LAO,1994,Mineral rents (% of GDP),NY.GDP.MINR.RT.ZS,0
Lao PDR,LAO,1993,Mineral rents (% of GDP),NY.GDP.MINR.RT.ZS,0
Lao PDR,LAO,1992,Mineral rents (% of GDP),NY.GDP.MINR.RT.ZS,0
Lao PDR,LAO,1991,Mineral rents (% of GDP),NY.GDP.MINR.RT.ZS,0
Lao PDR,LAO,1990,Mineral rents (% of GDP),NY.GDP.MINR.RT.ZS,0
Lao PDR,LAO,1989,Mineral rents (% of GDP),NY.GDP.MINR.RT.ZS,0
Lao PDR,LAO,1988,Mineral rents (% of GDP),NY.GDP.MINR.RT.ZS,0
Lao PDR,LAO,1987,Mineral rents (% of GDP),NY.GDP.MINR.RT.ZS,0
Lao PDR,LAO,1986,Mineral rents (% of GDP),NY.GDP.MINR.RT.ZS,0
Lao PDR,LAO,1985,Mineral rents (% of GDP),NY.GDP.MINR.RT.ZS,0.0635882886580941
Lao PDR,LAO,1984,Mineral rents (% of GDP),NY.GDP.MINR.RT.ZS,0.106109341772834
Lao PDR,LAO,2017,Natural gas rents (% of GDP),NY.GDP.NGAS.RT.ZS,0
Lao PDR,LAO,2016,Natural gas rents (% of GDP),NY.GDP.NGAS.RT.ZS,0
Lao PDR,LAO,2015,Natural gas rents (% of GDP),NY.GDP.NGAS.RT.ZS,0
Lao PDR,LAO,2014,Natural gas rents (% of GDP),NY.GDP.NGAS.RT.ZS,0
Lao PDR,LAO,2013,Natural gas rents (% of GDP),NY.GDP.NGAS.RT.ZS,0
Lao PDR,LAO,2012,Natural gas rents (% of GDP),NY.GDP.NGAS.RT.ZS,0
Lao PDR,LAO,2011,Natural gas rents (% of GDP),NY.GDP.NGAS.RT.ZS,0
Lao PDR,LAO,2010,Natural gas rents (% of GDP),NY.GDP.NGAS.RT.ZS,0
Lao PDR,LAO,2009,Natural gas rents (% of GDP),NY.GDP.NGAS.RT.ZS,0
Lao PDR,LAO,2008,Natural gas rents (% of GDP),NY.GDP.NGAS.RT.ZS,0
Lao PDR,LAO,2007,Natural gas rents (% of GDP),NY.GDP.NGAS.RT.ZS,0
Lao PDR,LAO,2006,Natural gas rents (% of GDP),NY.GDP.NGAS.RT.ZS,0
Lao PDR,LAO,2005,Natural gas rents (% of GDP),NY.GDP.NGAS.RT.ZS,0
Lao PDR,LAO,2004,Natural gas rents (% of GDP),NY.GDP.NGAS.RT.ZS,0
Lao PDR,LAO,2003,Natural gas rents (% of GDP),NY.GDP.NGAS.RT.ZS,0
Lao PDR,LAO,2002,Natural gas rents (% of GDP),NY.GDP.NGAS.RT.ZS,0
Lao PDR,LAO,2001,Natural gas rents (% of GDP),NY.GDP.NGAS.RT.ZS,0
Lao PDR,LAO,2000,Natural gas rents (% of GDP),NY.GDP.NGAS.RT.ZS,0
Lao PDR,LAO,1999,Natural gas rents (% of GDP),NY.GDP.NGAS.RT.ZS,0
Lao PDR,LAO,1998,Natural gas rents (% of GDP),NY.GDP.NGAS.RT.ZS,0
Lao PDR,LAO,1997,Natural gas rents (% of GDP),NY.GDP.NGAS.RT.ZS,0
Lao PDR,LAO,1996,Natural gas rents (% of GDP),NY.GDP.NGAS.RT.ZS,0
Lao PDR,LAO,1995,Natural gas rents (% of GDP),NY.GDP.NGAS.RT.ZS,0
Lao PDR,LAO,1994,Natural gas rents (% of GDP),NY.GDP.NGAS.RT.ZS,0
Lao PDR,LAO,1993,Natural gas rents (% of GDP),NY.GDP.NGAS.RT.ZS,0
Lao PDR,LAO,1992,Natural gas rents (% of GDP),NY.GDP.NGAS.RT.ZS,0
Lao PDR,LAO,1991,Natural gas rents (% of GDP),NY.GDP.NGAS.RT.ZS,0
Lao PDR,LAO,1990,Natural gas rents (% of GDP),NY.GDP.NGAS.RT.ZS,0
Lao PDR,LAO,1989,Natural gas rents (% of GDP),NY.GDP.NGAS.RT.ZS,0
Lao PDR,LAO,1988,Natural gas rents (% of GDP),NY.GDP.NGAS.RT.ZS,0
Lao PDR,LAO,1987,Natural gas rents (% of GDP),NY.GDP.NGAS.RT.ZS,0
Lao PDR,LAO,1986,Natural gas rents (% of GDP),NY.GDP.NGAS.RT.ZS,0
Lao PDR,LAO,1985,Natural gas rents (% of GDP),NY.GDP.NGAS.RT.ZS,0
Lao PDR,LAO,1984,Natural gas rents (% of GDP),NY.GDP.NGAS.RT.ZS,0
Lao PDR,LAO,2017,Oil rents (% of GDP),NY.GDP.PETR.RT.ZS,0
Lao PDR,LAO,2016,Oil rents (% of GDP),NY.GDP.PETR.RT.ZS,0
Lao PDR,LAO,2015,Oil rents (% of GDP),NY.GDP.PETR.RT.ZS,0
Lao PDR,LAO,2014,Oil rents (% of GDP),NY.GDP.PETR.RT.ZS,0
Lao PDR,LAO,2013,Oil rents (% of GDP),NY.GDP.PETR.RT.ZS,0
Lao PDR,LAO,2012,Oil rents (% of GDP),NY.GDP.PETR.RT.ZS,0
Lao PDR,LAO,2011,Oil rents (% of GDP),NY.GDP.PETR.RT.ZS,0
Lao PDR,LAO,2010,Oil rents (% of GDP),NY.GDP.PETR.RT.ZS,0
Lao PDR,LAO,2009,Oil rents (% of GDP),NY.GDP.PETR.RT.ZS,0
Lao PDR,LAO,2008,Oil rents (% of GDP),NY.GDP.PETR.RT.ZS,0
Lao PDR,LAO,2007,Oil rents (% of GDP),NY.GDP.PETR.RT.ZS,0
Lao PDR,LAO,2006,Oil rents (% of GDP),NY.GDP.PETR.RT.ZS,0
Lao PDR,LAO,2005,Oil rents (% of GDP),NY.GDP.PETR.RT.ZS,0
Lao PDR,LAO,2004,Oil rents (% of GDP),NY.GDP.PETR.RT.ZS,0
Lao PDR,LAO,2003,Oil rents (% of GDP),NY.GDP.PETR.RT.ZS,0
Lao PDR,LAO,2002,Oil rents (% of GDP),NY.GDP.PETR.RT.ZS,0
Lao PDR,LAO,2001,Oil rents (% of GDP),NY.GDP.PETR.RT.ZS,0
Lao PDR,LAO,2000,Oil rents (% of GDP),NY.GDP.PETR.RT.ZS,0
Lao PDR,LAO,1999,Oil rents (% of GDP),NY.GDP.PETR.RT.ZS,0
Lao PDR,LAO,1998,Oil rents (% of GDP),NY.GDP.PETR.RT.ZS,0
Lao PDR,LAO,1997,Oil rents (% of GDP),NY.GDP.PETR.RT.ZS,0
Lao PDR,LAO,1996,Oil rents (% of GDP),NY.GDP.PETR.RT.ZS,0
Lao PDR,LAO,1995,Oil rents (% of GDP),NY.GDP.PETR.RT.ZS,0
Lao PDR,LAO,1994,Oil rents (% of GDP),NY.GDP.PETR.RT.ZS,0
Lao PDR,LAO,1993,Oil rents (% of GDP),NY.GDP.PETR.RT.ZS,0
Lao PDR,LAO,1992,Oil rents (% of GDP),NY.GDP.PETR.RT.ZS,0
Lao PDR,LAO,1991,Oil rents (% of GDP),NY.GDP.PETR.RT.ZS,0
Lao PDR,LAO,1990,Oil rents (% of GDP),NY.GDP.PETR.RT.ZS,0
Lao PDR,LAO,1989,Oil rents (% of GDP),NY.GDP.PETR.RT.ZS,0
Lao PDR,LAO,1988,Oil rents (% of GDP),NY.GDP.PETR.RT.ZS,0
Lao PDR,LAO,1987,Oil rents (% of GDP),NY.GDP.PETR.RT.ZS,0
Lao PDR,LAO,1986,Oil rents (% of GDP),NY.GDP.PETR.RT.ZS,0
Lao PDR,LAO,1985,Oil rents (% of GDP),NY.GDP.PETR.RT.ZS,0
Lao PDR,LAO,1984,Oil rents (% of GDP),NY.GDP.PETR.RT.ZS,0
Lao PDR,LAO,2017,Total natural resources rents (% of GDP),NY.GDP.TOTL.RT.ZS,10.1864986311063
Lao PDR,LAO,2016,Total natural resources rents (% of GDP),NY.GDP.TOTL.RT.ZS,8.14329825198996
Lao PDR,LAO,2015,Total natural resources rents (% of GDP),NY.GDP.TOTL.RT.ZS,8.91187569050673
Lao PDR,LAO,2014,Total natural resources rents (% of GDP),NY.GDP.TOTL.RT.ZS,12.2043844580087
Lao PDR,LAO,2013,Total natural resources rents (% of GDP),NY.GDP.TOTL.RT.ZS,13.0693980866695
Lao PDR,LAO,2012,Total natural resources rents (% of GDP),NY.GDP.TOTL.RT.ZS,15.6356663836005
Lao PDR,LAO,2011,Total natural resources rents (% of GDP),NY.GDP.TOTL.RT.ZS,17.988109144229
Lao PDR,LAO,2010,Total natural resources rents (% of GDP),NY.GDP.TOTL.RT.ZS,17.4282933844374
Lao PDR,LAO,2009,Total natural resources rents (% of GDP),NY.GDP.TOTL.RT.ZS,13.5332236789193
Lao PDR,LAO,2008,Total natural resources rents (% of GDP),NY.GDP.TOTL.RT.ZS,15.4092169587071
Lao PDR,LAO,2007,Total natural resources rents (% of GDP),NY.GDP.TOTL.RT.ZS,14.1480690363515
Lao PDR,LAO,2006,Total natural resources rents (% of GDP),NY.GDP.TOTL.RT.ZS,14.5815203334337
Lao PDR,LAO,2005,Total natural resources rents (% of GDP),NY.GDP.TOTL.RT.ZS,7.05694552774245
Lao PDR,LAO,2004,Total natural resources rents (% of GDP),NY.GDP.TOTL.RT.ZS,6.17036830913294
Lao PDR,LAO,2003,Total natural resources rents (% of GDP),NY.GDP.TOTL.RT.ZS,6.46763767763749
Lao PDR,LAO,2002,Total natural resources rents (% of GDP),NY.GDP.TOTL.RT.ZS,4.80906962492889
Lao PDR,LAO,2001,Total natural resources rents (% of GDP),NY.GDP.TOTL.RT.ZS,4.57401670938125
Lao PDR,LAO,2000,Total natural resources rents (% of GDP),NY.GDP.TOTL.RT.ZS,4.02431132279493
Lao PDR,LAO,1999,Total natural resources rents (% of GDP),NY.GDP.TOTL.RT.ZS,5.13075606905471
Lao PDR,LAO,1998,Total natural resources rents (% of GDP),NY.GDP.TOTL.RT.ZS,8.58114034900043
Lao PDR,LAO,1997,Total natural resources rents (% of GDP),NY.GDP.TOTL.RT.ZS,7.63934991131202
Lao PDR,LAO,1996,Total natural resources rents (% of GDP),NY.GDP.TOTL.RT.ZS,8.52402659684728
Lao PDR,LAO,1995,Total natural resources rents (% of GDP),NY.GDP.TOTL.RT.ZS,9.05262914794154
Lao PDR,LAO,1994,Total natural resources rents (% of GDP),NY.GDP.TOTL.RT.ZS,6.43767308138156
Lao PDR,LAO,1993,Total natural resources rents (% of GDP),NY.GDP.TOTL.RT.ZS,6.09947442738232
Lao PDR,LAO,1992,Total natural resources rents (% of GDP),NY.GDP.TOTL.RT.ZS,7.09917162006836
Lao PDR,LAO,1991,Total natural resources rents (% of GDP),NY.GDP.TOTL.RT.ZS,6.99019695295087
Lao PDR,LAO,1990,Total natural resources rents (% of GDP),NY.GDP.TOTL.RT.ZS,6.87357760929863
Lao PDR,LAO,1989,Total natural resources rents (% of GDP),NY.GDP.TOTL.RT.ZS,7.80184387285966
Lao PDR,LAO,1988,Total natural resources rents (% of GDP),NY.GDP.TOTL.RT.ZS,9.13280073747514
Lao PDR,LAO,1987,Total natural resources rents (% of GDP),NY.GDP.TOTL.RT.ZS,5.01005857673744
Lao PDR,LAO,1986,Total natural resources rents (% of GDP),NY.GDP.TOTL.RT.ZS,2.88278693354739
Lao PDR,LAO,1985,Total natural resources rents (% of GDP),NY.GDP.TOTL.RT.ZS,1.5185035045346
Lao PDR,LAO,1984,Total natural resources rents (% of GDP),NY.GDP.TOTL.RT.ZS,1.91815376929863
Lao PDR,LAO,2016,Fuel imports (% of merchandise imports),TM.VAL.FUEL.ZS.UN,15.2526289659486
Lao PDR,LAO,2015,Fuel imports (% of merchandise imports),TM.VAL.FUEL.ZS.UN,20.1133045851968
Lao PDR,LAO,2014,Fuel imports (% of merchandise imports),TM.VAL.FUEL.ZS.UN,15.6317517425806
Lao PDR,LAO,2013,Fuel imports (% of merchandise imports),TM.VAL.FUEL.ZS.UN,16.1872706258064
Lao PDR,LAO,2012,Fuel imports (% of merchandise imports),TM.VAL.FUEL.ZS.UN,25.2525929666594
Lao PDR,LAO,2011,Fuel imports (% of merchandise imports),TM.VAL.FUEL.ZS.UN,20.3027811327307
Lao PDR,LAO,2010,Fuel imports (% of merchandise imports),TM.VAL.FUEL.ZS.UN,26.4278272976775
Lao PDR,LAO,1974,Fuel imports (% of merchandise imports),TM.VAL.FUEL.ZS.UN,11.2037837548805
Lao PDR,LAO,1973,Fuel imports (% of merchandise imports),TM.VAL.FUEL.ZS.UN,19.4187440690035
Lao PDR,LAO,1972,Fuel imports (% of merchandise imports),TM.VAL.FUEL.ZS.UN,23.1464214378701
Lao PDR,LAO,1971,Fuel imports (% of merchandise imports),TM.VAL.FUEL.ZS.UN,20.3788633357528
Lao PDR,LAO,1970,Fuel imports (% of merchandise imports),TM.VAL.FUEL.ZS.UN,22.6960785346898
Lao PDR,LAO,1969,Fuel imports (% of merchandise imports),TM.VAL.FUEL.ZS.UN,13.2261159244062
Lao PDR,LAO,1968,Fuel imports (% of merchandise imports),TM.VAL.FUEL.ZS.UN,8.62209918442609
Lao PDR,LAO,1967,Fuel imports (% of merchandise imports),TM.VAL.FUEL.ZS.UN,20.1038359289942
Lao PDR,LAO,1966,Fuel imports (% of merchandise imports),TM.VAL.FUEL.ZS.UN,13.7313546685184
Lao PDR,LAO,1965,Fuel imports (% of merchandise imports),TM.VAL.FUEL.ZS.UN,13.6837382235461
Lao PDR,LAO,1964,Fuel imports (% of merchandise imports),TM.VAL.FUEL.ZS.UN,13.8297099162473
Lao PDR,LAO,1963,Fuel imports (% of merchandise imports),TM.VAL.FUEL.ZS.UN,17.8258714095247
Lao PDR,LAO,1962,Fuel imports (% of merchandise imports),TM.VAL.FUEL.ZS.UN,15.7946939665298
Lao PDR,LAO,2016,Ores and metals imports (% of merchandise imports),TM.VAL.MMTL.ZS.UN,1.17489694234726
Lao PDR,LAO,2015,Ores and metals imports (% of merchandise imports),TM.VAL.MMTL.ZS.UN,1.27268327845345
Lao PDR,LAO,2014,Ores and metals imports (% of merchandise imports),TM.VAL.MMTL.ZS.UN,1.08024737986499
Lao PDR,LAO,2013,Ores and metals imports (% of merchandise imports),TM.VAL.MMTL.ZS.UN,1.86292726120444
Lao PDR,LAO,2012,Ores and metals imports (% of merchandise imports),TM.VAL.MMTL.ZS.UN,3.00384510189806
Lao PDR,LAO,2011,Ores and metals imports (% of merchandise imports),TM.VAL.MMTL.ZS.UN,0.928925630619022
Lao PDR,LAO,2010,Ores and metals imports (% of merchandise imports),TM.VAL.MMTL.ZS.UN,1.55411858784264
Lao PDR,LAO,1974,Ores and metals imports (% of merchandise imports),TM.VAL.MMTL.ZS.UN,1.69776985905729
Lao PDR,LAO,1973,Ores and metals imports (% of merchandise imports),TM.VAL.MMTL.ZS.UN,0.918061593169831
Lao PDR,LAO,1972,Ores and metals imports (% of merchandise imports),TM.VAL.MMTL.ZS.UN,0.934331316204107
Lao PDR,LAO,1971,Ores and metals imports (% of merchandise imports),TM.VAL.MMTL.ZS.UN,0.657597713118461
Lao PDR,LAO,1970,Ores and metals imports (% of merchandise imports),TM.VAL.MMTL.ZS.UN,0.789797600204023
Lao PDR,LAO,1969,Ores and metals imports (% of merchandise imports),TM.VAL.MMTL.ZS.UN,0.444762519163379
Lao PDR,LAO,1968,Ores and metals imports (% of merchandise imports),TM.VAL.MMTL.ZS.UN,1.44051017201239
Lao PDR,LAO,1967,Ores and metals imports (% of merchandise imports),TM.VAL.MMTL.ZS.UN,0.404280899426884
Lao PDR,LAO,1966,Ores and metals imports (% of merchandise imports),TM.VAL.MMTL.ZS.UN,0.390897969685405
Lao PDR,LAO,1965,Ores and metals imports (% of merchandise imports),TM.VAL.MMTL.ZS.UN,0.844199271068083
Lao PDR,LAO,1964,Ores and metals imports (% of merchandise imports),TM.VAL.MMTL.ZS.UN,0.442284324282282
Lao PDR,LAO,1963,Ores and metals imports (% of merchandise imports),TM.VAL.MMTL.ZS.UN,0.360326872499256
Lao PDR,LAO,1962,Ores and metals imports (% of merchandise imports),TM.VAL.MMTL.ZS.UN,0.450602471379365
Lao PDR,LAO,2016,Fuel exports (% of merchandise exports),TX.VAL.FUEL.ZS.UN,0.251247799063755
Lao PDR,LAO,2015,Fuel exports (% of merchandise exports),TX.VAL.FUEL.ZS.UN,0.185553994993793
Lao PDR,LAO,2014,Fuel exports (% of merchandise exports),TX.VAL.FUEL.ZS.UN,0.0445116288850401
Lao PDR,LAO,2013,Fuel exports (% of merchandise exports),TX.VAL.FUEL.ZS.UN,0.668194987491902
Lao PDR,LAO,2012,Fuel exports (% of merchandise exports),TX.VAL.FUEL.ZS.UN,0.791629293759867
Lao PDR,LAO,2011,Fuel exports (% of merchandise exports),TX.VAL.FUEL.ZS.UN,0.819486197892512
Lao PDR,LAO,2010,Fuel exports (% of merchandise exports),TX.VAL.FUEL.ZS.UN,0.930512949908407
Lao PDR,LAO,1974,Fuel exports (% of merchandise exports),TX.VAL.FUEL.ZS.UN,64.107540668068
Lao PDR,LAO,1973,Fuel exports (% of merchandise exports),TX.VAL.FUEL.ZS.UN,208.688111300221
Lao PDR,LAO,1972,Fuel exports (% of merchandise exports),TX.VAL.FUEL.ZS.UN,342.638537257968
Lao PDR,LAO,1971,Fuel exports (% of merchandise exports),TX.VAL.FUEL.ZS.UN,270.538675604201
Lao PDR,LAO,1970,Fuel exports (% of merchandise exports),TX.VAL.FUEL.ZS.UN,359.256137205845
Lao PDR,LAO,1969,Fuel exports (% of merchandise exports),TX.VAL.FUEL.ZS.UN,254.241987462871
Lao PDR,LAO,1968,Fuel exports (% of merchandise exports),TX.VAL.FUEL.ZS.UN,76.6790625799156
Lao PDR,LAO,1967,Fuel exports (% of merchandise exports),TX.VAL.FUEL.ZS.UN,222.79459147694
Lao PDR,LAO,1966,Fuel exports (% of merchandise exports),TX.VAL.FUEL.ZS.UN,385.269511054576
Lao PDR,LAO,1965,Fuel exports (% of merchandise exports),TX.VAL.FUEL.ZS.UN,449.715143417619
Lao PDR,LAO,1964,Fuel exports (% of merchandise exports),TX.VAL.FUEL.ZS.UN,390.457699459902
Lao PDR,LAO,1963,Fuel exports (% of merchandise exports),TX.VAL.FUEL.ZS.UN,722.762782553816
Lao PDR,LAO,1962,Fuel exports (% of merchandise exports),TX.VAL.FUEL.ZS.UN,491.659299630379
Lao PDR,LAO,2016,Ores and metals exports (% of merchandise exports),TX.VAL.MMTL.ZS.UN,38.5575139236595
Lao PDR,LAO,2015,Ores and metals exports (% of merchandise exports),TX.VAL.MMTL.ZS.UN,42.5269255750036
Lao PDR,LAO,2014,Ores and metals exports (% of merchandise exports),TX.VAL.MMTL.ZS.UN,49.5415108977695
Lao PDR,LAO,2013,Ores and metals exports (% of merchandise exports),TX.VAL.MMTL.ZS.UN,62.0447140225813
Lao PDR,LAO,2012,Ores and metals exports (% of merchandise exports),TX.VAL.MMTL.ZS.UN,66.3900250731283
Lao PDR,LAO,2011,Ores and metals exports (% of merchandise exports),TX.VAL.MMTL.ZS.UN,66.8916594797262
Lao PDR,LAO,2010,Ores and metals exports (% of merchandise exports),TX.VAL.MMTL.ZS.UN,54.9204408277403
Lao PDR,LAO,1974,Ores and metals exports (% of merchandise exports),TX.VAL.MMTL.ZS.UN,11.8505726395368
Lao PDR,LAO,1973,Ores and metals exports (% of merchandise exports),TX.VAL.MMTL.ZS.UN,31.0870254827301
Lao PDR,LAO,1972,Ores and metals exports (% of merchandise exports),TX.VAL.MMTL.ZS.UN,60.3411211690106
Lao PDR,LAO,1971,Ores and metals exports (% of merchandise exports),TX.VAL.MMTL.ZS.UN,52.3158249166953
Lao PDR,LAO,1970,Ores and metals exports (% of merchandise exports),TX.VAL.MMTL.ZS.UN,36.0714987712938
Lao PDR,LAO,1969,Ores and metals exports (% of merchandise exports),TX.VAL.MMTL.ZS.UN,53.8021167239877
Lao PDR,LAO,1968,Ores and metals exports (% of merchandise exports),TX.VAL.MMTL.ZS.UN,63.0924030310378
Lao PDR,LAO,1967,Ores and metals exports (% of merchandise exports),TX.VAL.MMTL.ZS.UN,46.9893625224743
Lao PDR,LAO,1966,Ores and metals exports (% of merchandise exports),TX.VAL.MMTL.ZS.UN,62.9036694724102
Lao PDR,LAO,1965,Ores and metals exports (% of merchandise exports),TX.VAL.MMTL.ZS.UN,61.8789841697487
Lao PDR,LAO,1964,Ores and metals exports (% of merchandise exports),TX.VAL.MMTL.ZS.UN,78.0043716314195
Lao PDR,LAO,1963,Ores and metals exports (% of merchandise exports),TX.VAL.MMTL.ZS.UN,65.6143403086607
Lao PDR,LAO,1962,Ores and metals exports (% of merchandise exports),TX.VAL.MMTL.ZS.UN,58.1870250681424
