Country Name,Country ISO3,Year,Indicator Name,Indicator Code,Value
#country+name,#country+code,#date+year,#indicator+name,#indicator+code,#indicator+value+num
Virgin Islands (U.S.),VIR,2017,"Access to electricity, rural (% of rural population)",EG.ELC.ACCS.RU.ZS,100
Virgin Islands (U.S.),VIR,2016,"Access to electricity, rural (% of rural population)",EG.ELC.ACCS.RU.ZS,100
Virgin Islands (U.S.),VIR,2015,"Access to electricity, rural (% of rural population)",EG.ELC.ACCS.RU.ZS,100
Virgin Islands (U.S.),VIR,2014,"Access to electricity, rural (% of rural population)",EG.ELC.ACCS.RU.ZS,100
Virgin Islands (U.S.),VIR,2013,"Access to electricity, rural (% of rural population)",EG.ELC.ACCS.RU.ZS,100
Virgin Islands (U.S.),VIR,2012,"Access to electricity, rural (% of rural population)",EG.ELC.ACCS.RU.ZS,100
Virgin Islands (U.S.),VIR,2011,"Access to electricity, rural (% of rural population)",EG.ELC.ACCS.RU.ZS,100
Virgin Islands (U.S.),VIR,2010,"Access to electricity, rural (% of rural population)",EG.ELC.ACCS.RU.ZS,100
Virgin Islands (U.S.),VIR,2009,"Access to electricity, rural (% of rural population)",EG.ELC.ACCS.RU.ZS,100
Virgin Islands (U.S.),VIR,2008,"Access to electricity, rural (% of rural population)",EG.ELC.ACCS.RU.ZS,100
Virgin Islands (U.S.),VIR,2007,"Access to electricity, rural (% of rural population)",EG.ELC.ACCS.RU.ZS,100
Virgin Islands (U.S.),VIR,2006,"Access to electricity, rural (% of rural population)",EG.ELC.ACCS.RU.ZS,100
Virgin Islands (U.S.),VIR,2005,"Access to electricity, rural (% of rural population)",EG.ELC.ACCS.RU.ZS,100
Virgin Islands (U.S.),VIR,2004,"Access to electricity, rural (% of rural population)",EG.ELC.ACCS.RU.ZS,100
Virgin Islands (U.S.),VIR,2003,"Access to electricity, rural (% of rural population)",EG.ELC.ACCS.RU.ZS,100
Virgin Islands (U.S.),VIR,2002,"Access to electricity, rural (% of rural population)",EG.ELC.ACCS.RU.ZS,100
Virgin Islands (U.S.),VIR,2001,"Access to electricity, rural (% of rural population)",EG.ELC.ACCS.RU.ZS,100
Virgin Islands (U.S.),VIR,2000,"Access to electricity, rural (% of rural population)",EG.ELC.ACCS.RU.ZS,100
Virgin Islands (U.S.),VIR,1999,"Access to electricity, rural (% of rural population)",EG.ELC.ACCS.RU.ZS,100
Virgin Islands (U.S.),VIR,1998,"Access to electricity, rural (% of rural population)",EG.ELC.ACCS.RU.ZS,100
Virgin Islands (U.S.),VIR,1997,"Access to electricity, rural (% of rural population)",EG.ELC.ACCS.RU.ZS,100
Virgin Islands (U.S.),VIR,1996,"Access to electricity, rural (% of rural population)",EG.ELC.ACCS.RU.ZS,100
Virgin Islands (U.S.),VIR,1995,"Access to electricity, rural (% of rural population)",EG.ELC.ACCS.RU.ZS,100
Virgin Islands (U.S.),VIR,1994,"Access to electricity, rural (% of rural population)",EG.ELC.ACCS.RU.ZS,100
Virgin Islands (U.S.),VIR,1993,"Access to electricity, rural (% of rural population)",EG.ELC.ACCS.RU.ZS,100
Virgin Islands (U.S.),VIR,1992,"Access to electricity, rural (% of rural population)",EG.ELC.ACCS.RU.ZS,100
Virgin Islands (U.S.),VIR,1991,"Access to electricity, rural (% of rural population)",EG.ELC.ACCS.RU.ZS,100
Virgin Islands (U.S.),VIR,1990,"Access to electricity, rural (% of rural population)",EG.ELC.ACCS.RU.ZS,100
Virgin Islands (U.S.),VIR,2017,"Access to electricity, urban (% of urban population)",EG.ELC.ACCS.UR.ZS,100
Virgin Islands (U.S.),VIR,2016,"Access to electricity, urban (% of urban population)",EG.ELC.ACCS.UR.ZS,100
Virgin Islands (U.S.),VIR,2015,"Access to electricity, urban (% of urban population)",EG.ELC.ACCS.UR.ZS,100
Virgin Islands (U.S.),VIR,2014,"Access to electricity, urban (% of urban population)",EG.ELC.ACCS.UR.ZS,100
Virgin Islands (U.S.),VIR,2013,"Access to electricity, urban (% of urban population)",EG.ELC.ACCS.UR.ZS,100
Virgin Islands (U.S.),VIR,2012,"Access to electricity, urban (% of urban population)",EG.ELC.ACCS.UR.ZS,100
Virgin Islands (U.S.),VIR,2011,"Access to electricity, urban (% of urban population)",EG.ELC.ACCS.UR.ZS,100
Virgin Islands (U.S.),VIR,2010,"Access to electricity, urban (% of urban population)",EG.ELC.ACCS.UR.ZS,100
Virgin Islands (U.S.),VIR,2009,"Access to electricity, urban (% of urban population)",EG.ELC.ACCS.UR.ZS,100
Virgin Islands (U.S.),VIR,2008,"Access to electricity, urban (% of urban population)",EG.ELC.ACCS.UR.ZS,100
Virgin Islands (U.S.),VIR,2007,"Access to electricity, urban (% of urban population)",EG.ELC.ACCS.UR.ZS,100
Virgin Islands (U.S.),VIR,2006,"Access to electricity, urban (% of urban population)",EG.ELC.ACCS.UR.ZS,100
Virgin Islands (U.S.),VIR,2005,"Access to electricity, urban (% of urban population)",EG.ELC.ACCS.UR.ZS,100
Virgin Islands (U.S.),VIR,2004,"Access to electricity, urban (% of urban population)",EG.ELC.ACCS.UR.ZS,100
Virgin Islands (U.S.),VIR,2003,"Access to electricity, urban (% of urban population)",EG.ELC.ACCS.UR.ZS,100
Virgin Islands (U.S.),VIR,2002,"Access to electricity, urban (% of urban population)",EG.ELC.ACCS.UR.ZS,100
Virgin Islands (U.S.),VIR,2001,"Access to electricity, urban (% of urban population)",EG.ELC.ACCS.UR.ZS,100
Virgin Islands (U.S.),VIR,2000,"Access to electricity, urban (% of urban population)",EG.ELC.ACCS.UR.ZS,100
Virgin Islands (U.S.),VIR,1999,"Access to electricity, urban (% of urban population)",EG.ELC.ACCS.UR.ZS,100
Virgin Islands (U.S.),VIR,1998,"Access to electricity, urban (% of urban population)",EG.ELC.ACCS.UR.ZS,100
Virgin Islands (U.S.),VIR,1997,"Access to electricity, urban (% of urban population)",EG.ELC.ACCS.UR.ZS,100
Virgin Islands (U.S.),VIR,1996,"Access to electricity, urban (% of urban population)",EG.ELC.ACCS.UR.ZS,100
Virgin Islands (U.S.),VIR,1995,"Access to electricity, urban (% of urban population)",EG.ELC.ACCS.UR.ZS,100
Virgin Islands (U.S.),VIR,1994,"Access to electricity, urban (% of urban population)",EG.ELC.ACCS.UR.ZS,100
Virgin Islands (U.S.),VIR,1993,"Access to electricity, urban (% of urban population)",EG.ELC.ACCS.UR.ZS,100
Virgin Islands (U.S.),VIR,1992,"Access to electricity, urban (% of urban population)",EG.ELC.ACCS.UR.ZS,100
Virgin Islands (U.S.),VIR,1991,"Access to electricity, urban (% of urban population)",EG.ELC.ACCS.UR.ZS,100
Virgin Islands (U.S.),VIR,1990,"Access to electricity, urban (% of urban population)",EG.ELC.ACCS.UR.ZS,100
Virgin Islands (U.S.),VIR,2017,Access to electricity (% of population),EG.ELC.ACCS.ZS,100
Virgin Islands (U.S.),VIR,2016,Access to electricity (% of population),EG.ELC.ACCS.ZS,100
Virgin Islands (U.S.),VIR,2015,Access to electricity (% of population),EG.ELC.ACCS.ZS,100
Virgin Islands (U.S.),VIR,2014,Access to electricity (% of population),EG.ELC.ACCS.ZS,100
Virgin Islands (U.S.),VIR,2013,Access to electricity (% of population),EG.ELC.ACCS.ZS,100
Virgin Islands (U.S.),VIR,2012,Access to electricity (% of population),EG.ELC.ACCS.ZS,100
Virgin Islands (U.S.),VIR,2011,Access to electricity (% of population),EG.ELC.ACCS.ZS,100
Virgin Islands (U.S.),VIR,2010,Access to electricity (% of population),EG.ELC.ACCS.ZS,100
Virgin Islands (U.S.),VIR,2009,Access to electricity (% of population),EG.ELC.ACCS.ZS,100
Virgin Islands (U.S.),VIR,2008,Access to electricity (% of population),EG.ELC.ACCS.ZS,100
Virgin Islands (U.S.),VIR,2007,Access to electricity (% of population),EG.ELC.ACCS.ZS,100
Virgin Islands (U.S.),VIR,2006,Access to electricity (% of population),EG.ELC.ACCS.ZS,100
Virgin Islands (U.S.),VIR,2005,Access to electricity (% of population),EG.ELC.ACCS.ZS,100
Virgin Islands (U.S.),VIR,2004,Access to electricity (% of population),EG.ELC.ACCS.ZS,100
Virgin Islands (U.S.),VIR,2003,Access to electricity (% of population),EG.ELC.ACCS.ZS,100
Virgin Islands (U.S.),VIR,2002,Access to electricity (% of population),EG.ELC.ACCS.ZS,100
Virgin Islands (U.S.),VIR,2001,Access to electricity (% of population),EG.ELC.ACCS.ZS,100
Virgin Islands (U.S.),VIR,2000,Access to electricity (% of population),EG.ELC.ACCS.ZS,100
Virgin Islands (U.S.),VIR,1999,Access to electricity (% of population),EG.ELC.ACCS.ZS,100
Virgin Islands (U.S.),VIR,1998,Access to electricity (% of population),EG.ELC.ACCS.ZS,100
Virgin Islands (U.S.),VIR,1997,Access to electricity (% of population),EG.ELC.ACCS.ZS,100
Virgin Islands (U.S.),VIR,1996,Access to electricity (% of population),EG.ELC.ACCS.ZS,100
Virgin Islands (U.S.),VIR,1995,Access to electricity (% of population),EG.ELC.ACCS.ZS,100
Virgin Islands (U.S.),VIR,1994,Access to electricity (% of population),EG.ELC.ACCS.ZS,100
Virgin Islands (U.S.),VIR,1993,Access to electricity (% of population),EG.ELC.ACCS.ZS,100
Virgin Islands (U.S.),VIR,1992,Access to electricity (% of population),EG.ELC.ACCS.ZS,100
Virgin Islands (U.S.),VIR,1991,Access to electricity (% of population),EG.ELC.ACCS.ZS,100
Virgin Islands (U.S.),VIR,1990,Access to electricity (% of population),EG.ELC.ACCS.ZS,100
Virgin Islands (U.S.),VIR,2015,Renewable electricity output (% of total electricity output),EG.ELC.RNEW.ZS,3.8775254109675
Virgin Islands (U.S.),VIR,2014,Renewable electricity output (% of total electricity output),EG.ELC.RNEW.ZS,2.75500234732849
Virgin Islands (U.S.),VIR,2013,Renewable electricity output (% of total electricity output),EG.ELC.RNEW.ZS,1.65019906268405
Virgin Islands (U.S.),VIR,2012,Renewable electricity output (% of total electricity output),EG.ELC.RNEW.ZS,0.971550609305404
Virgin Islands (U.S.),VIR,2011,Renewable electricity output (% of total electricity output),EG.ELC.RNEW.ZS,0.341455794736528
Virgin Islands (U.S.),VIR,2010,Renewable electricity output (% of total electricity output),EG.ELC.RNEW.ZS,0
Virgin Islands (U.S.),VIR,2009,Renewable electricity output (% of total electricity output),EG.ELC.RNEW.ZS,0
Virgin Islands (U.S.),VIR,2008,Renewable electricity output (% of total electricity output),EG.ELC.RNEW.ZS,0
Virgin Islands (U.S.),VIR,2007,Renewable electricity output (% of total electricity output),EG.ELC.RNEW.ZS,0
Virgin Islands (U.S.),VIR,2006,Renewable electricity output (% of total electricity output),EG.ELC.RNEW.ZS,0
Virgin Islands (U.S.),VIR,2005,Renewable electricity output (% of total electricity output),EG.ELC.RNEW.ZS,0
Virgin Islands (U.S.),VIR,2004,Renewable electricity output (% of total electricity output),EG.ELC.RNEW.ZS,0
Virgin Islands (U.S.),VIR,2003,Renewable electricity output (% of total electricity output),EG.ELC.RNEW.ZS,0
Virgin Islands (U.S.),VIR,2002,Renewable electricity output (% of total electricity output),EG.ELC.RNEW.ZS,0
Virgin Islands (U.S.),VIR,2001,Renewable electricity output (% of total electricity output),EG.ELC.RNEW.ZS,0
Virgin Islands (U.S.),VIR,2000,Renewable electricity output (% of total electricity output),EG.ELC.RNEW.ZS,0
Virgin Islands (U.S.),VIR,1999,Renewable electricity output (% of total electricity output),EG.ELC.RNEW.ZS,0
Virgin Islands (U.S.),VIR,1998,Renewable electricity output (% of total electricity output),EG.ELC.RNEW.ZS,0
Virgin Islands (U.S.),VIR,1997,Renewable electricity output (% of total electricity output),EG.ELC.RNEW.ZS,0
Virgin Islands (U.S.),VIR,1996,Renewable electricity output (% of total electricity output),EG.ELC.RNEW.ZS,0
Virgin Islands (U.S.),VIR,1995,Renewable electricity output (% of total electricity output),EG.ELC.RNEW.ZS,0
Virgin Islands (U.S.),VIR,1994,Renewable electricity output (% of total electricity output),EG.ELC.RNEW.ZS,0
Virgin Islands (U.S.),VIR,1993,Renewable electricity output (% of total electricity output),EG.ELC.RNEW.ZS,0
Virgin Islands (U.S.),VIR,1992,Renewable electricity output (% of total electricity output),EG.ELC.RNEW.ZS,0
Virgin Islands (U.S.),VIR,1991,Renewable electricity output (% of total electricity output),EG.ELC.RNEW.ZS,0
Virgin Islands (U.S.),VIR,1990,Renewable electricity output (% of total electricity output),EG.ELC.RNEW.ZS,0
Virgin Islands (U.S.),VIR,2015,Renewable energy consumption (% of total final energy consumption),EG.FEC.RNEW.ZS,3.87752521400119
Virgin Islands (U.S.),VIR,2014,Renewable energy consumption (% of total final energy consumption),EG.FEC.RNEW.ZS,2.75500250810063
Virgin Islands (U.S.),VIR,2013,Renewable energy consumption (% of total final energy consumption),EG.FEC.RNEW.ZS,1.65019894332279
Virgin Islands (U.S.),VIR,2012,Renewable energy consumption (% of total final energy consumption),EG.FEC.RNEW.ZS,0.971550723836888
Virgin Islands (U.S.),VIR,2011,Renewable energy consumption (% of total final energy consumption),EG.FEC.RNEW.ZS,0.341455802686325
Virgin Islands (U.S.),VIR,2010,Renewable energy consumption (% of total final energy consumption),EG.FEC.RNEW.ZS,0
Virgin Islands (U.S.),VIR,2009,Renewable energy consumption (% of total final energy consumption),EG.FEC.RNEW.ZS,0
Virgin Islands (U.S.),VIR,2008,Renewable energy consumption (% of total final energy consumption),EG.FEC.RNEW.ZS,0
Virgin Islands (U.S.),VIR,2007,Renewable energy consumption (% of total final energy consumption),EG.FEC.RNEW.ZS,0
Virgin Islands (U.S.),VIR,2006,Renewable energy consumption (% of total final energy consumption),EG.FEC.RNEW.ZS,0
Virgin Islands (U.S.),VIR,2005,Renewable energy consumption (% of total final energy consumption),EG.FEC.RNEW.ZS,0
Virgin Islands (U.S.),VIR,2004,Renewable energy consumption (% of total final energy consumption),EG.FEC.RNEW.ZS,0
Virgin Islands (U.S.),VIR,2003,Renewable energy consumption (% of total final energy consumption),EG.FEC.RNEW.ZS,0
Virgin Islands (U.S.),VIR,2002,Renewable energy consumption (% of total final energy consumption),EG.FEC.RNEW.ZS,0
Virgin Islands (U.S.),VIR,2001,Renewable energy consumption (% of total final energy consumption),EG.FEC.RNEW.ZS,0
Virgin Islands (U.S.),VIR,2000,Renewable energy consumption (% of total final energy consumption),EG.FEC.RNEW.ZS,0
Virgin Islands (U.S.),VIR,1999,Renewable energy consumption (% of total final energy consumption),EG.FEC.RNEW.ZS,0
Virgin Islands (U.S.),VIR,1998,Renewable energy consumption (% of total final energy consumption),EG.FEC.RNEW.ZS,0
Virgin Islands (U.S.),VIR,1997,Renewable energy consumption (% of total final energy consumption),EG.FEC.RNEW.ZS,0
Virgin Islands (U.S.),VIR,1996,Renewable energy consumption (% of total final energy consumption),EG.FEC.RNEW.ZS,0
Virgin Islands (U.S.),VIR,1995,Renewable energy consumption (% of total final energy consumption),EG.FEC.RNEW.ZS,0
Virgin Islands (U.S.),VIR,1994,Renewable energy consumption (% of total final energy consumption),EG.FEC.RNEW.ZS,0
Virgin Islands (U.S.),VIR,1993,Renewable energy consumption (% of total final energy consumption),EG.FEC.RNEW.ZS,0
Virgin Islands (U.S.),VIR,1992,Renewable energy consumption (% of total final energy consumption),EG.FEC.RNEW.ZS,0
Virgin Islands (U.S.),VIR,1991,Renewable energy consumption (% of total final energy consumption),EG.FEC.RNEW.ZS,0
Virgin Islands (U.S.),VIR,1990,Renewable energy consumption (% of total final energy consumption),EG.FEC.RNEW.ZS,0
Virgin Islands (U.S.),VIR,2008,Methane emissions in energy sector (thousand metric tons of CO2 equivalent),EN.ATM.METH.EG.KT.CE,0
Virgin Islands (U.S.),VIR,2007,Methane emissions in energy sector (thousand metric tons of CO2 equivalent),EN.ATM.METH.EG.KT.CE,0
Virgin Islands (U.S.),VIR,2006,Methane emissions in energy sector (thousand metric tons of CO2 equivalent),EN.ATM.METH.EG.KT.CE,0
Virgin Islands (U.S.),VIR,2005,Methane emissions in energy sector (thousand metric tons of CO2 equivalent),EN.ATM.METH.EG.KT.CE,0
Virgin Islands (U.S.),VIR,2004,Methane emissions in energy sector (thousand metric tons of CO2 equivalent),EN.ATM.METH.EG.KT.CE,0
Virgin Islands (U.S.),VIR,2003,Methane emissions in energy sector (thousand metric tons of CO2 equivalent),EN.ATM.METH.EG.KT.CE,0
Virgin Islands (U.S.),VIR,2002,Methane emissions in energy sector (thousand metric tons of CO2 equivalent),EN.ATM.METH.EG.KT.CE,0
Virgin Islands (U.S.),VIR,2001,Methane emissions in energy sector (thousand metric tons of CO2 equivalent),EN.ATM.METH.EG.KT.CE,0
Virgin Islands (U.S.),VIR,2000,Methane emissions in energy sector (thousand metric tons of CO2 equivalent),EN.ATM.METH.EG.KT.CE,0
Virgin Islands (U.S.),VIR,1999,Methane emissions in energy sector (thousand metric tons of CO2 equivalent),EN.ATM.METH.EG.KT.CE,0
Virgin Islands (U.S.),VIR,1998,Methane emissions in energy sector (thousand metric tons of CO2 equivalent),EN.ATM.METH.EG.KT.CE,0
Virgin Islands (U.S.),VIR,1997,Methane emissions in energy sector (thousand metric tons of CO2 equivalent),EN.ATM.METH.EG.KT.CE,0
Virgin Islands (U.S.),VIR,1996,Methane emissions in energy sector (thousand metric tons of CO2 equivalent),EN.ATM.METH.EG.KT.CE,0
Virgin Islands (U.S.),VIR,1995,Methane emissions in energy sector (thousand metric tons of CO2 equivalent),EN.ATM.METH.EG.KT.CE,0
Virgin Islands (U.S.),VIR,1994,Methane emissions in energy sector (thousand metric tons of CO2 equivalent),EN.ATM.METH.EG.KT.CE,0
Virgin Islands (U.S.),VIR,1993,Methane emissions in energy sector (thousand metric tons of CO2 equivalent),EN.ATM.METH.EG.KT.CE,0
Virgin Islands (U.S.),VIR,1992,Methane emissions in energy sector (thousand metric tons of CO2 equivalent),EN.ATM.METH.EG.KT.CE,0
Virgin Islands (U.S.),VIR,1991,Methane emissions in energy sector (thousand metric tons of CO2 equivalent),EN.ATM.METH.EG.KT.CE,0
Virgin Islands (U.S.),VIR,1990,Methane emissions in energy sector (thousand metric tons of CO2 equivalent),EN.ATM.METH.EG.KT.CE,0
Virgin Islands (U.S.),VIR,1989,Methane emissions in energy sector (thousand metric tons of CO2 equivalent),EN.ATM.METH.EG.KT.CE,0
Virgin Islands (U.S.),VIR,1988,Methane emissions in energy sector (thousand metric tons of CO2 equivalent),EN.ATM.METH.EG.KT.CE,0
Virgin Islands (U.S.),VIR,1987,Methane emissions in energy sector (thousand metric tons of CO2 equivalent),EN.ATM.METH.EG.KT.CE,0
Virgin Islands (U.S.),VIR,1986,Methane emissions in energy sector (thousand metric tons of CO2 equivalent),EN.ATM.METH.EG.KT.CE,0
Virgin Islands (U.S.),VIR,1985,Methane emissions in energy sector (thousand metric tons of CO2 equivalent),EN.ATM.METH.EG.KT.CE,0
Virgin Islands (U.S.),VIR,1984,Methane emissions in energy sector (thousand metric tons of CO2 equivalent),EN.ATM.METH.EG.KT.CE,0
Virgin Islands (U.S.),VIR,1983,Methane emissions in energy sector (thousand metric tons of CO2 equivalent),EN.ATM.METH.EG.KT.CE,0
Virgin Islands (U.S.),VIR,1982,Methane emissions in energy sector (thousand metric tons of CO2 equivalent),EN.ATM.METH.EG.KT.CE,0
Virgin Islands (U.S.),VIR,1981,Methane emissions in energy sector (thousand metric tons of CO2 equivalent),EN.ATM.METH.EG.KT.CE,0
Virgin Islands (U.S.),VIR,1980,Methane emissions in energy sector (thousand metric tons of CO2 equivalent),EN.ATM.METH.EG.KT.CE,0
Virgin Islands (U.S.),VIR,1979,Methane emissions in energy sector (thousand metric tons of CO2 equivalent),EN.ATM.METH.EG.KT.CE,0
Virgin Islands (U.S.),VIR,1978,Methane emissions in energy sector (thousand metric tons of CO2 equivalent),EN.ATM.METH.EG.KT.CE,0
Virgin Islands (U.S.),VIR,1977,Methane emissions in energy sector (thousand metric tons of CO2 equivalent),EN.ATM.METH.EG.KT.CE,0
Virgin Islands (U.S.),VIR,1976,Methane emissions in energy sector (thousand metric tons of CO2 equivalent),EN.ATM.METH.EG.KT.CE,0
Virgin Islands (U.S.),VIR,1975,Methane emissions in energy sector (thousand metric tons of CO2 equivalent),EN.ATM.METH.EG.KT.CE,0
Virgin Islands (U.S.),VIR,1974,Methane emissions in energy sector (thousand metric tons of CO2 equivalent),EN.ATM.METH.EG.KT.CE,0
Virgin Islands (U.S.),VIR,1973,Methane emissions in energy sector (thousand metric tons of CO2 equivalent),EN.ATM.METH.EG.KT.CE,0
Virgin Islands (U.S.),VIR,1972,Methane emissions in energy sector (thousand metric tons of CO2 equivalent),EN.ATM.METH.EG.KT.CE,0
Virgin Islands (U.S.),VIR,1971,Methane emissions in energy sector (thousand metric tons of CO2 equivalent),EN.ATM.METH.EG.KT.CE,0
Virgin Islands (U.S.),VIR,1970,Methane emissions in energy sector (thousand metric tons of CO2 equivalent),EN.ATM.METH.EG.KT.CE,0
Virgin Islands (U.S.),VIR,1969,Methane emissions in energy sector (thousand metric tons of CO2 equivalent),EN.ATM.METH.EG.KT.CE,0
Virgin Islands (U.S.),VIR,2008,Energy related methane emissions (% of total),EN.ATM.METH.EG.ZS,0
Virgin Islands (U.S.),VIR,2007,Energy related methane emissions (% of total),EN.ATM.METH.EG.ZS,0
Virgin Islands (U.S.),VIR,2006,Energy related methane emissions (% of total),EN.ATM.METH.EG.ZS,0
Virgin Islands (U.S.),VIR,2005,Energy related methane emissions (% of total),EN.ATM.METH.EG.ZS,0
Virgin Islands (U.S.),VIR,2004,Energy related methane emissions (% of total),EN.ATM.METH.EG.ZS,0
Virgin Islands (U.S.),VIR,2003,Energy related methane emissions (% of total),EN.ATM.METH.EG.ZS,0
Virgin Islands (U.S.),VIR,2002,Energy related methane emissions (% of total),EN.ATM.METH.EG.ZS,0
Virgin Islands (U.S.),VIR,2001,Energy related methane emissions (% of total),EN.ATM.METH.EG.ZS,0
Virgin Islands (U.S.),VIR,2000,Energy related methane emissions (% of total),EN.ATM.METH.EG.ZS,0
Virgin Islands (U.S.),VIR,1999,Energy related methane emissions (% of total),EN.ATM.METH.EG.ZS,0
Virgin Islands (U.S.),VIR,1998,Energy related methane emissions (% of total),EN.ATM.METH.EG.ZS,0
Virgin Islands (U.S.),VIR,1997,Energy related methane emissions (% of total),EN.ATM.METH.EG.ZS,0
Virgin Islands (U.S.),VIR,1996,Energy related methane emissions (% of total),EN.ATM.METH.EG.ZS,0
Virgin Islands (U.S.),VIR,1995,Energy related methane emissions (% of total),EN.ATM.METH.EG.ZS,0
Virgin Islands (U.S.),VIR,1994,Energy related methane emissions (% of total),EN.ATM.METH.EG.ZS,0
Virgin Islands (U.S.),VIR,1993,Energy related methane emissions (% of total),EN.ATM.METH.EG.ZS,0
Virgin Islands (U.S.),VIR,1992,Energy related methane emissions (% of total),EN.ATM.METH.EG.ZS,0
Virgin Islands (U.S.),VIR,1991,Energy related methane emissions (% of total),EN.ATM.METH.EG.ZS,0
Virgin Islands (U.S.),VIR,1990,Energy related methane emissions (% of total),EN.ATM.METH.EG.ZS,0
Virgin Islands (U.S.),VIR,1989,Energy related methane emissions (% of total),EN.ATM.METH.EG.ZS,0
Virgin Islands (U.S.),VIR,1988,Energy related methane emissions (% of total),EN.ATM.METH.EG.ZS,0
Virgin Islands (U.S.),VIR,1987,Energy related methane emissions (% of total),EN.ATM.METH.EG.ZS,0
Virgin Islands (U.S.),VIR,1986,Energy related methane emissions (% of total),EN.ATM.METH.EG.ZS,0
Virgin Islands (U.S.),VIR,1985,Energy related methane emissions (% of total),EN.ATM.METH.EG.ZS,0
Virgin Islands (U.S.),VIR,1984,Energy related methane emissions (% of total),EN.ATM.METH.EG.ZS,0
Virgin Islands (U.S.),VIR,1983,Energy related methane emissions (% of total),EN.ATM.METH.EG.ZS,0
Virgin Islands (U.S.),VIR,1982,Energy related methane emissions (% of total),EN.ATM.METH.EG.ZS,0
Virgin Islands (U.S.),VIR,1981,Energy related methane emissions (% of total),EN.ATM.METH.EG.ZS,0
Virgin Islands (U.S.),VIR,1980,Energy related methane emissions (% of total),EN.ATM.METH.EG.ZS,0
Virgin Islands (U.S.),VIR,1979,Energy related methane emissions (% of total),EN.ATM.METH.EG.ZS,0
Virgin Islands (U.S.),VIR,1978,Energy related methane emissions (% of total),EN.ATM.METH.EG.ZS,0
Virgin Islands (U.S.),VIR,1977,Energy related methane emissions (% of total),EN.ATM.METH.EG.ZS,0
Virgin Islands (U.S.),VIR,1976,Energy related methane emissions (% of total),EN.ATM.METH.EG.ZS,0
Virgin Islands (U.S.),VIR,1975,Energy related methane emissions (% of total),EN.ATM.METH.EG.ZS,0
Virgin Islands (U.S.),VIR,1974,Energy related methane emissions (% of total),EN.ATM.METH.EG.ZS,0
Virgin Islands (U.S.),VIR,1973,Energy related methane emissions (% of total),EN.ATM.METH.EG.ZS,0
Virgin Islands (U.S.),VIR,1972,Energy related methane emissions (% of total),EN.ATM.METH.EG.ZS,0
Virgin Islands (U.S.),VIR,1971,Energy related methane emissions (% of total),EN.ATM.METH.EG.ZS,0
Virgin Islands (U.S.),VIR,1970,Energy related methane emissions (% of total),EN.ATM.METH.EG.ZS,0
Virgin Islands (U.S.),VIR,2008,Nitrous oxide emissions in energy sector (thousand metric tons of CO2 equivalent),EN.ATM.NOXE.EG.KT.CE,0
Virgin Islands (U.S.),VIR,2007,Nitrous oxide emissions in energy sector (thousand metric tons of CO2 equivalent),EN.ATM.NOXE.EG.KT.CE,0
Virgin Islands (U.S.),VIR,2006,Nitrous oxide emissions in energy sector (thousand metric tons of CO2 equivalent),EN.ATM.NOXE.EG.KT.CE,0
Virgin Islands (U.S.),VIR,2005,Nitrous oxide emissions in energy sector (thousand metric tons of CO2 equivalent),EN.ATM.NOXE.EG.KT.CE,0
Virgin Islands (U.S.),VIR,2004,Nitrous oxide emissions in energy sector (thousand metric tons of CO2 equivalent),EN.ATM.NOXE.EG.KT.CE,0
Virgin Islands (U.S.),VIR,2003,Nitrous oxide emissions in energy sector (thousand metric tons of CO2 equivalent),EN.ATM.NOXE.EG.KT.CE,0
Virgin Islands (U.S.),VIR,2002,Nitrous oxide emissions in energy sector (thousand metric tons of CO2 equivalent),EN.ATM.NOXE.EG.KT.CE,0
Virgin Islands (U.S.),VIR,2001,Nitrous oxide emissions in energy sector (thousand metric tons of CO2 equivalent),EN.ATM.NOXE.EG.KT.CE,0
Virgin Islands (U.S.),VIR,2000,Nitrous oxide emissions in energy sector (thousand metric tons of CO2 equivalent),EN.ATM.NOXE.EG.KT.CE,0
Virgin Islands (U.S.),VIR,1999,Nitrous oxide emissions in energy sector (thousand metric tons of CO2 equivalent),EN.ATM.NOXE.EG.KT.CE,0
Virgin Islands (U.S.),VIR,1998,Nitrous oxide emissions in energy sector (thousand metric tons of CO2 equivalent),EN.ATM.NOXE.EG.KT.CE,0
Virgin Islands (U.S.),VIR,1997,Nitrous oxide emissions in energy sector (thousand metric tons of CO2 equivalent),EN.ATM.NOXE.EG.KT.CE,0
Virgin Islands (U.S.),VIR,1996,Nitrous oxide emissions in energy sector (thousand metric tons of CO2 equivalent),EN.ATM.NOXE.EG.KT.CE,0
Virgin Islands (U.S.),VIR,1995,Nitrous oxide emissions in energy sector (thousand metric tons of CO2 equivalent),EN.ATM.NOXE.EG.KT.CE,0
Virgin Islands (U.S.),VIR,1994,Nitrous oxide emissions in energy sector (thousand metric tons of CO2 equivalent),EN.ATM.NOXE.EG.KT.CE,0
Virgin Islands (U.S.),VIR,1993,Nitrous oxide emissions in energy sector (thousand metric tons of CO2 equivalent),EN.ATM.NOXE.EG.KT.CE,0
Virgin Islands (U.S.),VIR,1992,Nitrous oxide emissions in energy sector (thousand metric tons of CO2 equivalent),EN.ATM.NOXE.EG.KT.CE,0
Virgin Islands (U.S.),VIR,1991,Nitrous oxide emissions in energy sector (thousand metric tons of CO2 equivalent),EN.ATM.NOXE.EG.KT.CE,0
Virgin Islands (U.S.),VIR,1990,Nitrous oxide emissions in energy sector (thousand metric tons of CO2 equivalent),EN.ATM.NOXE.EG.KT.CE,0
Virgin Islands (U.S.),VIR,1989,Nitrous oxide emissions in energy sector (thousand metric tons of CO2 equivalent),EN.ATM.NOXE.EG.KT.CE,0
Virgin Islands (U.S.),VIR,1988,Nitrous oxide emissions in energy sector (thousand metric tons of CO2 equivalent),EN.ATM.NOXE.EG.KT.CE,0
Virgin Islands (U.S.),VIR,1987,Nitrous oxide emissions in energy sector (thousand metric tons of CO2 equivalent),EN.ATM.NOXE.EG.KT.CE,0
Virgin Islands (U.S.),VIR,1986,Nitrous oxide emissions in energy sector (thousand metric tons of CO2 equivalent),EN.ATM.NOXE.EG.KT.CE,0
Virgin Islands (U.S.),VIR,1985,Nitrous oxide emissions in energy sector (thousand metric tons of CO2 equivalent),EN.ATM.NOXE.EG.KT.CE,0
Virgin Islands (U.S.),VIR,1984,Nitrous oxide emissions in energy sector (thousand metric tons of CO2 equivalent),EN.ATM.NOXE.EG.KT.CE,0
Virgin Islands (U.S.),VIR,1983,Nitrous oxide emissions in energy sector (thousand metric tons of CO2 equivalent),EN.ATM.NOXE.EG.KT.CE,0
Virgin Islands (U.S.),VIR,1982,Nitrous oxide emissions in energy sector (thousand metric tons of CO2 equivalent),EN.ATM.NOXE.EG.KT.CE,0
Virgin Islands (U.S.),VIR,1981,Nitrous oxide emissions in energy sector (thousand metric tons of CO2 equivalent),EN.ATM.NOXE.EG.KT.CE,0
Virgin Islands (U.S.),VIR,1980,Nitrous oxide emissions in energy sector (thousand metric tons of CO2 equivalent),EN.ATM.NOXE.EG.KT.CE,0
Virgin Islands (U.S.),VIR,1979,Nitrous oxide emissions in energy sector (thousand metric tons of CO2 equivalent),EN.ATM.NOXE.EG.KT.CE,0
Virgin Islands (U.S.),VIR,1978,Nitrous oxide emissions in energy sector (thousand metric tons of CO2 equivalent),EN.ATM.NOXE.EG.KT.CE,0
Virgin Islands (U.S.),VIR,1977,Nitrous oxide emissions in energy sector (thousand metric tons of CO2 equivalent),EN.ATM.NOXE.EG.KT.CE,0
Virgin Islands (U.S.),VIR,1976,Nitrous oxide emissions in energy sector (thousand metric tons of CO2 equivalent),EN.ATM.NOXE.EG.KT.CE,0
Virgin Islands (U.S.),VIR,1975,Nitrous oxide emissions in energy sector (thousand metric tons of CO2 equivalent),EN.ATM.NOXE.EG.KT.CE,0
Virgin Islands (U.S.),VIR,1974,Nitrous oxide emissions in energy sector (thousand metric tons of CO2 equivalent),EN.ATM.NOXE.EG.KT.CE,0
Virgin Islands (U.S.),VIR,1973,Nitrous oxide emissions in energy sector (thousand metric tons of CO2 equivalent),EN.ATM.NOXE.EG.KT.CE,0
Virgin Islands (U.S.),VIR,1972,Nitrous oxide emissions in energy sector (thousand metric tons of CO2 equivalent),EN.ATM.NOXE.EG.KT.CE,0
Virgin Islands (U.S.),VIR,1971,Nitrous oxide emissions in energy sector (thousand metric tons of CO2 equivalent),EN.ATM.NOXE.EG.KT.CE,0
Virgin Islands (U.S.),VIR,1970,Nitrous oxide emissions in energy sector (thousand metric tons of CO2 equivalent),EN.ATM.NOXE.EG.KT.CE,0
Virgin Islands (U.S.),VIR,1969,Nitrous oxide emissions in energy sector (thousand metric tons of CO2 equivalent),EN.ATM.NOXE.EG.KT.CE,0
Virgin Islands (U.S.),VIR,2008,Nitrous oxide emissions in energy sector (% of total),EN.ATM.NOXE.EG.ZS,0
Virgin Islands (U.S.),VIR,2007,Nitrous oxide emissions in energy sector (% of total),EN.ATM.NOXE.EG.ZS,0
Virgin Islands (U.S.),VIR,2006,Nitrous oxide emissions in energy sector (% of total),EN.ATM.NOXE.EG.ZS,0
Virgin Islands (U.S.),VIR,2005,Nitrous oxide emissions in energy sector (% of total),EN.ATM.NOXE.EG.ZS,0
Virgin Islands (U.S.),VIR,2004,Nitrous oxide emissions in energy sector (% of total),EN.ATM.NOXE.EG.ZS,0
Virgin Islands (U.S.),VIR,2003,Nitrous oxide emissions in energy sector (% of total),EN.ATM.NOXE.EG.ZS,0
Virgin Islands (U.S.),VIR,2002,Nitrous oxide emissions in energy sector (% of total),EN.ATM.NOXE.EG.ZS,0
Virgin Islands (U.S.),VIR,2001,Nitrous oxide emissions in energy sector (% of total),EN.ATM.NOXE.EG.ZS,0
Virgin Islands (U.S.),VIR,2000,Nitrous oxide emissions in energy sector (% of total),EN.ATM.NOXE.EG.ZS,0
Virgin Islands (U.S.),VIR,1999,Nitrous oxide emissions in energy sector (% of total),EN.ATM.NOXE.EG.ZS,0
Virgin Islands (U.S.),VIR,1998,Nitrous oxide emissions in energy sector (% of total),EN.ATM.NOXE.EG.ZS,0
Virgin Islands (U.S.),VIR,1997,Nitrous oxide emissions in energy sector (% of total),EN.ATM.NOXE.EG.ZS,0
Virgin Islands (U.S.),VIR,1996,Nitrous oxide emissions in energy sector (% of total),EN.ATM.NOXE.EG.ZS,0
Virgin Islands (U.S.),VIR,1995,Nitrous oxide emissions in energy sector (% of total),EN.ATM.NOXE.EG.ZS,0
Virgin Islands (U.S.),VIR,1994,Nitrous oxide emissions in energy sector (% of total),EN.ATM.NOXE.EG.ZS,0
Virgin Islands (U.S.),VIR,1993,Nitrous oxide emissions in energy sector (% of total),EN.ATM.NOXE.EG.ZS,0
Virgin Islands (U.S.),VIR,1992,Nitrous oxide emissions in energy sector (% of total),EN.ATM.NOXE.EG.ZS,0
Virgin Islands (U.S.),VIR,1991,Nitrous oxide emissions in energy sector (% of total),EN.ATM.NOXE.EG.ZS,0
Virgin Islands (U.S.),VIR,1990,Nitrous oxide emissions in energy sector (% of total),EN.ATM.NOXE.EG.ZS,0
Virgin Islands (U.S.),VIR,1989,Nitrous oxide emissions in energy sector (% of total),EN.ATM.NOXE.EG.ZS,0
Virgin Islands (U.S.),VIR,1988,Nitrous oxide emissions in energy sector (% of total),EN.ATM.NOXE.EG.ZS,0
Virgin Islands (U.S.),VIR,1987,Nitrous oxide emissions in energy sector (% of total),EN.ATM.NOXE.EG.ZS,0
Virgin Islands (U.S.),VIR,1986,Nitrous oxide emissions in energy sector (% of total),EN.ATM.NOXE.EG.ZS,0
Virgin Islands (U.S.),VIR,1985,Nitrous oxide emissions in energy sector (% of total),EN.ATM.NOXE.EG.ZS,0
Virgin Islands (U.S.),VIR,1984,Nitrous oxide emissions in energy sector (% of total),EN.ATM.NOXE.EG.ZS,0
Virgin Islands (U.S.),VIR,1983,Nitrous oxide emissions in energy sector (% of total),EN.ATM.NOXE.EG.ZS,0
Virgin Islands (U.S.),VIR,1982,Nitrous oxide emissions in energy sector (% of total),EN.ATM.NOXE.EG.ZS,0
Virgin Islands (U.S.),VIR,1981,Nitrous oxide emissions in energy sector (% of total),EN.ATM.NOXE.EG.ZS,0
Virgin Islands (U.S.),VIR,1980,Nitrous oxide emissions in energy sector (% of total),EN.ATM.NOXE.EG.ZS,0
Virgin Islands (U.S.),VIR,1979,Nitrous oxide emissions in energy sector (% of total),EN.ATM.NOXE.EG.ZS,0
Virgin Islands (U.S.),VIR,1978,Nitrous oxide emissions in energy sector (% of total),EN.ATM.NOXE.EG.ZS,0
Virgin Islands (U.S.),VIR,1977,Nitrous oxide emissions in energy sector (% of total),EN.ATM.NOXE.EG.ZS,0
Virgin Islands (U.S.),VIR,1976,Nitrous oxide emissions in energy sector (% of total),EN.ATM.NOXE.EG.ZS,0
Virgin Islands (U.S.),VIR,1975,Nitrous oxide emissions in energy sector (% of total),EN.ATM.NOXE.EG.ZS,0
Virgin Islands (U.S.),VIR,1974,Nitrous oxide emissions in energy sector (% of total),EN.ATM.NOXE.EG.ZS,0
Virgin Islands (U.S.),VIR,1973,Nitrous oxide emissions in energy sector (% of total),EN.ATM.NOXE.EG.ZS,0
Virgin Islands (U.S.),VIR,1972,Nitrous oxide emissions in energy sector (% of total),EN.ATM.NOXE.EG.ZS,0
Virgin Islands (U.S.),VIR,1971,Nitrous oxide emissions in energy sector (% of total),EN.ATM.NOXE.EG.ZS,0
Virgin Islands (U.S.),VIR,1970,Nitrous oxide emissions in energy sector (% of total),EN.ATM.NOXE.EG.ZS,0
Virgin Islands (U.S.),VIR,2017,Adjusted savings: mineral depletion (current US$),NY.ADJ.DMIN.CD,0
Virgin Islands (U.S.),VIR,2016,Adjusted savings: mineral depletion (current US$),NY.ADJ.DMIN.CD,0
Virgin Islands (U.S.),VIR,2015,Adjusted savings: mineral depletion (current US$),NY.ADJ.DMIN.CD,0
Virgin Islands (U.S.),VIR,2014,Adjusted savings: mineral depletion (current US$),NY.ADJ.DMIN.CD,0
Virgin Islands (U.S.),VIR,2013,Adjusted savings: mineral depletion (current US$),NY.ADJ.DMIN.CD,0
Virgin Islands (U.S.),VIR,2012,Adjusted savings: mineral depletion (current US$),NY.ADJ.DMIN.CD,0
Virgin Islands (U.S.),VIR,2011,Adjusted savings: mineral depletion (current US$),NY.ADJ.DMIN.CD,0
Virgin Islands (U.S.),VIR,2010,Adjusted savings: mineral depletion (current US$),NY.ADJ.DMIN.CD,0
Virgin Islands (U.S.),VIR,2009,Adjusted savings: mineral depletion (current US$),NY.ADJ.DMIN.CD,0
Virgin Islands (U.S.),VIR,2008,Adjusted savings: mineral depletion (current US$),NY.ADJ.DMIN.CD,0
Virgin Islands (U.S.),VIR,2007,Adjusted savings: mineral depletion (current US$),NY.ADJ.DMIN.CD,0
Virgin Islands (U.S.),VIR,2006,Adjusted savings: mineral depletion (current US$),NY.ADJ.DMIN.CD,0
Virgin Islands (U.S.),VIR,2005,Adjusted savings: mineral depletion (current US$),NY.ADJ.DMIN.CD,0
Virgin Islands (U.S.),VIR,2004,Adjusted savings: mineral depletion (current US$),NY.ADJ.DMIN.CD,0
Virgin Islands (U.S.),VIR,2003,Adjusted savings: mineral depletion (current US$),NY.ADJ.DMIN.CD,0
Virgin Islands (U.S.),VIR,2002,Adjusted savings: mineral depletion (current US$),NY.ADJ.DMIN.CD,0
Virgin Islands (U.S.),VIR,2001,Adjusted savings: mineral depletion (current US$),NY.ADJ.DMIN.CD,0
Virgin Islands (U.S.),VIR,2000,Adjusted savings: mineral depletion (current US$),NY.ADJ.DMIN.CD,0
Virgin Islands (U.S.),VIR,1999,Adjusted savings: mineral depletion (current US$),NY.ADJ.DMIN.CD,0
Virgin Islands (U.S.),VIR,1998,Adjusted savings: mineral depletion (current US$),NY.ADJ.DMIN.CD,0
Virgin Islands (U.S.),VIR,1997,Adjusted savings: mineral depletion (current US$),NY.ADJ.DMIN.CD,0
Virgin Islands (U.S.),VIR,1996,Adjusted savings: mineral depletion (current US$),NY.ADJ.DMIN.CD,0
Virgin Islands (U.S.),VIR,1995,Adjusted savings: mineral depletion (current US$),NY.ADJ.DMIN.CD,0
Virgin Islands (U.S.),VIR,1994,Adjusted savings: mineral depletion (current US$),NY.ADJ.DMIN.CD,0
Virgin Islands (U.S.),VIR,1993,Adjusted savings: mineral depletion (current US$),NY.ADJ.DMIN.CD,0
Virgin Islands (U.S.),VIR,1992,Adjusted savings: mineral depletion (current US$),NY.ADJ.DMIN.CD,0
Virgin Islands (U.S.),VIR,1991,Adjusted savings: mineral depletion (current US$),NY.ADJ.DMIN.CD,0
Virgin Islands (U.S.),VIR,1990,Adjusted savings: mineral depletion (current US$),NY.ADJ.DMIN.CD,0
Virgin Islands (U.S.),VIR,1989,Adjusted savings: mineral depletion (current US$),NY.ADJ.DMIN.CD,0
Virgin Islands (U.S.),VIR,1988,Adjusted savings: mineral depletion (current US$),NY.ADJ.DMIN.CD,0
Virgin Islands (U.S.),VIR,1987,Adjusted savings: mineral depletion (current US$),NY.ADJ.DMIN.CD,0
Virgin Islands (U.S.),VIR,1986,Adjusted savings: mineral depletion (current US$),NY.ADJ.DMIN.CD,0
Virgin Islands (U.S.),VIR,1985,Adjusted savings: mineral depletion (current US$),NY.ADJ.DMIN.CD,0
Virgin Islands (U.S.),VIR,1984,Adjusted savings: mineral depletion (current US$),NY.ADJ.DMIN.CD,0
Virgin Islands (U.S.),VIR,1983,Adjusted savings: mineral depletion (current US$),NY.ADJ.DMIN.CD,0
Virgin Islands (U.S.),VIR,1982,Adjusted savings: mineral depletion (current US$),NY.ADJ.DMIN.CD,0
Virgin Islands (U.S.),VIR,1981,Adjusted savings: mineral depletion (current US$),NY.ADJ.DMIN.CD,0
Virgin Islands (U.S.),VIR,1980,Adjusted savings: mineral depletion (current US$),NY.ADJ.DMIN.CD,0
Virgin Islands (U.S.),VIR,1979,Adjusted savings: mineral depletion (current US$),NY.ADJ.DMIN.CD,0
Virgin Islands (U.S.),VIR,1978,Adjusted savings: mineral depletion (current US$),NY.ADJ.DMIN.CD,0
Virgin Islands (U.S.),VIR,1977,Adjusted savings: mineral depletion (current US$),NY.ADJ.DMIN.CD,0
Virgin Islands (U.S.),VIR,1976,Adjusted savings: mineral depletion (current US$),NY.ADJ.DMIN.CD,0
Virgin Islands (U.S.),VIR,1975,Adjusted savings: mineral depletion (current US$),NY.ADJ.DMIN.CD,0
Virgin Islands (U.S.),VIR,1974,Adjusted savings: mineral depletion (current US$),NY.ADJ.DMIN.CD,0
Virgin Islands (U.S.),VIR,1973,Adjusted savings: mineral depletion (current US$),NY.ADJ.DMIN.CD,0
Virgin Islands (U.S.),VIR,1972,Adjusted savings: mineral depletion (current US$),NY.ADJ.DMIN.CD,0
Virgin Islands (U.S.),VIR,1971,Adjusted savings: mineral depletion (current US$),NY.ADJ.DMIN.CD,0
Virgin Islands (U.S.),VIR,1970,Adjusted savings: mineral depletion (current US$),NY.ADJ.DMIN.CD,0
Virgin Islands (U.S.),VIR,1989,Adjusted savings: mineral depletion (% of GNI),NY.ADJ.DMIN.GN.ZS,0
Virgin Islands (U.S.),VIR,1988,Adjusted savings: mineral depletion (% of GNI),NY.ADJ.DMIN.GN.ZS,0
Virgin Islands (U.S.),VIR,1987,Adjusted savings: mineral depletion (% of GNI),NY.ADJ.DMIN.GN.ZS,0
Virgin Islands (U.S.),VIR,1986,Adjusted savings: mineral depletion (% of GNI),NY.ADJ.DMIN.GN.ZS,0
Virgin Islands (U.S.),VIR,1985,Adjusted savings: mineral depletion (% of GNI),NY.ADJ.DMIN.GN.ZS,0
Virgin Islands (U.S.),VIR,1984,Adjusted savings: mineral depletion (% of GNI),NY.ADJ.DMIN.GN.ZS,0
Virgin Islands (U.S.),VIR,1983,Adjusted savings: mineral depletion (% of GNI),NY.ADJ.DMIN.GN.ZS,0
Virgin Islands (U.S.),VIR,1982,Adjusted savings: mineral depletion (% of GNI),NY.ADJ.DMIN.GN.ZS,0
Virgin Islands (U.S.),VIR,1981,Adjusted savings: mineral depletion (% of GNI),NY.ADJ.DMIN.GN.ZS,0
Virgin Islands (U.S.),VIR,1980,Adjusted savings: mineral depletion (% of GNI),NY.ADJ.DMIN.GN.ZS,0
Virgin Islands (U.S.),VIR,1979,Adjusted savings: mineral depletion (% of GNI),NY.ADJ.DMIN.GN.ZS,0
Virgin Islands (U.S.),VIR,1978,Adjusted savings: mineral depletion (% of GNI),NY.ADJ.DMIN.GN.ZS,0
Virgin Islands (U.S.),VIR,1977,Adjusted savings: mineral depletion (% of GNI),NY.ADJ.DMIN.GN.ZS,0
Virgin Islands (U.S.),VIR,1976,Adjusted savings: mineral depletion (% of GNI),NY.ADJ.DMIN.GN.ZS,0
Virgin Islands (U.S.),VIR,1975,Adjusted savings: mineral depletion (% of GNI),NY.ADJ.DMIN.GN.ZS,0
Virgin Islands (U.S.),VIR,1974,Adjusted savings: mineral depletion (% of GNI),NY.ADJ.DMIN.GN.ZS,0
Virgin Islands (U.S.),VIR,1973,Adjusted savings: mineral depletion (% of GNI),NY.ADJ.DMIN.GN.ZS,0
Virgin Islands (U.S.),VIR,1972,Adjusted savings: mineral depletion (% of GNI),NY.ADJ.DMIN.GN.ZS,0
Virgin Islands (U.S.),VIR,1971,Adjusted savings: mineral depletion (% of GNI),NY.ADJ.DMIN.GN.ZS,0
Virgin Islands (U.S.),VIR,1970,Adjusted savings: mineral depletion (% of GNI),NY.ADJ.DMIN.GN.ZS,0
Virgin Islands (U.S.),VIR,2017,Adjusted savings: energy depletion (current US$),NY.ADJ.DNGY.CD,0
Virgin Islands (U.S.),VIR,2016,Adjusted savings: energy depletion (current US$),NY.ADJ.DNGY.CD,0
Virgin Islands (U.S.),VIR,2015,Adjusted savings: energy depletion (current US$),NY.ADJ.DNGY.CD,0
Virgin Islands (U.S.),VIR,2014,Adjusted savings: energy depletion (current US$),NY.ADJ.DNGY.CD,0
Virgin Islands (U.S.),VIR,2013,Adjusted savings: energy depletion (current US$),NY.ADJ.DNGY.CD,0
Virgin Islands (U.S.),VIR,2012,Adjusted savings: energy depletion (current US$),NY.ADJ.DNGY.CD,0
Virgin Islands (U.S.),VIR,2011,Adjusted savings: energy depletion (current US$),NY.ADJ.DNGY.CD,0
Virgin Islands (U.S.),VIR,2010,Adjusted savings: energy depletion (current US$),NY.ADJ.DNGY.CD,0
Virgin Islands (U.S.),VIR,2009,Adjusted savings: energy depletion (current US$),NY.ADJ.DNGY.CD,0
Virgin Islands (U.S.),VIR,2008,Adjusted savings: energy depletion (current US$),NY.ADJ.DNGY.CD,0
Virgin Islands (U.S.),VIR,2007,Adjusted savings: energy depletion (current US$),NY.ADJ.DNGY.CD,0
Virgin Islands (U.S.),VIR,2006,Adjusted savings: energy depletion (current US$),NY.ADJ.DNGY.CD,0
Virgin Islands (U.S.),VIR,2005,Adjusted savings: energy depletion (current US$),NY.ADJ.DNGY.CD,0
Virgin Islands (U.S.),VIR,2004,Adjusted savings: energy depletion (current US$),NY.ADJ.DNGY.CD,0
Virgin Islands (U.S.),VIR,2003,Adjusted savings: energy depletion (current US$),NY.ADJ.DNGY.CD,0
Virgin Islands (U.S.),VIR,2002,Adjusted savings: energy depletion (current US$),NY.ADJ.DNGY.CD,0
Virgin Islands (U.S.),VIR,2001,Adjusted savings: energy depletion (current US$),NY.ADJ.DNGY.CD,0
Virgin Islands (U.S.),VIR,2000,Adjusted savings: energy depletion (current US$),NY.ADJ.DNGY.CD,0
Virgin Islands (U.S.),VIR,1999,Adjusted savings: energy depletion (current US$),NY.ADJ.DNGY.CD,0
Virgin Islands (U.S.),VIR,1998,Adjusted savings: energy depletion (current US$),NY.ADJ.DNGY.CD,0
Virgin Islands (U.S.),VIR,1997,Adjusted savings: energy depletion (current US$),NY.ADJ.DNGY.CD,0
Virgin Islands (U.S.),VIR,1996,Adjusted savings: energy depletion (current US$),NY.ADJ.DNGY.CD,0
Virgin Islands (U.S.),VIR,1995,Adjusted savings: energy depletion (current US$),NY.ADJ.DNGY.CD,0
Virgin Islands (U.S.),VIR,1994,Adjusted savings: energy depletion (current US$),NY.ADJ.DNGY.CD,0
Virgin Islands (U.S.),VIR,1993,Adjusted savings: energy depletion (current US$),NY.ADJ.DNGY.CD,0
Virgin Islands (U.S.),VIR,1992,Adjusted savings: energy depletion (current US$),NY.ADJ.DNGY.CD,0
Virgin Islands (U.S.),VIR,1991,Adjusted savings: energy depletion (current US$),NY.ADJ.DNGY.CD,0
Virgin Islands (U.S.),VIR,1990,Adjusted savings: energy depletion (current US$),NY.ADJ.DNGY.CD,0
Virgin Islands (U.S.),VIR,1989,Adjusted savings: energy depletion (current US$),NY.ADJ.DNGY.CD,0
Virgin Islands (U.S.),VIR,1988,Adjusted savings: energy depletion (current US$),NY.ADJ.DNGY.CD,0
Virgin Islands (U.S.),VIR,1987,Adjusted savings: energy depletion (current US$),NY.ADJ.DNGY.CD,0
Virgin Islands (U.S.),VIR,1986,Adjusted savings: energy depletion (current US$),NY.ADJ.DNGY.CD,0
Virgin Islands (U.S.),VIR,1985,Adjusted savings: energy depletion (current US$),NY.ADJ.DNGY.CD,0
Virgin Islands (U.S.),VIR,1984,Adjusted savings: energy depletion (current US$),NY.ADJ.DNGY.CD,0
Virgin Islands (U.S.),VIR,1983,Adjusted savings: energy depletion (current US$),NY.ADJ.DNGY.CD,0
Virgin Islands (U.S.),VIR,1982,Adjusted savings: energy depletion (current US$),NY.ADJ.DNGY.CD,0
Virgin Islands (U.S.),VIR,1981,Adjusted savings: energy depletion (current US$),NY.ADJ.DNGY.CD,0
Virgin Islands (U.S.),VIR,1980,Adjusted savings: energy depletion (current US$),NY.ADJ.DNGY.CD,0
Virgin Islands (U.S.),VIR,1989,Adjusted savings: energy depletion (% of GNI),NY.ADJ.DNGY.GN.ZS,0
Virgin Islands (U.S.),VIR,1988,Adjusted savings: energy depletion (% of GNI),NY.ADJ.DNGY.GN.ZS,0
Virgin Islands (U.S.),VIR,1987,Adjusted savings: energy depletion (% of GNI),NY.ADJ.DNGY.GN.ZS,0
Virgin Islands (U.S.),VIR,1986,Adjusted savings: energy depletion (% of GNI),NY.ADJ.DNGY.GN.ZS,0
Virgin Islands (U.S.),VIR,1985,Adjusted savings: energy depletion (% of GNI),NY.ADJ.DNGY.GN.ZS,0
Virgin Islands (U.S.),VIR,1984,Adjusted savings: energy depletion (% of GNI),NY.ADJ.DNGY.GN.ZS,0
Virgin Islands (U.S.),VIR,1983,Adjusted savings: energy depletion (% of GNI),NY.ADJ.DNGY.GN.ZS,0
Virgin Islands (U.S.),VIR,1982,Adjusted savings: energy depletion (% of GNI),NY.ADJ.DNGY.GN.ZS,0
Virgin Islands (U.S.),VIR,1981,Adjusted savings: energy depletion (% of GNI),NY.ADJ.DNGY.GN.ZS,0
Virgin Islands (U.S.),VIR,1980,Adjusted savings: energy depletion (% of GNI),NY.ADJ.DNGY.GN.ZS,0
Virgin Islands (U.S.),VIR,2015,Mineral rents (% of GDP),NY.GDP.MINR.RT.ZS,0
Virgin Islands (U.S.),VIR,2014,Mineral rents (% of GDP),NY.GDP.MINR.RT.ZS,0
Virgin Islands (U.S.),VIR,2013,Mineral rents (% of GDP),NY.GDP.MINR.RT.ZS,0
Virgin Islands (U.S.),VIR,2012,Mineral rents (% of GDP),NY.GDP.MINR.RT.ZS,0
Virgin Islands (U.S.),VIR,2011,Mineral rents (% of GDP),NY.GDP.MINR.RT.ZS,0
Virgin Islands (U.S.),VIR,2010,Mineral rents (% of GDP),NY.GDP.MINR.RT.ZS,0
Virgin Islands (U.S.),VIR,2009,Mineral rents (% of GDP),NY.GDP.MINR.RT.ZS,0
Virgin Islands (U.S.),VIR,2008,Mineral rents (% of GDP),NY.GDP.MINR.RT.ZS,0
Virgin Islands (U.S.),VIR,2007,Mineral rents (% of GDP),NY.GDP.MINR.RT.ZS,0
Virgin Islands (U.S.),VIR,2006,Mineral rents (% of GDP),NY.GDP.MINR.RT.ZS,0
Virgin Islands (U.S.),VIR,2005,Mineral rents (% of GDP),NY.GDP.MINR.RT.ZS,0
Virgin Islands (U.S.),VIR,2004,Mineral rents (% of GDP),NY.GDP.MINR.RT.ZS,0
Virgin Islands (U.S.),VIR,2003,Mineral rents (% of GDP),NY.GDP.MINR.RT.ZS,0
Virgin Islands (U.S.),VIR,2002,Mineral rents (% of GDP),NY.GDP.MINR.RT.ZS,0
Virgin Islands (U.S.),VIR,1993,Mineral rents (% of GDP),NY.GDP.MINR.RT.ZS,0
Virgin Islands (U.S.),VIR,1992,Mineral rents (% of GDP),NY.GDP.MINR.RT.ZS,0
Virgin Islands (U.S.),VIR,1991,Mineral rents (% of GDP),NY.GDP.MINR.RT.ZS,0
Virgin Islands (U.S.),VIR,1990,Mineral rents (% of GDP),NY.GDP.MINR.RT.ZS,0
Virgin Islands (U.S.),VIR,1989,Mineral rents (% of GDP),NY.GDP.MINR.RT.ZS,0
Virgin Islands (U.S.),VIR,1988,Mineral rents (% of GDP),NY.GDP.MINR.RT.ZS,0
Virgin Islands (U.S.),VIR,1987,Mineral rents (% of GDP),NY.GDP.MINR.RT.ZS,0
Virgin Islands (U.S.),VIR,1986,Mineral rents (% of GDP),NY.GDP.MINR.RT.ZS,0
Virgin Islands (U.S.),VIR,1985,Mineral rents (% of GDP),NY.GDP.MINR.RT.ZS,0
Virgin Islands (U.S.),VIR,1984,Mineral rents (% of GDP),NY.GDP.MINR.RT.ZS,0
Virgin Islands (U.S.),VIR,1983,Mineral rents (% of GDP),NY.GDP.MINR.RT.ZS,0
Virgin Islands (U.S.),VIR,1982,Mineral rents (% of GDP),NY.GDP.MINR.RT.ZS,0
Virgin Islands (U.S.),VIR,1981,Mineral rents (% of GDP),NY.GDP.MINR.RT.ZS,0
Virgin Islands (U.S.),VIR,1980,Mineral rents (% of GDP),NY.GDP.MINR.RT.ZS,0
Virgin Islands (U.S.),VIR,1979,Mineral rents (% of GDP),NY.GDP.MINR.RT.ZS,0
Virgin Islands (U.S.),VIR,1978,Mineral rents (% of GDP),NY.GDP.MINR.RT.ZS,0
Virgin Islands (U.S.),VIR,1977,Mineral rents (% of GDP),NY.GDP.MINR.RT.ZS,0
Virgin Islands (U.S.),VIR,1976,Mineral rents (% of GDP),NY.GDP.MINR.RT.ZS,0
Virgin Islands (U.S.),VIR,1975,Mineral rents (% of GDP),NY.GDP.MINR.RT.ZS,0
Virgin Islands (U.S.),VIR,1974,Mineral rents (% of GDP),NY.GDP.MINR.RT.ZS,0
Virgin Islands (U.S.),VIR,1973,Mineral rents (% of GDP),NY.GDP.MINR.RT.ZS,0
Virgin Islands (U.S.),VIR,1972,Mineral rents (% of GDP),NY.GDP.MINR.RT.ZS,0
Virgin Islands (U.S.),VIR,1971,Mineral rents (% of GDP),NY.GDP.MINR.RT.ZS,0
Virgin Islands (U.S.),VIR,1970,Mineral rents (% of GDP),NY.GDP.MINR.RT.ZS,0
Virgin Islands (U.S.),VIR,2015,Natural gas rents (% of GDP),NY.GDP.NGAS.RT.ZS,0
Virgin Islands (U.S.),VIR,2014,Natural gas rents (% of GDP),NY.GDP.NGAS.RT.ZS,0
Virgin Islands (U.S.),VIR,2013,Natural gas rents (% of GDP),NY.GDP.NGAS.RT.ZS,0
Virgin Islands (U.S.),VIR,2012,Natural gas rents (% of GDP),NY.GDP.NGAS.RT.ZS,0
Virgin Islands (U.S.),VIR,2011,Natural gas rents (% of GDP),NY.GDP.NGAS.RT.ZS,0
Virgin Islands (U.S.),VIR,2010,Natural gas rents (% of GDP),NY.GDP.NGAS.RT.ZS,0
Virgin Islands (U.S.),VIR,2009,Natural gas rents (% of GDP),NY.GDP.NGAS.RT.ZS,0
Virgin Islands (U.S.),VIR,2008,Natural gas rents (% of GDP),NY.GDP.NGAS.RT.ZS,0
Virgin Islands (U.S.),VIR,2007,Natural gas rents (% of GDP),NY.GDP.NGAS.RT.ZS,0
Virgin Islands (U.S.),VIR,2006,Natural gas rents (% of GDP),NY.GDP.NGAS.RT.ZS,0
Virgin Islands (U.S.),VIR,2005,Natural gas rents (% of GDP),NY.GDP.NGAS.RT.ZS,0
Virgin Islands (U.S.),VIR,2004,Natural gas rents (% of GDP),NY.GDP.NGAS.RT.ZS,0
Virgin Islands (U.S.),VIR,2003,Natural gas rents (% of GDP),NY.GDP.NGAS.RT.ZS,0
Virgin Islands (U.S.),VIR,2002,Natural gas rents (% of GDP),NY.GDP.NGAS.RT.ZS,0
Virgin Islands (U.S.),VIR,1993,Natural gas rents (% of GDP),NY.GDP.NGAS.RT.ZS,0
Virgin Islands (U.S.),VIR,1992,Natural gas rents (% of GDP),NY.GDP.NGAS.RT.ZS,0
Virgin Islands (U.S.),VIR,1991,Natural gas rents (% of GDP),NY.GDP.NGAS.RT.ZS,0
Virgin Islands (U.S.),VIR,1990,Natural gas rents (% of GDP),NY.GDP.NGAS.RT.ZS,0
Virgin Islands (U.S.),VIR,1989,Natural gas rents (% of GDP),NY.GDP.NGAS.RT.ZS,0
Virgin Islands (U.S.),VIR,1988,Natural gas rents (% of GDP),NY.GDP.NGAS.RT.ZS,0
Virgin Islands (U.S.),VIR,1987,Natural gas rents (% of GDP),NY.GDP.NGAS.RT.ZS,0
Virgin Islands (U.S.),VIR,1986,Natural gas rents (% of GDP),NY.GDP.NGAS.RT.ZS,0
Virgin Islands (U.S.),VIR,1985,Natural gas rents (% of GDP),NY.GDP.NGAS.RT.ZS,0
Virgin Islands (U.S.),VIR,1984,Natural gas rents (% of GDP),NY.GDP.NGAS.RT.ZS,0
Virgin Islands (U.S.),VIR,1983,Natural gas rents (% of GDP),NY.GDP.NGAS.RT.ZS,0
Virgin Islands (U.S.),VIR,1982,Natural gas rents (% of GDP),NY.GDP.NGAS.RT.ZS,0
Virgin Islands (U.S.),VIR,1981,Natural gas rents (% of GDP),NY.GDP.NGAS.RT.ZS,0
Virgin Islands (U.S.),VIR,1980,Natural gas rents (% of GDP),NY.GDP.NGAS.RT.ZS,0
Virgin Islands (U.S.),VIR,2015,Oil rents (% of GDP),NY.GDP.PETR.RT.ZS,0
Virgin Islands (U.S.),VIR,2014,Oil rents (% of GDP),NY.GDP.PETR.RT.ZS,0
Virgin Islands (U.S.),VIR,2013,Oil rents (% of GDP),NY.GDP.PETR.RT.ZS,0
Virgin Islands (U.S.),VIR,2012,Oil rents (% of GDP),NY.GDP.PETR.RT.ZS,0
Virgin Islands (U.S.),VIR,2011,Oil rents (% of GDP),NY.GDP.PETR.RT.ZS,0
Virgin Islands (U.S.),VIR,2010,Oil rents (% of GDP),NY.GDP.PETR.RT.ZS,0
Virgin Islands (U.S.),VIR,2009,Oil rents (% of GDP),NY.GDP.PETR.RT.ZS,0
Virgin Islands (U.S.),VIR,2008,Oil rents (% of GDP),NY.GDP.PETR.RT.ZS,0
Virgin Islands (U.S.),VIR,2007,Oil rents (% of GDP),NY.GDP.PETR.RT.ZS,0
Virgin Islands (U.S.),VIR,2006,Oil rents (% of GDP),NY.GDP.PETR.RT.ZS,0
Virgin Islands (U.S.),VIR,2005,Oil rents (% of GDP),NY.GDP.PETR.RT.ZS,0
Virgin Islands (U.S.),VIR,2004,Oil rents (% of GDP),NY.GDP.PETR.RT.ZS,0
Virgin Islands (U.S.),VIR,2003,Oil rents (% of GDP),NY.GDP.PETR.RT.ZS,0
Virgin Islands (U.S.),VIR,2002,Oil rents (% of GDP),NY.GDP.PETR.RT.ZS,0
Virgin Islands (U.S.),VIR,1993,Oil rents (% of GDP),NY.GDP.PETR.RT.ZS,0
Virgin Islands (U.S.),VIR,1992,Oil rents (% of GDP),NY.GDP.PETR.RT.ZS,0
Virgin Islands (U.S.),VIR,1991,Oil rents (% of GDP),NY.GDP.PETR.RT.ZS,0
Virgin Islands (U.S.),VIR,1990,Oil rents (% of GDP),NY.GDP.PETR.RT.ZS,0
Virgin Islands (U.S.),VIR,1989,Oil rents (% of GDP),NY.GDP.PETR.RT.ZS,0
Virgin Islands (U.S.),VIR,1988,Oil rents (% of GDP),NY.GDP.PETR.RT.ZS,0
Virgin Islands (U.S.),VIR,1987,Oil rents (% of GDP),NY.GDP.PETR.RT.ZS,0
Virgin Islands (U.S.),VIR,1986,Oil rents (% of GDP),NY.GDP.PETR.RT.ZS,0
Virgin Islands (U.S.),VIR,1985,Oil rents (% of GDP),NY.GDP.PETR.RT.ZS,0
Virgin Islands (U.S.),VIR,1984,Oil rents (% of GDP),NY.GDP.PETR.RT.ZS,0
Virgin Islands (U.S.),VIR,1983,Oil rents (% of GDP),NY.GDP.PETR.RT.ZS,0
Virgin Islands (U.S.),VIR,1982,Oil rents (% of GDP),NY.GDP.PETR.RT.ZS,0
Virgin Islands (U.S.),VIR,1981,Oil rents (% of GDP),NY.GDP.PETR.RT.ZS,0
Virgin Islands (U.S.),VIR,1980,Oil rents (% of GDP),NY.GDP.PETR.RT.ZS,0
Virgin Islands (U.S.),VIR,2015,Total natural resources rents (% of GDP),NY.GDP.TOTL.RT.ZS,0
Virgin Islands (U.S.),VIR,2014,Total natural resources rents (% of GDP),NY.GDP.TOTL.RT.ZS,0
Virgin Islands (U.S.),VIR,2013,Total natural resources rents (% of GDP),NY.GDP.TOTL.RT.ZS,0
Virgin Islands (U.S.),VIR,2012,Total natural resources rents (% of GDP),NY.GDP.TOTL.RT.ZS,0
Virgin Islands (U.S.),VIR,2011,Total natural resources rents (% of GDP),NY.GDP.TOTL.RT.ZS,0
Virgin Islands (U.S.),VIR,2010,Total natural resources rents (% of GDP),NY.GDP.TOTL.RT.ZS,0
Virgin Islands (U.S.),VIR,2009,Total natural resources rents (% of GDP),NY.GDP.TOTL.RT.ZS,0
Virgin Islands (U.S.),VIR,2008,Total natural resources rents (% of GDP),NY.GDP.TOTL.RT.ZS,0
Virgin Islands (U.S.),VIR,2007,Total natural resources rents (% of GDP),NY.GDP.TOTL.RT.ZS,0
Virgin Islands (U.S.),VIR,2006,Total natural resources rents (% of GDP),NY.GDP.TOTL.RT.ZS,0
Virgin Islands (U.S.),VIR,2005,Total natural resources rents (% of GDP),NY.GDP.TOTL.RT.ZS,0
Virgin Islands (U.S.),VIR,2004,Total natural resources rents (% of GDP),NY.GDP.TOTL.RT.ZS,0
Virgin Islands (U.S.),VIR,2003,Total natural resources rents (% of GDP),NY.GDP.TOTL.RT.ZS,0
Virgin Islands (U.S.),VIR,2002,Total natural resources rents (% of GDP),NY.GDP.TOTL.RT.ZS,0
Virgin Islands (U.S.),VIR,1993,Total natural resources rents (% of GDP),NY.GDP.TOTL.RT.ZS,0
Virgin Islands (U.S.),VIR,1992,Total natural resources rents (% of GDP),NY.GDP.TOTL.RT.ZS,0
Virgin Islands (U.S.),VIR,1991,Total natural resources rents (% of GDP),NY.GDP.TOTL.RT.ZS,0
Virgin Islands (U.S.),VIR,1990,Total natural resources rents (% of GDP),NY.GDP.TOTL.RT.ZS,0
Virgin Islands (U.S.),VIR,1989,Total natural resources rents (% of GDP),NY.GDP.TOTL.RT.ZS,0
Virgin Islands (U.S.),VIR,1988,Total natural resources rents (% of GDP),NY.GDP.TOTL.RT.ZS,0
Virgin Islands (U.S.),VIR,1987,Total natural resources rents (% of GDP),NY.GDP.TOTL.RT.ZS,0
Virgin Islands (U.S.),VIR,1986,Total natural resources rents (% of GDP),NY.GDP.TOTL.RT.ZS,0
Virgin Islands (U.S.),VIR,1985,Total natural resources rents (% of GDP),NY.GDP.TOTL.RT.ZS,0
Virgin Islands (U.S.),VIR,1984,Total natural resources rents (% of GDP),NY.GDP.TOTL.RT.ZS,0
Virgin Islands (U.S.),VIR,1983,Total natural resources rents (% of GDP),NY.GDP.TOTL.RT.ZS,0
Virgin Islands (U.S.),VIR,1982,Total natural resources rents (% of GDP),NY.GDP.TOTL.RT.ZS,0
Virgin Islands (U.S.),VIR,1981,Total natural resources rents (% of GDP),NY.GDP.TOTL.RT.ZS,0
Virgin Islands (U.S.),VIR,1980,Total natural resources rents (% of GDP),NY.GDP.TOTL.RT.ZS,0
Virgin Islands (U.S.),VIR,1979,Total natural resources rents (% of GDP),NY.GDP.TOTL.RT.ZS,0
Virgin Islands (U.S.),VIR,1978,Total natural resources rents (% of GDP),NY.GDP.TOTL.RT.ZS,0
Virgin Islands (U.S.),VIR,1977,Total natural resources rents (% of GDP),NY.GDP.TOTL.RT.ZS,0
Virgin Islands (U.S.),VIR,1976,Total natural resources rents (% of GDP),NY.GDP.TOTL.RT.ZS,0
Virgin Islands (U.S.),VIR,1975,Total natural resources rents (% of GDP),NY.GDP.TOTL.RT.ZS,0
Virgin Islands (U.S.),VIR,1974,Total natural resources rents (% of GDP),NY.GDP.TOTL.RT.ZS,0
Virgin Islands (U.S.),VIR,1973,Total natural resources rents (% of GDP),NY.GDP.TOTL.RT.ZS,0
Virgin Islands (U.S.),VIR,1972,Total natural resources rents (% of GDP),NY.GDP.TOTL.RT.ZS,0
Virgin Islands (U.S.),VIR,1971,Total natural resources rents (% of GDP),NY.GDP.TOTL.RT.ZS,0
Virgin Islands (U.S.),VIR,1970,Total natural resources rents (% of GDP),NY.GDP.TOTL.RT.ZS,0
Virgin Islands (U.S.),VIR,1978,Fuel imports (% of merchandise imports),TM.VAL.FUEL.ZS.UN,58.5046134644929
Virgin Islands (U.S.),VIR,1977,Fuel imports (% of merchandise imports),TM.VAL.FUEL.ZS.UN,4.17996785159564
Virgin Islands (U.S.),VIR,1973,Fuel imports (% of merchandise imports),TM.VAL.FUEL.ZS.UN,63.1766534188748
Virgin Islands (U.S.),VIR,1972,Fuel imports (% of merchandise imports),TM.VAL.FUEL.ZS.UN,55.8325908621379
Virgin Islands (U.S.),VIR,1971,Fuel imports (% of merchandise imports),TM.VAL.FUEL.ZS.UN,54.7689569045202
Virgin Islands (U.S.),VIR,1970,Fuel imports (% of merchandise imports),TM.VAL.FUEL.ZS.UN,40.5536889866426
Virgin Islands (U.S.),VIR,1978,Ores and metals imports (% of merchandise imports),TM.VAL.MMTL.ZS.UN,0.371941127435102
Virgin Islands (U.S.),VIR,1977,Ores and metals imports (% of merchandise imports),TM.VAL.MMTL.ZS.UN,0.434795861543594
Virgin Islands (U.S.),VIR,1973,Ores and metals imports (% of merchandise imports),TM.VAL.MMTL.ZS.UN,0.834979978988381
Virgin Islands (U.S.),VIR,1972,Ores and metals imports (% of merchandise imports),TM.VAL.MMTL.ZS.UN,0.929505530181515
Virgin Islands (U.S.),VIR,1971,Ores and metals imports (% of merchandise imports),TM.VAL.MMTL.ZS.UN,1.10805050475111
Virgin Islands (U.S.),VIR,1970,Ores and metals imports (% of merchandise imports),TM.VAL.MMTL.ZS.UN,1.23928337245044
Virgin Islands (U.S.),VIR,1978,Fuel exports (% of merchandise exports),TX.VAL.FUEL.ZS.UN,91.2872806648802
Virgin Islands (U.S.),VIR,1977,Fuel exports (% of merchandise exports),TX.VAL.FUEL.ZS.UN,91.2153916191618
Virgin Islands (U.S.),VIR,1973,Fuel exports (% of merchandise exports),TX.VAL.FUEL.ZS.UN,78.7383025497302
Virgin Islands (U.S.),VIR,1972,Fuel exports (% of merchandise exports),TX.VAL.FUEL.ZS.UN,70.93550414281
Virgin Islands (U.S.),VIR,1971,Fuel exports (% of merchandise exports),TX.VAL.FUEL.ZS.UN,68.1547042171587
Virgin Islands (U.S.),VIR,1970,Fuel exports (% of merchandise exports),TX.VAL.FUEL.ZS.UN,64.7269618093544
Virgin Islands (U.S.),VIR,1978,Ores and metals exports (% of merchandise exports),TX.VAL.MMTL.ZS.UN,0.231698276540715
Virgin Islands (U.S.),VIR,1977,Ores and metals exports (% of merchandise exports),TX.VAL.MMTL.ZS.UN,0.246248485358593
Virgin Islands (U.S.),VIR,1973,Ores and metals exports (% of merchandise exports),TX.VAL.MMTL.ZS.UN,0.24266106681861
Virgin Islands (U.S.),VIR,1972,Ores and metals exports (% of merchandise exports),TX.VAL.MMTL.ZS.UN,0.090715471156343
Virgin Islands (U.S.),VIR,1971,Ores and metals exports (% of merchandise exports),TX.VAL.MMTL.ZS.UN,0.514753592025674
Virgin Islands (U.S.),VIR,1970,Ores and metals exports (% of merchandise exports),TX.VAL.MMTL.ZS.UN,0.0878345199992852
