Country Name,Country ISO3,Year,Indicator Name,Indicator Code,Value
#country+name,#country+code,#date+year,#indicator+name,#indicator+code,#indicator+value+num
Grenada,GRD,2015,Energy intensity level of primary energy (MJ/$2011 PPP GDP),EG.EGY.PRIM.PP.KD,2.97162883878338
Grenada,GRD,2014,Energy intensity level of primary energy (MJ/$2011 PPP GDP),EG.EGY.PRIM.PP.KD,2.95496483073741
Grenada,GRD,2013,Energy intensity level of primary energy (MJ/$2011 PPP GDP),EG.EGY.PRIM.PP.KD,3.84340094519863
Grenada,GRD,2012,Energy intensity level of primary energy (MJ/$2011 PPP GDP),EG.EGY.PRIM.PP.KD,3.49100273125875
Grenada,GRD,2011,Energy intensity level of primary energy (MJ/$2011 PPP GDP),EG.EGY.PRIM.PP.KD,3.24758889902973
Grenada,GRD,2010,Energy intensity level of primary energy (MJ/$2011 PPP GDP),EG.EGY.PRIM.PP.KD,3.39937592344631
Grenada,GRD,2009,Energy intensity level of primary energy (MJ/$2011 PPP GDP),EG.EGY.PRIM.PP.KD,3.25976926806941
Grenada,GRD,2008,Energy intensity level of primary energy (MJ/$2011 PPP GDP),EG.EGY.PRIM.PP.KD,3.03377715222172
Grenada,GRD,2007,Energy intensity level of primary energy (MJ/$2011 PPP GDP),EG.EGY.PRIM.PP.KD,2.94940319346889
Grenada,GRD,2006,Energy intensity level of primary energy (MJ/$2011 PPP GDP),EG.EGY.PRIM.PP.KD,2.95528185027039
Grenada,GRD,2005,Energy intensity level of primary energy (MJ/$2011 PPP GDP),EG.EGY.PRIM.PP.KD,2.74114167338663
Grenada,GRD,2004,Energy intensity level of primary energy (MJ/$2011 PPP GDP),EG.EGY.PRIM.PP.KD,2.94673882826291
Grenada,GRD,2003,Energy intensity level of primary energy (MJ/$2011 PPP GDP),EG.EGY.PRIM.PP.KD,3.01604987807066
Grenada,GRD,2002,Energy intensity level of primary energy (MJ/$2011 PPP GDP),EG.EGY.PRIM.PP.KD,3.11324004718565
Grenada,GRD,2001,Energy intensity level of primary energy (MJ/$2011 PPP GDP),EG.EGY.PRIM.PP.KD,3.08571510932134
Grenada,GRD,2000,Energy intensity level of primary energy (MJ/$2011 PPP GDP),EG.EGY.PRIM.PP.KD,2.9515750880366
Grenada,GRD,1999,Energy intensity level of primary energy (MJ/$2011 PPP GDP),EG.EGY.PRIM.PP.KD,3.03473383971399
Grenada,GRD,1998,Energy intensity level of primary energy (MJ/$2011 PPP GDP),EG.EGY.PRIM.PP.KD,3.08359454737337
Grenada,GRD,1997,Energy intensity level of primary energy (MJ/$2011 PPP GDP),EG.EGY.PRIM.PP.KD,3.11722036194451
Grenada,GRD,1996,Energy intensity level of primary energy (MJ/$2011 PPP GDP),EG.EGY.PRIM.PP.KD,2.94320323297261
Grenada,GRD,1995,Energy intensity level of primary energy (MJ/$2011 PPP GDP),EG.EGY.PRIM.PP.KD,2.99640263408483
Grenada,GRD,1994,Energy intensity level of primary energy (MJ/$2011 PPP GDP),EG.EGY.PRIM.PP.KD,2.87293896962889
Grenada,GRD,1993,Energy intensity level of primary energy (MJ/$2011 PPP GDP),EG.EGY.PRIM.PP.KD,2.57911291966195
Grenada,GRD,1992,Energy intensity level of primary energy (MJ/$2011 PPP GDP),EG.EGY.PRIM.PP.KD,2.37852841017331
Grenada,GRD,1991,Energy intensity level of primary energy (MJ/$2011 PPP GDP),EG.EGY.PRIM.PP.KD,2.25488874587107
Grenada,GRD,1990,Energy intensity level of primary energy (MJ/$2011 PPP GDP),EG.EGY.PRIM.PP.KD,2.24102893858784
Grenada,GRD,2017,"Access to electricity, rural (% of rural population)",EG.ELC.ACCS.RU.ZS,95.7690306008421
Grenada,GRD,2016,"Access to electricity, rural (% of rural population)",EG.ELC.ACCS.RU.ZS,94.4661635919948
Grenada,GRD,2015,"Access to electricity, rural (% of rural population)",EG.ELC.ACCS.RU.ZS,93.0976675616347
Grenada,GRD,2014,"Access to electricity, rural (% of rural population)",EG.ELC.ACCS.RU.ZS,91.7573237520464
Grenada,GRD,2013,"Access to electricity, rural (% of rural population)",EG.ELC.ACCS.RU.ZS,91.2032237241989
Grenada,GRD,2012,"Access to electricity, rural (% of rural population)",EG.ELC.ACCS.RU.ZS,90.6628815620742
Grenada,GRD,2011,"Access to electricity, rural (% of rural population)",EG.ELC.ACCS.RU.ZS,88.2861892026188
Grenada,GRD,2010,"Access to electricity, rural (% of rural population)",EG.ELC.ACCS.RU.ZS,89.6458278238653
Grenada,GRD,2009,"Access to electricity, rural (% of rural population)",EG.ELC.ACCS.RU.ZS,89.1977847363773
Grenada,GRD,2008,"Access to electricity, rural (% of rural population)",EG.ELC.ACCS.RU.ZS,90.643664798153
Grenada,GRD,2007,"Access to electricity, rural (% of rural population)",EG.ELC.ACCS.RU.ZS,88.4416282213156
Grenada,GRD,2006,"Access to electricity, rural (% of rural population)",EG.ELC.ACCS.RU.ZS,88.1243120304119
Grenada,GRD,2005,"Access to electricity, rural (% of rural population)",EG.ELC.ACCS.RU.ZS,87.8365806568607
Grenada,GRD,2004,"Access to electricity, rural (% of rural population)",EG.ELC.ACCS.RU.ZS,87.5496146332426
Grenada,GRD,2003,"Access to electricity, rural (% of rural population)",EG.ELC.ACCS.RU.ZS,87.2345516423141
Grenada,GRD,2002,"Access to electricity, rural (% of rural population)",EG.ELC.ACCS.RU.ZS,86.8817758810722
Grenada,GRD,2001,"Access to electricity, rural (% of rural population)",EG.ELC.ACCS.RU.ZS,86.4864335654394
Grenada,GRD,2000,"Access to electricity, rural (% of rural population)",EG.ELC.ACCS.RU.ZS,86.0468202607318
Grenada,GRD,1999,"Access to electricity, rural (% of rural population)",EG.ELC.ACCS.RU.ZS,85.5780758208676
Grenada,GRD,1998,"Access to electricity, rural (% of rural population)",EG.ELC.ACCS.RU.ZS,84.9429497728307
Grenada,GRD,2017,"Access to electricity, urban (% of urban population)",EG.ELC.ACCS.UR.ZS,92.8010101318359
Grenada,GRD,2016,"Access to electricity, urban (% of urban population)",EG.ELC.ACCS.UR.ZS,92.2310028076172
Grenada,GRD,2015,"Access to electricity, urban (% of urban population)",EG.ELC.ACCS.UR.ZS,91.6636962890625
Grenada,GRD,2014,"Access to electricity, urban (% of urban population)",EG.ELC.ACCS.UR.ZS,91.1126174926758
Grenada,GRD,2013,"Access to electricity, urban (% of urban population)",EG.ELC.ACCS.UR.ZS,90.593994140625
Grenada,GRD,2012,"Access to electricity, urban (% of urban population)",EG.ELC.ACCS.UR.ZS,90.1240615844727
Grenada,GRD,2011,"Access to electricity, urban (% of urban population)",EG.ELC.ACCS.UR.ZS,89.7190475463867
Grenada,GRD,2010,"Access to electricity, urban (% of urban population)",EG.ELC.ACCS.UR.ZS,89.3875350952148
Grenada,GRD,2009,"Access to electricity, urban (% of urban population)",EG.ELC.ACCS.UR.ZS,89.1075820922852
Grenada,GRD,2008,"Access to electricity, urban (% of urban population)",EG.ELC.ACCS.UR.ZS,88.8495788574219
Grenada,GRD,2007,"Access to electricity, urban (% of urban population)",EG.ELC.ACCS.UR.ZS,88.5839309692383
Grenada,GRD,2006,"Access to electricity, urban (% of urban population)",EG.ELC.ACCS.UR.ZS,88.2810516357422
Grenada,GRD,2005,"Access to electricity, urban (% of urban population)",EG.ELC.ACCS.UR.ZS,87.9199981689453
Grenada,GRD,2004,"Access to electricity, urban (% of urban population)",EG.ELC.ACCS.UR.ZS,87.5144424438477
Grenada,GRD,2003,"Access to electricity, urban (% of urban population)",EG.ELC.ACCS.UR.ZS,87.0867080688477
Grenada,GRD,2002,"Access to electricity, urban (% of urban population)",EG.ELC.ACCS.UR.ZS,86.6591339111328
Grenada,GRD,2001,"Access to electricity, urban (% of urban population)",EG.ELC.ACCS.UR.ZS,86.2540435791016
Grenada,GRD,2000,"Access to electricity, urban (% of urban population)",EG.ELC.ACCS.UR.ZS,85.8871536254883
Grenada,GRD,1999,"Access to electricity, urban (% of urban population)",EG.ELC.ACCS.UR.ZS,85.5477828979492
Grenada,GRD,1998,"Access to electricity, urban (% of urban population)",EG.ELC.ACCS.UR.ZS,85.2186279296875
Grenada,GRD,2017,Access to electricity (% of population),EG.ELC.ACCS.ZS,94.695671081543
Grenada,GRD,2016,Access to electricity (% of population),EG.ELC.ACCS.ZS,93.6599044799805
Grenada,GRD,2015,Access to electricity (% of population),EG.ELC.ACCS.ZS,92.5814819335938
Grenada,GRD,2014,Access to electricity (% of population),EG.ELC.ACCS.ZS,91.5256271362305
Grenada,GRD,2013,Access to electricity (% of population),EG.ELC.ACCS.ZS,90.9845352172852
Grenada,GRD,2012,Access to electricity (% of population),EG.ELC.ACCS.ZS,90.469612121582
Grenada,GRD,2011,Access to electricity (% of population),EG.ELC.ACCS.ZS,88.8
Grenada,GRD,2010,Access to electricity (% of population),EG.ELC.ACCS.ZS,89.5531921386719
Grenada,GRD,2009,Access to electricity (% of population),EG.ELC.ACCS.ZS,89.1654281616211
Grenada,GRD,2008,Access to electricity (% of population),EG.ELC.ACCS.ZS,90
Grenada,GRD,2007,Access to electricity (% of population),EG.ELC.ACCS.ZS,88.4926910400391
Grenada,GRD,2006,Access to electricity (% of population),EG.ELC.ACCS.ZS,88.1805648803711
Grenada,GRD,2005,Access to electricity (% of population),EG.ELC.ACCS.ZS,87.8665237426758
Grenada,GRD,2004,Access to electricity (% of population),EG.ELC.ACCS.ZS,87.5369873046875
Grenada,GRD,2003,Access to electricity (% of population),EG.ELC.ACCS.ZS,87.1814651489258
Grenada,GRD,2002,Access to electricity (% of population),EG.ELC.ACCS.ZS,86.8018188476563
Grenada,GRD,2001,Access to electricity (% of population),EG.ELC.ACCS.ZS,86.402961730957
Grenada,GRD,2000,Access to electricity (% of population),EG.ELC.ACCS.ZS,85.9898223876953
Grenada,GRD,1999,Access to electricity (% of population),EG.ELC.ACCS.ZS,85.5673370361328
Grenada,GRD,1998,Access to electricity (% of population),EG.ELC.ACCS.ZS,85.04
Grenada,GRD,2015,Renewable electricity output (% of total electricity output),EG.ELC.RNEW.ZS,0
Grenada,GRD,2014,Renewable electricity output (% of total electricity output),EG.ELC.RNEW.ZS,0
Grenada,GRD,2013,Renewable electricity output (% of total electricity output),EG.ELC.RNEW.ZS,0
Grenada,GRD,2012,Renewable electricity output (% of total electricity output),EG.ELC.RNEW.ZS,0
Grenada,GRD,2011,Renewable electricity output (% of total electricity output),EG.ELC.RNEW.ZS,0
Grenada,GRD,2010,Renewable electricity output (% of total electricity output),EG.ELC.RNEW.ZS,0
Grenada,GRD,2009,Renewable electricity output (% of total electricity output),EG.ELC.RNEW.ZS,0
Grenada,GRD,2008,Renewable electricity output (% of total electricity output),EG.ELC.RNEW.ZS,0
Grenada,GRD,2007,Renewable electricity output (% of total electricity output),EG.ELC.RNEW.ZS,0
Grenada,GRD,2006,Renewable electricity output (% of total electricity output),EG.ELC.RNEW.ZS,0
Grenada,GRD,2005,Renewable electricity output (% of total electricity output),EG.ELC.RNEW.ZS,0
Grenada,GRD,2004,Renewable electricity output (% of total electricity output),EG.ELC.RNEW.ZS,0
Grenada,GRD,2003,Renewable electricity output (% of total electricity output),EG.ELC.RNEW.ZS,0
Grenada,GRD,2002,Renewable electricity output (% of total electricity output),EG.ELC.RNEW.ZS,0
Grenada,GRD,2001,Renewable electricity output (% of total electricity output),EG.ELC.RNEW.ZS,0
Grenada,GRD,2000,Renewable electricity output (% of total electricity output),EG.ELC.RNEW.ZS,0
Grenada,GRD,1999,Renewable electricity output (% of total electricity output),EG.ELC.RNEW.ZS,0
Grenada,GRD,1998,Renewable electricity output (% of total electricity output),EG.ELC.RNEW.ZS,0
Grenada,GRD,1997,Renewable electricity output (% of total electricity output),EG.ELC.RNEW.ZS,0
Grenada,GRD,1996,Renewable electricity output (% of total electricity output),EG.ELC.RNEW.ZS,0
Grenada,GRD,1995,Renewable electricity output (% of total electricity output),EG.ELC.RNEW.ZS,0
Grenada,GRD,1994,Renewable electricity output (% of total electricity output),EG.ELC.RNEW.ZS,0
Grenada,GRD,1993,Renewable electricity output (% of total electricity output),EG.ELC.RNEW.ZS,0
Grenada,GRD,1992,Renewable electricity output (% of total electricity output),EG.ELC.RNEW.ZS,0
Grenada,GRD,1991,Renewable electricity output (% of total electricity output),EG.ELC.RNEW.ZS,0
Grenada,GRD,1990,Renewable electricity output (% of total electricity output),EG.ELC.RNEW.ZS,0
Grenada,GRD,2015,Renewable energy consumption (% of total final energy consumption),EG.FEC.RNEW.ZS,10.9195721498431
Grenada,GRD,2014,Renewable energy consumption (% of total final energy consumption),EG.FEC.RNEW.ZS,11.0768146223922
Grenada,GRD,2013,Renewable energy consumption (% of total final energy consumption),EG.FEC.RNEW.ZS,10.885765129394
Grenada,GRD,2012,Renewable energy consumption (% of total final energy consumption),EG.FEC.RNEW.ZS,11.3438087960337
Grenada,GRD,2011,Renewable energy consumption (% of total final energy consumption),EG.FEC.RNEW.ZS,11.2374842686142
Grenada,GRD,2010,Renewable energy consumption (% of total final energy consumption),EG.FEC.RNEW.ZS,10.4963458553586
Grenada,GRD,2009,Renewable energy consumption (% of total final energy consumption),EG.FEC.RNEW.ZS,10.4431309048225
Grenada,GRD,2008,Renewable energy consumption (% of total final energy consumption),EG.FEC.RNEW.ZS,10.6617266694505
Grenada,GRD,2007,Renewable energy consumption (% of total final energy consumption),EG.FEC.RNEW.ZS,9.87767620157779
Grenada,GRD,2006,Renewable energy consumption (% of total final energy consumption),EG.FEC.RNEW.ZS,10.3419928522415
Grenada,GRD,2005,Renewable energy consumption (% of total final energy consumption),EG.FEC.RNEW.ZS,10.5432172982297
Grenada,GRD,2004,Renewable energy consumption (% of total final energy consumption),EG.FEC.RNEW.ZS,10.5407374875094
Grenada,GRD,2003,Renewable energy consumption (% of total final energy consumption),EG.FEC.RNEW.ZS,10.4121338991187
Grenada,GRD,2002,Renewable energy consumption (% of total final energy consumption),EG.FEC.RNEW.ZS,10.4380307556218
Grenada,GRD,2001,Renewable energy consumption (% of total final energy consumption),EG.FEC.RNEW.ZS,10.3972488844102
Grenada,GRD,2000,Renewable energy consumption (% of total final energy consumption),EG.FEC.RNEW.ZS,10.4737611076364
Grenada,GRD,1999,Renewable energy consumption (% of total final energy consumption),EG.FEC.RNEW.ZS,10.2956442620762
Grenada,GRD,1998,Renewable energy consumption (% of total final energy consumption),EG.FEC.RNEW.ZS,10.1105855379554
Grenada,GRD,1997,Renewable energy consumption (% of total final energy consumption),EG.FEC.RNEW.ZS,8.32580787314513
Grenada,GRD,1996,Renewable energy consumption (% of total final energy consumption),EG.FEC.RNEW.ZS,6.14677341105719
Grenada,GRD,1995,Renewable energy consumption (% of total final energy consumption),EG.FEC.RNEW.ZS,7.41831072970153
Grenada,GRD,1994,Renewable energy consumption (% of total final energy consumption),EG.FEC.RNEW.ZS,7.43073649053178
Grenada,GRD,1993,Renewable energy consumption (% of total final energy consumption),EG.FEC.RNEW.ZS,8.07468947497035
Grenada,GRD,1992,Renewable energy consumption (% of total final energy consumption),EG.FEC.RNEW.ZS,7.73762714344146
Grenada,GRD,1991,Renewable energy consumption (% of total final energy consumption),EG.FEC.RNEW.ZS,8.10644636337801
Grenada,GRD,1990,Renewable energy consumption (% of total final energy consumption),EG.FEC.RNEW.ZS,8.3421317894005
Grenada,GRD,2007,GDP per unit of energy use (PPP $ per kg of oil equivalent),EG.GDP.PUSE.KO.PP,14.5179157604187
Grenada,GRD,2006,GDP per unit of energy use (PPP $ per kg of oil equivalent),EG.GDP.PUSE.KO.PP,13.3223393480071
Grenada,GRD,2005,GDP per unit of energy use (PPP $ per kg of oil equivalent),EG.GDP.PUSE.KO.PP,13.8097676589021
Grenada,GRD,2004,GDP per unit of energy use (PPP $ per kg of oil equivalent),EG.GDP.PUSE.KO.PP,12.6221545200821
Grenada,GRD,1990,GDP per unit of energy use (PPP $ per kg of oil equivalent),EG.GDP.PUSE.KO.PP,10.6525619547393
Grenada,GRD,2007,GDP per unit of energy use (constant 2011 PPP $ per kg of oil equivalent),EG.GDP.PUSE.KO.PP.KD,15.402065040133
Grenada,GRD,2006,GDP per unit of energy use (constant 2011 PPP $ per kg of oil equivalent),EG.GDP.PUSE.KO.PP.KD,14.5133473352321
Grenada,GRD,2005,GDP per unit of energy use (constant 2011 PPP $ per kg of oil equivalent),EG.GDP.PUSE.KO.PP.KD,15.499624264151
Grenada,GRD,2004,GDP per unit of energy use (constant 2011 PPP $ per kg of oil equivalent),EG.GDP.PUSE.KO.PP.KD,14.6079708704614
Grenada,GRD,1990,GDP per unit of energy use (constant 2011 PPP $ per kg of oil equivalent),EG.GDP.PUSE.KO.PP.KD,16.4156930130827
Grenada,GRD,2007,Fossil fuel energy consumption (% of total),EG.USE.COMM.FO.ZS,0
Grenada,GRD,2006,Fossil fuel energy consumption (% of total),EG.USE.COMM.FO.ZS,0
Grenada,GRD,2005,Fossil fuel energy consumption (% of total),EG.USE.COMM.FO.ZS,0
Grenada,GRD,2004,Fossil fuel energy consumption (% of total),EG.USE.COMM.FO.ZS,0
Grenada,GRD,1990,Fossil fuel energy consumption (% of total),EG.USE.COMM.FO.ZS,0
Grenada,GRD,2007,"Energy use (kg of oil equivalent) per $1,000 GDP (constant 2011 PPP)",EG.USE.COMM.GD.PP.KD,64.9263587313981
Grenada,GRD,2006,"Energy use (kg of oil equivalent) per $1,000 GDP (constant 2011 PPP)",EG.USE.COMM.GD.PP.KD,68.9020924602577
Grenada,GRD,2005,"Energy use (kg of oil equivalent) per $1,000 GDP (constant 2011 PPP)",EG.USE.COMM.GD.PP.KD,64.5176930071069
Grenada,GRD,2004,"Energy use (kg of oil equivalent) per $1,000 GDP (constant 2011 PPP)",EG.USE.COMM.GD.PP.KD,68.4557772511777
Grenada,GRD,1990,"Energy use (kg of oil equivalent) per $1,000 GDP (constant 2011 PPP)",EG.USE.COMM.GD.PP.KD,60.917318519726
Grenada,GRD,2007,Energy use (kg of oil equivalent per capita),EG.USE.PCAP.KG.OE,770.03517444624
Grenada,GRD,2006,Energy use (kg of oil equivalent per capita),EG.USE.PCAP.KG.OE,771.921130626209
Grenada,GRD,2005,Energy use (kg of oil equivalent per capita),EG.USE.PCAP.KG.OE,754.817936002905
Grenada,GRD,2004,Energy use (kg of oil equivalent per capita),EG.USE.PCAP.KG.OE,709.172280947224
Grenada,GRD,1990,Energy use (kg of oil equivalent per capita),EG.USE.PCAP.KG.OE,440.921375258224
Grenada,GRD,2014,CO2 emissions from gaseous fuel consumption (% of total),EN.ATM.CO2E.GF.ZS,0
Grenada,GRD,2013,CO2 emissions from gaseous fuel consumption (% of total),EN.ATM.CO2E.GF.ZS,0
Grenada,GRD,2012,CO2 emissions from gaseous fuel consumption (% of total),EN.ATM.CO2E.GF.ZS,0
Grenada,GRD,2011,CO2 emissions from gaseous fuel consumption (% of total),EN.ATM.CO2E.GF.ZS,0
Grenada,GRD,2010,CO2 emissions from gaseous fuel consumption (% of total),EN.ATM.CO2E.GF.ZS,0
Grenada,GRD,2009,CO2 emissions from gaseous fuel consumption (% of total),EN.ATM.CO2E.GF.ZS,0
Grenada,GRD,2008,CO2 emissions from gaseous fuel consumption (% of total),EN.ATM.CO2E.GF.ZS,0
Grenada,GRD,2007,CO2 emissions from gaseous fuel consumption (% of total),EN.ATM.CO2E.GF.ZS,0
Grenada,GRD,2006,CO2 emissions from gaseous fuel consumption (% of total),EN.ATM.CO2E.GF.ZS,0
Grenada,GRD,2005,CO2 emissions from gaseous fuel consumption (% of total),EN.ATM.CO2E.GF.ZS,0
Grenada,GRD,2004,CO2 emissions from gaseous fuel consumption (% of total),EN.ATM.CO2E.GF.ZS,0
Grenada,GRD,2003,CO2 emissions from gaseous fuel consumption (% of total),EN.ATM.CO2E.GF.ZS,0
Grenada,GRD,2002,CO2 emissions from gaseous fuel consumption (% of total),EN.ATM.CO2E.GF.ZS,0
Grenada,GRD,2001,CO2 emissions from gaseous fuel consumption (% of total),EN.ATM.CO2E.GF.ZS,0
Grenada,GRD,2000,CO2 emissions from gaseous fuel consumption (% of total),EN.ATM.CO2E.GF.ZS,0
Grenada,GRD,1999,CO2 emissions from gaseous fuel consumption (% of total),EN.ATM.CO2E.GF.ZS,0
Grenada,GRD,1998,CO2 emissions from gaseous fuel consumption (% of total),EN.ATM.CO2E.GF.ZS,0
Grenada,GRD,1997,CO2 emissions from gaseous fuel consumption (% of total),EN.ATM.CO2E.GF.ZS,0
Grenada,GRD,1996,CO2 emissions from gaseous fuel consumption (% of total),EN.ATM.CO2E.GF.ZS,0
Grenada,GRD,1995,CO2 emissions from gaseous fuel consumption (% of total),EN.ATM.CO2E.GF.ZS,0
Grenada,GRD,1994,CO2 emissions from gaseous fuel consumption (% of total),EN.ATM.CO2E.GF.ZS,0
Grenada,GRD,1993,CO2 emissions from gaseous fuel consumption (% of total),EN.ATM.CO2E.GF.ZS,0
Grenada,GRD,1992,CO2 emissions from gaseous fuel consumption (% of total),EN.ATM.CO2E.GF.ZS,0
Grenada,GRD,1991,CO2 emissions from gaseous fuel consumption (% of total),EN.ATM.CO2E.GF.ZS,0
Grenada,GRD,1990,CO2 emissions from gaseous fuel consumption (% of total),EN.ATM.CO2E.GF.ZS,0
Grenada,GRD,1989,CO2 emissions from gaseous fuel consumption (% of total),EN.ATM.CO2E.GF.ZS,0
Grenada,GRD,1988,CO2 emissions from gaseous fuel consumption (% of total),EN.ATM.CO2E.GF.ZS,0
Grenada,GRD,1987,CO2 emissions from gaseous fuel consumption (% of total),EN.ATM.CO2E.GF.ZS,0
Grenada,GRD,1986,CO2 emissions from gaseous fuel consumption (% of total),EN.ATM.CO2E.GF.ZS,0
Grenada,GRD,1985,CO2 emissions from gaseous fuel consumption (% of total),EN.ATM.CO2E.GF.ZS,0
Grenada,GRD,1984,CO2 emissions from gaseous fuel consumption (% of total),EN.ATM.CO2E.GF.ZS,0
Grenada,GRD,1983,CO2 emissions from gaseous fuel consumption (% of total),EN.ATM.CO2E.GF.ZS,0
Grenada,GRD,1982,CO2 emissions from gaseous fuel consumption (% of total),EN.ATM.CO2E.GF.ZS,0
Grenada,GRD,1981,CO2 emissions from gaseous fuel consumption (% of total),EN.ATM.CO2E.GF.ZS,0
Grenada,GRD,1980,CO2 emissions from gaseous fuel consumption (% of total),EN.ATM.CO2E.GF.ZS,0
Grenada,GRD,1979,CO2 emissions from gaseous fuel consumption (% of total),EN.ATM.CO2E.GF.ZS,0
Grenada,GRD,1978,CO2 emissions from gaseous fuel consumption (% of total),EN.ATM.CO2E.GF.ZS,0
Grenada,GRD,1977,CO2 emissions from gaseous fuel consumption (% of total),EN.ATM.CO2E.GF.ZS,0
Grenada,GRD,1976,CO2 emissions from gaseous fuel consumption (% of total),EN.ATM.CO2E.GF.ZS,0
Grenada,GRD,1975,CO2 emissions from gaseous fuel consumption (% of total),EN.ATM.CO2E.GF.ZS,0
Grenada,GRD,1974,CO2 emissions from gaseous fuel consumption (% of total),EN.ATM.CO2E.GF.ZS,0
Grenada,GRD,1973,CO2 emissions from gaseous fuel consumption (% of total),EN.ATM.CO2E.GF.ZS,0
Grenada,GRD,1972,CO2 emissions from gaseous fuel consumption (% of total),EN.ATM.CO2E.GF.ZS,0
Grenada,GRD,1971,CO2 emissions from gaseous fuel consumption (% of total),EN.ATM.CO2E.GF.ZS,0
Grenada,GRD,1970,CO2 emissions from gaseous fuel consumption (% of total),EN.ATM.CO2E.GF.ZS,0
Grenada,GRD,1969,CO2 emissions from gaseous fuel consumption (% of total),EN.ATM.CO2E.GF.ZS,0
Grenada,GRD,1968,CO2 emissions from gaseous fuel consumption (% of total),EN.ATM.CO2E.GF.ZS,0
Grenada,GRD,1967,CO2 emissions from gaseous fuel consumption (% of total),EN.ATM.CO2E.GF.ZS,0
Grenada,GRD,1966,CO2 emissions from gaseous fuel consumption (% of total),EN.ATM.CO2E.GF.ZS,0
Grenada,GRD,1965,CO2 emissions from gaseous fuel consumption (% of total),EN.ATM.CO2E.GF.ZS,0
Grenada,GRD,1964,CO2 emissions from gaseous fuel consumption (% of total),EN.ATM.CO2E.GF.ZS,0
Grenada,GRD,1963,CO2 emissions from gaseous fuel consumption (% of total),EN.ATM.CO2E.GF.ZS,0
Grenada,GRD,1962,CO2 emissions from gaseous fuel consumption (% of total),EN.ATM.CO2E.GF.ZS,0
Grenada,GRD,1961,CO2 emissions from gaseous fuel consumption (% of total),EN.ATM.CO2E.GF.ZS,0
Grenada,GRD,1960,CO2 emissions from gaseous fuel consumption (% of total),EN.ATM.CO2E.GF.ZS,0
Grenada,GRD,2014,CO2 emissions from liquid fuel consumption (kt),EN.ATM.CO2E.LF.KT,242.022
Grenada,GRD,2013,CO2 emissions from liquid fuel consumption (kt),EN.ATM.CO2E.LF.KT,304.361
Grenada,GRD,2012,CO2 emissions from liquid fuel consumption (kt),EN.ATM.CO2E.LF.KT,271.358
Grenada,GRD,2011,CO2 emissions from liquid fuel consumption (kt),EN.ATM.CO2E.LF.KT,253.023
Grenada,GRD,2010,CO2 emissions from liquid fuel consumption (kt),EN.ATM.CO2E.LF.KT,260.357
Grenada,GRD,2009,CO2 emissions from liquid fuel consumption (kt),EN.ATM.CO2E.LF.KT,253.023
Grenada,GRD,2008,CO2 emissions from liquid fuel consumption (kt),EN.ATM.CO2E.LF.KT,253.023
Grenada,GRD,2007,CO2 emissions from liquid fuel consumption (kt),EN.ATM.CO2E.LF.KT,238.355
Grenada,GRD,2006,CO2 emissions from liquid fuel consumption (kt),EN.ATM.CO2E.LF.KT,231.021
Grenada,GRD,2005,CO2 emissions from liquid fuel consumption (kt),EN.ATM.CO2E.LF.KT,216.353
Grenada,GRD,2004,CO2 emissions from liquid fuel consumption (kt),EN.ATM.CO2E.LF.KT,205.352
Grenada,GRD,2003,CO2 emissions from liquid fuel consumption (kt),EN.ATM.CO2E.LF.KT,216.353
Grenada,GRD,2002,CO2 emissions from liquid fuel consumption (kt),EN.ATM.CO2E.LF.KT,205.352
Grenada,GRD,2001,CO2 emissions from liquid fuel consumption (kt),EN.ATM.CO2E.LF.KT,194.351
Grenada,GRD,2000,CO2 emissions from liquid fuel consumption (kt),EN.ATM.CO2E.LF.KT,190.684
Grenada,GRD,1999,CO2 emissions from liquid fuel consumption (kt),EN.ATM.CO2E.LF.KT,194.351
Grenada,GRD,1998,CO2 emissions from liquid fuel consumption (kt),EN.ATM.CO2E.LF.KT,176.016
Grenada,GRD,1997,CO2 emissions from liquid fuel consumption (kt),EN.ATM.CO2E.LF.KT,168.682
Grenada,GRD,1996,CO2 emissions from liquid fuel consumption (kt),EN.ATM.CO2E.LF.KT,154.014
Grenada,GRD,1995,CO2 emissions from liquid fuel consumption (kt),EN.ATM.CO2E.LF.KT,150.347
Grenada,GRD,1994,CO2 emissions from liquid fuel consumption (kt),EN.ATM.CO2E.LF.KT,143.013
Grenada,GRD,1993,CO2 emissions from liquid fuel consumption (kt),EN.ATM.CO2E.LF.KT,121.011
Grenada,GRD,1992,CO2 emissions from liquid fuel consumption (kt),EN.ATM.CO2E.LF.KT,117.344
Grenada,GRD,1991,CO2 emissions from liquid fuel consumption (kt),EN.ATM.CO2E.LF.KT,110.01
Grenada,GRD,1990,CO2 emissions from liquid fuel consumption (kt),EN.ATM.CO2E.LF.KT,106.343
Grenada,GRD,1989,CO2 emissions from liquid fuel consumption (kt),EN.ATM.CO2E.LF.KT,102.676
Grenada,GRD,1988,CO2 emissions from liquid fuel consumption (kt),EN.ATM.CO2E.LF.KT,95.342
Grenada,GRD,1987,CO2 emissions from liquid fuel consumption (kt),EN.ATM.CO2E.LF.KT,73.34
Grenada,GRD,1986,CO2 emissions from liquid fuel consumption (kt),EN.ATM.CO2E.LF.KT,66.006
Grenada,GRD,1985,CO2 emissions from liquid fuel consumption (kt),EN.ATM.CO2E.LF.KT,62.339
Grenada,GRD,1984,CO2 emissions from liquid fuel consumption (kt),EN.ATM.CO2E.LF.KT,62.339
Grenada,GRD,1983,CO2 emissions from liquid fuel consumption (kt),EN.ATM.CO2E.LF.KT,62.339
Grenada,GRD,1982,CO2 emissions from liquid fuel consumption (kt),EN.ATM.CO2E.LF.KT,62.339
Grenada,GRD,1981,CO2 emissions from liquid fuel consumption (kt),EN.ATM.CO2E.LF.KT,58.672
Grenada,GRD,1980,CO2 emissions from liquid fuel consumption (kt),EN.ATM.CO2E.LF.KT,47.671
Grenada,GRD,1979,CO2 emissions from liquid fuel consumption (kt),EN.ATM.CO2E.LF.KT,47.671
Grenada,GRD,1978,CO2 emissions from liquid fuel consumption (kt),EN.ATM.CO2E.LF.KT,51.338
Grenada,GRD,1977,CO2 emissions from liquid fuel consumption (kt),EN.ATM.CO2E.LF.KT,47.671
Grenada,GRD,1976,CO2 emissions from liquid fuel consumption (kt),EN.ATM.CO2E.LF.KT,47.671
Grenada,GRD,1975,CO2 emissions from liquid fuel consumption (kt),EN.ATM.CO2E.LF.KT,47.671
Grenada,GRD,1974,CO2 emissions from liquid fuel consumption (kt),EN.ATM.CO2E.LF.KT,36.67
Grenada,GRD,1973,CO2 emissions from liquid fuel consumption (kt),EN.ATM.CO2E.LF.KT,55.005
Grenada,GRD,1972,CO2 emissions from liquid fuel consumption (kt),EN.ATM.CO2E.LF.KT,47.671
Grenada,GRD,1971,CO2 emissions from liquid fuel consumption (kt),EN.ATM.CO2E.LF.KT,47.671
Grenada,GRD,1970,CO2 emissions from liquid fuel consumption (kt),EN.ATM.CO2E.LF.KT,44.004
Grenada,GRD,1969,CO2 emissions from liquid fuel consumption (kt),EN.ATM.CO2E.LF.KT,47.671
Grenada,GRD,1968,CO2 emissions from liquid fuel consumption (kt),EN.ATM.CO2E.LF.KT,40.337
Grenada,GRD,1967,CO2 emissions from liquid fuel consumption (kt),EN.ATM.CO2E.LF.KT,36.67
Grenada,GRD,1966,CO2 emissions from liquid fuel consumption (kt),EN.ATM.CO2E.LF.KT,29.336
Grenada,GRD,1965,CO2 emissions from liquid fuel consumption (kt),EN.ATM.CO2E.LF.KT,22.002
Grenada,GRD,1964,CO2 emissions from liquid fuel consumption (kt),EN.ATM.CO2E.LF.KT,22.002
Grenada,GRD,1963,CO2 emissions from liquid fuel consumption (kt),EN.ATM.CO2E.LF.KT,14.668
Grenada,GRD,1962,CO2 emissions from liquid fuel consumption (kt),EN.ATM.CO2E.LF.KT,25.669
Grenada,GRD,1961,CO2 emissions from liquid fuel consumption (kt),EN.ATM.CO2E.LF.KT,18.335
Grenada,GRD,1960,CO2 emissions from liquid fuel consumption (kt),EN.ATM.CO2E.LF.KT,22.002
Grenada,GRD,2008,Methane emissions in energy sector (thousand metric tons of CO2 equivalent),EN.ATM.METH.EG.KT.CE,5.355034114905
Grenada,GRD,2007,Methane emissions in energy sector (thousand metric tons of CO2 equivalent),EN.ATM.METH.EG.KT.CE,5.29434554013643
Grenada,GRD,2006,Methane emissions in energy sector (thousand metric tons of CO2 equivalent),EN.ATM.METH.EG.KT.CE,5.24816026265392
Grenada,GRD,2005,Methane emissions in energy sector (thousand metric tons of CO2 equivalent),EN.ATM.METH.EG.KT.CE,4.93752695560954
Grenada,GRD,2004,Methane emissions in energy sector (thousand metric tons of CO2 equivalent),EN.ATM.METH.EG.KT.CE,4.60928704458883
Grenada,GRD,2003,Methane emissions in energy sector (thousand metric tons of CO2 equivalent),EN.ATM.METH.EG.KT.CE,4.60559423906692
Grenada,GRD,2002,Methane emissions in energy sector (thousand metric tons of CO2 equivalent),EN.ATM.METH.EG.KT.CE,4.4554389557362
Grenada,GRD,2001,Methane emissions in energy sector (thousand metric tons of CO2 equivalent),EN.ATM.METH.EG.KT.CE,3.91358130685556
Grenada,GRD,2000,Methane emissions in energy sector (thousand metric tons of CO2 equivalent),EN.ATM.METH.EG.KT.CE,3.55341705949124
Grenada,GRD,1999,Methane emissions in energy sector (thousand metric tons of CO2 equivalent),EN.ATM.METH.EG.KT.CE,2.7105220884474
Grenada,GRD,1998,Methane emissions in energy sector (thousand metric tons of CO2 equivalent),EN.ATM.METH.EG.KT.CE,2.64623011233631
Grenada,GRD,1997,Methane emissions in energy sector (thousand metric tons of CO2 equivalent),EN.ATM.METH.EG.KT.CE,2.72255210463317
Grenada,GRD,1996,Methane emissions in energy sector (thousand metric tons of CO2 equivalent),EN.ATM.METH.EG.KT.CE,2.69687731323439
Grenada,GRD,1995,Methane emissions in energy sector (thousand metric tons of CO2 equivalent),EN.ATM.METH.EG.KT.CE,2.63897625106165
Grenada,GRD,1994,Methane emissions in energy sector (thousand metric tons of CO2 equivalent),EN.ATM.METH.EG.KT.CE,2.64757731830928
Grenada,GRD,1993,Methane emissions in energy sector (thousand metric tons of CO2 equivalent),EN.ATM.METH.EG.KT.CE,2.56288112964102
Grenada,GRD,1992,Methane emissions in energy sector (thousand metric tons of CO2 equivalent),EN.ATM.METH.EG.KT.CE,2.56629178525077
Grenada,GRD,1991,Methane emissions in energy sector (thousand metric tons of CO2 equivalent),EN.ATM.METH.EG.KT.CE,2.55746478174587
Grenada,GRD,1990,Methane emissions in energy sector (thousand metric tons of CO2 equivalent),EN.ATM.METH.EG.KT.CE,2.56370238667098
Grenada,GRD,1989,Methane emissions in energy sector (thousand metric tons of CO2 equivalent),EN.ATM.METH.EG.KT.CE,2.4236292370987
Grenada,GRD,1988,Methane emissions in energy sector (thousand metric tons of CO2 equivalent),EN.ATM.METH.EG.KT.CE,2.43730390961705
Grenada,GRD,1987,Methane emissions in energy sector (thousand metric tons of CO2 equivalent),EN.ATM.METH.EG.KT.CE,2.52528835010546
Grenada,GRD,1986,Methane emissions in energy sector (thousand metric tons of CO2 equivalent),EN.ATM.METH.EG.KT.CE,2.54110315302055
Grenada,GRD,1985,Methane emissions in energy sector (thousand metric tons of CO2 equivalent),EN.ATM.METH.EG.KT.CE,2.57495025280434
Grenada,GRD,1984,Methane emissions in energy sector (thousand metric tons of CO2 equivalent),EN.ATM.METH.EG.KT.CE,2.85361450860378
Grenada,GRD,1983,Methane emissions in energy sector (thousand metric tons of CO2 equivalent),EN.ATM.METH.EG.KT.CE,2.89992338681823
Grenada,GRD,1982,Methane emissions in energy sector (thousand metric tons of CO2 equivalent),EN.ATM.METH.EG.KT.CE,2.90108939264797
Grenada,GRD,1981,Methane emissions in energy sector (thousand metric tons of CO2 equivalent),EN.ATM.METH.EG.KT.CE,2.85006438474245
Grenada,GRD,1980,Methane emissions in energy sector (thousand metric tons of CO2 equivalent),EN.ATM.METH.EG.KT.CE,2.76094336358955
Grenada,GRD,1979,Methane emissions in energy sector (thousand metric tons of CO2 equivalent),EN.ATM.METH.EG.KT.CE,2.75025696191963
Grenada,GRD,1978,Methane emissions in energy sector (thousand metric tons of CO2 equivalent),EN.ATM.METH.EG.KT.CE,2.79380514375144
Grenada,GRD,1977,Methane emissions in energy sector (thousand metric tons of CO2 equivalent),EN.ATM.METH.EG.KT.CE,2.87836518259049
Grenada,GRD,1976,Methane emissions in energy sector (thousand metric tons of CO2 equivalent),EN.ATM.METH.EG.KT.CE,2.79010373763483
Grenada,GRD,1975,Methane emissions in energy sector (thousand metric tons of CO2 equivalent),EN.ATM.METH.EG.KT.CE,2.8667924156036
Grenada,GRD,1974,Methane emissions in energy sector (thousand metric tons of CO2 equivalent),EN.ATM.METH.EG.KT.CE,2.86738141457164
Grenada,GRD,1973,Methane emissions in energy sector (thousand metric tons of CO2 equivalent),EN.ATM.METH.EG.KT.CE,2.95832051134002
Grenada,GRD,1972,Methane emissions in energy sector (thousand metric tons of CO2 equivalent),EN.ATM.METH.EG.KT.CE,2.9058060782798
Grenada,GRD,1971,Methane emissions in energy sector (thousand metric tons of CO2 equivalent),EN.ATM.METH.EG.KT.CE,2.88491633642424
Grenada,GRD,1970,Methane emissions in energy sector (thousand metric tons of CO2 equivalent),EN.ATM.METH.EG.KT.CE,2.90348269955913
Grenada,GRD,1969,Methane emissions in energy sector (thousand metric tons of CO2 equivalent),EN.ATM.METH.EG.KT.CE,0
Grenada,GRD,2008,Energy related methane emissions (% of total),EN.ATM.METH.EG.ZS,15.3022835116588
Grenada,GRD,2007,Energy related methane emissions (% of total),EN.ATM.METH.EG.ZS,15.2867317868672
Grenada,GRD,2006,Energy related methane emissions (% of total),EN.ATM.METH.EG.ZS,15.2715958232935
Grenada,GRD,2005,Energy related methane emissions (% of total),EN.ATM.METH.EG.ZS,14.5867919147797
Grenada,GRD,2004,Energy related methane emissions (% of total),EN.ATM.METH.EG.ZS,13.8631011368564
Grenada,GRD,2003,Energy related methane emissions (% of total),EN.ATM.METH.EG.ZS,13.9954060850644
Grenada,GRD,2002,Energy related methane emissions (% of total),EN.ATM.METH.EG.ZS,13.7519490216744
Grenada,GRD,2001,Energy related methane emissions (% of total),EN.ATM.METH.EG.ZS,12.5125692416699
Grenada,GRD,2000,Energy related methane emissions (% of total),EN.ATM.METH.EG.ZS,11.5773636145651
Grenada,GRD,1999,Energy related methane emissions (% of total),EN.ATM.METH.EG.ZS,9.15086254219187
Grenada,GRD,1998,Energy related methane emissions (% of total),EN.ATM.METH.EG.ZS,9.3440988719423
Grenada,GRD,1997,Energy related methane emissions (% of total),EN.ATM.METH.EG.ZS,9.45865925726425
Grenada,GRD,1996,Energy related methane emissions (% of total),EN.ATM.METH.EG.ZS,9.55607518083451
Grenada,GRD,1995,Energy related methane emissions (% of total),EN.ATM.METH.EG.ZS,9.92868981147603
Grenada,GRD,1994,Energy related methane emissions (% of total),EN.ATM.METH.EG.ZS,10.0855861975661
Grenada,GRD,1993,Energy related methane emissions (% of total),EN.ATM.METH.EG.ZS,9.91546942868702
Grenada,GRD,1992,Energy related methane emissions (% of total),EN.ATM.METH.EG.ZS,10.0569086761376
Grenada,GRD,1991,Energy related methane emissions (% of total),EN.ATM.METH.EG.ZS,10.1804229929298
Grenada,GRD,1990,Energy related methane emissions (% of total),EN.ATM.METH.EG.ZS,10.3581005251204
Grenada,GRD,1989,Energy related methane emissions (% of total),EN.ATM.METH.EG.ZS,9.99558393656411
Grenada,GRD,1988,Energy related methane emissions (% of total),EN.ATM.METH.EG.ZS,10.1754871459879
Grenada,GRD,1987,Energy related methane emissions (% of total),EN.ATM.METH.EG.ZS,10.504177690033
Grenada,GRD,1986,Energy related methane emissions (% of total),EN.ATM.METH.EG.ZS,10.4622520020773
Grenada,GRD,1985,Energy related methane emissions (% of total),EN.ATM.METH.EG.ZS,10.4045961031685
Grenada,GRD,1984,Energy related methane emissions (% of total),EN.ATM.METH.EG.ZS,11.0851406752352
Grenada,GRD,1983,Energy related methane emissions (% of total),EN.ATM.METH.EG.ZS,11.0110431789275
Grenada,GRD,1982,Energy related methane emissions (% of total),EN.ATM.METH.EG.ZS,10.87197766703
Grenada,GRD,1981,Energy related methane emissions (% of total),EN.ATM.METH.EG.ZS,10.6320692700688
Grenada,GRD,1980,Energy related methane emissions (% of total),EN.ATM.METH.EG.ZS,10.3101062907112
Grenada,GRD,1979,Energy related methane emissions (% of total),EN.ATM.METH.EG.ZS,10.3069187138153
Grenada,GRD,1978,Energy related methane emissions (% of total),EN.ATM.METH.EG.ZS,10.3579762489626
Grenada,GRD,1977,Energy related methane emissions (% of total),EN.ATM.METH.EG.ZS,11.0670598060261
Grenada,GRD,1976,Energy related methane emissions (% of total),EN.ATM.METH.EG.ZS,11.1847978097646
Grenada,GRD,1975,Energy related methane emissions (% of total),EN.ATM.METH.EG.ZS,12.0800128756204
Grenada,GRD,1974,Energy related methane emissions (% of total),EN.ATM.METH.EG.ZS,11.8817265145286
Grenada,GRD,1973,Energy related methane emissions (% of total),EN.ATM.METH.EG.ZS,11.9769091397641
Grenada,GRD,1972,Energy related methane emissions (% of total),EN.ATM.METH.EG.ZS,12.0448419611265
Grenada,GRD,1971,Energy related methane emissions (% of total),EN.ATM.METH.EG.ZS,11.4114011962511
Grenada,GRD,1970,Energy related methane emissions (% of total),EN.ATM.METH.EG.ZS,11.415080102845
Grenada,GRD,2008,Nitrous oxide emissions in energy sector (thousand metric tons of CO2 equivalent),EN.ATM.NOXE.EG.KT.CE,2.562162431
Grenada,GRD,2007,Nitrous oxide emissions in energy sector (thousand metric tons of CO2 equivalent),EN.ATM.NOXE.EG.KT.CE,2.49102205
Grenada,GRD,2006,Nitrous oxide emissions in energy sector (thousand metric tons of CO2 equivalent),EN.ATM.NOXE.EG.KT.CE,2.554031441
Grenada,GRD,2005,Nitrous oxide emissions in energy sector (thousand metric tons of CO2 equivalent),EN.ATM.NOXE.EG.KT.CE,2.288899911
Grenada,GRD,2004,Nitrous oxide emissions in energy sector (thousand metric tons of CO2 equivalent),EN.ATM.NOXE.EG.KT.CE,2.12681514
Grenada,GRD,2003,Nitrous oxide emissions in energy sector (thousand metric tons of CO2 equivalent),EN.ATM.NOXE.EG.KT.CE,2.003768049
Grenada,GRD,2002,Nitrous oxide emissions in energy sector (thousand metric tons of CO2 equivalent),EN.ATM.NOXE.EG.KT.CE,2.055109939
Grenada,GRD,2001,Nitrous oxide emissions in energy sector (thousand metric tons of CO2 equivalent),EN.ATM.NOXE.EG.KT.CE,1.96131978
Grenada,GRD,2000,Nitrous oxide emissions in energy sector (thousand metric tons of CO2 equivalent),EN.ATM.NOXE.EG.KT.CE,1.87505546
Grenada,GRD,1999,Nitrous oxide emissions in energy sector (thousand metric tons of CO2 equivalent),EN.ATM.NOXE.EG.KT.CE,1.540892324
Grenada,GRD,1998,Nitrous oxide emissions in energy sector (thousand metric tons of CO2 equivalent),EN.ATM.NOXE.EG.KT.CE,1.529844048
Grenada,GRD,1997,Nitrous oxide emissions in energy sector (thousand metric tons of CO2 equivalent),EN.ATM.NOXE.EG.KT.CE,1.519327885605
Grenada,GRD,1996,Nitrous oxide emissions in energy sector (thousand metric tons of CO2 equivalent),EN.ATM.NOXE.EG.KT.CE,1.340967899744
Grenada,GRD,1995,Nitrous oxide emissions in energy sector (thousand metric tons of CO2 equivalent),EN.ATM.NOXE.EG.KT.CE,1.256341061713
Grenada,GRD,1994,Nitrous oxide emissions in energy sector (thousand metric tons of CO2 equivalent),EN.ATM.NOXE.EG.KT.CE,1.306671034523
Grenada,GRD,1993,Nitrous oxide emissions in energy sector (thousand metric tons of CO2 equivalent),EN.ATM.NOXE.EG.KT.CE,1.149093053381
Grenada,GRD,1992,Nitrous oxide emissions in energy sector (thousand metric tons of CO2 equivalent),EN.ATM.NOXE.EG.KT.CE,1.162837829382
Grenada,GRD,1991,Nitrous oxide emissions in energy sector (thousand metric tons of CO2 equivalent),EN.ATM.NOXE.EG.KT.CE,1.149835664705
Grenada,GRD,1990,Nitrous oxide emissions in energy sector (thousand metric tons of CO2 equivalent),EN.ATM.NOXE.EG.KT.CE,1.144391512998
Grenada,GRD,1989,Nitrous oxide emissions in energy sector (thousand metric tons of CO2 equivalent),EN.ATM.NOXE.EG.KT.CE,0.904427028919
Grenada,GRD,1988,Nitrous oxide emissions in energy sector (thousand metric tons of CO2 equivalent),EN.ATM.NOXE.EG.KT.CE,0.890267737999
Grenada,GRD,1987,Nitrous oxide emissions in energy sector (thousand metric tons of CO2 equivalent),EN.ATM.NOXE.EG.KT.CE,0.984202507132
Grenada,GRD,1986,Nitrous oxide emissions in energy sector (thousand metric tons of CO2 equivalent),EN.ATM.NOXE.EG.KT.CE,0.984559018757
Grenada,GRD,1985,Nitrous oxide emissions in energy sector (thousand metric tons of CO2 equivalent),EN.ATM.NOXE.EG.KT.CE,0.932066428969
Grenada,GRD,1984,Nitrous oxide emissions in energy sector (thousand metric tons of CO2 equivalent),EN.ATM.NOXE.EG.KT.CE,0.997389667781
Grenada,GRD,1983,Nitrous oxide emissions in energy sector (thousand metric tons of CO2 equivalent),EN.ATM.NOXE.EG.KT.CE,0.885531449809
Grenada,GRD,1982,Nitrous oxide emissions in energy sector (thousand metric tons of CO2 equivalent),EN.ATM.NOXE.EG.KT.CE,0.8855317037393
Grenada,GRD,1981,Nitrous oxide emissions in energy sector (thousand metric tons of CO2 equivalent),EN.ATM.NOXE.EG.KT.CE,0.886115835583
Grenada,GRD,1980,Nitrous oxide emissions in energy sector (thousand metric tons of CO2 equivalent),EN.ATM.NOXE.EG.KT.CE,0.7829513452387
Grenada,GRD,1979,Nitrous oxide emissions in energy sector (thousand metric tons of CO2 equivalent),EN.ATM.NOXE.EG.KT.CE,0.7815945994185
Grenada,GRD,1978,Nitrous oxide emissions in energy sector (thousand metric tons of CO2 equivalent),EN.ATM.NOXE.EG.KT.CE,0.7935249182387
Grenada,GRD,1977,Nitrous oxide emissions in energy sector (thousand metric tons of CO2 equivalent),EN.ATM.NOXE.EG.KT.CE,0.695015939
Grenada,GRD,1976,Nitrous oxide emissions in energy sector (thousand metric tons of CO2 equivalent),EN.ATM.NOXE.EG.KT.CE,0.72213477
Grenada,GRD,1975,Nitrous oxide emissions in energy sector (thousand metric tons of CO2 equivalent),EN.ATM.NOXE.EG.KT.CE,0.719218724
Grenada,GRD,1974,Nitrous oxide emissions in energy sector (thousand metric tons of CO2 equivalent),EN.ATM.NOXE.EG.KT.CE,0.690090101
Grenada,GRD,1973,Nitrous oxide emissions in energy sector (thousand metric tons of CO2 equivalent),EN.ATM.NOXE.EG.KT.CE,0.705880416
Grenada,GRD,1972,Nitrous oxide emissions in energy sector (thousand metric tons of CO2 equivalent),EN.ATM.NOXE.EG.KT.CE,0.685339568
Grenada,GRD,1971,Nitrous oxide emissions in energy sector (thousand metric tons of CO2 equivalent),EN.ATM.NOXE.EG.KT.CE,0.664565693
Grenada,GRD,1970,Nitrous oxide emissions in energy sector (thousand metric tons of CO2 equivalent),EN.ATM.NOXE.EG.KT.CE,0.664931183
Grenada,GRD,1969,Nitrous oxide emissions in energy sector (thousand metric tons of CO2 equivalent),EN.ATM.NOXE.EG.KT.CE,0
Grenada,GRD,2008,Nitrous oxide emissions in energy sector (% of total),EN.ATM.NOXE.EG.ZS,10.7275211174739
Grenada,GRD,2007,Nitrous oxide emissions in energy sector (% of total),EN.ATM.NOXE.EG.ZS,10.7981549666738
Grenada,GRD,2006,Nitrous oxide emissions in energy sector (% of total),EN.ATM.NOXE.EG.ZS,11.0706650882422
Grenada,GRD,2005,Nitrous oxide emissions in energy sector (% of total),EN.ATM.NOXE.EG.ZS,10.8915543984128
Grenada,GRD,2004,Nitrous oxide emissions in energy sector (% of total),EN.ATM.NOXE.EG.ZS,10.2885820288951
Grenada,GRD,2003,Nitrous oxide emissions in energy sector (% of total),EN.ATM.NOXE.EG.ZS,10.4727282890473
Grenada,GRD,2002,Nitrous oxide emissions in energy sector (% of total),EN.ATM.NOXE.EG.ZS,10.5290200594
Grenada,GRD,2001,Nitrous oxide emissions in energy sector (% of total),EN.ATM.NOXE.EG.ZS,10.8117255627727
Grenada,GRD,2000,Nitrous oxide emissions in energy sector (% of total),EN.ATM.NOXE.EG.ZS,12.8229086283655
Grenada,GRD,1999,Nitrous oxide emissions in energy sector (% of total),EN.ATM.NOXE.EG.ZS,9.2839033100362
Grenada,GRD,1998,Nitrous oxide emissions in energy sector (% of total),EN.ATM.NOXE.EG.ZS,9.4985310421286
Grenada,GRD,1997,Nitrous oxide emissions in energy sector (% of total),EN.ATM.NOXE.EG.ZS,12.0095411029731
Grenada,GRD,1996,Nitrous oxide emissions in energy sector (% of total),EN.ATM.NOXE.EG.ZS,11.5634843133743
Grenada,GRD,1995,Nitrous oxide emissions in energy sector (% of total),EN.ATM.NOXE.EG.ZS,11.1553410761964
Grenada,GRD,1994,Nitrous oxide emissions in energy sector (% of total),EN.ATM.NOXE.EG.ZS,11.514659724199
Grenada,GRD,1993,Nitrous oxide emissions in energy sector (% of total),EN.ATM.NOXE.EG.ZS,11.3079676177547
Grenada,GRD,1992,Nitrous oxide emissions in energy sector (% of total),EN.ATM.NOXE.EG.ZS,11.5034109885459
Grenada,GRD,1991,Nitrous oxide emissions in energy sector (% of total),EN.ATM.NOXE.EG.ZS,11.4630927348697
Grenada,GRD,1990,Nitrous oxide emissions in energy sector (% of total),EN.ATM.NOXE.EG.ZS,11.6388081360998
Grenada,GRD,1989,Nitrous oxide emissions in energy sector (% of total),EN.ATM.NOXE.EG.ZS,10.3586243383632
Grenada,GRD,1988,Nitrous oxide emissions in energy sector (% of total),EN.ATM.NOXE.EG.ZS,10.2492564673678
Grenada,GRD,1987,Nitrous oxide emissions in energy sector (% of total),EN.ATM.NOXE.EG.ZS,11.8656142095251
Grenada,GRD,1986,Nitrous oxide emissions in energy sector (% of total),EN.ATM.NOXE.EG.ZS,11.6685655097287
Grenada,GRD,1985,Nitrous oxide emissions in energy sector (% of total),EN.ATM.NOXE.EG.ZS,10.9125768081068
Grenada,GRD,1984,Nitrous oxide emissions in energy sector (% of total),EN.ATM.NOXE.EG.ZS,11.2232699683609
Grenada,GRD,1983,Nitrous oxide emissions in energy sector (% of total),EN.ATM.NOXE.EG.ZS,9.86290272247657
Grenada,GRD,1982,Nitrous oxide emissions in energy sector (% of total),EN.ATM.NOXE.EG.ZS,9.85436541370995
Grenada,GRD,1981,Nitrous oxide emissions in energy sector (% of total),EN.ATM.NOXE.EG.ZS,9.88022556954675
Grenada,GRD,1980,Nitrous oxide emissions in energy sector (% of total),EN.ATM.NOXE.EG.ZS,8.95617214396403
Grenada,GRD,1979,Nitrous oxide emissions in energy sector (% of total),EN.ATM.NOXE.EG.ZS,8.98004338643843
Grenada,GRD,1978,Nitrous oxide emissions in energy sector (% of total),EN.ATM.NOXE.EG.ZS,9.18341591094831
Grenada,GRD,1977,Nitrous oxide emissions in energy sector (% of total),EN.ATM.NOXE.EG.ZS,8.57267853797122
Grenada,GRD,1976,Nitrous oxide emissions in energy sector (% of total),EN.ATM.NOXE.EG.ZS,9.46780008210014
Grenada,GRD,1975,Nitrous oxide emissions in energy sector (% of total),EN.ATM.NOXE.EG.ZS,10.398868704254
Grenada,GRD,1974,Nitrous oxide emissions in energy sector (% of total),EN.ATM.NOXE.EG.ZS,9.56654648124592
Grenada,GRD,1973,Nitrous oxide emissions in energy sector (% of total),EN.ATM.NOXE.EG.ZS,9.51777963551246
Grenada,GRD,1972,Nitrous oxide emissions in energy sector (% of total),EN.ATM.NOXE.EG.ZS,9.39515022735965
Grenada,GRD,1971,Nitrous oxide emissions in energy sector (% of total),EN.ATM.NOXE.EG.ZS,8.66806689390539
Grenada,GRD,1970,Nitrous oxide emissions in energy sector (% of total),EN.ATM.NOXE.EG.ZS,8.77792769565716
Grenada,GRD,2016,Pump price for diesel fuel (US$ per liter),EP.PMP.DESL.CD,1.04
Grenada,GRD,2012,Pump price for diesel fuel (US$ per liter),EP.PMP.DESL.CD,1.07
Grenada,GRD,2010,Pump price for diesel fuel (US$ per liter),EP.PMP.DESL.CD,1.02
Grenada,GRD,2008,Pump price for diesel fuel (US$ per liter),EP.PMP.DESL.CD,1.34
Grenada,GRD,2006,Pump price for diesel fuel (US$ per liter),EP.PMP.DESL.CD,0.89
Grenada,GRD,2004,Pump price for diesel fuel (US$ per liter),EP.PMP.DESL.CD,0.68
Grenada,GRD,2002,Pump price for diesel fuel (US$ per liter),EP.PMP.DESL.CD,0.41
Grenada,GRD,2000,Pump price for diesel fuel (US$ per liter),EP.PMP.DESL.CD,0.41
Grenada,GRD,1998,Pump price for diesel fuel (US$ per liter),EP.PMP.DESL.CD,0.41
Grenada,GRD,2016,Pump price for gasoline (US$ per liter),EP.PMP.SGAS.CD,1.12
Grenada,GRD,2012,Pump price for gasoline (US$ per liter),EP.PMP.SGAS.CD,1.4
Grenada,GRD,2010,Pump price for gasoline (US$ per liter),EP.PMP.SGAS.CD,1.02
Grenada,GRD,2008,Pump price for gasoline (US$ per liter),EP.PMP.SGAS.CD,1.28
Grenada,GRD,2006,Pump price for gasoline (US$ per liter),EP.PMP.SGAS.CD,0.89
Grenada,GRD,2004,Pump price for gasoline (US$ per liter),EP.PMP.SGAS.CD,0.73
Grenada,GRD,2002,Pump price for gasoline (US$ per liter),EP.PMP.SGAS.CD,0.54
Grenada,GRD,2000,Pump price for gasoline (US$ per liter),EP.PMP.SGAS.CD,0.54
Grenada,GRD,1998,Pump price for gasoline (US$ per liter),EP.PMP.SGAS.CD,0.54
Grenada,GRD,2010,Time to obtain an electrical connection (days),IC.ELC.DURS,22.9
Grenada,GRD,2019,Time required to get electricity (days),IC.ELC.TIME,38
Grenada,GRD,2018,Time required to get electricity (days),IC.ELC.TIME,38
Grenada,GRD,2017,Time required to get electricity (days),IC.ELC.TIME,38
Grenada,GRD,2016,Time required to get electricity (days),IC.ELC.TIME,38
Grenada,GRD,2015,Time required to get electricity (days),IC.ELC.TIME,38
Grenada,GRD,2014,Time required to get electricity (days),IC.ELC.TIME,38
Grenada,GRD,2013,Time required to get electricity (days),IC.ELC.TIME,38
Grenada,GRD,2012,Time required to get electricity (days),IC.ELC.TIME,38
Grenada,GRD,2011,Time required to get electricity (days),IC.ELC.TIME,38
Grenada,GRD,2010,Time required to get electricity (days),IC.ELC.TIME,38
Grenada,GRD,2009,Time required to get electricity (days),IC.ELC.TIME,38
Grenada,GRD,2010,Firms using banks to finance investment (% of firms),IC.FRM.BNKS.ZS,37.2
Grenada,GRD,2010,Value lost due to electrical outages (% of sales for affected firms),IC.FRM.OUTG.ZS,1
Grenada,GRD,2009,Investment in energy with private participation (current US$),IE.PPI.ENGY.CD,13600000
Grenada,GRD,2008,Investment in energy with private participation (current US$),IE.PPI.ENGY.CD,8600000
Grenada,GRD,2007,Investment in energy with private participation (current US$),IE.PPI.ENGY.CD,1600000
Grenada,GRD,2006,Investment in energy with private participation (current US$),IE.PPI.ENGY.CD,500000
Grenada,GRD,2005,Investment in energy with private participation (current US$),IE.PPI.ENGY.CD,7500000
Grenada,GRD,2004,Investment in energy with private participation (current US$),IE.PPI.ENGY.CD,1500000
Grenada,GRD,1994,Investment in energy with private participation (current US$),IE.PPI.ENGY.CD,5600000
Grenada,GRD,2017,Adjusted savings: mineral depletion (current US$),NY.ADJ.DMIN.CD,0
Grenada,GRD,2016,Adjusted savings: mineral depletion (current US$),NY.ADJ.DMIN.CD,0
Grenada,GRD,2015,Adjusted savings: mineral depletion (current US$),NY.ADJ.DMIN.CD,0
Grenada,GRD,2014,Adjusted savings: mineral depletion (current US$),NY.ADJ.DMIN.CD,0
Grenada,GRD,2013,Adjusted savings: mineral depletion (current US$),NY.ADJ.DMIN.CD,0
Grenada,GRD,2012,Adjusted savings: mineral depletion (current US$),NY.ADJ.DMIN.CD,0
Grenada,GRD,2011,Adjusted savings: mineral depletion (current US$),NY.ADJ.DMIN.CD,0
Grenada,GRD,2010,Adjusted savings: mineral depletion (current US$),NY.ADJ.DMIN.CD,0
Grenada,GRD,2009,Adjusted savings: mineral depletion (current US$),NY.ADJ.DMIN.CD,0
Grenada,GRD,2008,Adjusted savings: mineral depletion (current US$),NY.ADJ.DMIN.CD,0
Grenada,GRD,2007,Adjusted savings: mineral depletion (current US$),NY.ADJ.DMIN.CD,0
Grenada,GRD,2006,Adjusted savings: mineral depletion (current US$),NY.ADJ.DMIN.CD,0
Grenada,GRD,2005,Adjusted savings: mineral depletion (current US$),NY.ADJ.DMIN.CD,0
Grenada,GRD,2004,Adjusted savings: mineral depletion (current US$),NY.ADJ.DMIN.CD,0
Grenada,GRD,2003,Adjusted savings: mineral depletion (current US$),NY.ADJ.DMIN.CD,0
Grenada,GRD,2002,Adjusted savings: mineral depletion (current US$),NY.ADJ.DMIN.CD,0
Grenada,GRD,2001,Adjusted savings: mineral depletion (current US$),NY.ADJ.DMIN.CD,0
Grenada,GRD,2000,Adjusted savings: mineral depletion (current US$),NY.ADJ.DMIN.CD,0
Grenada,GRD,1999,Adjusted savings: mineral depletion (current US$),NY.ADJ.DMIN.CD,0
Grenada,GRD,1998,Adjusted savings: mineral depletion (current US$),NY.ADJ.DMIN.CD,0
Grenada,GRD,1997,Adjusted savings: mineral depletion (current US$),NY.ADJ.DMIN.CD,0
Grenada,GRD,1996,Adjusted savings: mineral depletion (current US$),NY.ADJ.DMIN.CD,0
Grenada,GRD,1995,Adjusted savings: mineral depletion (current US$),NY.ADJ.DMIN.CD,0
Grenada,GRD,1994,Adjusted savings: mineral depletion (current US$),NY.ADJ.DMIN.CD,0
Grenada,GRD,1993,Adjusted savings: mineral depletion (current US$),NY.ADJ.DMIN.CD,0
Grenada,GRD,1992,Adjusted savings: mineral depletion (current US$),NY.ADJ.DMIN.CD,0
Grenada,GRD,1991,Adjusted savings: mineral depletion (current US$),NY.ADJ.DMIN.CD,0
Grenada,GRD,1990,Adjusted savings: mineral depletion (current US$),NY.ADJ.DMIN.CD,0
Grenada,GRD,1989,Adjusted savings: mineral depletion (current US$),NY.ADJ.DMIN.CD,0
Grenada,GRD,1988,Adjusted savings: mineral depletion (current US$),NY.ADJ.DMIN.CD,0
Grenada,GRD,1987,Adjusted savings: mineral depletion (current US$),NY.ADJ.DMIN.CD,0
Grenada,GRD,1986,Adjusted savings: mineral depletion (current US$),NY.ADJ.DMIN.CD,0
Grenada,GRD,1985,Adjusted savings: mineral depletion (current US$),NY.ADJ.DMIN.CD,0
Grenada,GRD,1984,Adjusted savings: mineral depletion (current US$),NY.ADJ.DMIN.CD,0
Grenada,GRD,1983,Adjusted savings: mineral depletion (current US$),NY.ADJ.DMIN.CD,0
Grenada,GRD,1982,Adjusted savings: mineral depletion (current US$),NY.ADJ.DMIN.CD,0
Grenada,GRD,1981,Adjusted savings: mineral depletion (current US$),NY.ADJ.DMIN.CD,0
Grenada,GRD,1980,Adjusted savings: mineral depletion (current US$),NY.ADJ.DMIN.CD,0
Grenada,GRD,1979,Adjusted savings: mineral depletion (current US$),NY.ADJ.DMIN.CD,0
Grenada,GRD,1978,Adjusted savings: mineral depletion (current US$),NY.ADJ.DMIN.CD,0
Grenada,GRD,1977,Adjusted savings: mineral depletion (current US$),NY.ADJ.DMIN.CD,0
Grenada,GRD,1976,Adjusted savings: mineral depletion (current US$),NY.ADJ.DMIN.CD,0
Grenada,GRD,1975,Adjusted savings: mineral depletion (current US$),NY.ADJ.DMIN.CD,0
Grenada,GRD,1974,Adjusted savings: mineral depletion (current US$),NY.ADJ.DMIN.CD,0
Grenada,GRD,1973,Adjusted savings: mineral depletion (current US$),NY.ADJ.DMIN.CD,0
Grenada,GRD,1972,Adjusted savings: mineral depletion (current US$),NY.ADJ.DMIN.CD,0
Grenada,GRD,1971,Adjusted savings: mineral depletion (current US$),NY.ADJ.DMIN.CD,0
Grenada,GRD,1970,Adjusted savings: mineral depletion (current US$),NY.ADJ.DMIN.CD,0
Grenada,GRD,2017,Adjusted savings: mineral depletion (% of GNI),NY.ADJ.DMIN.GN.ZS,0
Grenada,GRD,2016,Adjusted savings: mineral depletion (% of GNI),NY.ADJ.DMIN.GN.ZS,0
Grenada,GRD,2015,Adjusted savings: mineral depletion (% of GNI),NY.ADJ.DMIN.GN.ZS,0
Grenada,GRD,2014,Adjusted savings: mineral depletion (% of GNI),NY.ADJ.DMIN.GN.ZS,0
Grenada,GRD,2013,Adjusted savings: mineral depletion (% of GNI),NY.ADJ.DMIN.GN.ZS,0
Grenada,GRD,2012,Adjusted savings: mineral depletion (% of GNI),NY.ADJ.DMIN.GN.ZS,0
Grenada,GRD,2011,Adjusted savings: mineral depletion (% of GNI),NY.ADJ.DMIN.GN.ZS,0
Grenada,GRD,2010,Adjusted savings: mineral depletion (% of GNI),NY.ADJ.DMIN.GN.ZS,0
Grenada,GRD,2009,Adjusted savings: mineral depletion (% of GNI),NY.ADJ.DMIN.GN.ZS,0
Grenada,GRD,2008,Adjusted savings: mineral depletion (% of GNI),NY.ADJ.DMIN.GN.ZS,0
Grenada,GRD,2007,Adjusted savings: mineral depletion (% of GNI),NY.ADJ.DMIN.GN.ZS,0
Grenada,GRD,2006,Adjusted savings: mineral depletion (% of GNI),NY.ADJ.DMIN.GN.ZS,0
Grenada,GRD,2005,Adjusted savings: mineral depletion (% of GNI),NY.ADJ.DMIN.GN.ZS,0
Grenada,GRD,2004,Adjusted savings: mineral depletion (% of GNI),NY.ADJ.DMIN.GN.ZS,0
Grenada,GRD,2003,Adjusted savings: mineral depletion (% of GNI),NY.ADJ.DMIN.GN.ZS,0
Grenada,GRD,2002,Adjusted savings: mineral depletion (% of GNI),NY.ADJ.DMIN.GN.ZS,0
Grenada,GRD,2001,Adjusted savings: mineral depletion (% of GNI),NY.ADJ.DMIN.GN.ZS,0
Grenada,GRD,2000,Adjusted savings: mineral depletion (% of GNI),NY.ADJ.DMIN.GN.ZS,0
Grenada,GRD,1999,Adjusted savings: mineral depletion (% of GNI),NY.ADJ.DMIN.GN.ZS,0
Grenada,GRD,1998,Adjusted savings: mineral depletion (% of GNI),NY.ADJ.DMIN.GN.ZS,0
Grenada,GRD,1997,Adjusted savings: mineral depletion (% of GNI),NY.ADJ.DMIN.GN.ZS,0
Grenada,GRD,1996,Adjusted savings: mineral depletion (% of GNI),NY.ADJ.DMIN.GN.ZS,0
Grenada,GRD,1995,Adjusted savings: mineral depletion (% of GNI),NY.ADJ.DMIN.GN.ZS,0
Grenada,GRD,1994,Adjusted savings: mineral depletion (% of GNI),NY.ADJ.DMIN.GN.ZS,0
Grenada,GRD,1993,Adjusted savings: mineral depletion (% of GNI),NY.ADJ.DMIN.GN.ZS,0
Grenada,GRD,1992,Adjusted savings: mineral depletion (% of GNI),NY.ADJ.DMIN.GN.ZS,0
Grenada,GRD,1991,Adjusted savings: mineral depletion (% of GNI),NY.ADJ.DMIN.GN.ZS,0
Grenada,GRD,1990,Adjusted savings: mineral depletion (% of GNI),NY.ADJ.DMIN.GN.ZS,0
Grenada,GRD,1989,Adjusted savings: mineral depletion (% of GNI),NY.ADJ.DMIN.GN.ZS,0
Grenada,GRD,1988,Adjusted savings: mineral depletion (% of GNI),NY.ADJ.DMIN.GN.ZS,0
Grenada,GRD,1987,Adjusted savings: mineral depletion (% of GNI),NY.ADJ.DMIN.GN.ZS,0
Grenada,GRD,1986,Adjusted savings: mineral depletion (% of GNI),NY.ADJ.DMIN.GN.ZS,0
Grenada,GRD,1985,Adjusted savings: mineral depletion (% of GNI),NY.ADJ.DMIN.GN.ZS,0
Grenada,GRD,1984,Adjusted savings: mineral depletion (% of GNI),NY.ADJ.DMIN.GN.ZS,0
Grenada,GRD,1983,Adjusted savings: mineral depletion (% of GNI),NY.ADJ.DMIN.GN.ZS,0
Grenada,GRD,1982,Adjusted savings: mineral depletion (% of GNI),NY.ADJ.DMIN.GN.ZS,0
Grenada,GRD,1981,Adjusted savings: mineral depletion (% of GNI),NY.ADJ.DMIN.GN.ZS,0
Grenada,GRD,1980,Adjusted savings: mineral depletion (% of GNI),NY.ADJ.DMIN.GN.ZS,0
Grenada,GRD,1979,Adjusted savings: mineral depletion (% of GNI),NY.ADJ.DMIN.GN.ZS,0
Grenada,GRD,1978,Adjusted savings: mineral depletion (% of GNI),NY.ADJ.DMIN.GN.ZS,0
Grenada,GRD,1977,Adjusted savings: mineral depletion (% of GNI),NY.ADJ.DMIN.GN.ZS,0
Grenada,GRD,2017,Adjusted savings: energy depletion (current US$),NY.ADJ.DNGY.CD,0
Grenada,GRD,2016,Adjusted savings: energy depletion (current US$),NY.ADJ.DNGY.CD,0
Grenada,GRD,2015,Adjusted savings: energy depletion (current US$),NY.ADJ.DNGY.CD,0
Grenada,GRD,2014,Adjusted savings: energy depletion (current US$),NY.ADJ.DNGY.CD,0
Grenada,GRD,2013,Adjusted savings: energy depletion (current US$),NY.ADJ.DNGY.CD,0
Grenada,GRD,2012,Adjusted savings: energy depletion (current US$),NY.ADJ.DNGY.CD,0
Grenada,GRD,2011,Adjusted savings: energy depletion (current US$),NY.ADJ.DNGY.CD,0
Grenada,GRD,2010,Adjusted savings: energy depletion (current US$),NY.ADJ.DNGY.CD,0
Grenada,GRD,2009,Adjusted savings: energy depletion (current US$),NY.ADJ.DNGY.CD,0
Grenada,GRD,2008,Adjusted savings: energy depletion (current US$),NY.ADJ.DNGY.CD,0
Grenada,GRD,2007,Adjusted savings: energy depletion (current US$),NY.ADJ.DNGY.CD,0
Grenada,GRD,2006,Adjusted savings: energy depletion (current US$),NY.ADJ.DNGY.CD,0
Grenada,GRD,2005,Adjusted savings: energy depletion (current US$),NY.ADJ.DNGY.CD,0
Grenada,GRD,2004,Adjusted savings: energy depletion (current US$),NY.ADJ.DNGY.CD,0
Grenada,GRD,2003,Adjusted savings: energy depletion (current US$),NY.ADJ.DNGY.CD,0
Grenada,GRD,2002,Adjusted savings: energy depletion (current US$),NY.ADJ.DNGY.CD,0
Grenada,GRD,2001,Adjusted savings: energy depletion (current US$),NY.ADJ.DNGY.CD,0
Grenada,GRD,2000,Adjusted savings: energy depletion (current US$),NY.ADJ.DNGY.CD,0
Grenada,GRD,1999,Adjusted savings: energy depletion (current US$),NY.ADJ.DNGY.CD,0
Grenada,GRD,1998,Adjusted savings: energy depletion (current US$),NY.ADJ.DNGY.CD,0
Grenada,GRD,1997,Adjusted savings: energy depletion (current US$),NY.ADJ.DNGY.CD,0
Grenada,GRD,1996,Adjusted savings: energy depletion (current US$),NY.ADJ.DNGY.CD,0
Grenada,GRD,1995,Adjusted savings: energy depletion (current US$),NY.ADJ.DNGY.CD,0
Grenada,GRD,1994,Adjusted savings: energy depletion (current US$),NY.ADJ.DNGY.CD,0
Grenada,GRD,1993,Adjusted savings: energy depletion (current US$),NY.ADJ.DNGY.CD,0
Grenada,GRD,1992,Adjusted savings: energy depletion (current US$),NY.ADJ.DNGY.CD,0
Grenada,GRD,1991,Adjusted savings: energy depletion (current US$),NY.ADJ.DNGY.CD,0
Grenada,GRD,1990,Adjusted savings: energy depletion (current US$),NY.ADJ.DNGY.CD,0
Grenada,GRD,1989,Adjusted savings: energy depletion (current US$),NY.ADJ.DNGY.CD,0
Grenada,GRD,1988,Adjusted savings: energy depletion (current US$),NY.ADJ.DNGY.CD,0
Grenada,GRD,1987,Adjusted savings: energy depletion (current US$),NY.ADJ.DNGY.CD,0
Grenada,GRD,1986,Adjusted savings: energy depletion (current US$),NY.ADJ.DNGY.CD,0
Grenada,GRD,1985,Adjusted savings: energy depletion (current US$),NY.ADJ.DNGY.CD,0
Grenada,GRD,1984,Adjusted savings: energy depletion (current US$),NY.ADJ.DNGY.CD,0
Grenada,GRD,1983,Adjusted savings: energy depletion (current US$),NY.ADJ.DNGY.CD,0
Grenada,GRD,1982,Adjusted savings: energy depletion (current US$),NY.ADJ.DNGY.CD,0
Grenada,GRD,1981,Adjusted savings: energy depletion (current US$),NY.ADJ.DNGY.CD,0
Grenada,GRD,1980,Adjusted savings: energy depletion (current US$),NY.ADJ.DNGY.CD,0
Grenada,GRD,2017,Adjusted savings: energy depletion (% of GNI),NY.ADJ.DNGY.GN.ZS,0
Grenada,GRD,2016,Adjusted savings: energy depletion (% of GNI),NY.ADJ.DNGY.GN.ZS,0
Grenada,GRD,2015,Adjusted savings: energy depletion (% of GNI),NY.ADJ.DNGY.GN.ZS,0
Grenada,GRD,2014,Adjusted savings: energy depletion (% of GNI),NY.ADJ.DNGY.GN.ZS,0
Grenada,GRD,2013,Adjusted savings: energy depletion (% of GNI),NY.ADJ.DNGY.GN.ZS,0
Grenada,GRD,2012,Adjusted savings: energy depletion (% of GNI),NY.ADJ.DNGY.GN.ZS,0
Grenada,GRD,2011,Adjusted savings: energy depletion (% of GNI),NY.ADJ.DNGY.GN.ZS,0
Grenada,GRD,2010,Adjusted savings: energy depletion (% of GNI),NY.ADJ.DNGY.GN.ZS,0
Grenada,GRD,2009,Adjusted savings: energy depletion (% of GNI),NY.ADJ.DNGY.GN.ZS,0
Grenada,GRD,2008,Adjusted savings: energy depletion (% of GNI),NY.ADJ.DNGY.GN.ZS,0
Grenada,GRD,2007,Adjusted savings: energy depletion (% of GNI),NY.ADJ.DNGY.GN.ZS,0
Grenada,GRD,2006,Adjusted savings: energy depletion (% of GNI),NY.ADJ.DNGY.GN.ZS,0
Grenada,GRD,2005,Adjusted savings: energy depletion (% of GNI),NY.ADJ.DNGY.GN.ZS,0
Grenada,GRD,2004,Adjusted savings: energy depletion (% of GNI),NY.ADJ.DNGY.GN.ZS,0
Grenada,GRD,2003,Adjusted savings: energy depletion (% of GNI),NY.ADJ.DNGY.GN.ZS,0
Grenada,GRD,2002,Adjusted savings: energy depletion (% of GNI),NY.ADJ.DNGY.GN.ZS,0
Grenada,GRD,2001,Adjusted savings: energy depletion (% of GNI),NY.ADJ.DNGY.GN.ZS,0
Grenada,GRD,2000,Adjusted savings: energy depletion (% of GNI),NY.ADJ.DNGY.GN.ZS,0
Grenada,GRD,1999,Adjusted savings: energy depletion (% of GNI),NY.ADJ.DNGY.GN.ZS,0
Grenada,GRD,1998,Adjusted savings: energy depletion (% of GNI),NY.ADJ.DNGY.GN.ZS,0
Grenada,GRD,1997,Adjusted savings: energy depletion (% of GNI),NY.ADJ.DNGY.GN.ZS,0
Grenada,GRD,1996,Adjusted savings: energy depletion (% of GNI),NY.ADJ.DNGY.GN.ZS,0
Grenada,GRD,1995,Adjusted savings: energy depletion (% of GNI),NY.ADJ.DNGY.GN.ZS,0
Grenada,GRD,1994,Adjusted savings: energy depletion (% of GNI),NY.ADJ.DNGY.GN.ZS,0
Grenada,GRD,1993,Adjusted savings: energy depletion (% of GNI),NY.ADJ.DNGY.GN.ZS,0
Grenada,GRD,1992,Adjusted savings: energy depletion (% of GNI),NY.ADJ.DNGY.GN.ZS,0
Grenada,GRD,1991,Adjusted savings: energy depletion (% of GNI),NY.ADJ.DNGY.GN.ZS,0
Grenada,GRD,1990,Adjusted savings: energy depletion (% of GNI),NY.ADJ.DNGY.GN.ZS,0
Grenada,GRD,1989,Adjusted savings: energy depletion (% of GNI),NY.ADJ.DNGY.GN.ZS,0
Grenada,GRD,1988,Adjusted savings: energy depletion (% of GNI),NY.ADJ.DNGY.GN.ZS,0
Grenada,GRD,1987,Adjusted savings: energy depletion (% of GNI),NY.ADJ.DNGY.GN.ZS,0
Grenada,GRD,1986,Adjusted savings: energy depletion (% of GNI),NY.ADJ.DNGY.GN.ZS,0
Grenada,GRD,1985,Adjusted savings: energy depletion (% of GNI),NY.ADJ.DNGY.GN.ZS,0
Grenada,GRD,1984,Adjusted savings: energy depletion (% of GNI),NY.ADJ.DNGY.GN.ZS,0
Grenada,GRD,1983,Adjusted savings: energy depletion (% of GNI),NY.ADJ.DNGY.GN.ZS,0
Grenada,GRD,1982,Adjusted savings: energy depletion (% of GNI),NY.ADJ.DNGY.GN.ZS,0
Grenada,GRD,1981,Adjusted savings: energy depletion (% of GNI),NY.ADJ.DNGY.GN.ZS,0
Grenada,GRD,1980,Adjusted savings: energy depletion (% of GNI),NY.ADJ.DNGY.GN.ZS,0
Grenada,GRD,2017,Mineral rents (% of GDP),NY.GDP.MINR.RT.ZS,0
Grenada,GRD,2016,Mineral rents (% of GDP),NY.GDP.MINR.RT.ZS,0
Grenada,GRD,2015,Mineral rents (% of GDP),NY.GDP.MINR.RT.ZS,0
Grenada,GRD,2014,Mineral rents (% of GDP),NY.GDP.MINR.RT.ZS,0
Grenada,GRD,2013,Mineral rents (% of GDP),NY.GDP.MINR.RT.ZS,0
Grenada,GRD,2012,Mineral rents (% of GDP),NY.GDP.MINR.RT.ZS,0
Grenada,GRD,2011,Mineral rents (% of GDP),NY.GDP.MINR.RT.ZS,0
Grenada,GRD,2010,Mineral rents (% of GDP),NY.GDP.MINR.RT.ZS,0
Grenada,GRD,2009,Mineral rents (% of GDP),NY.GDP.MINR.RT.ZS,0
Grenada,GRD,2008,Mineral rents (% of GDP),NY.GDP.MINR.RT.ZS,0
Grenada,GRD,2007,Mineral rents (% of GDP),NY.GDP.MINR.RT.ZS,0
Grenada,GRD,2006,Mineral rents (% of GDP),NY.GDP.MINR.RT.ZS,0
Grenada,GRD,2005,Mineral rents (% of GDP),NY.GDP.MINR.RT.ZS,0
Grenada,GRD,2004,Mineral rents (% of GDP),NY.GDP.MINR.RT.ZS,0
Grenada,GRD,2003,Mineral rents (% of GDP),NY.GDP.MINR.RT.ZS,0
Grenada,GRD,2002,Mineral rents (% of GDP),NY.GDP.MINR.RT.ZS,0
Grenada,GRD,2001,Mineral rents (% of GDP),NY.GDP.MINR.RT.ZS,0
Grenada,GRD,2000,Mineral rents (% of GDP),NY.GDP.MINR.RT.ZS,0
Grenada,GRD,1999,Mineral rents (% of GDP),NY.GDP.MINR.RT.ZS,0
Grenada,GRD,1998,Mineral rents (% of GDP),NY.GDP.MINR.RT.ZS,0
Grenada,GRD,1997,Mineral rents (% of GDP),NY.GDP.MINR.RT.ZS,0
Grenada,GRD,1996,Mineral rents (% of GDP),NY.GDP.MINR.RT.ZS,0
Grenada,GRD,1995,Mineral rents (% of GDP),NY.GDP.MINR.RT.ZS,0
Grenada,GRD,1994,Mineral rents (% of GDP),NY.GDP.MINR.RT.ZS,0
Grenada,GRD,1993,Mineral rents (% of GDP),NY.GDP.MINR.RT.ZS,0
Grenada,GRD,1992,Mineral rents (% of GDP),NY.GDP.MINR.RT.ZS,0
Grenada,GRD,1991,Mineral rents (% of GDP),NY.GDP.MINR.RT.ZS,0
Grenada,GRD,1990,Mineral rents (% of GDP),NY.GDP.MINR.RT.ZS,0
Grenada,GRD,1989,Mineral rents (% of GDP),NY.GDP.MINR.RT.ZS,0
Grenada,GRD,1988,Mineral rents (% of GDP),NY.GDP.MINR.RT.ZS,0
Grenada,GRD,1987,Mineral rents (% of GDP),NY.GDP.MINR.RT.ZS,0
Grenada,GRD,1986,Mineral rents (% of GDP),NY.GDP.MINR.RT.ZS,0
Grenada,GRD,1985,Mineral rents (% of GDP),NY.GDP.MINR.RT.ZS,0
Grenada,GRD,1984,Mineral rents (% of GDP),NY.GDP.MINR.RT.ZS,0
Grenada,GRD,1983,Mineral rents (% of GDP),NY.GDP.MINR.RT.ZS,0
Grenada,GRD,1982,Mineral rents (% of GDP),NY.GDP.MINR.RT.ZS,0
Grenada,GRD,1981,Mineral rents (% of GDP),NY.GDP.MINR.RT.ZS,0
Grenada,GRD,1980,Mineral rents (% of GDP),NY.GDP.MINR.RT.ZS,0
Grenada,GRD,1979,Mineral rents (% of GDP),NY.GDP.MINR.RT.ZS,0
Grenada,GRD,1978,Mineral rents (% of GDP),NY.GDP.MINR.RT.ZS,0
Grenada,GRD,1977,Mineral rents (% of GDP),NY.GDP.MINR.RT.ZS,0
Grenada,GRD,2017,Natural gas rents (% of GDP),NY.GDP.NGAS.RT.ZS,0
Grenada,GRD,2016,Natural gas rents (% of GDP),NY.GDP.NGAS.RT.ZS,0
Grenada,GRD,2015,Natural gas rents (% of GDP),NY.GDP.NGAS.RT.ZS,0
Grenada,GRD,2014,Natural gas rents (% of GDP),NY.GDP.NGAS.RT.ZS,0
Grenada,GRD,2013,Natural gas rents (% of GDP),NY.GDP.NGAS.RT.ZS,0
Grenada,GRD,2012,Natural gas rents (% of GDP),NY.GDP.NGAS.RT.ZS,0
Grenada,GRD,2011,Natural gas rents (% of GDP),NY.GDP.NGAS.RT.ZS,0
Grenada,GRD,2010,Natural gas rents (% of GDP),NY.GDP.NGAS.RT.ZS,0
Grenada,GRD,2009,Natural gas rents (% of GDP),NY.GDP.NGAS.RT.ZS,0
Grenada,GRD,2008,Natural gas rents (% of GDP),NY.GDP.NGAS.RT.ZS,0
Grenada,GRD,2007,Natural gas rents (% of GDP),NY.GDP.NGAS.RT.ZS,0
Grenada,GRD,2006,Natural gas rents (% of GDP),NY.GDP.NGAS.RT.ZS,0
Grenada,GRD,2005,Natural gas rents (% of GDP),NY.GDP.NGAS.RT.ZS,0
Grenada,GRD,2004,Natural gas rents (% of GDP),NY.GDP.NGAS.RT.ZS,0
Grenada,GRD,2003,Natural gas rents (% of GDP),NY.GDP.NGAS.RT.ZS,0
Grenada,GRD,2002,Natural gas rents (% of GDP),NY.GDP.NGAS.RT.ZS,0
Grenada,GRD,2001,Natural gas rents (% of GDP),NY.GDP.NGAS.RT.ZS,0
Grenada,GRD,2000,Natural gas rents (% of GDP),NY.GDP.NGAS.RT.ZS,0
Grenada,GRD,1999,Natural gas rents (% of GDP),NY.GDP.NGAS.RT.ZS,0
Grenada,GRD,1998,Natural gas rents (% of GDP),NY.GDP.NGAS.RT.ZS,0
Grenada,GRD,1997,Natural gas rents (% of GDP),NY.GDP.NGAS.RT.ZS,0
Grenada,GRD,1996,Natural gas rents (% of GDP),NY.GDP.NGAS.RT.ZS,0
Grenada,GRD,1995,Natural gas rents (% of GDP),NY.GDP.NGAS.RT.ZS,0
Grenada,GRD,1994,Natural gas rents (% of GDP),NY.GDP.NGAS.RT.ZS,0
Grenada,GRD,1993,Natural gas rents (% of GDP),NY.GDP.NGAS.RT.ZS,0
Grenada,GRD,1992,Natural gas rents (% of GDP),NY.GDP.NGAS.RT.ZS,0
Grenada,GRD,1991,Natural gas rents (% of GDP),NY.GDP.NGAS.RT.ZS,0
Grenada,GRD,1990,Natural gas rents (% of GDP),NY.GDP.NGAS.RT.ZS,0
Grenada,GRD,1989,Natural gas rents (% of GDP),NY.GDP.NGAS.RT.ZS,0
Grenada,GRD,1988,Natural gas rents (% of GDP),NY.GDP.NGAS.RT.ZS,0
Grenada,GRD,1987,Natural gas rents (% of GDP),NY.GDP.NGAS.RT.ZS,0
Grenada,GRD,1986,Natural gas rents (% of GDP),NY.GDP.NGAS.RT.ZS,0
Grenada,GRD,1985,Natural gas rents (% of GDP),NY.GDP.NGAS.RT.ZS,0
Grenada,GRD,1984,Natural gas rents (% of GDP),NY.GDP.NGAS.RT.ZS,0
Grenada,GRD,1983,Natural gas rents (% of GDP),NY.GDP.NGAS.RT.ZS,0
Grenada,GRD,1982,Natural gas rents (% of GDP),NY.GDP.NGAS.RT.ZS,0
Grenada,GRD,1981,Natural gas rents (% of GDP),NY.GDP.NGAS.RT.ZS,0
Grenada,GRD,1980,Natural gas rents (% of GDP),NY.GDP.NGAS.RT.ZS,0
Grenada,GRD,2017,Oil rents (% of GDP),NY.GDP.PETR.RT.ZS,0
Grenada,GRD,2016,Oil rents (% of GDP),NY.GDP.PETR.RT.ZS,0
Grenada,GRD,2015,Oil rents (% of GDP),NY.GDP.PETR.RT.ZS,0
Grenada,GRD,2014,Oil rents (% of GDP),NY.GDP.PETR.RT.ZS,0
Grenada,GRD,2013,Oil rents (% of GDP),NY.GDP.PETR.RT.ZS,0
Grenada,GRD,2012,Oil rents (% of GDP),NY.GDP.PETR.RT.ZS,0
Grenada,GRD,2011,Oil rents (% of GDP),NY.GDP.PETR.RT.ZS,0
Grenada,GRD,2010,Oil rents (% of GDP),NY.GDP.PETR.RT.ZS,0
Grenada,GRD,2009,Oil rents (% of GDP),NY.GDP.PETR.RT.ZS,0
Grenada,GRD,2008,Oil rents (% of GDP),NY.GDP.PETR.RT.ZS,0
Grenada,GRD,2007,Oil rents (% of GDP),NY.GDP.PETR.RT.ZS,0
Grenada,GRD,2006,Oil rents (% of GDP),NY.GDP.PETR.RT.ZS,0
Grenada,GRD,2005,Oil rents (% of GDP),NY.GDP.PETR.RT.ZS,0
Grenada,GRD,2004,Oil rents (% of GDP),NY.GDP.PETR.RT.ZS,0
Grenada,GRD,2003,Oil rents (% of GDP),NY.GDP.PETR.RT.ZS,0
Grenada,GRD,2002,Oil rents (% of GDP),NY.GDP.PETR.RT.ZS,0
Grenada,GRD,2001,Oil rents (% of GDP),NY.GDP.PETR.RT.ZS,0
Grenada,GRD,2000,Oil rents (% of GDP),NY.GDP.PETR.RT.ZS,0
Grenada,GRD,1999,Oil rents (% of GDP),NY.GDP.PETR.RT.ZS,0
Grenada,GRD,1998,Oil rents (% of GDP),NY.GDP.PETR.RT.ZS,0
Grenada,GRD,1997,Oil rents (% of GDP),NY.GDP.PETR.RT.ZS,0
Grenada,GRD,1996,Oil rents (% of GDP),NY.GDP.PETR.RT.ZS,0
Grenada,GRD,1995,Oil rents (% of GDP),NY.GDP.PETR.RT.ZS,0
Grenada,GRD,1994,Oil rents (% of GDP),NY.GDP.PETR.RT.ZS,0
Grenada,GRD,1993,Oil rents (% of GDP),NY.GDP.PETR.RT.ZS,0
Grenada,GRD,1992,Oil rents (% of GDP),NY.GDP.PETR.RT.ZS,0
Grenada,GRD,1991,Oil rents (% of GDP),NY.GDP.PETR.RT.ZS,0
Grenada,GRD,1990,Oil rents (% of GDP),NY.GDP.PETR.RT.ZS,0
Grenada,GRD,1989,Oil rents (% of GDP),NY.GDP.PETR.RT.ZS,0
Grenada,GRD,1988,Oil rents (% of GDP),NY.GDP.PETR.RT.ZS,0
Grenada,GRD,1987,Oil rents (% of GDP),NY.GDP.PETR.RT.ZS,0
Grenada,GRD,1986,Oil rents (% of GDP),NY.GDP.PETR.RT.ZS,0
Grenada,GRD,1985,Oil rents (% of GDP),NY.GDP.PETR.RT.ZS,0
Grenada,GRD,1984,Oil rents (% of GDP),NY.GDP.PETR.RT.ZS,0
Grenada,GRD,1983,Oil rents (% of GDP),NY.GDP.PETR.RT.ZS,0
Grenada,GRD,1982,Oil rents (% of GDP),NY.GDP.PETR.RT.ZS,0
Grenada,GRD,1981,Oil rents (% of GDP),NY.GDP.PETR.RT.ZS,0
Grenada,GRD,1980,Oil rents (% of GDP),NY.GDP.PETR.RT.ZS,0
Grenada,GRD,2017,Total natural resources rents (% of GDP),NY.GDP.TOTL.RT.ZS,0
Grenada,GRD,2016,Total natural resources rents (% of GDP),NY.GDP.TOTL.RT.ZS,0
Grenada,GRD,2015,Total natural resources rents (% of GDP),NY.GDP.TOTL.RT.ZS,0
Grenada,GRD,2014,Total natural resources rents (% of GDP),NY.GDP.TOTL.RT.ZS,0
Grenada,GRD,2013,Total natural resources rents (% of GDP),NY.GDP.TOTL.RT.ZS,0
Grenada,GRD,2012,Total natural resources rents (% of GDP),NY.GDP.TOTL.RT.ZS,0
Grenada,GRD,2011,Total natural resources rents (% of GDP),NY.GDP.TOTL.RT.ZS,0
Grenada,GRD,2010,Total natural resources rents (% of GDP),NY.GDP.TOTL.RT.ZS,0
Grenada,GRD,2009,Total natural resources rents (% of GDP),NY.GDP.TOTL.RT.ZS,0
Grenada,GRD,2008,Total natural resources rents (% of GDP),NY.GDP.TOTL.RT.ZS,0
Grenada,GRD,2007,Total natural resources rents (% of GDP),NY.GDP.TOTL.RT.ZS,0
Grenada,GRD,2006,Total natural resources rents (% of GDP),NY.GDP.TOTL.RT.ZS,0
Grenada,GRD,2005,Total natural resources rents (% of GDP),NY.GDP.TOTL.RT.ZS,0
Grenada,GRD,2004,Total natural resources rents (% of GDP),NY.GDP.TOTL.RT.ZS,0
Grenada,GRD,2003,Total natural resources rents (% of GDP),NY.GDP.TOTL.RT.ZS,0
Grenada,GRD,2002,Total natural resources rents (% of GDP),NY.GDP.TOTL.RT.ZS,0
Grenada,GRD,2001,Total natural resources rents (% of GDP),NY.GDP.TOTL.RT.ZS,0
Grenada,GRD,2000,Total natural resources rents (% of GDP),NY.GDP.TOTL.RT.ZS,0
Grenada,GRD,1999,Total natural resources rents (% of GDP),NY.GDP.TOTL.RT.ZS,0
Grenada,GRD,1998,Total natural resources rents (% of GDP),NY.GDP.TOTL.RT.ZS,0
Grenada,GRD,1997,Total natural resources rents (% of GDP),NY.GDP.TOTL.RT.ZS,0
Grenada,GRD,1996,Total natural resources rents (% of GDP),NY.GDP.TOTL.RT.ZS,0
Grenada,GRD,1995,Total natural resources rents (% of GDP),NY.GDP.TOTL.RT.ZS,0
Grenada,GRD,1994,Total natural resources rents (% of GDP),NY.GDP.TOTL.RT.ZS,0
Grenada,GRD,1993,Total natural resources rents (% of GDP),NY.GDP.TOTL.RT.ZS,0
Grenada,GRD,1992,Total natural resources rents (% of GDP),NY.GDP.TOTL.RT.ZS,0
Grenada,GRD,1991,Total natural resources rents (% of GDP),NY.GDP.TOTL.RT.ZS,0
Grenada,GRD,1990,Total natural resources rents (% of GDP),NY.GDP.TOTL.RT.ZS,0
Grenada,GRD,1989,Total natural resources rents (% of GDP),NY.GDP.TOTL.RT.ZS,0
Grenada,GRD,1988,Total natural resources rents (% of GDP),NY.GDP.TOTL.RT.ZS,0
Grenada,GRD,1987,Total natural resources rents (% of GDP),NY.GDP.TOTL.RT.ZS,0
Grenada,GRD,1986,Total natural resources rents (% of GDP),NY.GDP.TOTL.RT.ZS,0
Grenada,GRD,1985,Total natural resources rents (% of GDP),NY.GDP.TOTL.RT.ZS,0
Grenada,GRD,1984,Total natural resources rents (% of GDP),NY.GDP.TOTL.RT.ZS,0
Grenada,GRD,1983,Total natural resources rents (% of GDP),NY.GDP.TOTL.RT.ZS,0
Grenada,GRD,1982,Total natural resources rents (% of GDP),NY.GDP.TOTL.RT.ZS,0
Grenada,GRD,1981,Total natural resources rents (% of GDP),NY.GDP.TOTL.RT.ZS,0
Grenada,GRD,1980,Total natural resources rents (% of GDP),NY.GDP.TOTL.RT.ZS,0
Grenada,GRD,1979,Total natural resources rents (% of GDP),NY.GDP.TOTL.RT.ZS,0
Grenada,GRD,1978,Total natural resources rents (% of GDP),NY.GDP.TOTL.RT.ZS,0
Grenada,GRD,1977,Total natural resources rents (% of GDP),NY.GDP.TOTL.RT.ZS,0
Grenada,GRD,2009,Fuel imports (% of merchandise imports),TM.VAL.FUEL.ZS.UN,14.5187993119161
Grenada,GRD,2008,Fuel imports (% of merchandise imports),TM.VAL.FUEL.ZS.UN,19.331105238936
Grenada,GRD,2007,Fuel imports (% of merchandise imports),TM.VAL.FUEL.ZS.UN,16.6756706631232
Grenada,GRD,2006,Fuel imports (% of merchandise imports),TM.VAL.FUEL.ZS.UN,5.90535422931898
Grenada,GRD,2005,Fuel imports (% of merchandise imports),TM.VAL.FUEL.ZS.UN,7.17156748625026
Grenada,GRD,2004,Fuel imports (% of merchandise imports),TM.VAL.FUEL.ZS.UN,6.15383760985107
Grenada,GRD,2003,Fuel imports (% of merchandise imports),TM.VAL.FUEL.ZS.UN,7.35063113908681
Grenada,GRD,2002,Fuel imports (% of merchandise imports),TM.VAL.FUEL.ZS.UN,10.0131186948823
Grenada,GRD,2001,Fuel imports (% of merchandise imports),TM.VAL.FUEL.ZS.UN,8.81832372015339
Grenada,GRD,2000,Fuel imports (% of merchandise imports),TM.VAL.FUEL.ZS.UN,8.77503780658581
Grenada,GRD,1999,Fuel imports (% of merchandise imports),TM.VAL.FUEL.ZS.UN,9.07504811654586
Grenada,GRD,1998,Fuel imports (% of merchandise imports),TM.VAL.FUEL.ZS.UN,5.41784029323991
Grenada,GRD,1997,Fuel imports (% of merchandise imports),TM.VAL.FUEL.ZS.UN,8.00110208007771
Grenada,GRD,1996,Fuel imports (% of merchandise imports),TM.VAL.FUEL.ZS.UN,9.73723180794405
Grenada,GRD,1995,Fuel imports (% of merchandise imports),TM.VAL.FUEL.ZS.UN,7.81469967406488
Grenada,GRD,1994,Fuel imports (% of merchandise imports),TM.VAL.FUEL.ZS.UN,7.68234870489325
Grenada,GRD,1993,Fuel imports (% of merchandise imports),TM.VAL.FUEL.ZS.UN,12.0501275041744
Grenada,GRD,1991,Fuel imports (% of merchandise imports),TM.VAL.FUEL.ZS.UN,7.3729657592291
Grenada,GRD,1990,Fuel imports (% of merchandise imports),TM.VAL.FUEL.ZS.UN,6.8427330008829
Grenada,GRD,1989,Fuel imports (% of merchandise imports),TM.VAL.FUEL.ZS.UN,5.82870734991741
Grenada,GRD,1988,Fuel imports (% of merchandise imports),TM.VAL.FUEL.ZS.UN,5.50529593018022
Grenada,GRD,1987,Fuel imports (% of merchandise imports),TM.VAL.FUEL.ZS.UN,5.84581638203482
Grenada,GRD,1986,Fuel imports (% of merchandise imports),TM.VAL.FUEL.ZS.UN,7.72386423610772
Grenada,GRD,1985,Fuel imports (% of merchandise imports),TM.VAL.FUEL.ZS.UN,9.6847105694998
Grenada,GRD,1984,Fuel imports (% of merchandise imports),TM.VAL.FUEL.ZS.UN,11.5599499750318
Grenada,GRD,1980,Fuel imports (% of merchandise imports),TM.VAL.FUEL.ZS.UN,12.7792982106178
Grenada,GRD,1979,Fuel imports (% of merchandise imports),TM.VAL.FUEL.ZS.UN,9.59843319245809
Grenada,GRD,1978,Fuel imports (% of merchandise imports),TM.VAL.FUEL.ZS.UN,7.59361617881785
Grenada,GRD,1977,Fuel imports (% of merchandise imports),TM.VAL.FUEL.ZS.UN,8.01474640703811
Grenada,GRD,2009,Ores and metals imports (% of merchandise imports),TM.VAL.MMTL.ZS.UN,0.816916025777095
Grenada,GRD,2008,Ores and metals imports (% of merchandise imports),TM.VAL.MMTL.ZS.UN,0.624104781043472
Grenada,GRD,2007,Ores and metals imports (% of merchandise imports),TM.VAL.MMTL.ZS.UN,0.535831935982266
Grenada,GRD,2006,Ores and metals imports (% of merchandise imports),TM.VAL.MMTL.ZS.UN,0.673640046757466
Grenada,GRD,2005,Ores and metals imports (% of merchandise imports),TM.VAL.MMTL.ZS.UN,0.620980551924964
Grenada,GRD,2004,Ores and metals imports (% of merchandise imports),TM.VAL.MMTL.ZS.UN,0.467420810510602
Grenada,GRD,2003,Ores and metals imports (% of merchandise imports),TM.VAL.MMTL.ZS.UN,0.665721553490021
Grenada,GRD,2002,Ores and metals imports (% of merchandise imports),TM.VAL.MMTL.ZS.UN,0.465012075991329
Grenada,GRD,2001,Ores and metals imports (% of merchandise imports),TM.VAL.MMTL.ZS.UN,0.381732150009124
Grenada,GRD,2000,Ores and metals imports (% of merchandise imports),TM.VAL.MMTL.ZS.UN,0.749987109392393
Grenada,GRD,1999,Ores and metals imports (% of merchandise imports),TM.VAL.MMTL.ZS.UN,0.47370049703345
Grenada,GRD,1998,Ores and metals imports (% of merchandise imports),TM.VAL.MMTL.ZS.UN,0.517084021596036
Grenada,GRD,1997,Ores and metals imports (% of merchandise imports),TM.VAL.MMTL.ZS.UN,0.429352925168042
Grenada,GRD,1996,Ores and metals imports (% of merchandise imports),TM.VAL.MMTL.ZS.UN,0.494834207585715
Grenada,GRD,1995,Ores and metals imports (% of merchandise imports),TM.VAL.MMTL.ZS.UN,0.357275337575663
Grenada,GRD,1994,Ores and metals imports (% of merchandise imports),TM.VAL.MMTL.ZS.UN,0.471872559463758
Grenada,GRD,1993,Ores and metals imports (% of merchandise imports),TM.VAL.MMTL.ZS.UN,0.496139354904325
Grenada,GRD,1991,Ores and metals imports (% of merchandise imports),TM.VAL.MMTL.ZS.UN,0.331102759849691
Grenada,GRD,1990,Ores and metals imports (% of merchandise imports),TM.VAL.MMTL.ZS.UN,0.31330622952188
Grenada,GRD,1989,Ores and metals imports (% of merchandise imports),TM.VAL.MMTL.ZS.UN,0.483792248194201
Grenada,GRD,1988,Ores and metals imports (% of merchandise imports),TM.VAL.MMTL.ZS.UN,0.778676289406471
Grenada,GRD,1987,Ores and metals imports (% of merchandise imports),TM.VAL.MMTL.ZS.UN,0.807636605716523
Grenada,GRD,1986,Ores and metals imports (% of merchandise imports),TM.VAL.MMTL.ZS.UN,0.688532422352306
Grenada,GRD,1985,Ores and metals imports (% of merchandise imports),TM.VAL.MMTL.ZS.UN,0.322010115337755
Grenada,GRD,1984,Ores and metals imports (% of merchandise imports),TM.VAL.MMTL.ZS.UN,0.320418841880242
Grenada,GRD,1980,Ores and metals imports (% of merchandise imports),TM.VAL.MMTL.ZS.UN,0.256084103578573
Grenada,GRD,1979,Ores and metals imports (% of merchandise imports),TM.VAL.MMTL.ZS.UN,0.30770310488443
Grenada,GRD,1978,Ores and metals imports (% of merchandise imports),TM.VAL.MMTL.ZS.UN,0.308066565333683
Grenada,GRD,1977,Ores and metals imports (% of merchandise imports),TM.VAL.MMTL.ZS.UN,0.314440621993904
Grenada,GRD,2008,Fuel exports (% of merchandise exports),TX.VAL.FUEL.ZS.UN,0.0338330464248209
Grenada,GRD,2007,Fuel exports (% of merchandise exports),TX.VAL.FUEL.ZS.UN,0.282854061652811
Grenada,GRD,2006,Fuel exports (% of merchandise exports),TX.VAL.FUEL.ZS.UN,0
Grenada,GRD,2005,Fuel exports (% of merchandise exports),TX.VAL.FUEL.ZS.UN,0
Grenada,GRD,2004,Fuel exports (% of merchandise exports),TX.VAL.FUEL.ZS.UN,0
Grenada,GRD,2003,Fuel exports (% of merchandise exports),TX.VAL.FUEL.ZS.UN,0.00343941143140668
Grenada,GRD,2002,Fuel exports (% of merchandise exports),TX.VAL.FUEL.ZS.UN,0
Grenada,GRD,2001,Fuel exports (% of merchandise exports),TX.VAL.FUEL.ZS.UN,0
Grenada,GRD,2000,Fuel exports (% of merchandise exports),TX.VAL.FUEL.ZS.UN,0
Grenada,GRD,1999,Fuel exports (% of merchandise exports),TX.VAL.FUEL.ZS.UN,0
Grenada,GRD,1998,Fuel exports (% of merchandise exports),TX.VAL.FUEL.ZS.UN,0
Grenada,GRD,1997,Fuel exports (% of merchandise exports),TX.VAL.FUEL.ZS.UN,0
Grenada,GRD,1996,Fuel exports (% of merchandise exports),TX.VAL.FUEL.ZS.UN,0.0279110092024674
Grenada,GRD,1995,Fuel exports (% of merchandise exports),TX.VAL.FUEL.ZS.UN,0
Grenada,GRD,1994,Fuel exports (% of merchandise exports),TX.VAL.FUEL.ZS.UN,0.00849068005675349
Grenada,GRD,1993,Fuel exports (% of merchandise exports),TX.VAL.FUEL.ZS.UN,0.000501657647762571
Grenada,GRD,1991,Fuel exports (% of merchandise exports),TX.VAL.FUEL.ZS.UN,0
Grenada,GRD,1990,Fuel exports (% of merchandise exports),TX.VAL.FUEL.ZS.UN,0
Grenada,GRD,1988,Fuel exports (% of merchandise exports),TX.VAL.FUEL.ZS.UN,0
Grenada,GRD,1987,Fuel exports (% of merchandise exports),TX.VAL.FUEL.ZS.UN,0.000348994553403079
Grenada,GRD,1986,Fuel exports (% of merchandise exports),TX.VAL.FUEL.ZS.UN,0
Grenada,GRD,1985,Fuel exports (% of merchandise exports),TX.VAL.FUEL.ZS.UN,0
Grenada,GRD,1984,Fuel exports (% of merchandise exports),TX.VAL.FUEL.ZS.UN,0
Grenada,GRD,1980,Fuel exports (% of merchandise exports),TX.VAL.FUEL.ZS.UN,0
Grenada,GRD,1979,Fuel exports (% of merchandise exports),TX.VAL.FUEL.ZS.UN,0
Grenada,GRD,1978,Fuel exports (% of merchandise exports),TX.VAL.FUEL.ZS.UN,0
Grenada,GRD,1977,Fuel exports (% of merchandise exports),TX.VAL.FUEL.ZS.UN,0
Grenada,GRD,2008,Ores and metals exports (% of merchandise exports),TX.VAL.MMTL.ZS.UN,0.224256905861153
Grenada,GRD,2007,Ores and metals exports (% of merchandise exports),TX.VAL.MMTL.ZS.UN,0.138008981448522
Grenada,GRD,2006,Ores and metals exports (% of merchandise exports),TX.VAL.MMTL.ZS.UN,0.080101458919477
Grenada,GRD,2005,Ores and metals exports (% of merchandise exports),TX.VAL.MMTL.ZS.UN,0.0445847020661989
Grenada,GRD,2004,Ores and metals exports (% of merchandise exports),TX.VAL.MMTL.ZS.UN,0.023615908855153
Grenada,GRD,2003,Ores and metals exports (% of merchandise exports),TX.VAL.MMTL.ZS.UN,0.144868009490849
Grenada,GRD,2002,Ores and metals exports (% of merchandise exports),TX.VAL.MMTL.ZS.UN,0.0115920040094839
Grenada,GRD,2001,Ores and metals exports (% of merchandise exports),TX.VAL.MMTL.ZS.UN,0.0128508069057738
Grenada,GRD,2000,Ores and metals exports (% of merchandise exports),TX.VAL.MMTL.ZS.UN,0.0886411767386317
Grenada,GRD,1999,Ores and metals exports (% of merchandise exports),TX.VAL.MMTL.ZS.UN,1.39514573930222
Grenada,GRD,1998,Ores and metals exports (% of merchandise exports),TX.VAL.MMTL.ZS.UN,0.581975177897161
Grenada,GRD,1997,Ores and metals exports (% of merchandise exports),TX.VAL.MMTL.ZS.UN,0.0285844571201031
Grenada,GRD,1996,Ores and metals exports (% of merchandise exports),TX.VAL.MMTL.ZS.UN,0.053739516245709
Grenada,GRD,1995,Ores and metals exports (% of merchandise exports),TX.VAL.MMTL.ZS.UN,0.185598075639445
Grenada,GRD,1994,Ores and metals exports (% of merchandise exports),TX.VAL.MMTL.ZS.UN,0.109083910465982
Grenada,GRD,1993,Ores and metals exports (% of merchandise exports),TX.VAL.MMTL.ZS.UN,0.0974208126512105
Grenada,GRD,1991,Ores and metals exports (% of merchandise exports),TX.VAL.MMTL.ZS.UN,0
Grenada,GRD,1990,Ores and metals exports (% of merchandise exports),TX.VAL.MMTL.ZS.UN,0
Grenada,GRD,1989,Ores and metals exports (% of merchandise exports),TX.VAL.MMTL.ZS.UN,0.0150150789427
Grenada,GRD,1988,Ores and metals exports (% of merchandise exports),TX.VAL.MMTL.ZS.UN,0.000259437239957991
Grenada,GRD,1987,Ores and metals exports (% of merchandise exports),TX.VAL.MMTL.ZS.UN,0.0502921285754995
Grenada,GRD,1986,Ores and metals exports (% of merchandise exports),TX.VAL.MMTL.ZS.UN,0.00246320127716422
Grenada,GRD,1985,Ores and metals exports (% of merchandise exports),TX.VAL.MMTL.ZS.UN,0.00169544711048157
Grenada,GRD,1984,Ores and metals exports (% of merchandise exports),TX.VAL.MMTL.ZS.UN,0
Grenada,GRD,1980,Ores and metals exports (% of merchandise exports),TX.VAL.MMTL.ZS.UN,0.0031799845130008
Grenada,GRD,1979,Ores and metals exports (% of merchandise exports),TX.VAL.MMTL.ZS.UN,0.00925835435397296
Grenada,GRD,1978,Ores and metals exports (% of merchandise exports),TX.VAL.MMTL.ZS.UN,0.00532605998246752
Grenada,GRD,1977,Ores and metals exports (% of merchandise exports),TX.VAL.MMTL.ZS.UN,0.000643898748385223
