Country Name,Country ISO3,Year,Indicator Name,Indicator Code,Value
#country+name,#country+code,#date+year,#indicator+name,#indicator+code,#indicator+value+num
Mali,MLI,2015,Energy intensity level of primary energy (MJ/$2011 PPP GDP),EG.EGY.PRIM.PP.KD,2.82641942372024
Mali,MLI,2014,Energy intensity level of primary energy (MJ/$2011 PPP GDP),EG.EGY.PRIM.PP.KD,1.96395259538955
Mali,MLI,2013,Energy intensity level of primary energy (MJ/$2011 PPP GDP),EG.EGY.PRIM.PP.KD,1.91032018012027
Mali,MLI,2012,Energy intensity level of primary energy (MJ/$2011 PPP GDP),EG.EGY.PRIM.PP.KD,2.03635224068446
Mali,MLI,2011,Energy intensity level of primary energy (MJ/$2011 PPP GDP),EG.EGY.PRIM.PP.KD,2.26255638045869
Mali,MLI,2010,Energy intensity level of primary energy (MJ/$2011 PPP GDP),EG.EGY.PRIM.PP.KD,2.37255250059149
Mali,MLI,2009,Energy intensity level of primary energy (MJ/$2011 PPP GDP),EG.EGY.PRIM.PP.KD,2.54358895766294
Mali,MLI,2008,Energy intensity level of primary energy (MJ/$2011 PPP GDP),EG.EGY.PRIM.PP.KD,2.95437380762612
Mali,MLI,2007,Energy intensity level of primary energy (MJ/$2011 PPP GDP),EG.EGY.PRIM.PP.KD,3.17873406340591
Mali,MLI,2006,Energy intensity level of primary energy (MJ/$2011 PPP GDP),EG.EGY.PRIM.PP.KD,3.34961078719202
Mali,MLI,2005,Energy intensity level of primary energy (MJ/$2011 PPP GDP),EG.EGY.PRIM.PP.KD,3.69089525126899
Mali,MLI,2004,Energy intensity level of primary energy (MJ/$2011 PPP GDP),EG.EGY.PRIM.PP.KD,4.02383026249761
Mali,MLI,2003,Energy intensity level of primary energy (MJ/$2011 PPP GDP),EG.EGY.PRIM.PP.KD,3.69581803945415
Mali,MLI,2002,Energy intensity level of primary energy (MJ/$2011 PPP GDP),EG.EGY.PRIM.PP.KD,4.15238185678881
Mali,MLI,2001,Energy intensity level of primary energy (MJ/$2011 PPP GDP),EG.EGY.PRIM.PP.KD,4.44263807300206
Mali,MLI,2000,Energy intensity level of primary energy (MJ/$2011 PPP GDP),EG.EGY.PRIM.PP.KD,5.00352885271775
Mali,MLI,1999,Energy intensity level of primary energy (MJ/$2011 PPP GDP),EG.EGY.PRIM.PP.KD,4.91240539921312
Mali,MLI,1998,Energy intensity level of primary energy (MJ/$2011 PPP GDP),EG.EGY.PRIM.PP.KD,5.10036168961191
Mali,MLI,1997,Energy intensity level of primary energy (MJ/$2011 PPP GDP),EG.EGY.PRIM.PP.KD,5.08528413677514
Mali,MLI,1996,Energy intensity level of primary energy (MJ/$2011 PPP GDP),EG.EGY.PRIM.PP.KD,5.22741265880122
Mali,MLI,1995,Energy intensity level of primary energy (MJ/$2011 PPP GDP),EG.EGY.PRIM.PP.KD,5.47405109228568
Mali,MLI,1994,Energy intensity level of primary energy (MJ/$2011 PPP GDP),EG.EGY.PRIM.PP.KD,5.45152979746735
Mali,MLI,1993,Energy intensity level of primary energy (MJ/$2011 PPP GDP),EG.EGY.PRIM.PP.KD,5.53080038796423
Mali,MLI,1992,Energy intensity level of primary energy (MJ/$2011 PPP GDP),EG.EGY.PRIM.PP.KD,5.52916985972682
Mali,MLI,1991,Energy intensity level of primary energy (MJ/$2011 PPP GDP),EG.EGY.PRIM.PP.KD,5.28864007885425
Mali,MLI,1990,Energy intensity level of primary energy (MJ/$2011 PPP GDP),EG.EGY.PRIM.PP.KD,5.69314774356783
Mali,MLI,2017,"Access to electricity, rural (% of rural population)",EG.ELC.ACCS.RU.ZS,11.7110730509287
Mali,MLI,2016,"Access to electricity, rural (% of rural population)",EG.ELC.ACCS.RU.ZS,9.31374639826236
Mali,MLI,2015,"Access to electricity, rural (% of rural population)",EG.ELC.ACCS.RU.ZS,7.27803915451883
Mali,MLI,2014,"Access to electricity, rural (% of rural population)",EG.ELC.ACCS.RU.ZS,2.70529822780276
Mali,MLI,2013,"Access to electricity, rural (% of rural population)",EG.ELC.ACCS.RU.ZS,0.0673395167968285
Mali,MLI,2012,"Access to electricity, rural (% of rural population)",EG.ELC.ACCS.RU.ZS,0
Mali,MLI,2011,"Access to electricity, rural (% of rural population)",EG.ELC.ACCS.RU.ZS,0
Mali,MLI,2010,"Access to electricity, rural (% of rural population)",EG.ELC.ACCS.RU.ZS,0
Mali,MLI,2009,"Access to electricity, rural (% of rural population)",EG.ELC.ACCS.RU.ZS,5.65370486427146
Mali,MLI,2008,"Access to electricity, rural (% of rural population)",EG.ELC.ACCS.RU.ZS,3.39771069606665
Mali,MLI,2007,"Access to electricity, rural (% of rural population)",EG.ELC.ACCS.RU.ZS,3.44992994297756
Mali,MLI,2006,"Access to electricity, rural (% of rural population)",EG.ELC.ACCS.RU.ZS,1.54482907817496
Mali,MLI,2005,"Access to electricity, rural (% of rural population)",EG.ELC.ACCS.RU.ZS,3.32249554446888
Mali,MLI,2004,"Access to electricity, rural (% of rural population)",EG.ELC.ACCS.RU.ZS,3.11144099014182
Mali,MLI,2003,"Access to electricity, rural (% of rural population)",EG.ELC.ACCS.RU.ZS,2.78936271202218
Mali,MLI,2002,"Access to electricity, rural (% of rural population)",EG.ELC.ACCS.RU.ZS,2.36222469169357
Mali,MLI,2001,"Access to electricity, rural (% of rural population)",EG.ELC.ACCS.RU.ZS,0.0595688775532506
Mali,MLI,2000,"Access to electricity, rural (% of rural population)",EG.ELC.ACCS.RU.ZS,1.25036252468401
Mali,MLI,1999,"Access to electricity, rural (% of rural population)",EG.ELC.ACCS.RU.ZS,0.591517931950481
Mali,MLI,1998,"Access to electricity, rural (% of rural population)",EG.ELC.ACCS.RU.ZS,0
Mali,MLI,1997,"Access to electricity, rural (% of rural population)",EG.ELC.ACCS.RU.ZS,0
Mali,MLI,1996,"Access to electricity, rural (% of rural population)",EG.ELC.ACCS.RU.ZS,0
Mali,MLI,2017,"Access to electricity, urban (% of urban population)",EG.ELC.ACCS.UR.ZS,87.1916046142578
Mali,MLI,2016,"Access to electricity, urban (% of urban population)",EG.ELC.ACCS.UR.ZS,83.954833984375
Mali,MLI,2015,"Access to electricity, urban (% of urban population)",EG.ELC.ACCS.UR.ZS,83.1
Mali,MLI,2014,"Access to electricity, urban (% of urban population)",EG.ELC.ACCS.UR.ZS,80.0059051513672
Mali,MLI,2013,"Access to electricity, urban (% of urban population)",EG.ELC.ACCS.UR.ZS,78.3621063232422
Mali,MLI,2012,"Access to electricity, urban (% of urban population)",EG.ELC.ACCS.UR.ZS,76
Mali,MLI,2011,"Access to electricity, urban (% of urban population)",EG.ELC.ACCS.UR.ZS,74.9456100463867
Mali,MLI,2010,"Access to electricity, urban (% of urban population)",EG.ELC.ACCS.UR.ZS,72.7851257324219
Mali,MLI,2009,"Access to electricity, urban (% of urban population)",EG.ELC.ACCS.UR.ZS,57.8616352201258
Mali,MLI,2008,"Access to electricity, urban (% of urban population)",EG.ELC.ACCS.UR.ZS,58.2398300170898
Mali,MLI,2007,"Access to electricity, urban (% of urban population)",EG.ELC.ACCS.UR.ZS,55.0736923217773
Mali,MLI,2006,"Access to electricity, urban (% of urban population)",EG.ELC.ACCS.UR.ZS,47.4
Mali,MLI,2005,"Access to electricity, urban (% of urban population)",EG.ELC.ACCS.UR.ZS,48.7807426452637
Mali,MLI,2004,"Access to electricity, urban (% of urban population)",EG.ELC.ACCS.UR.ZS,45.6541213989258
Mali,MLI,2003,"Access to electricity, urban (% of urban population)",EG.ELC.ACCS.UR.ZS,42.5407409667969
Mali,MLI,2002,"Access to electricity, urban (% of urban population)",EG.ELC.ACCS.UR.ZS,39.4378814697266
Mali,MLI,2001,"Access to electricity, urban (% of urban population)",EG.ELC.ACCS.UR.ZS,37
Mali,MLI,2000,"Access to electricity, urban (% of urban population)",EG.ELC.ACCS.UR.ZS,33.241828918457
Mali,MLI,1999,"Access to electricity, urban (% of urban population)",EG.ELC.ACCS.UR.ZS,30.1375255584717
Mali,MLI,1998,"Access to electricity, urban (% of urban population)",EG.ELC.ACCS.UR.ZS,27.0216293334961
Mali,MLI,1997,"Access to electricity, urban (% of urban population)",EG.ELC.ACCS.UR.ZS,23.8885822296143
Mali,MLI,1996,"Access to electricity, urban (% of urban population)",EG.ELC.ACCS.UR.ZS,21.5
Mali,MLI,2017,Access to electricity (% of population),EG.ELC.ACCS.ZS,43.0898399353027
Mali,MLI,2016,Access to electricity (% of population),EG.ELC.ACCS.ZS,39.7546195983887
Mali,MLI,2015,Access to electricity (% of population),EG.ELC.ACCS.ZS,37.6
Mali,MLI,2014,Access to electricity (% of population),EG.ELC.ACCS.ZS,33.0040435791016
Mali,MLI,2013,Access to electricity (% of population),EG.ELC.ACCS.ZS,30.1309661865234
Mali,MLI,2012,Access to electricity (% of population),EG.ELC.ACCS.ZS,25.6
Mali,MLI,2011,Access to electricity (% of population),EG.ELC.ACCS.ZS,26.8568820953369
Mali,MLI,2010,Access to electricity (% of population),EG.ELC.ACCS.ZS,25.2809181213379
Mali,MLI,2009,Access to electricity (% of population),EG.ELC.ACCS.ZS,24.0308958348372
Mali,MLI,2008,Access to electricity (% of population),EG.ELC.ACCS.ZS,22.265043258667
Mali,MLI,2007,Access to electricity (% of population),EG.ELC.ACCS.ZS,20.8017101287842
Mali,MLI,2006,Access to electricity (% of population),EG.ELC.ACCS.ZS,16.6
Mali,MLI,2005,Access to electricity (% of population),EG.ELC.ACCS.ZS,17.8964080810547
Mali,MLI,2004,Access to electricity (% of population),EG.ELC.ACCS.ZS,16.4273014068604
Mali,MLI,2003,Access to electricity (% of population),EG.ELC.ACCS.ZS,14.9322147369385
Mali,MLI,2002,Access to electricity (% of population),EG.ELC.ACCS.ZS,13.4129943847656
Mali,MLI,2001,Access to electricity (% of population),EG.ELC.ACCS.ZS,10.8
Mali,MLI,2000,Access to electricity (% of population),EG.ELC.ACCS.ZS,10.3218622207642
Mali,MLI,1999,Access to electricity (% of population),EG.ELC.ACCS.ZS,8.75980758666992
Mali,MLI,1998,Access to electricity (% of population),EG.ELC.ACCS.ZS,7.19333076477051
Mali,MLI,1997,Access to electricity (% of population),EG.ELC.ACCS.ZS,5.62735986709595
Mali,MLI,1996,Access to electricity (% of population),EG.ELC.ACCS.ZS,6.2
Mali,MLI,2015,Renewable electricity output (% of total electricity output),EG.ELC.RNEW.ZS,43.5163551401869
Mali,MLI,2014,Renewable electricity output (% of total electricity output),EG.ELC.RNEW.ZS,42.8744112375474
Mali,MLI,2013,Renewable electricity output (% of total electricity output),EG.ELC.RNEW.ZS,64.7933030451541
Mali,MLI,2012,Renewable electricity output (% of total electricity output),EG.ELC.RNEW.ZS,57.4928440366973
Mali,MLI,2011,Renewable electricity output (% of total electricity output),EG.ELC.RNEW.ZS,52.6273499200104
Mali,MLI,2010,Renewable electricity output (% of total electricity output),EG.ELC.RNEW.ZS,53.7956068791505
Mali,MLI,2009,Renewable electricity output (% of total electricity output),EG.ELC.RNEW.ZS,72.4608560165516
Mali,MLI,2008,Renewable electricity output (% of total electricity output),EG.ELC.RNEW.ZS,44.9696151249156
Mali,MLI,2007,Renewable electricity output (% of total electricity output),EG.ELC.RNEW.ZS,46.6997870830376
Mali,MLI,2006,Renewable electricity output (% of total electricity output),EG.ELC.RNEW.ZS,48.7621905476369
Mali,MLI,2005,Renewable electricity output (% of total electricity output),EG.ELC.RNEW.ZS,50.5900865460267
Mali,MLI,2004,Renewable electricity output (% of total electricity output),EG.ELC.RNEW.ZS,51.4883346741754
Mali,MLI,2003,Renewable electricity output (% of total electricity output),EG.ELC.RNEW.ZS,51.5126737530662
Mali,MLI,2002,Renewable electricity output (% of total electricity output),EG.ELC.RNEW.ZS,45.1552210724365
Mali,MLI,2001,Renewable electricity output (% of total electricity output),EG.ELC.RNEW.ZS,38.9189189189189
Mali,MLI,2000,Renewable electricity output (% of total electricity output),EG.ELC.RNEW.ZS,30.359355638166
Mali,MLI,1999,Renewable electricity output (% of total electricity output),EG.ELC.RNEW.ZS,30.6878306878307
Mali,MLI,1998,Renewable electricity output (% of total electricity output),EG.ELC.RNEW.ZS,31.9502074688797
Mali,MLI,1997,Renewable electricity output (% of total electricity output),EG.ELC.RNEW.ZS,58.5677749360614
Mali,MLI,1996,Renewable electricity output (% of total electricity output),EG.ELC.RNEW.ZS,63.2835820895522
Mali,MLI,1995,Renewable electricity output (% of total electricity output),EG.ELC.RNEW.ZS,72.1153846153846
Mali,MLI,1994,Renewable electricity output (% of total electricity output),EG.ELC.RNEW.ZS,78.6231884057971
Mali,MLI,1993,Renewable electricity output (% of total electricity output),EG.ELC.RNEW.ZS,73.5785953177257
Mali,MLI,1992,Renewable electricity output (% of total electricity output),EG.ELC.RNEW.ZS,75.812274368231
Mali,MLI,1991,Renewable electricity output (% of total electricity output),EG.ELC.RNEW.ZS,71.875
Mali,MLI,1990,Renewable electricity output (% of total electricity output),EG.ELC.RNEW.ZS,74.0890688259109
Mali,MLI,2015,Renewable energy consumption (% of total final energy consumption),EG.FEC.RNEW.ZS,61.5269847175779
Mali,MLI,2014,Renewable energy consumption (% of total final energy consumption),EG.FEC.RNEW.ZS,64.5912607109859
Mali,MLI,2013,Renewable energy consumption (% of total final energy consumption),EG.FEC.RNEW.ZS,62.4093974792381
Mali,MLI,2012,Renewable energy consumption (% of total final energy consumption),EG.FEC.RNEW.ZS,64.9286209432907
Mali,MLI,2011,Renewable energy consumption (% of total final energy consumption),EG.FEC.RNEW.ZS,66.6491334951902
Mali,MLI,2010,Renewable energy consumption (% of total final energy consumption),EG.FEC.RNEW.ZS,69.1256840258912
Mali,MLI,2009,Renewable energy consumption (% of total final energy consumption),EG.FEC.RNEW.ZS,72.7071833146201
Mali,MLI,2008,Renewable energy consumption (% of total final energy consumption),EG.FEC.RNEW.ZS,76.2371159488482
Mali,MLI,2007,Renewable energy consumption (% of total final energy consumption),EG.FEC.RNEW.ZS,78.8867474452019
Mali,MLI,2006,Renewable energy consumption (% of total final energy consumption),EG.FEC.RNEW.ZS,82.6659444001049
Mali,MLI,2005,Renewable energy consumption (% of total final energy consumption),EG.FEC.RNEW.ZS,85.7959744885054
Mali,MLI,2004,Renewable energy consumption (% of total final energy consumption),EG.FEC.RNEW.ZS,85.8442084296279
Mali,MLI,2003,Renewable energy consumption (% of total final energy consumption),EG.FEC.RNEW.ZS,86.4413177549092
Mali,MLI,2002,Renewable energy consumption (% of total final energy consumption),EG.FEC.RNEW.ZS,85.9113617405033
Mali,MLI,2001,Renewable energy consumption (% of total final energy consumption),EG.FEC.RNEW.ZS,85.329913307474
Mali,MLI,2000,Renewable energy consumption (% of total final energy consumption),EG.FEC.RNEW.ZS,85.3884757534469
Mali,MLI,1999,Renewable energy consumption (% of total final energy consumption),EG.FEC.RNEW.ZS,85.315378165726
Mali,MLI,1998,Renewable energy consumption (% of total final energy consumption),EG.FEC.RNEW.ZS,85.59891347711
Mali,MLI,1997,Renewable energy consumption (% of total final energy consumption),EG.FEC.RNEW.ZS,87.7287732783496
Mali,MLI,1996,Renewable energy consumption (% of total final energy consumption),EG.FEC.RNEW.ZS,87.8527926055319
Mali,MLI,1995,Renewable energy consumption (% of total final energy consumption),EG.FEC.RNEW.ZS,88.0724996026455
Mali,MLI,1994,Renewable energy consumption (% of total final energy consumption),EG.FEC.RNEW.ZS,87.7995424195127
Mali,MLI,1993,Renewable energy consumption (% of total final energy consumption),EG.FEC.RNEW.ZS,87.4989634238096
Mali,MLI,1992,Renewable energy consumption (% of total final energy consumption),EG.FEC.RNEW.ZS,87.9773668460456
Mali,MLI,1991,Renewable energy consumption (% of total final energy consumption),EG.FEC.RNEW.ZS,88.6248751549898
Mali,MLI,1990,Renewable energy consumption (% of total final energy consumption),EG.FEC.RNEW.ZS,88.6375668252837
Mali,MLI,2014,CO2 emissions from gaseous fuel consumption (% of total),EN.ATM.CO2E.GF.ZS,0
Mali,MLI,2013,CO2 emissions from gaseous fuel consumption (% of total),EN.ATM.CO2E.GF.ZS,0
Mali,MLI,2012,CO2 emissions from gaseous fuel consumption (% of total),EN.ATM.CO2E.GF.ZS,0
Mali,MLI,2011,CO2 emissions from gaseous fuel consumption (% of total),EN.ATM.CO2E.GF.ZS,0
Mali,MLI,2010,CO2 emissions from gaseous fuel consumption (% of total),EN.ATM.CO2E.GF.ZS,0
Mali,MLI,2009,CO2 emissions from gaseous fuel consumption (% of total),EN.ATM.CO2E.GF.ZS,0
Mali,MLI,2008,CO2 emissions from gaseous fuel consumption (% of total),EN.ATM.CO2E.GF.ZS,0
Mali,MLI,2007,CO2 emissions from gaseous fuel consumption (% of total),EN.ATM.CO2E.GF.ZS,0
Mali,MLI,2006,CO2 emissions from gaseous fuel consumption (% of total),EN.ATM.CO2E.GF.ZS,0
Mali,MLI,2005,CO2 emissions from gaseous fuel consumption (% of total),EN.ATM.CO2E.GF.ZS,0
Mali,MLI,2004,CO2 emissions from gaseous fuel consumption (% of total),EN.ATM.CO2E.GF.ZS,0
Mali,MLI,2003,CO2 emissions from gaseous fuel consumption (% of total),EN.ATM.CO2E.GF.ZS,0
Mali,MLI,2002,CO2 emissions from gaseous fuel consumption (% of total),EN.ATM.CO2E.GF.ZS,0
Mali,MLI,2001,CO2 emissions from gaseous fuel consumption (% of total),EN.ATM.CO2E.GF.ZS,0
Mali,MLI,2000,CO2 emissions from gaseous fuel consumption (% of total),EN.ATM.CO2E.GF.ZS,0
Mali,MLI,1999,CO2 emissions from gaseous fuel consumption (% of total),EN.ATM.CO2E.GF.ZS,0
Mali,MLI,1998,CO2 emissions from gaseous fuel consumption (% of total),EN.ATM.CO2E.GF.ZS,0
Mali,MLI,1997,CO2 emissions from gaseous fuel consumption (% of total),EN.ATM.CO2E.GF.ZS,0
Mali,MLI,1996,CO2 emissions from gaseous fuel consumption (% of total),EN.ATM.CO2E.GF.ZS,0
Mali,MLI,1995,CO2 emissions from gaseous fuel consumption (% of total),EN.ATM.CO2E.GF.ZS,0
Mali,MLI,1994,CO2 emissions from gaseous fuel consumption (% of total),EN.ATM.CO2E.GF.ZS,0
Mali,MLI,1993,CO2 emissions from gaseous fuel consumption (% of total),EN.ATM.CO2E.GF.ZS,0
Mali,MLI,1992,CO2 emissions from gaseous fuel consumption (% of total),EN.ATM.CO2E.GF.ZS,0
Mali,MLI,1991,CO2 emissions from gaseous fuel consumption (% of total),EN.ATM.CO2E.GF.ZS,0
Mali,MLI,1990,CO2 emissions from gaseous fuel consumption (% of total),EN.ATM.CO2E.GF.ZS,0
Mali,MLI,1989,CO2 emissions from gaseous fuel consumption (% of total),EN.ATM.CO2E.GF.ZS,0
Mali,MLI,1988,CO2 emissions from gaseous fuel consumption (% of total),EN.ATM.CO2E.GF.ZS,0
Mali,MLI,1987,CO2 emissions from gaseous fuel consumption (% of total),EN.ATM.CO2E.GF.ZS,0
Mali,MLI,1986,CO2 emissions from gaseous fuel consumption (% of total),EN.ATM.CO2E.GF.ZS,0
Mali,MLI,1985,CO2 emissions from gaseous fuel consumption (% of total),EN.ATM.CO2E.GF.ZS,0
Mali,MLI,1984,CO2 emissions from gaseous fuel consumption (% of total),EN.ATM.CO2E.GF.ZS,0
Mali,MLI,1983,CO2 emissions from gaseous fuel consumption (% of total),EN.ATM.CO2E.GF.ZS,0
Mali,MLI,1982,CO2 emissions from gaseous fuel consumption (% of total),EN.ATM.CO2E.GF.ZS,0
Mali,MLI,1981,CO2 emissions from gaseous fuel consumption (% of total),EN.ATM.CO2E.GF.ZS,0
Mali,MLI,1980,CO2 emissions from gaseous fuel consumption (% of total),EN.ATM.CO2E.GF.ZS,0
Mali,MLI,1979,CO2 emissions from gaseous fuel consumption (% of total),EN.ATM.CO2E.GF.ZS,0
Mali,MLI,1978,CO2 emissions from gaseous fuel consumption (% of total),EN.ATM.CO2E.GF.ZS,0
Mali,MLI,1977,CO2 emissions from gaseous fuel consumption (% of total),EN.ATM.CO2E.GF.ZS,0
Mali,MLI,1976,CO2 emissions from gaseous fuel consumption (% of total),EN.ATM.CO2E.GF.ZS,0
Mali,MLI,1975,CO2 emissions from gaseous fuel consumption (% of total),EN.ATM.CO2E.GF.ZS,0
Mali,MLI,1974,CO2 emissions from gaseous fuel consumption (% of total),EN.ATM.CO2E.GF.ZS,0
Mali,MLI,1973,CO2 emissions from gaseous fuel consumption (% of total),EN.ATM.CO2E.GF.ZS,0
Mali,MLI,1972,CO2 emissions from gaseous fuel consumption (% of total),EN.ATM.CO2E.GF.ZS,0
Mali,MLI,1971,CO2 emissions from gaseous fuel consumption (% of total),EN.ATM.CO2E.GF.ZS,0
Mali,MLI,1970,CO2 emissions from gaseous fuel consumption (% of total),EN.ATM.CO2E.GF.ZS,0
Mali,MLI,1969,CO2 emissions from gaseous fuel consumption (% of total),EN.ATM.CO2E.GF.ZS,0
Mali,MLI,1968,CO2 emissions from gaseous fuel consumption (% of total),EN.ATM.CO2E.GF.ZS,0
Mali,MLI,1967,CO2 emissions from gaseous fuel consumption (% of total),EN.ATM.CO2E.GF.ZS,0
Mali,MLI,1966,CO2 emissions from gaseous fuel consumption (% of total),EN.ATM.CO2E.GF.ZS,0
Mali,MLI,1965,CO2 emissions from gaseous fuel consumption (% of total),EN.ATM.CO2E.GF.ZS,0
Mali,MLI,1964,CO2 emissions from gaseous fuel consumption (% of total),EN.ATM.CO2E.GF.ZS,0
Mali,MLI,1963,CO2 emissions from gaseous fuel consumption (% of total),EN.ATM.CO2E.GF.ZS,0
Mali,MLI,1962,CO2 emissions from gaseous fuel consumption (% of total),EN.ATM.CO2E.GF.ZS,0
Mali,MLI,1961,CO2 emissions from gaseous fuel consumption (% of total),EN.ATM.CO2E.GF.ZS,0
Mali,MLI,1960,CO2 emissions from gaseous fuel consumption (% of total),EN.ATM.CO2E.GF.ZS,0
Mali,MLI,2014,CO2 emissions from liquid fuel consumption (kt),EN.ATM.CO2E.LF.KT,1411.795
Mali,MLI,2013,CO2 emissions from liquid fuel consumption (kt),EN.ATM.CO2E.LF.KT,1026.76
Mali,MLI,2012,CO2 emissions from liquid fuel consumption (kt),EN.ATM.CO2E.LF.KT,993.757
Mali,MLI,2011,CO2 emissions from liquid fuel consumption (kt),EN.ATM.CO2E.LF.KT,1045.095
Mali,MLI,2010,CO2 emissions from liquid fuel consumption (kt),EN.ATM.CO2E.LF.KT,964.421
Mali,MLI,2009,CO2 emissions from liquid fuel consumption (kt),EN.ATM.CO2E.LF.KT,806.74
Mali,MLI,2008,CO2 emissions from liquid fuel consumption (kt),EN.ATM.CO2E.LF.KT,1070.764
Mali,MLI,2007,CO2 emissions from liquid fuel consumption (kt),EN.ATM.CO2E.LF.KT,1008.425
Mali,MLI,2006,CO2 emissions from liquid fuel consumption (kt),EN.ATM.CO2E.LF.KT,942.419
Mali,MLI,2005,CO2 emissions from liquid fuel consumption (kt),EN.ATM.CO2E.LF.KT,898.415
Mali,MLI,2004,CO2 emissions from liquid fuel consumption (kt),EN.ATM.CO2E.LF.KT,876.413
Mali,MLI,2003,CO2 emissions from liquid fuel consumption (kt),EN.ATM.CO2E.LF.KT,843.41
Mali,MLI,2002,CO2 emissions from liquid fuel consumption (kt),EN.ATM.CO2E.LF.KT,847.077
Mali,MLI,2001,CO2 emissions from liquid fuel consumption (kt),EN.ATM.CO2E.LF.KT,828.742
Mali,MLI,2000,CO2 emissions from liquid fuel consumption (kt),EN.ATM.CO2E.LF.KT,821.408
Mali,MLI,1999,CO2 emissions from liquid fuel consumption (kt),EN.ATM.CO2E.LF.KT,795.739
Mali,MLI,1998,CO2 emissions from liquid fuel consumption (kt),EN.ATM.CO2E.LF.KT,762.736
Mali,MLI,1997,CO2 emissions from liquid fuel consumption (kt),EN.ATM.CO2E.LF.KT,509.713
Mali,MLI,1996,CO2 emissions from liquid fuel consumption (kt),EN.ATM.CO2E.LF.KT,480.377
Mali,MLI,1995,CO2 emissions from liquid fuel consumption (kt),EN.ATM.CO2E.LF.KT,462.042
Mali,MLI,1994,CO2 emissions from liquid fuel consumption (kt),EN.ATM.CO2E.LF.KT,454.708
Mali,MLI,1993,CO2 emissions from liquid fuel consumption (kt),EN.ATM.CO2E.LF.KT,443.707
Mali,MLI,1992,CO2 emissions from liquid fuel consumption (kt),EN.ATM.CO2E.LF.KT,432.706
Mali,MLI,1991,CO2 emissions from liquid fuel consumption (kt),EN.ATM.CO2E.LF.KT,425.372
Mali,MLI,1990,CO2 emissions from liquid fuel consumption (kt),EN.ATM.CO2E.LF.KT,410.704
Mali,MLI,1989,CO2 emissions from liquid fuel consumption (kt),EN.ATM.CO2E.LF.KT,407.037
Mali,MLI,1988,CO2 emissions from liquid fuel consumption (kt),EN.ATM.CO2E.LF.KT,374.034
Mali,MLI,1987,CO2 emissions from liquid fuel consumption (kt),EN.ATM.CO2E.LF.KT,348.365
Mali,MLI,1986,CO2 emissions from liquid fuel consumption (kt),EN.ATM.CO2E.LF.KT,370.367
Mali,MLI,1985,CO2 emissions from liquid fuel consumption (kt),EN.ATM.CO2E.LF.KT,396.036
Mali,MLI,1984,CO2 emissions from liquid fuel consumption (kt),EN.ATM.CO2E.LF.KT,425.372
Mali,MLI,1983,CO2 emissions from liquid fuel consumption (kt),EN.ATM.CO2E.LF.KT,407.037
Mali,MLI,1982,CO2 emissions from liquid fuel consumption (kt),EN.ATM.CO2E.LF.KT,352.032
Mali,MLI,1981,CO2 emissions from liquid fuel consumption (kt),EN.ATM.CO2E.LF.KT,385.035
Mali,MLI,1980,CO2 emissions from liquid fuel consumption (kt),EN.ATM.CO2E.LF.KT,381.368
Mali,MLI,1979,CO2 emissions from liquid fuel consumption (kt),EN.ATM.CO2E.LF.KT,414.371
Mali,MLI,1978,CO2 emissions from liquid fuel consumption (kt),EN.ATM.CO2E.LF.KT,377.701
Mali,MLI,1977,CO2 emissions from liquid fuel consumption (kt),EN.ATM.CO2E.LF.KT,396.036
Mali,MLI,1976,CO2 emissions from liquid fuel consumption (kt),EN.ATM.CO2E.LF.KT,315.362
Mali,MLI,1975,CO2 emissions from liquid fuel consumption (kt),EN.ATM.CO2E.LF.KT,315.362
Mali,MLI,1974,CO2 emissions from liquid fuel consumption (kt),EN.ATM.CO2E.LF.KT,282.359
Mali,MLI,1973,CO2 emissions from liquid fuel consumption (kt),EN.ATM.CO2E.LF.KT,245.689
Mali,MLI,1972,CO2 emissions from liquid fuel consumption (kt),EN.ATM.CO2E.LF.KT,245.689
Mali,MLI,1971,CO2 emissions from liquid fuel consumption (kt),EN.ATM.CO2E.LF.KT,227.354
Mali,MLI,1970,CO2 emissions from liquid fuel consumption (kt),EN.ATM.CO2E.LF.KT,201.685
Mali,MLI,1969,CO2 emissions from liquid fuel consumption (kt),EN.ATM.CO2E.LF.KT,161.348
Mali,MLI,1968,CO2 emissions from liquid fuel consumption (kt),EN.ATM.CO2E.LF.KT,198.018
Mali,MLI,1967,CO2 emissions from liquid fuel consumption (kt),EN.ATM.CO2E.LF.KT,223.687
Mali,MLI,1966,CO2 emissions from liquid fuel consumption (kt),EN.ATM.CO2E.LF.KT,190.684
Mali,MLI,1965,CO2 emissions from liquid fuel consumption (kt),EN.ATM.CO2E.LF.KT,198.018
Mali,MLI,1964,CO2 emissions from liquid fuel consumption (kt),EN.ATM.CO2E.LF.KT,176.016
Mali,MLI,1963,CO2 emissions from liquid fuel consumption (kt),EN.ATM.CO2E.LF.KT,176.016
Mali,MLI,1962,CO2 emissions from liquid fuel consumption (kt),EN.ATM.CO2E.LF.KT,139.346
Mali,MLI,1961,CO2 emissions from liquid fuel consumption (kt),EN.ATM.CO2E.LF.KT,117.344
Mali,MLI,1960,CO2 emissions from liquid fuel consumption (kt),EN.ATM.CO2E.LF.KT,121.011
Mali,MLI,2008,Methane emissions in energy sector (thousand metric tons of CO2 equivalent),EN.ATM.METH.EG.KT.CE,706.171661660047
Mali,MLI,2007,Methane emissions in energy sector (thousand metric tons of CO2 equivalent),EN.ATM.METH.EG.KT.CE,692.622084231283
Mali,MLI,2006,Methane emissions in energy sector (thousand metric tons of CO2 equivalent),EN.ATM.METH.EG.KT.CE,678.807441611715
Mali,MLI,2005,Methane emissions in energy sector (thousand metric tons of CO2 equivalent),EN.ATM.METH.EG.KT.CE,664.634709771723
Mali,MLI,2004,Methane emissions in energy sector (thousand metric tons of CO2 equivalent),EN.ATM.METH.EG.KT.CE,654.42448045093
Mali,MLI,2003,Methane emissions in energy sector (thousand metric tons of CO2 equivalent),EN.ATM.METH.EG.KT.CE,639.082065517237
Mali,MLI,2002,Methane emissions in energy sector (thousand metric tons of CO2 equivalent),EN.ATM.METH.EG.KT.CE,623.696268006741
Mali,MLI,2001,Methane emissions in energy sector (thousand metric tons of CO2 equivalent),EN.ATM.METH.EG.KT.CE,611.718551719077
Mali,MLI,2000,Methane emissions in energy sector (thousand metric tons of CO2 equivalent),EN.ATM.METH.EG.KT.CE,595.025058186204
Mali,MLI,1999,Methane emissions in energy sector (thousand metric tons of CO2 equivalent),EN.ATM.METH.EG.KT.CE,589.301503475635
Mali,MLI,1998,Methane emissions in energy sector (thousand metric tons of CO2 equivalent),EN.ATM.METH.EG.KT.CE,573.400568366598
Mali,MLI,1997,Methane emissions in energy sector (thousand metric tons of CO2 equivalent),EN.ATM.METH.EG.KT.CE,562.629878136294
Mali,MLI,1996,Methane emissions in energy sector (thousand metric tons of CO2 equivalent),EN.ATM.METH.EG.KT.CE,550.513965469584
Mali,MLI,1995,Methane emissions in energy sector (thousand metric tons of CO2 equivalent),EN.ATM.METH.EG.KT.CE,538.065585136692
Mali,MLI,1994,Methane emissions in energy sector (thousand metric tons of CO2 equivalent),EN.ATM.METH.EG.KT.CE,527.226231135632
Mali,MLI,1993,Methane emissions in energy sector (thousand metric tons of CO2 equivalent),EN.ATM.METH.EG.KT.CE,498.57012563853
Mali,MLI,1992,Methane emissions in energy sector (thousand metric tons of CO2 equivalent),EN.ATM.METH.EG.KT.CE,479.272682393939
Mali,MLI,1991,Methane emissions in energy sector (thousand metric tons of CO2 equivalent),EN.ATM.METH.EG.KT.CE,468.808385531867
Mali,MLI,1990,Methane emissions in energy sector (thousand metric tons of CO2 equivalent),EN.ATM.METH.EG.KT.CE,448.83015366565
Mali,MLI,1989,Methane emissions in energy sector (thousand metric tons of CO2 equivalent),EN.ATM.METH.EG.KT.CE,438.343992733009
Mali,MLI,1988,Methane emissions in energy sector (thousand metric tons of CO2 equivalent),EN.ATM.METH.EG.KT.CE,432.006964886059
Mali,MLI,1987,Methane emissions in energy sector (thousand metric tons of CO2 equivalent),EN.ATM.METH.EG.KT.CE,307.294859845451
Mali,MLI,1986,Methane emissions in energy sector (thousand metric tons of CO2 equivalent),EN.ATM.METH.EG.KT.CE,301.040781683624
Mali,MLI,1985,Methane emissions in energy sector (thousand metric tons of CO2 equivalent),EN.ATM.METH.EG.KT.CE,304.678752574614
Mali,MLI,1984,Methane emissions in energy sector (thousand metric tons of CO2 equivalent),EN.ATM.METH.EG.KT.CE,294.464115986711
Mali,MLI,1983,Methane emissions in energy sector (thousand metric tons of CO2 equivalent),EN.ATM.METH.EG.KT.CE,282.919968303002
Mali,MLI,1982,Methane emissions in energy sector (thousand metric tons of CO2 equivalent),EN.ATM.METH.EG.KT.CE,272.494760260621
Mali,MLI,1981,Methane emissions in energy sector (thousand metric tons of CO2 equivalent),EN.ATM.METH.EG.KT.CE,264.534916595058
Mali,MLI,1980,Methane emissions in energy sector (thousand metric tons of CO2 equivalent),EN.ATM.METH.EG.KT.CE,256.6387744375
Mali,MLI,1979,Methane emissions in energy sector (thousand metric tons of CO2 equivalent),EN.ATM.METH.EG.KT.CE,250.279126924658
Mali,MLI,1978,Methane emissions in energy sector (thousand metric tons of CO2 equivalent),EN.ATM.METH.EG.KT.CE,335.015174894632
Mali,MLI,1977,Methane emissions in energy sector (thousand metric tons of CO2 equivalent),EN.ATM.METH.EG.KT.CE,329.916617422138
Mali,MLI,1976,Methane emissions in energy sector (thousand metric tons of CO2 equivalent),EN.ATM.METH.EG.KT.CE,328.484057083976
Mali,MLI,1975,Methane emissions in energy sector (thousand metric tons of CO2 equivalent),EN.ATM.METH.EG.KT.CE,329.796189812909
Mali,MLI,1974,Methane emissions in energy sector (thousand metric tons of CO2 equivalent),EN.ATM.METH.EG.KT.CE,330.409024790415
Mali,MLI,1973,Methane emissions in energy sector (thousand metric tons of CO2 equivalent),EN.ATM.METH.EG.KT.CE,320.830485299832
Mali,MLI,1972,Methane emissions in energy sector (thousand metric tons of CO2 equivalent),EN.ATM.METH.EG.KT.CE,310.608658708233
Mali,MLI,1971,Methane emissions in energy sector (thousand metric tons of CO2 equivalent),EN.ATM.METH.EG.KT.CE,307.676472491077
Mali,MLI,1970,Methane emissions in energy sector (thousand metric tons of CO2 equivalent),EN.ATM.METH.EG.KT.CE,302.520946293428
Mali,MLI,1969,Methane emissions in energy sector (thousand metric tons of CO2 equivalent),EN.ATM.METH.EG.KT.CE,0
Mali,MLI,2008,Energy related methane emissions (% of total),EN.ATM.METH.EG.ZS,4.04963706444037
Mali,MLI,2007,Energy related methane emissions (% of total),EN.ATM.METH.EG.ZS,4.17305066565014
Mali,MLI,2006,Energy related methane emissions (% of total),EN.ATM.METH.EG.ZS,4.76881505667096
Mali,MLI,2005,Energy related methane emissions (% of total),EN.ATM.METH.EG.ZS,4.85648832539347
Mali,MLI,2004,Energy related methane emissions (% of total),EN.ATM.METH.EG.ZS,4.85157781917673
Mali,MLI,2003,Energy related methane emissions (% of total),EN.ATM.METH.EG.ZS,5.06657099437308
Mali,MLI,2002,Energy related methane emissions (% of total),EN.ATM.METH.EG.ZS,5.19517436471176
Mali,MLI,2001,Energy related methane emissions (% of total),EN.ATM.METH.EG.ZS,4.927134678333
Mali,MLI,2000,Energy related methane emissions (% of total),EN.ATM.METH.EG.ZS,5.09164627115686
Mali,MLI,1999,Energy related methane emissions (% of total),EN.ATM.METH.EG.ZS,5.05755716643325
Mali,MLI,1998,Energy related methane emissions (% of total),EN.ATM.METH.EG.ZS,4.96627000378141
Mali,MLI,1997,Energy related methane emissions (% of total),EN.ATM.METH.EG.ZS,5.14221103456865
Mali,MLI,1996,Energy related methane emissions (% of total),EN.ATM.METH.EG.ZS,5.18277128101661
Mali,MLI,1995,Energy related methane emissions (% of total),EN.ATM.METH.EG.ZS,5.16060754562161
Mali,MLI,1994,Energy related methane emissions (% of total),EN.ATM.METH.EG.ZS,5.41091150783303
Mali,MLI,1993,Energy related methane emissions (% of total),EN.ATM.METH.EG.ZS,5.29897113065871
Mali,MLI,1992,Energy related methane emissions (% of total),EN.ATM.METH.EG.ZS,5.09354117888179
Mali,MLI,1991,Energy related methane emissions (% of total),EN.ATM.METH.EG.ZS,5.2744081645193
Mali,MLI,1990,Energy related methane emissions (% of total),EN.ATM.METH.EG.ZS,4.75492441328248
Mali,MLI,1989,Energy related methane emissions (% of total),EN.ATM.METH.EG.ZS,5.10901152626756
Mali,MLI,1988,Energy related methane emissions (% of total),EN.ATM.METH.EG.ZS,5.27649828010987
Mali,MLI,1987,Energy related methane emissions (% of total),EN.ATM.METH.EG.ZS,3.93956657434599
Mali,MLI,1986,Energy related methane emissions (% of total),EN.ATM.METH.EG.ZS,3.93330208480702
Mali,MLI,1985,Energy related methane emissions (% of total),EN.ATM.METH.EG.ZS,4.11400035883031
Mali,MLI,1984,Energy related methane emissions (% of total),EN.ATM.METH.EG.ZS,3.66050850580484
Mali,MLI,1983,Energy related methane emissions (% of total),EN.ATM.METH.EG.ZS,3.21426547235235
Mali,MLI,1982,Energy related methane emissions (% of total),EN.ATM.METH.EG.ZS,2.7621146168911
Mali,MLI,1981,Energy related methane emissions (% of total),EN.ATM.METH.EG.ZS,2.93359870777958
Mali,MLI,1980,Energy related methane emissions (% of total),EN.ATM.METH.EG.ZS,2.77161772182281
Mali,MLI,1979,Energy related methane emissions (% of total),EN.ATM.METH.EG.ZS,3.02473317676233
Mali,MLI,1978,Energy related methane emissions (% of total),EN.ATM.METH.EG.ZS,4.5574033349789
Mali,MLI,1977,Energy related methane emissions (% of total),EN.ATM.METH.EG.ZS,4.300554617449
Mali,MLI,1976,Energy related methane emissions (% of total),EN.ATM.METH.EG.ZS,4.54953985900556
Mali,MLI,1975,Energy related methane emissions (% of total),EN.ATM.METH.EG.ZS,4.64246667060218
Mali,MLI,1974,Energy related methane emissions (% of total),EN.ATM.METH.EG.ZS,5.09119719668858
Mali,MLI,1973,Energy related methane emissions (% of total),EN.ATM.METH.EG.ZS,4.29909196073608
Mali,MLI,1972,Energy related methane emissions (% of total),EN.ATM.METH.EG.ZS,4.10077998078038
Mali,MLI,1971,Energy related methane emissions (% of total),EN.ATM.METH.EG.ZS,3.68911767939604
Mali,MLI,1970,Energy related methane emissions (% of total),EN.ATM.METH.EG.ZS,3.65333899664433
Mali,MLI,2008,Nitrous oxide emissions in energy sector (thousand metric tons of CO2 equivalent),EN.ATM.NOXE.EG.KT.CE,145.692807721
Mali,MLI,2007,Nitrous oxide emissions in energy sector (thousand metric tons of CO2 equivalent),EN.ATM.NOXE.EG.KT.CE,143.170912399
Mali,MLI,2006,Nitrous oxide emissions in energy sector (thousand metric tons of CO2 equivalent),EN.ATM.NOXE.EG.KT.CE,141.443955037
Mali,MLI,2005,Nitrous oxide emissions in energy sector (thousand metric tons of CO2 equivalent),EN.ATM.NOXE.EG.KT.CE,138.441819774
Mali,MLI,2004,Nitrous oxide emissions in energy sector (thousand metric tons of CO2 equivalent),EN.ATM.NOXE.EG.KT.CE,136.647962862
Mali,MLI,2003,Nitrous oxide emissions in energy sector (thousand metric tons of CO2 equivalent),EN.ATM.NOXE.EG.KT.CE,133.298101498
Mali,MLI,2002,Nitrous oxide emissions in energy sector (thousand metric tons of CO2 equivalent),EN.ATM.NOXE.EG.KT.CE,129.715740878
Mali,MLI,2001,Nitrous oxide emissions in energy sector (thousand metric tons of CO2 equivalent),EN.ATM.NOXE.EG.KT.CE,126.649336694
Mali,MLI,2000,Nitrous oxide emissions in energy sector (thousand metric tons of CO2 equivalent),EN.ATM.NOXE.EG.KT.CE,123.35385181
Mali,MLI,1999,Nitrous oxide emissions in energy sector (thousand metric tons of CO2 equivalent),EN.ATM.NOXE.EG.KT.CE,121.46455061
Mali,MLI,1998,Nitrous oxide emissions in energy sector (thousand metric tons of CO2 equivalent),EN.ATM.NOXE.EG.KT.CE,117.55775949
Mali,MLI,1997,Nitrous oxide emissions in energy sector (thousand metric tons of CO2 equivalent),EN.ATM.NOXE.EG.KT.CE,114.895544156
Mali,MLI,1996,Nitrous oxide emissions in energy sector (thousand metric tons of CO2 equivalent),EN.ATM.NOXE.EG.KT.CE,112.093916056
Mali,MLI,1995,Nitrous oxide emissions in energy sector (thousand metric tons of CO2 equivalent),EN.ATM.NOXE.EG.KT.CE,109.585832474
Mali,MLI,1994,Nitrous oxide emissions in energy sector (thousand metric tons of CO2 equivalent),EN.ATM.NOXE.EG.KT.CE,105.778939412
Mali,MLI,1993,Nitrous oxide emissions in energy sector (thousand metric tons of CO2 equivalent),EN.ATM.NOXE.EG.KT.CE,88.40043111
Mali,MLI,1992,Nitrous oxide emissions in energy sector (thousand metric tons of CO2 equivalent),EN.ATM.NOXE.EG.KT.CE,84.912491964
Mali,MLI,1991,Nitrous oxide emissions in energy sector (thousand metric tons of CO2 equivalent),EN.ATM.NOXE.EG.KT.CE,83.182684896
Mali,MLI,1990,Nitrous oxide emissions in energy sector (thousand metric tons of CO2 equivalent),EN.ATM.NOXE.EG.KT.CE,79.34938312
Mali,MLI,1989,Nitrous oxide emissions in energy sector (thousand metric tons of CO2 equivalent),EN.ATM.NOXE.EG.KT.CE,77.122561112
Mali,MLI,1988,Nitrous oxide emissions in energy sector (thousand metric tons of CO2 equivalent),EN.ATM.NOXE.EG.KT.CE,74.94663571
Mali,MLI,1987,Nitrous oxide emissions in energy sector (thousand metric tons of CO2 equivalent),EN.ATM.NOXE.EG.KT.CE,70.731268296
Mali,MLI,1986,Nitrous oxide emissions in energy sector (thousand metric tons of CO2 equivalent),EN.ATM.NOXE.EG.KT.CE,68.684273196
Mali,MLI,1985,Nitrous oxide emissions in energy sector (thousand metric tons of CO2 equivalent),EN.ATM.NOXE.EG.KT.CE,69.220116442
Mali,MLI,1984,Nitrous oxide emissions in energy sector (thousand metric tons of CO2 equivalent),EN.ATM.NOXE.EG.KT.CE,67.898568276
Mali,MLI,1983,Nitrous oxide emissions in energy sector (thousand metric tons of CO2 equivalent),EN.ATM.NOXE.EG.KT.CE,67.032142022
Mali,MLI,1982,Nitrous oxide emissions in energy sector (thousand metric tons of CO2 equivalent),EN.ATM.NOXE.EG.KT.CE,65.902665702
Mali,MLI,1981,Nitrous oxide emissions in energy sector (thousand metric tons of CO2 equivalent),EN.ATM.NOXE.EG.KT.CE,63.620203716
Mali,MLI,1980,Nitrous oxide emissions in energy sector (thousand metric tons of CO2 equivalent),EN.ATM.NOXE.EG.KT.CE,60.88465751
Mali,MLI,1979,Nitrous oxide emissions in energy sector (thousand metric tons of CO2 equivalent),EN.ATM.NOXE.EG.KT.CE,57.519450216
Mali,MLI,1978,Nitrous oxide emissions in energy sector (thousand metric tons of CO2 equivalent),EN.ATM.NOXE.EG.KT.CE,57.686618832
Mali,MLI,1977,Nitrous oxide emissions in energy sector (thousand metric tons of CO2 equivalent),EN.ATM.NOXE.EG.KT.CE,55.898293746
Mali,MLI,1976,Nitrous oxide emissions in energy sector (thousand metric tons of CO2 equivalent),EN.ATM.NOXE.EG.KT.CE,55.489857214
Mali,MLI,1975,Nitrous oxide emissions in energy sector (thousand metric tons of CO2 equivalent),EN.ATM.NOXE.EG.KT.CE,55.37312566
Mali,MLI,1974,Nitrous oxide emissions in energy sector (thousand metric tons of CO2 equivalent),EN.ATM.NOXE.EG.KT.CE,54.881148902
Mali,MLI,1973,Nitrous oxide emissions in energy sector (thousand metric tons of CO2 equivalent),EN.ATM.NOXE.EG.KT.CE,54.084307666
Mali,MLI,1972,Nitrous oxide emissions in energy sector (thousand metric tons of CO2 equivalent),EN.ATM.NOXE.EG.KT.CE,52.32205079
Mali,MLI,1971,Nitrous oxide emissions in energy sector (thousand metric tons of CO2 equivalent),EN.ATM.NOXE.EG.KT.CE,52.535430424
Mali,MLI,1970,Nitrous oxide emissions in energy sector (thousand metric tons of CO2 equivalent),EN.ATM.NOXE.EG.KT.CE,51.241581874
Mali,MLI,1969,Nitrous oxide emissions in energy sector (thousand metric tons of CO2 equivalent),EN.ATM.NOXE.EG.KT.CE,0
Mali,MLI,2008,Nitrous oxide emissions in energy sector (% of total),EN.ATM.NOXE.EG.ZS,1.26953505467374
Mali,MLI,2007,Nitrous oxide emissions in energy sector (% of total),EN.ATM.NOXE.EG.ZS,1.34224299120558
Mali,MLI,2006,Nitrous oxide emissions in energy sector (% of total),EN.ATM.NOXE.EG.ZS,1.72477715081708
Mali,MLI,2005,Nitrous oxide emissions in energy sector (% of total),EN.ATM.NOXE.EG.ZS,1.7801156568012
Mali,MLI,2004,Nitrous oxide emissions in energy sector (% of total),EN.ATM.NOXE.EG.ZS,1.75878146176804
Mali,MLI,2003,Nitrous oxide emissions in energy sector (% of total),EN.ATM.NOXE.EG.ZS,1.90370597418007
Mali,MLI,2002,Nitrous oxide emissions in energy sector (% of total),EN.ATM.NOXE.EG.ZS,1.93743661905313
Mali,MLI,2001,Nitrous oxide emissions in energy sector (% of total),EN.ATM.NOXE.EG.ZS,1.79486882641607
Mali,MLI,2000,Nitrous oxide emissions in energy sector (% of total),EN.ATM.NOXE.EG.ZS,1.81852755333346
Mali,MLI,1999,Nitrous oxide emissions in energy sector (% of total),EN.ATM.NOXE.EG.ZS,1.76402241601311
Mali,MLI,1998,Nitrous oxide emissions in energy sector (% of total),EN.ATM.NOXE.EG.ZS,1.69008806121812
Mali,MLI,1997,Nitrous oxide emissions in energy sector (% of total),EN.ATM.NOXE.EG.ZS,1.80176752809863
Mali,MLI,1996,Nitrous oxide emissions in energy sector (% of total),EN.ATM.NOXE.EG.ZS,1.83710283902697
Mali,MLI,1995,Nitrous oxide emissions in energy sector (% of total),EN.ATM.NOXE.EG.ZS,1.80170988053251
Mali,MLI,1994,Nitrous oxide emissions in energy sector (% of total),EN.ATM.NOXE.EG.ZS,1.89054394007391
Mali,MLI,1993,Nitrous oxide emissions in energy sector (% of total),EN.ATM.NOXE.EG.ZS,1.60991526514574
Mali,MLI,1992,Nitrous oxide emissions in energy sector (% of total),EN.ATM.NOXE.EG.ZS,1.51888555537688
Mali,MLI,1991,Nitrous oxide emissions in energy sector (% of total),EN.ATM.NOXE.EG.ZS,1.65289664654429
Mali,MLI,1990,Nitrous oxide emissions in energy sector (% of total),EN.ATM.NOXE.EG.ZS,1.37428324760811
Mali,MLI,1989,Nitrous oxide emissions in energy sector (% of total),EN.ATM.NOXE.EG.ZS,1.56165426001368
Mali,MLI,1988,Nitrous oxide emissions in energy sector (% of total),EN.ATM.NOXE.EG.ZS,1.62502665770459
Mali,MLI,1987,Nitrous oxide emissions in energy sector (% of total),EN.ATM.NOXE.EG.ZS,1.52157930551573
Mali,MLI,1986,Nitrous oxide emissions in energy sector (% of total),EN.ATM.NOXE.EG.ZS,1.54281536393959
Mali,MLI,1985,Nitrous oxide emissions in energy sector (% of total),EN.ATM.NOXE.EG.ZS,1.60274119783517
Mali,MLI,1984,Nitrous oxide emissions in energy sector (% of total),EN.ATM.NOXE.EG.ZS,1.38777919734391
Mali,MLI,1983,Nitrous oxide emissions in energy sector (% of total),EN.ATM.NOXE.EG.ZS,1.28751334476558
Mali,MLI,1982,Nitrous oxide emissions in energy sector (% of total),EN.ATM.NOXE.EG.ZS,1.1102773441825
Mali,MLI,1981,Nitrous oxide emissions in energy sector (% of total),EN.ATM.NOXE.EG.ZS,1.17754047187349
Mali,MLI,1980,Nitrous oxide emissions in energy sector (% of total),EN.ATM.NOXE.EG.ZS,1.05395912464381
Mali,MLI,1979,Nitrous oxide emissions in energy sector (% of total),EN.ATM.NOXE.EG.ZS,1.22217283703406
Mali,MLI,1978,Nitrous oxide emissions in energy sector (% of total),EN.ATM.NOXE.EG.ZS,1.34157517068353
Mali,MLI,1977,Nitrous oxide emissions in energy sector (% of total),EN.ATM.NOXE.EG.ZS,1.23289512563673
Mali,MLI,1976,Nitrous oxide emissions in energy sector (% of total),EN.ATM.NOXE.EG.ZS,1.36040629436532
Mali,MLI,1975,Nitrous oxide emissions in energy sector (% of total),EN.ATM.NOXE.EG.ZS,1.43629174037503
Mali,MLI,1974,Nitrous oxide emissions in energy sector (% of total),EN.ATM.NOXE.EG.ZS,1.57295392447801
Mali,MLI,1973,Nitrous oxide emissions in energy sector (% of total),EN.ATM.NOXE.EG.ZS,1.23628310882151
Mali,MLI,1972,Nitrous oxide emissions in energy sector (% of total),EN.ATM.NOXE.EG.ZS,1.18681702094745
Mali,MLI,1971,Nitrous oxide emissions in energy sector (% of total),EN.ATM.NOXE.EG.ZS,1.0818329422279
Mali,MLI,1970,Nitrous oxide emissions in energy sector (% of total),EN.ATM.NOXE.EG.ZS,1.05248180805206
Mali,MLI,2016,Pump price for diesel fuel (US$ per liter),EP.PMP.DESL.CD,0.98
Mali,MLI,2014,Pump price for diesel fuel (US$ per liter),EP.PMP.DESL.CD,1.29
Mali,MLI,2012,Pump price for diesel fuel (US$ per liter),EP.PMP.DESL.CD,1.25
Mali,MLI,2010,Pump price for diesel fuel (US$ per liter),EP.PMP.DESL.CD,1.25
Mali,MLI,2008,Pump price for diesel fuel (US$ per liter),EP.PMP.DESL.CD,1.1
Mali,MLI,2006,Pump price for diesel fuel (US$ per liter),EP.PMP.DESL.CD,1.04
Mali,MLI,2004,Pump price for diesel fuel (US$ per liter),EP.PMP.DESL.CD,0.9
Mali,MLI,2002,Pump price for diesel fuel (US$ per liter),EP.PMP.DESL.CD,0.55
Mali,MLI,2000,Pump price for diesel fuel (US$ per liter),EP.PMP.DESL.CD,0.43
Mali,MLI,1998,Pump price for diesel fuel (US$ per liter),EP.PMP.DESL.CD,0.48
Mali,MLI,1995,Pump price for diesel fuel (US$ per liter),EP.PMP.DESL.CD,0.57
Mali,MLI,1992,Pump price for diesel fuel (US$ per liter),EP.PMP.DESL.CD,0.74
Mali,MLI,1991,Pump price for diesel fuel (US$ per liter),EP.PMP.DESL.CD,0.74
Mali,MLI,2016,Pump price for gasoline (US$ per liter),EP.PMP.SGAS.CD,1.12
Mali,MLI,2014,Pump price for gasoline (US$ per liter),EP.PMP.SGAS.CD,1.47
Mali,MLI,2012,Pump price for gasoline (US$ per liter),EP.PMP.SGAS.CD,1.41
Mali,MLI,2010,Pump price for gasoline (US$ per liter),EP.PMP.SGAS.CD,1.42
Mali,MLI,2008,Pump price for gasoline (US$ per liter),EP.PMP.SGAS.CD,1.3
Mali,MLI,2006,Pump price for gasoline (US$ per liter),EP.PMP.SGAS.CD,1.22
Mali,MLI,2004,Pump price for gasoline (US$ per liter),EP.PMP.SGAS.CD,1.16
Mali,MLI,2002,Pump price for gasoline (US$ per liter),EP.PMP.SGAS.CD,0.69
Mali,MLI,2000,Pump price for gasoline (US$ per liter),EP.PMP.SGAS.CD,0.7
Mali,MLI,1998,Pump price for gasoline (US$ per liter),EP.PMP.SGAS.CD,0.77
Mali,MLI,1995,Pump price for gasoline (US$ per liter),EP.PMP.SGAS.CD,0.82
Mali,MLI,1992,Pump price for gasoline (US$ per liter),EP.PMP.SGAS.CD,1.14
Mali,MLI,1991,Pump price for gasoline (US$ per liter),EP.PMP.SGAS.CD,1.12
Mali,MLI,2016,Time to obtain an electrical connection (days),IC.ELC.DURS,30.1
Mali,MLI,2010,Time to obtain an electrical connection (days),IC.ELC.DURS,32.9
Mali,MLI,2007,Time to obtain an electrical connection (days),IC.ELC.DURS,48.4
Mali,MLI,2019,Time required to get electricity (days),IC.ELC.TIME,120
Mali,MLI,2018,Time required to get electricity (days),IC.ELC.TIME,120
Mali,MLI,2017,Time required to get electricity (days),IC.ELC.TIME,120
Mali,MLI,2016,Time required to get electricity (days),IC.ELC.TIME,120
Mali,MLI,2015,Time required to get electricity (days),IC.ELC.TIME,120
Mali,MLI,2014,Time required to get electricity (days),IC.ELC.TIME,120
Mali,MLI,2013,Time required to get electricity (days),IC.ELC.TIME,120
Mali,MLI,2012,Time required to get electricity (days),IC.ELC.TIME,120
Mali,MLI,2011,Time required to get electricity (days),IC.ELC.TIME,120
Mali,MLI,2010,Time required to get electricity (days),IC.ELC.TIME,120
Mali,MLI,2009,Time required to get electricity (days),IC.ELC.TIME,120
Mali,MLI,2016,Firms using banks to finance investment (% of firms),IC.FRM.BNKS.ZS,55.1
Mali,MLI,2010,Firms using banks to finance investment (% of firms),IC.FRM.BNKS.ZS,29.3
Mali,MLI,2007,Firms using banks to finance investment (% of firms),IC.FRM.BNKS.ZS,7
Mali,MLI,2016,Value lost due to electrical outages (% of sales for affected firms),IC.FRM.OUTG.ZS,8.8
Mali,MLI,2010,Value lost due to electrical outages (% of sales for affected firms),IC.FRM.OUTG.ZS,4.1
Mali,MLI,2007,Value lost due to electrical outages (% of sales for affected firms),IC.FRM.OUTG.ZS,1.8
Mali,MLI,2018,Investment in energy with private participation (current US$),IE.PPI.ENGY.CD,104500000
Mali,MLI,2017,Investment in energy with private participation (current US$),IE.PPI.ENGY.CD,136440000
Mali,MLI,2017,Adjusted savings: mineral depletion (current US$),NY.ADJ.DMIN.CD,957566540.012282
Mali,MLI,2016,Adjusted savings: mineral depletion (current US$),NY.ADJ.DMIN.CD,956753024.972806
Mali,MLI,2015,Adjusted savings: mineral depletion (current US$),NY.ADJ.DMIN.CD,829207643.58271
Mali,MLI,2014,Adjusted savings: mineral depletion (current US$),NY.ADJ.DMIN.CD,900071378.227507
Mali,MLI,2013,Adjusted savings: mineral depletion (current US$),NY.ADJ.DMIN.CD,1055199872.17357
Mali,MLI,2012,Adjusted savings: mineral depletion (current US$),NY.ADJ.DMIN.CD,1306631683.8028
Mali,MLI,2011,Adjusted savings: mineral depletion (current US$),NY.ADJ.DMIN.CD,1040616252.57263
Mali,MLI,2010,Adjusted savings: mineral depletion (current US$),NY.ADJ.DMIN.CD,752530524.129092
Mali,MLI,2009,Adjusted savings: mineral depletion (current US$),NY.ADJ.DMIN.CD,610682825.974639
Mali,MLI,2008,Adjusted savings: mineral depletion (current US$),NY.ADJ.DMIN.CD,462778121.649522
Mali,MLI,2007,Adjusted savings: mineral depletion (current US$),NY.ADJ.DMIN.CD,8695404.08371469
Mali,MLI,2006,Adjusted savings: mineral depletion (current US$),NY.ADJ.DMIN.CD,12735996.0040264
Mali,MLI,2005,Adjusted savings: mineral depletion (current US$),NY.ADJ.DMIN.CD,5063036.46670996
Mali,MLI,2004,Adjusted savings: mineral depletion (current US$),NY.ADJ.DMIN.CD,96484700.5611295
Mali,MLI,2003,Adjusted savings: mineral depletion (current US$),NY.ADJ.DMIN.CD,90036731.0300352
Mali,MLI,2002,Adjusted savings: mineral depletion (current US$),NY.ADJ.DMIN.CD,83836807.8068104
Mali,MLI,2001,Adjusted savings: mineral depletion (current US$),NY.ADJ.DMIN.CD,5431981.84663519
Mali,MLI,2000,Adjusted savings: mineral depletion (current US$),NY.ADJ.DMIN.CD,2364197.16163189
Mali,MLI,1999,Adjusted savings: mineral depletion (current US$),NY.ADJ.DMIN.CD,0
Mali,MLI,1998,Adjusted savings: mineral depletion (current US$),NY.ADJ.DMIN.CD,5084048.22281262
Mali,MLI,1997,Adjusted savings: mineral depletion (current US$),NY.ADJ.DMIN.CD,13777166.8249831
Mali,MLI,1996,Adjusted savings: mineral depletion (current US$),NY.ADJ.DMIN.CD,7943767.90013603
Mali,MLI,1995,Adjusted savings: mineral depletion (current US$),NY.ADJ.DMIN.CD,12434267.1439178
Mali,MLI,1994,Adjusted savings: mineral depletion (current US$),NY.ADJ.DMIN.CD,13566330.8030497
Mali,MLI,1993,Adjusted savings: mineral depletion (current US$),NY.ADJ.DMIN.CD,1204765.00414085
Mali,MLI,1992,Adjusted savings: mineral depletion (current US$),NY.ADJ.DMIN.CD,1458990.40392373
Mali,MLI,1991,Adjusted savings: mineral depletion (current US$),NY.ADJ.DMIN.CD,1321113.82888671
Mali,MLI,1990,Adjusted savings: mineral depletion (current US$),NY.ADJ.DMIN.CD,1412049.49502131
Mali,MLI,1989,Adjusted savings: mineral depletion (current US$),NY.ADJ.DMIN.CD,428482.465723254
Mali,MLI,1988,Adjusted savings: mineral depletion (current US$),NY.ADJ.DMIN.CD,810811.199910924
Mali,MLI,1987,Adjusted savings: mineral depletion (current US$),NY.ADJ.DMIN.CD,629735.418532253
Mali,MLI,1986,Adjusted savings: mineral depletion (current US$),NY.ADJ.DMIN.CD,620953.232901767
Mali,MLI,1985,Adjusted savings: mineral depletion (current US$),NY.ADJ.DMIN.CD,504405.469353298
Mali,MLI,1984,Adjusted savings: mineral depletion (current US$),NY.ADJ.DMIN.CD,649185.48507631
Mali,MLI,1983,Adjusted savings: mineral depletion (current US$),NY.ADJ.DMIN.CD,675385.447134293
Mali,MLI,1982,Adjusted savings: mineral depletion (current US$),NY.ADJ.DMIN.CD,476805.071936183
Mali,MLI,1981,Adjusted savings: mineral depletion (current US$),NY.ADJ.DMIN.CD,838692.473988986
Mali,MLI,1980,Adjusted savings: mineral depletion (current US$),NY.ADJ.DMIN.CD,775136.775699471
Mali,MLI,1979,Adjusted savings: mineral depletion (current US$),NY.ADJ.DMIN.CD,22981.0729626946
Mali,MLI,1978,Adjusted savings: mineral depletion (current US$),NY.ADJ.DMIN.CD,2111.04444234053
Mali,MLI,1977,Adjusted savings: mineral depletion (current US$),NY.ADJ.DMIN.CD,0
Mali,MLI,1976,Adjusted savings: mineral depletion (current US$),NY.ADJ.DMIN.CD,0
Mali,MLI,1975,Adjusted savings: mineral depletion (current US$),NY.ADJ.DMIN.CD,0
Mali,MLI,1974,Adjusted savings: mineral depletion (current US$),NY.ADJ.DMIN.CD,0
Mali,MLI,1973,Adjusted savings: mineral depletion (current US$),NY.ADJ.DMIN.CD,0
Mali,MLI,1972,Adjusted savings: mineral depletion (current US$),NY.ADJ.DMIN.CD,0
Mali,MLI,1971,Adjusted savings: mineral depletion (current US$),NY.ADJ.DMIN.CD,0
Mali,MLI,1970,Adjusted savings: mineral depletion (current US$),NY.ADJ.DMIN.CD,0
Mali,MLI,2017,Adjusted savings: mineral depletion (% of GNI),NY.ADJ.DMIN.GN.ZS,6.39982741257371
Mali,MLI,2016,Adjusted savings: mineral depletion (% of GNI),NY.ADJ.DMIN.GN.ZS,7.0162200959287
Mali,MLI,2015,Adjusted savings: mineral depletion (% of GNI),NY.ADJ.DMIN.GN.ZS,6.47622372405347
Mali,MLI,2014,Adjusted savings: mineral depletion (% of GNI),NY.ADJ.DMIN.GN.ZS,6.44679317235399
Mali,MLI,2013,Adjusted savings: mineral depletion (% of GNI),NY.ADJ.DMIN.GN.ZS,8.23483481647102
Mali,MLI,2012,Adjusted savings: mineral depletion (% of GNI),NY.ADJ.DMIN.GN.ZS,10.9422958942792
Mali,MLI,2011,Adjusted savings: mineral depletion (% of GNI),NY.ADJ.DMIN.GN.ZS,8.31408094243781
Mali,MLI,2010,Adjusted savings: mineral depletion (% of GNI),NY.ADJ.DMIN.GN.ZS,7.33477873708633
Mali,MLI,2009,Adjusted savings: mineral depletion (% of GNI),NY.ADJ.DMIN.GN.ZS,6.14132577178631
Mali,MLI,2008,Adjusted savings: mineral depletion (% of GNI),NY.ADJ.DMIN.GN.ZS,4.85728238098364
Mali,MLI,2007,Adjusted savings: mineral depletion (% of GNI),NY.ADJ.DMIN.GN.ZS,0.109723801108672
Mali,MLI,2006,Adjusted savings: mineral depletion (% of GNI),NY.ADJ.DMIN.GN.ZS,0.19173831859489
Mali,MLI,2005,Adjusted savings: mineral depletion (% of GNI),NY.ADJ.DMIN.GN.ZS,0.0838475278659217
Mali,MLI,2004,Adjusted savings: mineral depletion (% of GNI),NY.ADJ.DMIN.GN.ZS,1.83334996536247
Mali,MLI,2003,Adjusted savings: mineral depletion (% of GNI),NY.ADJ.DMIN.GN.ZS,1.98158917509829
Mali,MLI,2002,Adjusted savings: mineral depletion (% of GNI),NY.ADJ.DMIN.GN.ZS,2.29716204781477
Mali,MLI,2001,Adjusted savings: mineral depletion (% of GNI),NY.ADJ.DMIN.GN.ZS,0.164641197730987
Mali,MLI,2000,Adjusted savings: mineral depletion (% of GNI),NY.ADJ.DMIN.GN.ZS,0.0808534803784887
Mali,MLI,1999,Adjusted savings: mineral depletion (% of GNI),NY.ADJ.DMIN.GN.ZS,0
Mali,MLI,1998,Adjusted savings: mineral depletion (% of GNI),NY.ADJ.DMIN.GN.ZS,0.177170577936468
Mali,MLI,1997,Adjusted savings: mineral depletion (% of GNI),NY.ADJ.DMIN.GN.ZS,0.521080930256054
Mali,MLI,1996,Adjusted savings: mineral depletion (% of GNI),NY.ADJ.DMIN.GN.ZS,0.290919359191956
Mali,MLI,1995,Adjusted savings: mineral depletion (% of GNI),NY.ADJ.DMIN.GN.ZS,0.467614581585238
Mali,MLI,1994,Adjusted savings: mineral depletion (% of GNI),NY.ADJ.DMIN.GN.ZS,0.659001555159587
Mali,MLI,1993,Adjusted savings: mineral depletion (% of GNI),NY.ADJ.DMIN.GN.ZS,0.0427147166684668
Mali,MLI,1992,Adjusted savings: mineral depletion (% of GNI),NY.ADJ.DMIN.GN.ZS,0.0516749981711651
Mali,MLI,1991,Adjusted savings: mineral depletion (% of GNI),NY.ADJ.DMIN.GN.ZS,0.0485442632106465
Mali,MLI,1990,Adjusted savings: mineral depletion (% of GNI),NY.ADJ.DMIN.GN.ZS,0.0529639093249636
Mali,MLI,1989,Adjusted savings: mineral depletion (% of GNI),NY.ADJ.DMIN.GN.ZS,0.0196387461932837
Mali,MLI,1988,Adjusted savings: mineral depletion (% of GNI),NY.ADJ.DMIN.GN.ZS,0.0378376372690746
Mali,MLI,1987,Adjusted savings: mineral depletion (% of GNI),NY.ADJ.DMIN.GN.ZS,0.0304146691674532
Mali,MLI,1986,Adjusted savings: mineral depletion (% of GNI),NY.ADJ.DMIN.GN.ZS,0.0339762415981755
Mali,MLI,1985,Adjusted savings: mineral depletion (% of GNI),NY.ADJ.DMIN.GN.ZS,0.0369185796433514
Mali,MLI,1984,Adjusted savings: mineral depletion (% of GNI),NY.ADJ.DMIN.GN.ZS,0.0535943918951717
Mali,MLI,1983,Adjusted savings: mineral depletion (% of GNI),NY.ADJ.DMIN.GN.ZS,0.0532800899355657
Mali,MLI,1982,Adjusted savings: mineral depletion (% of GNI),NY.ADJ.DMIN.GN.ZS,0.0364787941409329
Mali,MLI,1981,Adjusted savings: mineral depletion (% of GNI),NY.ADJ.DMIN.GN.ZS,0.0557904671487349
Mali,MLI,1980,Adjusted savings: mineral depletion (% of GNI),NY.ADJ.DMIN.GN.ZS,0.044537640951827
Mali,MLI,1979,Adjusted savings: mineral depletion (% of GNI),NY.ADJ.DMIN.GN.ZS,0.00145291673465798
Mali,MLI,1978,Adjusted savings: mineral depletion (% of GNI),NY.ADJ.DMIN.GN.ZS,0.000171145432037675
Mali,MLI,1977,Adjusted savings: mineral depletion (% of GNI),NY.ADJ.DMIN.GN.ZS,0
Mali,MLI,1976,Adjusted savings: mineral depletion (% of GNI),NY.ADJ.DMIN.GN.ZS,0
Mali,MLI,1975,Adjusted savings: mineral depletion (% of GNI),NY.ADJ.DMIN.GN.ZS,0
Mali,MLI,1974,Adjusted savings: mineral depletion (% of GNI),NY.ADJ.DMIN.GN.ZS,0
Mali,MLI,1973,Adjusted savings: mineral depletion (% of GNI),NY.ADJ.DMIN.GN.ZS,0
Mali,MLI,1972,Adjusted savings: mineral depletion (% of GNI),NY.ADJ.DMIN.GN.ZS,0
Mali,MLI,1971,Adjusted savings: mineral depletion (% of GNI),NY.ADJ.DMIN.GN.ZS,0
Mali,MLI,1970,Adjusted savings: mineral depletion (% of GNI),NY.ADJ.DMIN.GN.ZS,0
Mali,MLI,2017,Adjusted savings: energy depletion (current US$),NY.ADJ.DNGY.CD,0
Mali,MLI,2016,Adjusted savings: energy depletion (current US$),NY.ADJ.DNGY.CD,0
Mali,MLI,2015,Adjusted savings: energy depletion (current US$),NY.ADJ.DNGY.CD,0
Mali,MLI,2014,Adjusted savings: energy depletion (current US$),NY.ADJ.DNGY.CD,0
Mali,MLI,2013,Adjusted savings: energy depletion (current US$),NY.ADJ.DNGY.CD,0
Mali,MLI,2012,Adjusted savings: energy depletion (current US$),NY.ADJ.DNGY.CD,0
Mali,MLI,2011,Adjusted savings: energy depletion (current US$),NY.ADJ.DNGY.CD,0
Mali,MLI,2010,Adjusted savings: energy depletion (current US$),NY.ADJ.DNGY.CD,0
Mali,MLI,2009,Adjusted savings: energy depletion (current US$),NY.ADJ.DNGY.CD,0
Mali,MLI,2008,Adjusted savings: energy depletion (current US$),NY.ADJ.DNGY.CD,0
Mali,MLI,2007,Adjusted savings: energy depletion (current US$),NY.ADJ.DNGY.CD,0
Mali,MLI,2006,Adjusted savings: energy depletion (current US$),NY.ADJ.DNGY.CD,0
Mali,MLI,2005,Adjusted savings: energy depletion (current US$),NY.ADJ.DNGY.CD,0
Mali,MLI,2004,Adjusted savings: energy depletion (current US$),NY.ADJ.DNGY.CD,0
Mali,MLI,2003,Adjusted savings: energy depletion (current US$),NY.ADJ.DNGY.CD,0
Mali,MLI,2002,Adjusted savings: energy depletion (current US$),NY.ADJ.DNGY.CD,0
Mali,MLI,2001,Adjusted savings: energy depletion (current US$),NY.ADJ.DNGY.CD,0
Mali,MLI,2000,Adjusted savings: energy depletion (current US$),NY.ADJ.DNGY.CD,0
Mali,MLI,1999,Adjusted savings: energy depletion (current US$),NY.ADJ.DNGY.CD,0
Mali,MLI,1998,Adjusted savings: energy depletion (current US$),NY.ADJ.DNGY.CD,0
Mali,MLI,1997,Adjusted savings: energy depletion (current US$),NY.ADJ.DNGY.CD,0
Mali,MLI,1996,Adjusted savings: energy depletion (current US$),NY.ADJ.DNGY.CD,0
Mali,MLI,1995,Adjusted savings: energy depletion (current US$),NY.ADJ.DNGY.CD,0
Mali,MLI,1994,Adjusted savings: energy depletion (current US$),NY.ADJ.DNGY.CD,0
Mali,MLI,1993,Adjusted savings: energy depletion (current US$),NY.ADJ.DNGY.CD,0
Mali,MLI,1992,Adjusted savings: energy depletion (current US$),NY.ADJ.DNGY.CD,0
Mali,MLI,1991,Adjusted savings: energy depletion (current US$),NY.ADJ.DNGY.CD,0
Mali,MLI,1990,Adjusted savings: energy depletion (current US$),NY.ADJ.DNGY.CD,0
Mali,MLI,1989,Adjusted savings: energy depletion (current US$),NY.ADJ.DNGY.CD,0
Mali,MLI,1988,Adjusted savings: energy depletion (current US$),NY.ADJ.DNGY.CD,0
Mali,MLI,1987,Adjusted savings: energy depletion (current US$),NY.ADJ.DNGY.CD,0
Mali,MLI,1986,Adjusted savings: energy depletion (current US$),NY.ADJ.DNGY.CD,0
Mali,MLI,1985,Adjusted savings: energy depletion (current US$),NY.ADJ.DNGY.CD,0
Mali,MLI,1984,Adjusted savings: energy depletion (current US$),NY.ADJ.DNGY.CD,0
Mali,MLI,1983,Adjusted savings: energy depletion (current US$),NY.ADJ.DNGY.CD,0
Mali,MLI,1982,Adjusted savings: energy depletion (current US$),NY.ADJ.DNGY.CD,0
Mali,MLI,1981,Adjusted savings: energy depletion (current US$),NY.ADJ.DNGY.CD,0
Mali,MLI,1980,Adjusted savings: energy depletion (current US$),NY.ADJ.DNGY.CD,0
Mali,MLI,2017,Adjusted savings: energy depletion (% of GNI),NY.ADJ.DNGY.GN.ZS,0
Mali,MLI,2016,Adjusted savings: energy depletion (% of GNI),NY.ADJ.DNGY.GN.ZS,0
Mali,MLI,2015,Adjusted savings: energy depletion (% of GNI),NY.ADJ.DNGY.GN.ZS,0
Mali,MLI,2014,Adjusted savings: energy depletion (% of GNI),NY.ADJ.DNGY.GN.ZS,0
Mali,MLI,2013,Adjusted savings: energy depletion (% of GNI),NY.ADJ.DNGY.GN.ZS,0
Mali,MLI,2012,Adjusted savings: energy depletion (% of GNI),NY.ADJ.DNGY.GN.ZS,0
Mali,MLI,2011,Adjusted savings: energy depletion (% of GNI),NY.ADJ.DNGY.GN.ZS,0
Mali,MLI,2010,Adjusted savings: energy depletion (% of GNI),NY.ADJ.DNGY.GN.ZS,0
Mali,MLI,2009,Adjusted savings: energy depletion (% of GNI),NY.ADJ.DNGY.GN.ZS,0
Mali,MLI,2008,Adjusted savings: energy depletion (% of GNI),NY.ADJ.DNGY.GN.ZS,0
Mali,MLI,2007,Adjusted savings: energy depletion (% of GNI),NY.ADJ.DNGY.GN.ZS,0
Mali,MLI,2006,Adjusted savings: energy depletion (% of GNI),NY.ADJ.DNGY.GN.ZS,0
Mali,MLI,2005,Adjusted savings: energy depletion (% of GNI),NY.ADJ.DNGY.GN.ZS,0
Mali,MLI,2004,Adjusted savings: energy depletion (% of GNI),NY.ADJ.DNGY.GN.ZS,0
Mali,MLI,2003,Adjusted savings: energy depletion (% of GNI),NY.ADJ.DNGY.GN.ZS,0
Mali,MLI,2002,Adjusted savings: energy depletion (% of GNI),NY.ADJ.DNGY.GN.ZS,0
Mali,MLI,2001,Adjusted savings: energy depletion (% of GNI),NY.ADJ.DNGY.GN.ZS,0
Mali,MLI,2000,Adjusted savings: energy depletion (% of GNI),NY.ADJ.DNGY.GN.ZS,0
Mali,MLI,1999,Adjusted savings: energy depletion (% of GNI),NY.ADJ.DNGY.GN.ZS,0
Mali,MLI,1998,Adjusted savings: energy depletion (% of GNI),NY.ADJ.DNGY.GN.ZS,0
Mali,MLI,1997,Adjusted savings: energy depletion (% of GNI),NY.ADJ.DNGY.GN.ZS,0
Mali,MLI,1996,Adjusted savings: energy depletion (% of GNI),NY.ADJ.DNGY.GN.ZS,0
Mali,MLI,1995,Adjusted savings: energy depletion (% of GNI),NY.ADJ.DNGY.GN.ZS,0
Mali,MLI,1994,Adjusted savings: energy depletion (% of GNI),NY.ADJ.DNGY.GN.ZS,0
Mali,MLI,1993,Adjusted savings: energy depletion (% of GNI),NY.ADJ.DNGY.GN.ZS,0
Mali,MLI,1992,Adjusted savings: energy depletion (% of GNI),NY.ADJ.DNGY.GN.ZS,0
Mali,MLI,1991,Adjusted savings: energy depletion (% of GNI),NY.ADJ.DNGY.GN.ZS,0
Mali,MLI,1990,Adjusted savings: energy depletion (% of GNI),NY.ADJ.DNGY.GN.ZS,0
Mali,MLI,1989,Adjusted savings: energy depletion (% of GNI),NY.ADJ.DNGY.GN.ZS,0
Mali,MLI,1988,Adjusted savings: energy depletion (% of GNI),NY.ADJ.DNGY.GN.ZS,0
Mali,MLI,1987,Adjusted savings: energy depletion (% of GNI),NY.ADJ.DNGY.GN.ZS,0
Mali,MLI,1986,Adjusted savings: energy depletion (% of GNI),NY.ADJ.DNGY.GN.ZS,0
Mali,MLI,1985,Adjusted savings: energy depletion (% of GNI),NY.ADJ.DNGY.GN.ZS,0
Mali,MLI,1984,Adjusted savings: energy depletion (% of GNI),NY.ADJ.DNGY.GN.ZS,0
Mali,MLI,1983,Adjusted savings: energy depletion (% of GNI),NY.ADJ.DNGY.GN.ZS,0
Mali,MLI,1982,Adjusted savings: energy depletion (% of GNI),NY.ADJ.DNGY.GN.ZS,0
Mali,MLI,1981,Adjusted savings: energy depletion (% of GNI),NY.ADJ.DNGY.GN.ZS,0
Mali,MLI,1980,Adjusted savings: energy depletion (% of GNI),NY.ADJ.DNGY.GN.ZS,0
Mali,MLI,2017,Adjusted savings: natural resources depletion (% of GNI),NY.ADJ.DRES.GN.ZS,9.4914509038586
Mali,MLI,2016,Adjusted savings: natural resources depletion (% of GNI),NY.ADJ.DRES.GN.ZS,10.3112479811951
Mali,MLI,2015,Adjusted savings: natural resources depletion (% of GNI),NY.ADJ.DRES.GN.ZS,10.0309444036433
Mali,MLI,2014,Adjusted savings: natural resources depletion (% of GNI),NY.ADJ.DRES.GN.ZS,9.41046202413705
Mali,MLI,2013,Adjusted savings: natural resources depletion (% of GNI),NY.ADJ.DRES.GN.ZS,10.9860713420917
Mali,MLI,2012,Adjusted savings: natural resources depletion (% of GNI),NY.ADJ.DRES.GN.ZS,13.6793204072356
Mali,MLI,2011,Adjusted savings: natural resources depletion (% of GNI),NY.ADJ.DRES.GN.ZS,10.5406930281712
Mali,MLI,2010,Adjusted savings: natural resources depletion (% of GNI),NY.ADJ.DRES.GN.ZS,9.61452796279349
Mali,MLI,2009,Adjusted savings: natural resources depletion (% of GNI),NY.ADJ.DRES.GN.ZS,8.72179844698986
Mali,MLI,2008,Adjusted savings: natural resources depletion (% of GNI),NY.ADJ.DRES.GN.ZS,7.48684300509614
Mali,MLI,2007,Adjusted savings: natural resources depletion (% of GNI),NY.ADJ.DRES.GN.ZS,2.65407680533879
Mali,MLI,2006,Adjusted savings: natural resources depletion (% of GNI),NY.ADJ.DRES.GN.ZS,2.27667914601903
Mali,MLI,2005,Adjusted savings: natural resources depletion (% of GNI),NY.ADJ.DRES.GN.ZS,2.27187218526215
Mali,MLI,2004,Adjusted savings: natural resources depletion (% of GNI),NY.ADJ.DRES.GN.ZS,4.18611444789021
Mali,MLI,2003,Adjusted savings: natural resources depletion (% of GNI),NY.ADJ.DRES.GN.ZS,5.05969491708529
Mali,MLI,2002,Adjusted savings: natural resources depletion (% of GNI),NY.ADJ.DRES.GN.ZS,4.67121766348747
Mali,MLI,2001,Adjusted savings: natural resources depletion (% of GNI),NY.ADJ.DRES.GN.ZS,2.29289617716073
Mali,MLI,2000,Adjusted savings: natural resources depletion (% of GNI),NY.ADJ.DRES.GN.ZS,2.50067279196444
Mali,MLI,1999,Adjusted savings: natural resources depletion (% of GNI),NY.ADJ.DRES.GN.ZS,2.03430952974703
Mali,MLI,1998,Adjusted savings: natural resources depletion (% of GNI),NY.ADJ.DRES.GN.ZS,3.64538930005358
Mali,MLI,1997,Adjusted savings: natural resources depletion (% of GNI),NY.ADJ.DRES.GN.ZS,4.04430297278946
Mali,MLI,1996,Adjusted savings: natural resources depletion (% of GNI),NY.ADJ.DRES.GN.ZS,3.82120875930982
Mali,MLI,1995,Adjusted savings: natural resources depletion (% of GNI),NY.ADJ.DRES.GN.ZS,3.96368495252434
Mali,MLI,1994,Adjusted savings: natural resources depletion (% of GNI),NY.ADJ.DRES.GN.ZS,3.67821825010227
Mali,MLI,1993,Adjusted savings: natural resources depletion (% of GNI),NY.ADJ.DRES.GN.ZS,1.83418725876523
Mali,MLI,1992,Adjusted savings: natural resources depletion (% of GNI),NY.ADJ.DRES.GN.ZS,1.97516381816619
Mali,MLI,1991,Adjusted savings: natural resources depletion (% of GNI),NY.ADJ.DRES.GN.ZS,1.90765930284425
Mali,MLI,1990,Adjusted savings: natural resources depletion (% of GNI),NY.ADJ.DRES.GN.ZS,1.83904838724092
Mali,MLI,1989,Adjusted savings: natural resources depletion (% of GNI),NY.ADJ.DRES.GN.ZS,1.60467563094884
Mali,MLI,1988,Adjusted savings: natural resources depletion (% of GNI),NY.ADJ.DRES.GN.ZS,1.54254897386378
Mali,MLI,1987,Adjusted savings: natural resources depletion (% of GNI),NY.ADJ.DRES.GN.ZS,1.3214946089997
Mali,MLI,1986,Adjusted savings: natural resources depletion (% of GNI),NY.ADJ.DRES.GN.ZS,1.36710609955165
Mali,MLI,1985,Adjusted savings: natural resources depletion (% of GNI),NY.ADJ.DRES.GN.ZS,1.16938673062399
Mali,MLI,1984,Adjusted savings: natural resources depletion (% of GNI),NY.ADJ.DRES.GN.ZS,1.50635577890271
Mali,MLI,1983,Adjusted savings: natural resources depletion (% of GNI),NY.ADJ.DRES.GN.ZS,1.24112786603849
Mali,MLI,1982,Adjusted savings: natural resources depletion (% of GNI),NY.ADJ.DRES.GN.ZS,1.31014640410159
Mali,MLI,1981,Adjusted savings: natural resources depletion (% of GNI),NY.ADJ.DRES.GN.ZS,0.723868268397315
Mali,MLI,1980,Adjusted savings: natural resources depletion (% of GNI),NY.ADJ.DRES.GN.ZS,0.528839116865721
Mali,MLI,2017,Mineral rents (% of GDP),NY.GDP.MINR.RT.ZS,8.14953227637431
Mali,MLI,2016,Mineral rents (% of GDP),NY.GDP.MINR.RT.ZS,8.90328586168861
Mali,MLI,2015,Mineral rents (% of GDP),NY.GDP.MINR.RT.ZS,8.25400844233982
Mali,MLI,2014,Mineral rents (% of GDP),NY.GDP.MINR.RT.ZS,8.21996267290802
Mali,MLI,2013,Mineral rents (% of GDP),NY.GDP.MINR.RT.ZS,10.4505272164288
Mali,MLI,2012,Mineral rents (% of GDP),NY.GDP.MINR.RT.ZS,13.7960756320382
Mali,MLI,2011,Mineral rents (% of GDP),NY.GDP.MINR.RT.ZS,10.6166622730457
Mali,MLI,2010,Mineral rents (% of GDP),NY.GDP.MINR.RT.ZS,9.62119262133338
Mali,MLI,2009,Mineral rents (% of GDP),NY.GDP.MINR.RT.ZS,8.54698491981363
Mali,MLI,2008,Mineral rents (% of GDP),NY.GDP.MINR.RT.ZS,6.99672468185098
Mali,MLI,2007,Mineral rents (% of GDP),NY.GDP.MINR.RT.ZS,7.06077557153659
Mali,MLI,2006,Mineral rents (% of GDP),NY.GDP.MINR.RT.ZS,7.09074439241768
Mali,MLI,2005,Mineral rents (% of GDP),NY.GDP.MINR.RT.ZS,3.21256504895644
Mali,MLI,2004,Mineral rents (% of GDP),NY.GDP.MINR.RT.ZS,2.56846916614985
Mali,MLI,2003,Mineral rents (% of GDP),NY.GDP.MINR.RT.ZS,2.7310641991109
Mali,MLI,2002,Mineral rents (% of GDP),NY.GDP.MINR.RT.ZS,2.21588562503473
Mali,MLI,2001,Mineral rents (% of GDP),NY.GDP.MINR.RT.ZS,0.226384037893805
Mali,MLI,2000,Mineral rents (% of GDP),NY.GDP.MINR.RT.ZS,0.108824578735886
Mali,MLI,1999,Mineral rents (% of GDP),NY.GDP.MINR.RT.ZS,0
Mali,MLI,1998,Mineral rents (% of GDP),NY.GDP.MINR.RT.ZS,0.21657044307545
Mali,MLI,1997,Mineral rents (% of GDP),NY.GDP.MINR.RT.ZS,0.652030375907962
Mali,MLI,1996,Mineral rents (% of GDP),NY.GDP.MINR.RT.ZS,0.377445347906603
Mali,MLI,1995,Mineral rents (% of GDP),NY.GDP.MINR.RT.ZS,0.609745320641145
Mali,MLI,1994,Mineral rents (% of GDP),NY.GDP.MINR.RT.ZS,0.900216963744835
Mali,MLI,1993,Mineral rents (% of GDP),NY.GDP.MINR.RT.ZS,0.409206085653203
Mali,MLI,1992,Mineral rents (% of GDP),NY.GDP.MINR.RT.ZS,0.37921283893787
Mali,MLI,1991,Mineral rents (% of GDP),NY.GDP.MINR.RT.ZS,0.237872985922965
Mali,MLI,1990,Mineral rents (% of GDP),NY.GDP.MINR.RT.ZS,0.274232391852711
Mali,MLI,1989,Mineral rents (% of GDP),NY.GDP.MINR.RT.ZS,0.108799147398085
Mali,MLI,1988,Mineral rents (% of GDP),NY.GDP.MINR.RT.ZS,0.114249198300581
Mali,MLI,1987,Mineral rents (% of GDP),NY.GDP.MINR.RT.ZS,0.0963527142318403
Mali,MLI,1986,Mineral rents (% of GDP),NY.GDP.MINR.RT.ZS,0.112766703889098
Mali,MLI,1985,Mineral rents (% of GDP),NY.GDP.MINR.RT.ZS,0.128380833213615
Mali,MLI,1984,Mineral rents (% of GDP),NY.GDP.MINR.RT.ZS,0.197628241845312
Mali,MLI,1983,Mineral rents (% of GDP),NY.GDP.MINR.RT.ZS,0.207037134267629
Mali,MLI,1982,Mineral rents (% of GDP),NY.GDP.MINR.RT.ZS,0.150778968035342
Mali,MLI,1981,Mineral rents (% of GDP),NY.GDP.MINR.RT.ZS,0.244003101277955
Mali,MLI,1980,Mineral rents (% of GDP),NY.GDP.MINR.RT.ZS,0.209362133556393
Mali,MLI,1979,Mineral rents (% of GDP),NY.GDP.MINR.RT.ZS,0.00632769416250321
Mali,MLI,1978,Mineral rents (% of GDP),NY.GDP.MINR.RT.ZS,0.000720277093528711
Mali,MLI,1977,Mineral rents (% of GDP),NY.GDP.MINR.RT.ZS,0
Mali,MLI,1976,Mineral rents (% of GDP),NY.GDP.MINR.RT.ZS,0
Mali,MLI,1975,Mineral rents (% of GDP),NY.GDP.MINR.RT.ZS,0
Mali,MLI,1974,Mineral rents (% of GDP),NY.GDP.MINR.RT.ZS,0
Mali,MLI,1973,Mineral rents (% of GDP),NY.GDP.MINR.RT.ZS,0
Mali,MLI,1972,Mineral rents (% of GDP),NY.GDP.MINR.RT.ZS,0
Mali,MLI,1971,Mineral rents (% of GDP),NY.GDP.MINR.RT.ZS,0
Mali,MLI,1970,Mineral rents (% of GDP),NY.GDP.MINR.RT.ZS,0
Mali,MLI,2017,Natural gas rents (% of GDP),NY.GDP.NGAS.RT.ZS,0
Mali,MLI,2016,Natural gas rents (% of GDP),NY.GDP.NGAS.RT.ZS,0
Mali,MLI,2015,Natural gas rents (% of GDP),NY.GDP.NGAS.RT.ZS,0
Mali,MLI,2014,Natural gas rents (% of GDP),NY.GDP.NGAS.RT.ZS,0
Mali,MLI,2013,Natural gas rents (% of GDP),NY.GDP.NGAS.RT.ZS,0
Mali,MLI,2012,Natural gas rents (% of GDP),NY.GDP.NGAS.RT.ZS,0
Mali,MLI,2011,Natural gas rents (% of GDP),NY.GDP.NGAS.RT.ZS,0
Mali,MLI,2010,Natural gas rents (% of GDP),NY.GDP.NGAS.RT.ZS,0
Mali,MLI,2009,Natural gas rents (% of GDP),NY.GDP.NGAS.RT.ZS,0
Mali,MLI,2008,Natural gas rents (% of GDP),NY.GDP.NGAS.RT.ZS,0
Mali,MLI,2007,Natural gas rents (% of GDP),NY.GDP.NGAS.RT.ZS,0
Mali,MLI,2006,Natural gas rents (% of GDP),NY.GDP.NGAS.RT.ZS,0
Mali,MLI,2005,Natural gas rents (% of GDP),NY.GDP.NGAS.RT.ZS,0
Mali,MLI,2004,Natural gas rents (% of GDP),NY.GDP.NGAS.RT.ZS,0
Mali,MLI,2003,Natural gas rents (% of GDP),NY.GDP.NGAS.RT.ZS,0
Mali,MLI,2002,Natural gas rents (% of GDP),NY.GDP.NGAS.RT.ZS,0
Mali,MLI,2001,Natural gas rents (% of GDP),NY.GDP.NGAS.RT.ZS,0
Mali,MLI,2000,Natural gas rents (% of GDP),NY.GDP.NGAS.RT.ZS,0
Mali,MLI,1999,Natural gas rents (% of GDP),NY.GDP.NGAS.RT.ZS,0
Mali,MLI,1998,Natural gas rents (% of GDP),NY.GDP.NGAS.RT.ZS,0
Mali,MLI,1997,Natural gas rents (% of GDP),NY.GDP.NGAS.RT.ZS,0
Mali,MLI,1996,Natural gas rents (% of GDP),NY.GDP.NGAS.RT.ZS,0
Mali,MLI,1995,Natural gas rents (% of GDP),NY.GDP.NGAS.RT.ZS,0
Mali,MLI,1994,Natural gas rents (% of GDP),NY.GDP.NGAS.RT.ZS,0
Mali,MLI,1993,Natural gas rents (% of GDP),NY.GDP.NGAS.RT.ZS,0
Mali,MLI,1992,Natural gas rents (% of GDP),NY.GDP.NGAS.RT.ZS,0
Mali,MLI,1991,Natural gas rents (% of GDP),NY.GDP.NGAS.RT.ZS,0
Mali,MLI,1990,Natural gas rents (% of GDP),NY.GDP.NGAS.RT.ZS,0
Mali,MLI,1989,Natural gas rents (% of GDP),NY.GDP.NGAS.RT.ZS,0
Mali,MLI,1988,Natural gas rents (% of GDP),NY.GDP.NGAS.RT.ZS,0
Mali,MLI,1987,Natural gas rents (% of GDP),NY.GDP.NGAS.RT.ZS,0
Mali,MLI,1986,Natural gas rents (% of GDP),NY.GDP.NGAS.RT.ZS,0
Mali,MLI,1985,Natural gas rents (% of GDP),NY.GDP.NGAS.RT.ZS,0
Mali,MLI,1984,Natural gas rents (% of GDP),NY.GDP.NGAS.RT.ZS,0
Mali,MLI,1983,Natural gas rents (% of GDP),NY.GDP.NGAS.RT.ZS,0
Mali,MLI,1982,Natural gas rents (% of GDP),NY.GDP.NGAS.RT.ZS,0
Mali,MLI,1981,Natural gas rents (% of GDP),NY.GDP.NGAS.RT.ZS,0
Mali,MLI,1980,Natural gas rents (% of GDP),NY.GDP.NGAS.RT.ZS,0
Mali,MLI,2017,Oil rents (% of GDP),NY.GDP.PETR.RT.ZS,0
Mali,MLI,2016,Oil rents (% of GDP),NY.GDP.PETR.RT.ZS,0
Mali,MLI,2015,Oil rents (% of GDP),NY.GDP.PETR.RT.ZS,0
Mali,MLI,2014,Oil rents (% of GDP),NY.GDP.PETR.RT.ZS,0
Mali,MLI,2013,Oil rents (% of GDP),NY.GDP.PETR.RT.ZS,0
Mali,MLI,2012,Oil rents (% of GDP),NY.GDP.PETR.RT.ZS,0
Mali,MLI,2011,Oil rents (% of GDP),NY.GDP.PETR.RT.ZS,0
Mali,MLI,2010,Oil rents (% of GDP),NY.GDP.PETR.RT.ZS,0
Mali,MLI,2009,Oil rents (% of GDP),NY.GDP.PETR.RT.ZS,0
Mali,MLI,2008,Oil rents (% of GDP),NY.GDP.PETR.RT.ZS,0
Mali,MLI,2007,Oil rents (% of GDP),NY.GDP.PETR.RT.ZS,0
Mali,MLI,2006,Oil rents (% of GDP),NY.GDP.PETR.RT.ZS,0
Mali,MLI,2005,Oil rents (% of GDP),NY.GDP.PETR.RT.ZS,0
Mali,MLI,2004,Oil rents (% of GDP),NY.GDP.PETR.RT.ZS,0
Mali,MLI,2003,Oil rents (% of GDP),NY.GDP.PETR.RT.ZS,0
Mali,MLI,2002,Oil rents (% of GDP),NY.GDP.PETR.RT.ZS,0
Mali,MLI,2001,Oil rents (% of GDP),NY.GDP.PETR.RT.ZS,0
Mali,MLI,2000,Oil rents (% of GDP),NY.GDP.PETR.RT.ZS,0
Mali,MLI,1999,Oil rents (% of GDP),NY.GDP.PETR.RT.ZS,0
Mali,MLI,1998,Oil rents (% of GDP),NY.GDP.PETR.RT.ZS,0
Mali,MLI,1997,Oil rents (% of GDP),NY.GDP.PETR.RT.ZS,0
Mali,MLI,1996,Oil rents (% of GDP),NY.GDP.PETR.RT.ZS,0
Mali,MLI,1995,Oil rents (% of GDP),NY.GDP.PETR.RT.ZS,0
Mali,MLI,1994,Oil rents (% of GDP),NY.GDP.PETR.RT.ZS,0
Mali,MLI,1993,Oil rents (% of GDP),NY.GDP.PETR.RT.ZS,0
Mali,MLI,1992,Oil rents (% of GDP),NY.GDP.PETR.RT.ZS,0
Mali,MLI,1991,Oil rents (% of GDP),NY.GDP.PETR.RT.ZS,0
Mali,MLI,1990,Oil rents (% of GDP),NY.GDP.PETR.RT.ZS,0
Mali,MLI,1989,Oil rents (% of GDP),NY.GDP.PETR.RT.ZS,0
Mali,MLI,1988,Oil rents (% of GDP),NY.GDP.PETR.RT.ZS,0
Mali,MLI,1987,Oil rents (% of GDP),NY.GDP.PETR.RT.ZS,0
Mali,MLI,1986,Oil rents (% of GDP),NY.GDP.PETR.RT.ZS,0
Mali,MLI,1985,Oil rents (% of GDP),NY.GDP.PETR.RT.ZS,0
Mali,MLI,1984,Oil rents (% of GDP),NY.GDP.PETR.RT.ZS,0
Mali,MLI,1983,Oil rents (% of GDP),NY.GDP.PETR.RT.ZS,0
Mali,MLI,1982,Oil rents (% of GDP),NY.GDP.PETR.RT.ZS,0
Mali,MLI,1981,Oil rents (% of GDP),NY.GDP.PETR.RT.ZS,0
Mali,MLI,1980,Oil rents (% of GDP),NY.GDP.PETR.RT.ZS,0
Mali,MLI,2017,Total natural resources rents (% of GDP),NY.GDP.TOTL.RT.ZS,11.398471040581
Mali,MLI,2016,Total natural resources rents (% of GDP),NY.GDP.TOTL.RT.ZS,12.3975444697772
Mali,MLI,2015,Total natural resources rents (% of GDP),NY.GDP.TOTL.RT.ZS,12.0778627802795
Mali,MLI,2014,Total natural resources rents (% of GDP),NY.GDP.TOTL.RT.ZS,11.4379089844909
Mali,MLI,2013,Total natural resources rents (% of GDP),NY.GDP.TOTL.RT.ZS,13.4742971891198
Mali,MLI,2012,Total natural resources rents (% of GDP),NY.GDP.TOTL.RT.ZS,16.8291721494966
Mali,MLI,2011,Total natural resources rents (% of GDP),NY.GDP.TOTL.RT.ZS,13.1345786345378
Mali,MLI,2010,Total natural resources rents (% of GDP),NY.GDP.TOTL.RT.ZS,12.2343962315013
Mali,MLI,2009,Total natural resources rents (% of GDP),NY.GDP.TOTL.RT.ZS,11.6040992967196
Mali,MLI,2008,Total natural resources rents (% of GDP),NY.GDP.TOTL.RT.ZS,10.1671297178166
Mali,MLI,2007,Total natural resources rents (% of GDP),NY.GDP.TOTL.RT.ZS,10.169971951878
Mali,MLI,2006,Total natural resources rents (% of GDP),NY.GDP.TOTL.RT.ZS,9.65874001233957
Mali,MLI,2005,Total natural resources rents (% of GDP),NY.GDP.TOTL.RT.ZS,5.97158686260766
Mali,MLI,2004,Total natural resources rents (% of GDP),NY.GDP.TOTL.RT.ZS,5.59473116234751
Mali,MLI,2003,Total natural resources rents (% of GDP),NY.GDP.TOTL.RT.ZS,6.77167791204051
Mali,MLI,2002,Total natural resources rents (% of GDP),NY.GDP.TOTL.RT.ZS,5.309546008189
Mali,MLI,2001,Total natural resources rents (% of GDP),NY.GDP.TOTL.RT.ZS,3.10537253549371
Mali,MLI,2000,Total natural resources rents (% of GDP),NY.GDP.TOTL.RT.ZS,3.59357290923746
Mali,MLI,1999,Total natural resources rents (% of GDP),NY.GDP.TOTL.RT.ZS,2.99560294989303
Mali,MLI,1998,Total natural resources rents (% of GDP),NY.GDP.TOTL.RT.ZS,5.44154801931258
Mali,MLI,1997,Total natural resources rents (% of GDP),NY.GDP.TOTL.RT.ZS,6.08477992063012
Mali,MLI,1996,Total natural resources rents (% of GDP),NY.GDP.TOTL.RT.ZS,5.99821023489082
Mali,MLI,1995,Total natural resources rents (% of GDP),NY.GDP.TOTL.RT.ZS,6.38335495671292
Mali,MLI,1994,Total natural resources rents (% of GDP),NY.GDP.TOTL.RT.ZS,6.0850158493413
Mali,MLI,1993,Total natural resources rents (% of GDP),NY.GDP.TOTL.RT.ZS,3.66419618398912
Mali,MLI,1992,Total natural resources rents (% of GDP),NY.GDP.TOTL.RT.ZS,4.05939266835309
Mali,MLI,1991,Total natural resources rents (% of GDP),NY.GDP.TOTL.RT.ZS,3.9521585901342
Mali,MLI,1990,Total natural resources rents (% of GDP),NY.GDP.TOTL.RT.ZS,4.06916887468715
Mali,MLI,1989,Total natural resources rents (% of GDP),NY.GDP.TOTL.RT.ZS,3.74561370720711
Mali,MLI,1988,Total natural resources rents (% of GDP),NY.GDP.TOTL.RT.ZS,3.67384109003466
Mali,MLI,1987,Total natural resources rents (% of GDP),NY.GDP.TOTL.RT.ZS,3.43392738643092
Mali,MLI,1986,Total natural resources rents (% of GDP),NY.GDP.TOTL.RT.ZS,3.88162821495991
Mali,MLI,1985,Total natural resources rents (% of GDP),NY.GDP.TOTL.RT.ZS,3.40412661526307
Mali,MLI,1984,Total natural resources rents (% of GDP),NY.GDP.TOTL.RT.ZS,4.93272664084645
Mali,MLI,1983,Total natural resources rents (% of GDP),NY.GDP.TOTL.RT.ZS,4.96182284926615
Mali,MLI,1982,Total natural resources rents (% of GDP),NY.GDP.TOTL.RT.ZS,6.73740268789252
Mali,MLI,1981,Total natural resources rents (% of GDP),NY.GDP.TOTL.RT.ZS,4.42722742138258
Mali,MLI,1980,Total natural resources rents (% of GDP),NY.GDP.TOTL.RT.ZS,4.3681693744521
Mali,MLI,1979,Total natural resources rents (% of GDP),NY.GDP.TOTL.RT.ZS,3.74663015241527
Mali,MLI,1978,Total natural resources rents (% of GDP),NY.GDP.TOTL.RT.ZS,5.03854511731374
Mali,MLI,1977,Total natural resources rents (% of GDP),NY.GDP.TOTL.RT.ZS,5.54571122799427
Mali,MLI,1976,Total natural resources rents (% of GDP),NY.GDP.TOTL.RT.ZS,3.70988001862778
Mali,MLI,1975,Total natural resources rents (% of GDP),NY.GDP.TOTL.RT.ZS,4.59535695803403
Mali,MLI,1974,Total natural resources rents (% of GDP),NY.GDP.TOTL.RT.ZS,5.43196313235505
Mali,MLI,1973,Total natural resources rents (% of GDP),NY.GDP.TOTL.RT.ZS,4.48607278738921
Mali,MLI,1972,Total natural resources rents (% of GDP),NY.GDP.TOTL.RT.ZS,3.18516667982179
Mali,MLI,1971,Total natural resources rents (% of GDP),NY.GDP.TOTL.RT.ZS,3.07000592406746
Mali,MLI,1970,Total natural resources rents (% of GDP),NY.GDP.TOTL.RT.ZS,4.07710094109536
Mali,MLI,2017,Fuel imports (% of merchandise imports),TM.VAL.FUEL.ZS.UN,23.9365616449631
Mali,MLI,2016,Fuel imports (% of merchandise imports),TM.VAL.FUEL.ZS.UN,22.2405831155624
Mali,MLI,2012,Fuel imports (% of merchandise imports),TM.VAL.FUEL.ZS.UN,28.6926256973712
Mali,MLI,2011,Fuel imports (% of merchandise imports),TM.VAL.FUEL.ZS.UN,29.3026034815049
Mali,MLI,2010,Fuel imports (% of merchandise imports),TM.VAL.FUEL.ZS.UN,26.0044537540767
Mali,MLI,2008,Fuel imports (% of merchandise imports),TM.VAL.FUEL.ZS.UN,21.3736620413208
Mali,MLI,2007,Fuel imports (% of merchandise imports),TM.VAL.FUEL.ZS.UN,22.2064812141325
Mali,MLI,2006,Fuel imports (% of merchandise imports),TM.VAL.FUEL.ZS.UN,23.9526545719931
Mali,MLI,2005,Fuel imports (% of merchandise imports),TM.VAL.FUEL.ZS.UN,24.1558418174062
Mali,MLI,2004,Fuel imports (% of merchandise imports),TM.VAL.FUEL.ZS.UN,21.1321819401589
Mali,MLI,2003,Fuel imports (% of merchandise imports),TM.VAL.FUEL.ZS.UN,17.6302360529161
Mali,MLI,2002,Fuel imports (% of merchandise imports),TM.VAL.FUEL.ZS.UN,17.4599385671651
Mali,MLI,2001,Fuel imports (% of merchandise imports),TM.VAL.FUEL.ZS.UN,19.0470591571472
Mali,MLI,2000,Fuel imports (% of merchandise imports),TM.VAL.FUEL.ZS.UN,23.0090522722016
Mali,MLI,1999,Fuel imports (% of merchandise imports),TM.VAL.FUEL.ZS.UN,15.0644257767018
Mali,MLI,1998,Fuel imports (% of merchandise imports),TM.VAL.FUEL.ZS.UN,15.8409703494739
Mali,MLI,1997,Fuel imports (% of merchandise imports),TM.VAL.FUEL.ZS.UN,20.8811581417967
Mali,MLI,1996,Fuel imports (% of merchandise imports),TM.VAL.FUEL.ZS.UN,15.6060421701943
Mali,MLI,1990,Fuel imports (% of merchandise imports),TM.VAL.FUEL.ZS.UN,19.4631210953077
Mali,MLI,1989,Fuel imports (% of merchandise imports),TM.VAL.FUEL.ZS.UN,17.8984986962089
Mali,MLI,1987,Fuel imports (% of merchandise imports),TM.VAL.FUEL.ZS.UN,14.8000332472861
Mali,MLI,1982,Fuel imports (% of merchandise imports),TM.VAL.FUEL.ZS.UN,27.49468000897
Mali,MLI,1980,Fuel imports (% of merchandise imports),TM.VAL.FUEL.ZS.UN,34.5964559783447
Mali,MLI,1979,Fuel imports (% of merchandise imports),TM.VAL.FUEL.ZS.UN,16.4365533398428
Mali,MLI,1978,Fuel imports (% of merchandise imports),TM.VAL.FUEL.ZS.UN,18.655011639366
Mali,MLI,1977,Fuel imports (% of merchandise imports),TM.VAL.FUEL.ZS.UN,17.8963623365815
Mali,MLI,1976,Fuel imports (% of merchandise imports),TM.VAL.FUEL.ZS.UN,14.3074824689557
Mali,MLI,1975,Fuel imports (% of merchandise imports),TM.VAL.FUEL.ZS.UN,10.5381847375197
Mali,MLI,1974,Fuel imports (% of merchandise imports),TM.VAL.FUEL.ZS.UN,8.77518127773472
Mali,MLI,1972,Fuel imports (% of merchandise imports),TM.VAL.FUEL.ZS.UN,10.7033592511463
Mali,MLI,1971,Fuel imports (% of merchandise imports),TM.VAL.FUEL.ZS.UN,9.53415930553406
Mali,MLI,1970,Fuel imports (% of merchandise imports),TM.VAL.FUEL.ZS.UN,8.94406200522253
Mali,MLI,1969,Fuel imports (% of merchandise imports),TM.VAL.FUEL.ZS.UN,8.82846205819687
Mali,MLI,1968,Fuel imports (% of merchandise imports),TM.VAL.FUEL.ZS.UN,7.76131503282182
Mali,MLI,1967,Fuel imports (% of merchandise imports),TM.VAL.FUEL.ZS.UN,7.62528519294308
Mali,MLI,1966,Fuel imports (% of merchandise imports),TM.VAL.FUEL.ZS.UN,6.40340097719127
Mali,MLI,1965,Fuel imports (% of merchandise imports),TM.VAL.FUEL.ZS.UN,5.96978953027989
Mali,MLI,1964,Fuel imports (% of merchandise imports),TM.VAL.FUEL.ZS.UN,6.28585080008916
Mali,MLI,1963,Fuel imports (% of merchandise imports),TM.VAL.FUEL.ZS.UN,6.49907633583864
Mali,MLI,1962,Fuel imports (% of merchandise imports),TM.VAL.FUEL.ZS.UN,5.07489680944298
Mali,MLI,2017,Ores and metals imports (% of merchandise imports),TM.VAL.MMTL.ZS.UN,0.500982957415098
Mali,MLI,2016,Ores and metals imports (% of merchandise imports),TM.VAL.MMTL.ZS.UN,0.514960874882008
Mali,MLI,2012,Ores and metals imports (% of merchandise imports),TM.VAL.MMTL.ZS.UN,0.512522432381622
Mali,MLI,2011,Ores and metals imports (% of merchandise imports),TM.VAL.MMTL.ZS.UN,0.693852430120321
Mali,MLI,2010,Ores and metals imports (% of merchandise imports),TM.VAL.MMTL.ZS.UN,0.629937793939262
Mali,MLI,2008,Ores and metals imports (% of merchandise imports),TM.VAL.MMTL.ZS.UN,0.691813881836012
Mali,MLI,2007,Ores and metals imports (% of merchandise imports),TM.VAL.MMTL.ZS.UN,0.50652668888821
Mali,MLI,2006,Ores and metals imports (% of merchandise imports),TM.VAL.MMTL.ZS.UN,0.476018899691468
Mali,MLI,2005,Ores and metals imports (% of merchandise imports),TM.VAL.MMTL.ZS.UN,0.415666650053327
Mali,MLI,2004,Ores and metals imports (% of merchandise imports),TM.VAL.MMTL.ZS.UN,0.606302744676957
Mali,MLI,2003,Ores and metals imports (% of merchandise imports),TM.VAL.MMTL.ZS.UN,0.878725845207496
Mali,MLI,2002,Ores and metals imports (% of merchandise imports),TM.VAL.MMTL.ZS.UN,0.857916203380767
Mali,MLI,2001,Ores and metals imports (% of merchandise imports),TM.VAL.MMTL.ZS.UN,0.609465695321126
Mali,MLI,2000,Ores and metals imports (% of merchandise imports),TM.VAL.MMTL.ZS.UN,0.582880579793648
Mali,MLI,1999,Ores and metals imports (% of merchandise imports),TM.VAL.MMTL.ZS.UN,0.758463781447363
Mali,MLI,1998,Ores and metals imports (% of merchandise imports),TM.VAL.MMTL.ZS.UN,0.687891183652292
Mali,MLI,1997,Ores and metals imports (% of merchandise imports),TM.VAL.MMTL.ZS.UN,0.626159486329665
Mali,MLI,1996,Ores and metals imports (% of merchandise imports),TM.VAL.MMTL.ZS.UN,1.05072501912207
Mali,MLI,1990,Ores and metals imports (% of merchandise imports),TM.VAL.MMTL.ZS.UN,1.14789163232753
Mali,MLI,1989,Ores and metals imports (% of merchandise imports),TM.VAL.MMTL.ZS.UN,0.962716181195152
Mali,MLI,1987,Ores and metals imports (% of merchandise imports),TM.VAL.MMTL.ZS.UN,0.873194908745963
Mali,MLI,1982,Ores and metals imports (% of merchandise imports),TM.VAL.MMTL.ZS.UN,0.851789354156832
Mali,MLI,1980,Ores and metals imports (% of merchandise imports),TM.VAL.MMTL.ZS.UN,0.376115723121542
Mali,MLI,1979,Ores and metals imports (% of merchandise imports),TM.VAL.MMTL.ZS.UN,0.4456781557791
Mali,MLI,1978,Ores and metals imports (% of merchandise imports),TM.VAL.MMTL.ZS.UN,1.09285967536118
Mali,MLI,1977,Ores and metals imports (% of merchandise imports),TM.VAL.MMTL.ZS.UN,1.04544166126374
Mali,MLI,1976,Ores and metals imports (% of merchandise imports),TM.VAL.MMTL.ZS.UN,1.51219439053455
Mali,MLI,1975,Ores and metals imports (% of merchandise imports),TM.VAL.MMTL.ZS.UN,1.03130209119884
Mali,MLI,1974,Ores and metals imports (% of merchandise imports),TM.VAL.MMTL.ZS.UN,0.575247938254462
Mali,MLI,1972,Ores and metals imports (% of merchandise imports),TM.VAL.MMTL.ZS.UN,0.912899619041686
Mali,MLI,1971,Ores and metals imports (% of merchandise imports),TM.VAL.MMTL.ZS.UN,1.47320911072299
Mali,MLI,1970,Ores and metals imports (% of merchandise imports),TM.VAL.MMTL.ZS.UN,1.60929989049422
Mali,MLI,1969,Ores and metals imports (% of merchandise imports),TM.VAL.MMTL.ZS.UN,1.81487798423805
Mali,MLI,1968,Ores and metals imports (% of merchandise imports),TM.VAL.MMTL.ZS.UN,2.26617293787447
Mali,MLI,1967,Ores and metals imports (% of merchandise imports),TM.VAL.MMTL.ZS.UN,1.85289629605408
Mali,MLI,1966,Ores and metals imports (% of merchandise imports),TM.VAL.MMTL.ZS.UN,2.17356910682626
Mali,MLI,1965,Ores and metals imports (% of merchandise imports),TM.VAL.MMTL.ZS.UN,1.00125702241302
Mali,MLI,1964,Ores and metals imports (% of merchandise imports),TM.VAL.MMTL.ZS.UN,1.41794801695036
Mali,MLI,1963,Ores and metals imports (% of merchandise imports),TM.VAL.MMTL.ZS.UN,1.38116346414819
Mali,MLI,1962,Ores and metals imports (% of merchandise imports),TM.VAL.MMTL.ZS.UN,1.17847019200941
Mali,MLI,2017,Fuel exports (% of merchandise exports),TX.VAL.FUEL.ZS.UN,0.0638970167646887
Mali,MLI,2016,Fuel exports (% of merchandise exports),TX.VAL.FUEL.ZS.UN,0.0547779185483143
Mali,MLI,2012,Fuel exports (% of merchandise exports),TX.VAL.FUEL.ZS.UN,0.29540803496569
Mali,MLI,2011,Fuel exports (% of merchandise exports),TX.VAL.FUEL.ZS.UN,0.154705690238707
Mali,MLI,2010,Fuel exports (% of merchandise exports),TX.VAL.FUEL.ZS.UN,0.12720420340661
Mali,MLI,2008,Fuel exports (% of merchandise exports),TX.VAL.FUEL.ZS.UN,5.98838778022383
Mali,MLI,2007,Fuel exports (% of merchandise exports),TX.VAL.FUEL.ZS.UN,1.91702737982209
Mali,MLI,2006,Fuel exports (% of merchandise exports),TX.VAL.FUEL.ZS.UN,2.25381285664297
Mali,MLI,2005,Fuel exports (% of merchandise exports),TX.VAL.FUEL.ZS.UN,1.57330514234796
Mali,MLI,2004,Fuel exports (% of merchandise exports),TX.VAL.FUEL.ZS.UN,0.767557716347453
Mali,MLI,2003,Fuel exports (% of merchandise exports),TX.VAL.FUEL.ZS.UN,1.30021903742975
Mali,MLI,2002,Fuel exports (% of merchandise exports),TX.VAL.FUEL.ZS.UN,3.57963412128183
Mali,MLI,2001,Fuel exports (% of merchandise exports),TX.VAL.FUEL.ZS.UN,4.21727713696528
Mali,MLI,2000,Fuel exports (% of merchandise exports),TX.VAL.FUEL.ZS.UN,7.20396338610739e-05
Mali,MLI,1999,Fuel exports (% of merchandise exports),TX.VAL.FUEL.ZS.UN,0.00520051960675747
Mali,MLI,1998,Fuel exports (% of merchandise exports),TX.VAL.FUEL.ZS.UN,0.0266724904831447
Mali,MLI,1997,Fuel exports (% of merchandise exports),TX.VAL.FUEL.ZS.UN,0.00272799687802954
Mali,MLI,1996,Fuel exports (% of merchandise exports),TX.VAL.FUEL.ZS.UN,0
Mali,MLI,1978,Fuel exports (% of merchandise exports),TX.VAL.FUEL.ZS.UN,0.358447093193985
Mali,MLI,1977,Fuel exports (% of merchandise exports),TX.VAL.FUEL.ZS.UN,0.142298807025881
Mali,MLI,1975,Fuel exports (% of merchandise exports),TX.VAL.FUEL.ZS.UN,0.0500222454894862
Mali,MLI,1974,Fuel exports (% of merchandise exports),TX.VAL.FUEL.ZS.UN,0.129060274459329
Mali,MLI,1971,Fuel exports (% of merchandise exports),TX.VAL.FUEL.ZS.UN,0.131907174137463
Mali,MLI,1970,Fuel exports (% of merchandise exports),TX.VAL.FUEL.ZS.UN,0.0905266180183986
Mali,MLI,1969,Fuel exports (% of merchandise exports),TX.VAL.FUEL.ZS.UN,1.05622395300767
Mali,MLI,1968,Fuel exports (% of merchandise exports),TX.VAL.FUEL.ZS.UN,0.14273276411035
Mali,MLI,1967,Fuel exports (% of merchandise exports),TX.VAL.FUEL.ZS.UN,0.185821177480801
Mali,MLI,1966,Fuel exports (% of merchandise exports),TX.VAL.FUEL.ZS.UN,0.0362371678443746
Mali,MLI,1965,Fuel exports (% of merchandise exports),TX.VAL.FUEL.ZS.UN,0.35082835782124
Mali,MLI,1964,Fuel exports (% of merchandise exports),TX.VAL.FUEL.ZS.UN,1.18689398313343
Mali,MLI,1963,Fuel exports (% of merchandise exports),TX.VAL.FUEL.ZS.UN,0.0604041908154746
Mali,MLI,1962,Fuel exports (% of merchandise exports),TX.VAL.FUEL.ZS.UN,9.97171224669856e-05
Mali,MLI,2017,Ores and metals exports (% of merchandise exports),TX.VAL.MMTL.ZS.UN,1.04216404659703
Mali,MLI,2016,Ores and metals exports (% of merchandise exports),TX.VAL.MMTL.ZS.UN,0.537514476910041
Mali,MLI,2012,Ores and metals exports (% of merchandise exports),TX.VAL.MMTL.ZS.UN,3.35329351949683
Mali,MLI,2011,Ores and metals exports (% of merchandise exports),TX.VAL.MMTL.ZS.UN,3.21417352569051
Mali,MLI,2010,Ores and metals exports (% of merchandise exports),TX.VAL.MMTL.ZS.UN,0.666005155215673
Mali,MLI,2008,Ores and metals exports (% of merchandise exports),TX.VAL.MMTL.ZS.UN,0.78112947349467
Mali,MLI,2007,Ores and metals exports (% of merchandise exports),TX.VAL.MMTL.ZS.UN,0.777747400460339
Mali,MLI,2006,Ores and metals exports (% of merchandise exports),TX.VAL.MMTL.ZS.UN,0.172905407725931
Mali,MLI,2005,Ores and metals exports (% of merchandise exports),TX.VAL.MMTL.ZS.UN,0.112587915502784
Mali,MLI,2004,Ores and metals exports (% of merchandise exports),TX.VAL.MMTL.ZS.UN,0.111694255271372
Mali,MLI,2003,Ores and metals exports (% of merchandise exports),TX.VAL.MMTL.ZS.UN,0.0739881538466139
Mali,MLI,2002,Ores and metals exports (% of merchandise exports),TX.VAL.MMTL.ZS.UN,0.0875900901788082
Mali,MLI,2001,Ores and metals exports (% of merchandise exports),TX.VAL.MMTL.ZS.UN,0.111339426214064
Mali,MLI,2000,Ores and metals exports (% of merchandise exports),TX.VAL.MMTL.ZS.UN,0.304492545140439
Mali,MLI,1999,Ores and metals exports (% of merchandise exports),TX.VAL.MMTL.ZS.UN,0.0436584634693474
Mali,MLI,1998,Ores and metals exports (% of merchandise exports),TX.VAL.MMTL.ZS.UN,0.0545735965231278
Mali,MLI,1997,Ores and metals exports (% of merchandise exports),TX.VAL.MMTL.ZS.UN,0.0234473165045723
Mali,MLI,1996,Ores and metals exports (% of merchandise exports),TX.VAL.MMTL.ZS.UN,0.0313317858793822
Mali,MLI,1990,Ores and metals exports (% of merchandise exports),TX.VAL.MMTL.ZS.UN,0.0477819588539345
Mali,MLI,1989,Ores and metals exports (% of merchandise exports),TX.VAL.MMTL.ZS.UN,0.0378030390653087
Mali,MLI,1987,Ores and metals exports (% of merchandise exports),TX.VAL.MMTL.ZS.UN,0.111344059357294
Mali,MLI,1982,Ores and metals exports (% of merchandise exports),TX.VAL.MMTL.ZS.UN,0.128696698080188
Mali,MLI,1980,Ores and metals exports (% of merchandise exports),TX.VAL.MMTL.ZS.UN,0.0605653767532217
Mali,MLI,1979,Ores and metals exports (% of merchandise exports),TX.VAL.MMTL.ZS.UN,0.0688443710519549
Mali,MLI,1978,Ores and metals exports (% of merchandise exports),TX.VAL.MMTL.ZS.UN,0.121304843798237
Mali,MLI,1977,Ores and metals exports (% of merchandise exports),TX.VAL.MMTL.ZS.UN,0.108139066330388
Mali,MLI,1976,Ores and metals exports (% of merchandise exports),TX.VAL.MMTL.ZS.UN,0.107220354797987
Mali,MLI,1975,Ores and metals exports (% of merchandise exports),TX.VAL.MMTL.ZS.UN,0.228826388405371
Mali,MLI,1974,Ores and metals exports (% of merchandise exports),TX.VAL.MMTL.ZS.UN,0.953600595833567
Mali,MLI,1972,Ores and metals exports (% of merchandise exports),TX.VAL.MMTL.ZS.UN,1.00073817468878
Mali,MLI,1971,Ores and metals exports (% of merchandise exports),TX.VAL.MMTL.ZS.UN,0.728749510436723
Mali,MLI,1970,Ores and metals exports (% of merchandise exports),TX.VAL.MMTL.ZS.UN,0.747486946449206
Mali,MLI,1969,Ores and metals exports (% of merchandise exports),TX.VAL.MMTL.ZS.UN,0.796294178067552
Mali,MLI,1968,Ores and metals exports (% of merchandise exports),TX.VAL.MMTL.ZS.UN,0.404990243023028
Mali,MLI,1967,Ores and metals exports (% of merchandise exports),TX.VAL.MMTL.ZS.UN,0.936215092922104
Mali,MLI,1966,Ores and metals exports (% of merchandise exports),TX.VAL.MMTL.ZS.UN,1.12163025197022
Mali,MLI,1965,Ores and metals exports (% of merchandise exports),TX.VAL.MMTL.ZS.UN,0.899686086868825
Mali,MLI,1964,Ores and metals exports (% of merchandise exports),TX.VAL.MMTL.ZS.UN,0.20492166440637
Mali,MLI,1963,Ores and metals exports (% of merchandise exports),TX.VAL.MMTL.ZS.UN,0.669486097325589
Mali,MLI,1962,Ores and metals exports (% of merchandise exports),TX.VAL.MMTL.ZS.UN,0.771371772555614
