Country Name,Country ISO3,Year,Indicator Name,Indicator Code,Value
#country+name,#country+code,#date+year,#indicator+name,#indicator+code,#indicator+value+num
Kiribati,KIR,2015,Energy intensity level of primary energy (MJ/$2011 PPP GDP),EG.EGY.PRIM.PP.KD,4.13745997897163
Kiribati,KIR,2014,Energy intensity level of primary energy (MJ/$2011 PPP GDP),EG.EGY.PRIM.PP.KD,4.82818833246439
Kiribati,KIR,2013,Energy intensity level of primary energy (MJ/$2011 PPP GDP),EG.EGY.PRIM.PP.KD,4.92850777631089
Kiribati,KIR,2012,Energy intensity level of primary energy (MJ/$2011 PPP GDP),EG.EGY.PRIM.PP.KD,5.01402911200279
Kiribati,KIR,2011,Energy intensity level of primary energy (MJ/$2011 PPP GDP),EG.EGY.PRIM.PP.KD,5.10949171754799
Kiribati,KIR,2010,Energy intensity level of primary energy (MJ/$2011 PPP GDP),EG.EGY.PRIM.PP.KD,5.38112290521783
Kiribati,KIR,2009,Energy intensity level of primary energy (MJ/$2011 PPP GDP),EG.EGY.PRIM.PP.KD,3.35865559721827
Kiribati,KIR,2008,Energy intensity level of primary energy (MJ/$2011 PPP GDP),EG.EGY.PRIM.PP.KD,4.69796726208686
Kiribati,KIR,2007,Energy intensity level of primary energy (MJ/$2011 PPP GDP),EG.EGY.PRIM.PP.KD,4.70503168713788
Kiribati,KIR,2006,Energy intensity level of primary energy (MJ/$2011 PPP GDP),EG.EGY.PRIM.PP.KD,6.53838734629318
Kiribati,KIR,2005,Energy intensity level of primary energy (MJ/$2011 PPP GDP),EG.EGY.PRIM.PP.KD,5.45164300179103
Kiribati,KIR,2004,Energy intensity level of primary energy (MJ/$2011 PPP GDP),EG.EGY.PRIM.PP.KD,3.88733124933229
Kiribati,KIR,2003,Energy intensity level of primary energy (MJ/$2011 PPP GDP),EG.EGY.PRIM.PP.KD,3.71954762617692
Kiribati,KIR,2002,Energy intensity level of primary energy (MJ/$2011 PPP GDP),EG.EGY.PRIM.PP.KD,3.70574066306679
Kiribati,KIR,2001,Energy intensity level of primary energy (MJ/$2011 PPP GDP),EG.EGY.PRIM.PP.KD,2.48425382128299
Kiribati,KIR,2000,Energy intensity level of primary energy (MJ/$2011 PPP GDP),EG.EGY.PRIM.PP.KD,3.3634138140699
Kiribati,KIR,1999,Energy intensity level of primary energy (MJ/$2011 PPP GDP),EG.EGY.PRIM.PP.KD,3.36991916955069
Kiribati,KIR,1998,Energy intensity level of primary energy (MJ/$2011 PPP GDP),EG.EGY.PRIM.PP.KD,3.6710474586692
Kiribati,KIR,1997,Energy intensity level of primary energy (MJ/$2011 PPP GDP),EG.EGY.PRIM.PP.KD,3.3592888679183
Kiribati,KIR,1996,Energy intensity level of primary energy (MJ/$2011 PPP GDP),EG.EGY.PRIM.PP.KD,4.66636963006769
Kiribati,KIR,1995,Energy intensity level of primary energy (MJ/$2011 PPP GDP),EG.EGY.PRIM.PP.KD,2.95323507933784
Kiribati,KIR,1994,Energy intensity level of primary energy (MJ/$2011 PPP GDP),EG.EGY.PRIM.PP.KD,2.92223109595288
Kiribati,KIR,1993,Energy intensity level of primary energy (MJ/$2011 PPP GDP),EG.EGY.PRIM.PP.KD,3.06065588698375
Kiribati,KIR,1992,Energy intensity level of primary energy (MJ/$2011 PPP GDP),EG.EGY.PRIM.PP.KD,3.16360667384256
Kiribati,KIR,1991,Energy intensity level of primary energy (MJ/$2011 PPP GDP),EG.EGY.PRIM.PP.KD,3.26217882242542
Kiribati,KIR,1990,Energy intensity level of primary energy (MJ/$2011 PPP GDP),EG.EGY.PRIM.PP.KD,3.11871238788459
Kiribati,KIR,2017,"Access to electricity, rural (% of rural population)",EG.ELC.ACCS.RU.ZS,100
Kiribati,KIR,2016,"Access to electricity, rural (% of rural population)",EG.ELC.ACCS.RU.ZS,99.241657908233
Kiribati,KIR,2015,"Access to electricity, rural (% of rural population)",EG.ELC.ACCS.RU.ZS,92.9567955214169
Kiribati,KIR,2014,"Access to electricity, rural (% of rural population)",EG.ELC.ACCS.RU.ZS,78.8629408907485
Kiribati,KIR,2013,"Access to electricity, rural (% of rural population)",EG.ELC.ACCS.RU.ZS,69.4631251999278
Kiribati,KIR,2012,"Access to electricity, rural (% of rural population)",EG.ELC.ACCS.RU.ZS,63.5972708942504
Kiribati,KIR,2011,"Access to electricity, rural (% of rural population)",EG.ELC.ACCS.RU.ZS,59.8739502543197
Kiribati,KIR,2010,"Access to electricity, rural (% of rural population)",EG.ELC.ACCS.RU.ZS,39.4073376655163
Kiribati,KIR,2009,"Access to electricity, rural (% of rural population)",EG.ELC.ACCS.RU.ZS,42.968874007106
Kiribati,KIR,2008,"Access to electricity, rural (% of rural population)",EG.ELC.ACCS.RU.ZS,49.4707095715936
Kiribati,KIR,2007,"Access to electricity, rural (% of rural population)",EG.ELC.ACCS.RU.ZS,46.3334461989466
Kiribati,KIR,2006,"Access to electricity, rural (% of rural population)",EG.ELC.ACCS.RU.ZS,43.3078068974847
Kiribati,KIR,2005,"Access to electricity, rural (% of rural population)",EG.ELC.ACCS.RU.ZS,51.2094719203083
Kiribati,KIR,2017,"Access to electricity, urban (% of urban population)",EG.ELC.ACCS.UR.ZS,88.6738891601563
Kiribati,KIR,2016,"Access to electricity, urban (% of urban population)",EG.ELC.ACCS.UR.ZS,88.7479934692383
Kiribati,KIR,2015,"Access to electricity, urban (% of urban population)",EG.ELC.ACCS.UR.ZS,88.31
Kiribati,KIR,2014,"Access to electricity, urban (% of urban population)",EG.ELC.ACCS.UR.ZS,88.7914428710938
Kiribati,KIR,2013,"Access to electricity, urban (% of urban population)",EG.ELC.ACCS.UR.ZS,89.0747604370117
Kiribati,KIR,2012,"Access to electricity, urban (% of urban population)",EG.ELC.ACCS.UR.ZS,89.4805679321289
Kiribati,KIR,2011,"Access to electricity, urban (% of urban population)",EG.ELC.ACCS.UR.ZS,89.6304702758789
Kiribati,KIR,2010,"Access to electricity, urban (% of urban population)",EG.ELC.ACCS.UR.ZS,89.545115585384
Kiribati,KIR,2009,"Access to electricity, urban (% of urban population)",EG.ELC.ACCS.UR.ZS,88.56
Kiribati,KIR,2008,"Access to electricity, urban (% of urban population)",EG.ELC.ACCS.UR.ZS,90.6039962768555
Kiribati,KIR,2007,"Access to electricity, urban (% of urban population)",EG.ELC.ACCS.UR.ZS,90.954216003418
Kiribati,KIR,2006,"Access to electricity, urban (% of urban population)",EG.ELC.ACCS.UR.ZS,91.3175201416016
Kiribati,KIR,2005,"Access to electricity, urban (% of urban population)",EG.ELC.ACCS.UR.ZS,93.6129647283127
Kiribati,KIR,2017,Access to electricity (% of population),EG.ELC.ACCS.ZS,98.6145706176758
Kiribati,KIR,2016,Access to electricity (% of population),EG.ELC.ACCS.ZS,93.7377471923828
Kiribati,KIR,2015,Access to electricity (% of population),EG.ELC.ACCS.ZS,90.5581814089579
Kiribati,KIR,2014,Access to electricity (% of population),EG.ELC.ACCS.ZS,83.9039535522461
Kiribati,KIR,2013,Access to electricity (% of population),EG.ELC.ACCS.ZS,79.2545776367188
Kiribati,KIR,2012,Access to electricity (% of population),EG.ELC.ACCS.ZS,76.3013610839844
Kiribati,KIR,2011,Access to electricity (% of population),EG.ELC.ACCS.ZS,74.2270584106445
Kiribati,KIR,2010,Access to electricity (% of population),EG.ELC.ACCS.ZS,63.1677367075983
Kiribati,KIR,2009,Access to electricity (% of population),EG.ELC.ACCS.ZS,64.19
Kiribati,KIR,2008,Access to electricity (% of population),EG.ELC.ACCS.ZS,68.2710952758789
Kiribati,KIR,2007,Access to electricity (% of population),EG.ELC.ACCS.ZS,66.3530502319336
Kiribati,KIR,2006,Access to electricity (% of population),EG.ELC.ACCS.ZS,64.446647644043
Kiribati,KIR,2005,Access to electricity (% of population),EG.ELC.ACCS.ZS,69.6764054575327
Kiribati,KIR,2015,Renewable electricity output (% of total electricity output),EG.ELC.RNEW.ZS,7.27272727272727
Kiribati,KIR,2014,Renewable electricity output (% of total electricity output),EG.ELC.RNEW.ZS,0
Kiribati,KIR,2013,Renewable electricity output (% of total electricity output),EG.ELC.RNEW.ZS,0
Kiribati,KIR,2012,Renewable electricity output (% of total electricity output),EG.ELC.RNEW.ZS,0
Kiribati,KIR,2011,Renewable electricity output (% of total electricity output),EG.ELC.RNEW.ZS,0
Kiribati,KIR,2010,Renewable electricity output (% of total electricity output),EG.ELC.RNEW.ZS,0
Kiribati,KIR,2009,Renewable electricity output (% of total electricity output),EG.ELC.RNEW.ZS,0
Kiribati,KIR,2008,Renewable electricity output (% of total electricity output),EG.ELC.RNEW.ZS,0
Kiribati,KIR,2007,Renewable electricity output (% of total electricity output),EG.ELC.RNEW.ZS,0
Kiribati,KIR,2006,Renewable electricity output (% of total electricity output),EG.ELC.RNEW.ZS,0
Kiribati,KIR,2005,Renewable electricity output (% of total electricity output),EG.ELC.RNEW.ZS,0
Kiribati,KIR,2004,Renewable electricity output (% of total electricity output),EG.ELC.RNEW.ZS,0
Kiribati,KIR,2003,Renewable electricity output (% of total electricity output),EG.ELC.RNEW.ZS,0
Kiribati,KIR,2002,Renewable electricity output (% of total electricity output),EG.ELC.RNEW.ZS,0
Kiribati,KIR,2001,Renewable electricity output (% of total electricity output),EG.ELC.RNEW.ZS,0
Kiribati,KIR,2000,Renewable electricity output (% of total electricity output),EG.ELC.RNEW.ZS,0
Kiribati,KIR,1999,Renewable electricity output (% of total electricity output),EG.ELC.RNEW.ZS,0
Kiribati,KIR,1998,Renewable electricity output (% of total electricity output),EG.ELC.RNEW.ZS,0
Kiribati,KIR,1997,Renewable electricity output (% of total electricity output),EG.ELC.RNEW.ZS,0
Kiribati,KIR,1996,Renewable electricity output (% of total electricity output),EG.ELC.RNEW.ZS,0
Kiribati,KIR,1995,Renewable electricity output (% of total electricity output),EG.ELC.RNEW.ZS,0
Kiribati,KIR,1994,Renewable electricity output (% of total electricity output),EG.ELC.RNEW.ZS,0
Kiribati,KIR,1993,Renewable electricity output (% of total electricity output),EG.ELC.RNEW.ZS,0
Kiribati,KIR,1992,Renewable electricity output (% of total electricity output),EG.ELC.RNEW.ZS,0
Kiribati,KIR,1991,Renewable electricity output (% of total electricity output),EG.ELC.RNEW.ZS,0
Kiribati,KIR,1990,Renewable electricity output (% of total electricity output),EG.ELC.RNEW.ZS,0
Kiribati,KIR,2015,Renewable energy consumption (% of total final energy consumption),EG.FEC.RNEW.ZS,4.25399869303377
Kiribati,KIR,2014,Renewable energy consumption (% of total final energy consumption),EG.FEC.RNEW.ZS,3.46502445469725
Kiribati,KIR,2013,Renewable energy consumption (% of total final energy consumption),EG.FEC.RNEW.ZS,3.03206560142476
Kiribati,KIR,2012,Renewable energy consumption (% of total final energy consumption),EG.FEC.RNEW.ZS,3.27556747607358
Kiribati,KIR,2011,Renewable energy consumption (% of total final energy consumption),EG.FEC.RNEW.ZS,3.57454932961151
Kiribati,KIR,2010,Renewable energy consumption (% of total final energy consumption),EG.FEC.RNEW.ZS,3.46460479841843
Kiribati,KIR,2009,Renewable energy consumption (% of total final energy consumption),EG.FEC.RNEW.ZS,3.07790554190796
Kiribati,KIR,2008,Renewable energy consumption (% of total final energy consumption),EG.FEC.RNEW.ZS,2.66768911149999
Kiribati,KIR,2007,Renewable energy consumption (% of total final energy consumption),EG.FEC.RNEW.ZS,3.11297326773593
Kiribati,KIR,2006,Renewable energy consumption (% of total final energy consumption),EG.FEC.RNEW.ZS,2.50763772343382
Kiribati,KIR,2005,Renewable energy consumption (% of total final energy consumption),EG.FEC.RNEW.ZS,2.78963257480196
Kiribati,KIR,2004,Renewable energy consumption (% of total final energy consumption),EG.FEC.RNEW.ZS,3.77998581490085
Kiribati,KIR,2003,Renewable energy consumption (% of total final energy consumption),EG.FEC.RNEW.ZS,3.93371873682956
Kiribati,KIR,2002,Renewable energy consumption (% of total final energy consumption),EG.FEC.RNEW.ZS,3.8089993863782
Kiribati,KIR,2001,Renewable energy consumption (% of total final energy consumption),EG.FEC.RNEW.ZS,5.22557269048288
Kiribati,KIR,2000,Renewable energy consumption (% of total final energy consumption),EG.FEC.RNEW.ZS,4.84779159178134
Kiribati,KIR,1999,Renewable energy consumption (% of total final energy consumption),EG.FEC.RNEW.ZS,4.32806788673007
Kiribati,KIR,1998,Renewable energy consumption (% of total final energy consumption),EG.FEC.RNEW.ZS,4.18450097010179
Kiribati,KIR,1997,Renewable energy consumption (% of total final energy consumption),EG.FEC.RNEW.ZS,4.21386177095815
Kiribati,KIR,1996,Renewable energy consumption (% of total final energy consumption),EG.FEC.RNEW.ZS,3.74715156662766
Kiribati,KIR,1995,Renewable energy consumption (% of total final energy consumption),EG.FEC.RNEW.ZS,4.30003560621011
Kiribati,KIR,1994,Renewable energy consumption (% of total final energy consumption),EG.FEC.RNEW.ZS,4.4491121764404
Kiribati,KIR,1993,Renewable energy consumption (% of total final energy consumption),EG.FEC.RNEW.ZS,4.24003678241091
Kiribati,KIR,1992,Renewable energy consumption (% of total final energy consumption),EG.FEC.RNEW.ZS,5.02663993972734
Kiribati,KIR,1991,Renewable energy consumption (% of total final energy consumption),EG.FEC.RNEW.ZS,5.09521736405561
Kiribati,KIR,1990,Renewable energy consumption (% of total final energy consumption),EG.FEC.RNEW.ZS,5.22094183156921
Kiribati,KIR,2007,GDP per unit of energy use (PPP $ per kg of oil equivalent),EG.GDP.PUSE.KO.PP,15.8019516024532
Kiribati,KIR,2006,GDP per unit of energy use (PPP $ per kg of oil equivalent),EG.GDP.PUSE.KO.PP,16.5898344381503
Kiribati,KIR,2005,GDP per unit of energy use (PPP $ per kg of oil equivalent),EG.GDP.PUSE.KO.PP,20.1381004718542
Kiribati,KIR,2004,GDP per unit of energy use (PPP $ per kg of oil equivalent),EG.GDP.PUSE.KO.PP,18.6083431142507
Kiribati,KIR,1990,GDP per unit of energy use (PPP $ per kg of oil equivalent),EG.GDP.PUSE.KO.PP,12.840435669821
Kiribati,KIR,2007,GDP per unit of energy use (constant 2011 PPP $ per kg of oil equivalent),EG.GDP.PUSE.KO.PP.KD,16.7642993910719
Kiribati,KIR,2006,GDP per unit of energy use (constant 2011 PPP $ per kg of oil equivalent),EG.GDP.PUSE.KO.PP.KD,18.0729542421459
Kiribati,KIR,2005,GDP per unit of energy use (constant 2011 PPP $ per kg of oil equivalent),EG.GDP.PUSE.KO.PP.KD,22.6023346965041
Kiribati,KIR,2004,GDP per unit of energy use (constant 2011 PPP $ per kg of oil equivalent),EG.GDP.PUSE.KO.PP.KD,21.5359536066557
Kiribati,KIR,1990,GDP per unit of energy use (constant 2011 PPP $ per kg of oil equivalent),EG.GDP.PUSE.KO.PP.KD,19.7872259279601
Kiribati,KIR,2007,Fossil fuel energy consumption (% of total),EG.USE.COMM.FO.ZS,0
Kiribati,KIR,2006,Fossil fuel energy consumption (% of total),EG.USE.COMM.FO.ZS,0
Kiribati,KIR,2005,Fossil fuel energy consumption (% of total),EG.USE.COMM.FO.ZS,0
Kiribati,KIR,2004,Fossil fuel energy consumption (% of total),EG.USE.COMM.FO.ZS,0
Kiribati,KIR,1990,Fossil fuel energy consumption (% of total),EG.USE.COMM.FO.ZS,0
Kiribati,KIR,2007,"Energy use (kg of oil equivalent) per $1,000 GDP (constant 2011 PPP)",EG.USE.COMM.GD.PP.KD,59.6505691453212
Kiribati,KIR,2006,"Energy use (kg of oil equivalent) per $1,000 GDP (constant 2011 PPP)",EG.USE.COMM.GD.PP.KD,55.3312970642073
Kiribati,KIR,2005,"Energy use (kg of oil equivalent) per $1,000 GDP (constant 2011 PPP)",EG.USE.COMM.GD.PP.KD,44.2432170582213
Kiribati,KIR,2004,"Energy use (kg of oil equivalent) per $1,000 GDP (constant 2011 PPP)",EG.USE.COMM.GD.PP.KD,46.4339781866428
Kiribati,KIR,1990,"Energy use (kg of oil equivalent) per $1,000 GDP (constant 2011 PPP)",EG.USE.COMM.GD.PP.KD,50.5376551337073
Kiribati,KIR,2007,Energy use (kg of oil equivalent per capita),EG.USE.PCAP.KG.OE,113.957752753116
Kiribati,KIR,2006,Energy use (kg of oil equivalent per capita),EG.USE.PCAP.KG.OE,105.996205335849
Kiribati,KIR,2005,Energy use (kg of oil equivalent per capita),EG.USE.PCAP.KG.OE,86.6504197129705
Kiribati,KIR,2004,Energy use (kg of oil equivalent per capita),EG.USE.PCAP.KG.OE,88.3987668372026
Kiribati,KIR,1990,Energy use (kg of oil equivalent per capita),EG.USE.PCAP.KG.OE,98.241091160221
Kiribati,KIR,2014,CO2 emissions from gaseous fuel consumption (% of total),EN.ATM.CO2E.GF.ZS,0
Kiribati,KIR,2013,CO2 emissions from gaseous fuel consumption (% of total),EN.ATM.CO2E.GF.ZS,0
Kiribati,KIR,2012,CO2 emissions from gaseous fuel consumption (% of total),EN.ATM.CO2E.GF.ZS,0
Kiribati,KIR,2011,CO2 emissions from gaseous fuel consumption (% of total),EN.ATM.CO2E.GF.ZS,0
Kiribati,KIR,2010,CO2 emissions from gaseous fuel consumption (% of total),EN.ATM.CO2E.GF.ZS,0
Kiribati,KIR,2009,CO2 emissions from gaseous fuel consumption (% of total),EN.ATM.CO2E.GF.ZS,0
Kiribati,KIR,2008,CO2 emissions from gaseous fuel consumption (% of total),EN.ATM.CO2E.GF.ZS,0
Kiribati,KIR,2007,CO2 emissions from gaseous fuel consumption (% of total),EN.ATM.CO2E.GF.ZS,0
Kiribati,KIR,2006,CO2 emissions from gaseous fuel consumption (% of total),EN.ATM.CO2E.GF.ZS,0
Kiribati,KIR,2005,CO2 emissions from gaseous fuel consumption (% of total),EN.ATM.CO2E.GF.ZS,0
Kiribati,KIR,2004,CO2 emissions from gaseous fuel consumption (% of total),EN.ATM.CO2E.GF.ZS,0
Kiribati,KIR,2003,CO2 emissions from gaseous fuel consumption (% of total),EN.ATM.CO2E.GF.ZS,0
Kiribati,KIR,2002,CO2 emissions from gaseous fuel consumption (% of total),EN.ATM.CO2E.GF.ZS,0
Kiribati,KIR,2001,CO2 emissions from gaseous fuel consumption (% of total),EN.ATM.CO2E.GF.ZS,0
Kiribati,KIR,2000,CO2 emissions from gaseous fuel consumption (% of total),EN.ATM.CO2E.GF.ZS,0
Kiribati,KIR,1999,CO2 emissions from gaseous fuel consumption (% of total),EN.ATM.CO2E.GF.ZS,0
Kiribati,KIR,1998,CO2 emissions from gaseous fuel consumption (% of total),EN.ATM.CO2E.GF.ZS,0
Kiribati,KIR,1997,CO2 emissions from gaseous fuel consumption (% of total),EN.ATM.CO2E.GF.ZS,0
Kiribati,KIR,1996,CO2 emissions from gaseous fuel consumption (% of total),EN.ATM.CO2E.GF.ZS,0
Kiribati,KIR,1995,CO2 emissions from gaseous fuel consumption (% of total),EN.ATM.CO2E.GF.ZS,0
Kiribati,KIR,1994,CO2 emissions from gaseous fuel consumption (% of total),EN.ATM.CO2E.GF.ZS,0
Kiribati,KIR,1993,CO2 emissions from gaseous fuel consumption (% of total),EN.ATM.CO2E.GF.ZS,0
Kiribati,KIR,1992,CO2 emissions from gaseous fuel consumption (% of total),EN.ATM.CO2E.GF.ZS,0
Kiribati,KIR,1991,CO2 emissions from gaseous fuel consumption (% of total),EN.ATM.CO2E.GF.ZS,0
Kiribati,KIR,1990,CO2 emissions from gaseous fuel consumption (% of total),EN.ATM.CO2E.GF.ZS,0
Kiribati,KIR,1989,CO2 emissions from gaseous fuel consumption (% of total),EN.ATM.CO2E.GF.ZS,0
Kiribati,KIR,1988,CO2 emissions from gaseous fuel consumption (% of total),EN.ATM.CO2E.GF.ZS,0
Kiribati,KIR,1987,CO2 emissions from gaseous fuel consumption (% of total),EN.ATM.CO2E.GF.ZS,0
Kiribati,KIR,1986,CO2 emissions from gaseous fuel consumption (% of total),EN.ATM.CO2E.GF.ZS,0
Kiribati,KIR,1985,CO2 emissions from gaseous fuel consumption (% of total),EN.ATM.CO2E.GF.ZS,0
Kiribati,KIR,1984,CO2 emissions from gaseous fuel consumption (% of total),EN.ATM.CO2E.GF.ZS,0
Kiribati,KIR,1983,CO2 emissions from gaseous fuel consumption (% of total),EN.ATM.CO2E.GF.ZS,0
Kiribati,KIR,1982,CO2 emissions from gaseous fuel consumption (% of total),EN.ATM.CO2E.GF.ZS,0
Kiribati,KIR,1981,CO2 emissions from gaseous fuel consumption (% of total),EN.ATM.CO2E.GF.ZS,0
Kiribati,KIR,1980,CO2 emissions from gaseous fuel consumption (% of total),EN.ATM.CO2E.GF.ZS,0
Kiribati,KIR,1979,CO2 emissions from gaseous fuel consumption (% of total),EN.ATM.CO2E.GF.ZS,0
Kiribati,KIR,1978,CO2 emissions from gaseous fuel consumption (% of total),EN.ATM.CO2E.GF.ZS,0
Kiribati,KIR,1977,CO2 emissions from gaseous fuel consumption (% of total),EN.ATM.CO2E.GF.ZS,0
Kiribati,KIR,1976,CO2 emissions from gaseous fuel consumption (% of total),EN.ATM.CO2E.GF.ZS,0
Kiribati,KIR,1975,CO2 emissions from gaseous fuel consumption (% of total),EN.ATM.CO2E.GF.ZS,0
Kiribati,KIR,1974,CO2 emissions from gaseous fuel consumption (% of total),EN.ATM.CO2E.GF.ZS,0
Kiribati,KIR,1973,CO2 emissions from gaseous fuel consumption (% of total),EN.ATM.CO2E.GF.ZS,0
Kiribati,KIR,1972,CO2 emissions from gaseous fuel consumption (% of total),EN.ATM.CO2E.GF.ZS,0
Kiribati,KIR,1971,CO2 emissions from gaseous fuel consumption (% of total),EN.ATM.CO2E.GF.ZS,0
Kiribati,KIR,1970,CO2 emissions from gaseous fuel consumption (% of total),EN.ATM.CO2E.GF.ZS,0
Kiribati,KIR,1969,CO2 emissions from gaseous fuel consumption (% of total),EN.ATM.CO2E.GF.ZS,0
Kiribati,KIR,1968,CO2 emissions from gaseous fuel consumption (% of total),EN.ATM.CO2E.GF.ZS,0
Kiribati,KIR,1967,CO2 emissions from gaseous fuel consumption (% of total),EN.ATM.CO2E.GF.ZS,0
Kiribati,KIR,1966,CO2 emissions from gaseous fuel consumption (% of total),EN.ATM.CO2E.GF.ZS,0
Kiribati,KIR,1965,CO2 emissions from gaseous fuel consumption (% of total),EN.ATM.CO2E.GF.ZS,0
Kiribati,KIR,1964,CO2 emissions from gaseous fuel consumption (% of total),EN.ATM.CO2E.GF.ZS,0
Kiribati,KIR,1963,CO2 emissions from gaseous fuel consumption (% of total),EN.ATM.CO2E.GF.ZS,0
Kiribati,KIR,1962,CO2 emissions from gaseous fuel consumption (% of total),EN.ATM.CO2E.GF.ZS,0
Kiribati,KIR,1961,CO2 emissions from gaseous fuel consumption (% of total),EN.ATM.CO2E.GF.ZS,0
Kiribati,KIR,2014,CO2 emissions from liquid fuel consumption (kt),EN.ATM.CO2E.LF.KT,62.339
Kiribati,KIR,2013,CO2 emissions from liquid fuel consumption (kt),EN.ATM.CO2E.LF.KT,62.339
Kiribati,KIR,2012,CO2 emissions from liquid fuel consumption (kt),EN.ATM.CO2E.LF.KT,62.339
Kiribati,KIR,2011,CO2 emissions from liquid fuel consumption (kt),EN.ATM.CO2E.LF.KT,62.339
Kiribati,KIR,2010,CO2 emissions from liquid fuel consumption (kt),EN.ATM.CO2E.LF.KT,62.339
Kiribati,KIR,2009,CO2 emissions from liquid fuel consumption (kt),EN.ATM.CO2E.LF.KT,40.337
Kiribati,KIR,2008,CO2 emissions from liquid fuel consumption (kt),EN.ATM.CO2E.LF.KT,55.005
Kiribati,KIR,2007,CO2 emissions from liquid fuel consumption (kt),EN.ATM.CO2E.LF.KT,51.338
Kiribati,KIR,2006,CO2 emissions from liquid fuel consumption (kt),EN.ATM.CO2E.LF.KT,69.673
Kiribati,KIR,2005,CO2 emissions from liquid fuel consumption (kt),EN.ATM.CO2E.LF.KT,62.339
Kiribati,KIR,2004,CO2 emissions from liquid fuel consumption (kt),EN.ATM.CO2E.LF.KT,44.004
Kiribati,KIR,2003,CO2 emissions from liquid fuel consumption (kt),EN.ATM.CO2E.LF.KT,40.337
Kiribati,KIR,2002,CO2 emissions from liquid fuel consumption (kt),EN.ATM.CO2E.LF.KT,40.337
Kiribati,KIR,2001,CO2 emissions from liquid fuel consumption (kt),EN.ATM.CO2E.LF.KT,25.669
Kiribati,KIR,2000,CO2 emissions from liquid fuel consumption (kt),EN.ATM.CO2E.LF.KT,29.336
Kiribati,KIR,1999,CO2 emissions from liquid fuel consumption (kt),EN.ATM.CO2E.LF.KT,29.336
Kiribati,KIR,1998,CO2 emissions from liquid fuel consumption (kt),EN.ATM.CO2E.LF.KT,29.336
Kiribati,KIR,1997,CO2 emissions from liquid fuel consumption (kt),EN.ATM.CO2E.LF.KT,25.669
Kiribati,KIR,1996,CO2 emissions from liquid fuel consumption (kt),EN.ATM.CO2E.LF.KT,33.003
Kiribati,KIR,1995,CO2 emissions from liquid fuel consumption (kt),EN.ATM.CO2E.LF.KT,29.336
Kiribati,KIR,1994,CO2 emissions from liquid fuel consumption (kt),EN.ATM.CO2E.LF.KT,29.336
Kiribati,KIR,1993,CO2 emissions from liquid fuel consumption (kt),EN.ATM.CO2E.LF.KT,29.336
Kiribati,KIR,1992,CO2 emissions from liquid fuel consumption (kt),EN.ATM.CO2E.LF.KT,25.669
Kiribati,KIR,1991,CO2 emissions from liquid fuel consumption (kt),EN.ATM.CO2E.LF.KT,22.002
Kiribati,KIR,1990,CO2 emissions from liquid fuel consumption (kt),EN.ATM.CO2E.LF.KT,22.002
Kiribati,KIR,1989,CO2 emissions from liquid fuel consumption (kt),EN.ATM.CO2E.LF.KT,22.002
Kiribati,KIR,1988,CO2 emissions from liquid fuel consumption (kt),EN.ATM.CO2E.LF.KT,22.002
Kiribati,KIR,1987,CO2 emissions from liquid fuel consumption (kt),EN.ATM.CO2E.LF.KT,22.002
Kiribati,KIR,1986,CO2 emissions from liquid fuel consumption (kt),EN.ATM.CO2E.LF.KT,18.335
Kiribati,KIR,1985,CO2 emissions from liquid fuel consumption (kt),EN.ATM.CO2E.LF.KT,22.002
Kiribati,KIR,1984,CO2 emissions from liquid fuel consumption (kt),EN.ATM.CO2E.LF.KT,22.002
Kiribati,KIR,1983,CO2 emissions from liquid fuel consumption (kt),EN.ATM.CO2E.LF.KT,22.002
Kiribati,KIR,1982,CO2 emissions from liquid fuel consumption (kt),EN.ATM.CO2E.LF.KT,25.669
Kiribati,KIR,1981,CO2 emissions from liquid fuel consumption (kt),EN.ATM.CO2E.LF.KT,29.336
Kiribati,KIR,1980,CO2 emissions from liquid fuel consumption (kt),EN.ATM.CO2E.LF.KT,29.336
Kiribati,KIR,1979,CO2 emissions from liquid fuel consumption (kt),EN.ATM.CO2E.LF.KT,25.669
Kiribati,KIR,1978,CO2 emissions from liquid fuel consumption (kt),EN.ATM.CO2E.LF.KT,22.002
Kiribati,KIR,1977,CO2 emissions from liquid fuel consumption (kt),EN.ATM.CO2E.LF.KT,22.002
Kiribati,KIR,1976,CO2 emissions from liquid fuel consumption (kt),EN.ATM.CO2E.LF.KT,33.003
Kiribati,KIR,1975,CO2 emissions from liquid fuel consumption (kt),EN.ATM.CO2E.LF.KT,33.003
Kiribati,KIR,1974,CO2 emissions from liquid fuel consumption (kt),EN.ATM.CO2E.LF.KT,33.003
Kiribati,KIR,1973,CO2 emissions from liquid fuel consumption (kt),EN.ATM.CO2E.LF.KT,36.67
Kiribati,KIR,1972,CO2 emissions from liquid fuel consumption (kt),EN.ATM.CO2E.LF.KT,25.669
Kiribati,KIR,1971,CO2 emissions from liquid fuel consumption (kt),EN.ATM.CO2E.LF.KT,29.336
Kiribati,KIR,1970,CO2 emissions from liquid fuel consumption (kt),EN.ATM.CO2E.LF.KT,22.002
Kiribati,KIR,1969,CO2 emissions from liquid fuel consumption (kt),EN.ATM.CO2E.LF.KT,11.001
Kiribati,KIR,1968,CO2 emissions from liquid fuel consumption (kt),EN.ATM.CO2E.LF.KT,33.003
Kiribati,KIR,1967,CO2 emissions from liquid fuel consumption (kt),EN.ATM.CO2E.LF.KT,22.002
Kiribati,KIR,1966,CO2 emissions from liquid fuel consumption (kt),EN.ATM.CO2E.LF.KT,11.001
Kiribati,KIR,1965,CO2 emissions from liquid fuel consumption (kt),EN.ATM.CO2E.LF.KT,11.001
Kiribati,KIR,1964,CO2 emissions from liquid fuel consumption (kt),EN.ATM.CO2E.LF.KT,18.335
Kiribati,KIR,1963,CO2 emissions from liquid fuel consumption (kt),EN.ATM.CO2E.LF.KT,18.335
Kiribati,KIR,1962,CO2 emissions from liquid fuel consumption (kt),EN.ATM.CO2E.LF.KT,11.001
Kiribati,KIR,1961,CO2 emissions from liquid fuel consumption (kt),EN.ATM.CO2E.LF.KT,7.334
Kiribati,KIR,2008,Methane emissions in energy sector (thousand metric tons of CO2 equivalent),EN.ATM.METH.EG.KT.CE,0.857204484014958
Kiribati,KIR,2007,Methane emissions in energy sector (thousand metric tons of CO2 equivalent),EN.ATM.METH.EG.KT.CE,0.831040774536471
Kiribati,KIR,2006,Methane emissions in energy sector (thousand metric tons of CO2 equivalent),EN.ATM.METH.EG.KT.CE,0.790115834992107
Kiribati,KIR,2005,Methane emissions in energy sector (thousand metric tons of CO2 equivalent),EN.ATM.METH.EG.KT.CE,0.776576444892562
Kiribati,KIR,2004,Methane emissions in energy sector (thousand metric tons of CO2 equivalent),EN.ATM.METH.EG.KT.CE,0.759784188066703
Kiribati,KIR,2003,Methane emissions in energy sector (thousand metric tons of CO2 equivalent),EN.ATM.METH.EG.KT.CE,0.728455351018501
Kiribati,KIR,2002,Methane emissions in energy sector (thousand metric tons of CO2 equivalent),EN.ATM.METH.EG.KT.CE,0.72204869557657
Kiribati,KIR,2001,Methane emissions in energy sector (thousand metric tons of CO2 equivalent),EN.ATM.METH.EG.KT.CE,0.708034201905631
Kiribati,KIR,2000,Methane emissions in energy sector (thousand metric tons of CO2 equivalent),EN.ATM.METH.EG.KT.CE,0.695080225617813
Kiribati,KIR,1999,Methane emissions in energy sector (thousand metric tons of CO2 equivalent),EN.ATM.METH.EG.KT.CE,0.693582115437688
Kiribati,KIR,1998,Methane emissions in energy sector (thousand metric tons of CO2 equivalent),EN.ATM.METH.EG.KT.CE,0.679032377040565
Kiribati,KIR,1997,Methane emissions in energy sector (thousand metric tons of CO2 equivalent),EN.ATM.METH.EG.KT.CE,0.666548713614375
Kiribati,KIR,1996,Methane emissions in energy sector (thousand metric tons of CO2 equivalent),EN.ATM.METH.EG.KT.CE,0.669935541691347
Kiribati,KIR,1995,Methane emissions in energy sector (thousand metric tons of CO2 equivalent),EN.ATM.METH.EG.KT.CE,0.655830207258158
Kiribati,KIR,1994,Methane emissions in energy sector (thousand metric tons of CO2 equivalent),EN.ATM.METH.EG.KT.CE,0.65440692960275
Kiribati,KIR,1993,Methane emissions in energy sector (thousand metric tons of CO2 equivalent),EN.ATM.METH.EG.KT.CE,0.656687200336615
Kiribati,KIR,1992,Methane emissions in energy sector (thousand metric tons of CO2 equivalent),EN.ATM.METH.EG.KT.CE,0.660536276248695
Kiribati,KIR,1991,Methane emissions in energy sector (thousand metric tons of CO2 equivalent),EN.ATM.METH.EG.KT.CE,0.674237517148682
Kiribati,KIR,1990,Methane emissions in energy sector (thousand metric tons of CO2 equivalent),EN.ATM.METH.EG.KT.CE,0.6618826316134
Kiribati,KIR,1989,Methane emissions in energy sector (thousand metric tons of CO2 equivalent),EN.ATM.METH.EG.KT.CE,0.609613656795223
Kiribati,KIR,1988,Methane emissions in energy sector (thousand metric tons of CO2 equivalent),EN.ATM.METH.EG.KT.CE,0.619391041765095
Kiribati,KIR,1987,Methane emissions in energy sector (thousand metric tons of CO2 equivalent),EN.ATM.METH.EG.KT.CE,0.641668675972207
Kiribati,KIR,1986,Methane emissions in energy sector (thousand metric tons of CO2 equivalent),EN.ATM.METH.EG.KT.CE,0.650066594863029
Kiribati,KIR,1985,Methane emissions in energy sector (thousand metric tons of CO2 equivalent),EN.ATM.METH.EG.KT.CE,0.667228120689608
Kiribati,KIR,1984,Methane emissions in energy sector (thousand metric tons of CO2 equivalent),EN.ATM.METH.EG.KT.CE,0.649610171069207
Kiribati,KIR,1983,Methane emissions in energy sector (thousand metric tons of CO2 equivalent),EN.ATM.METH.EG.KT.CE,0.693235046262571
Kiribati,KIR,1982,Methane emissions in energy sector (thousand metric tons of CO2 equivalent),EN.ATM.METH.EG.KT.CE,0.694862196867017
Kiribati,KIR,1981,Methane emissions in energy sector (thousand metric tons of CO2 equivalent),EN.ATM.METH.EG.KT.CE,0.698615637106547
Kiribati,KIR,1980,Methane emissions in energy sector (thousand metric tons of CO2 equivalent),EN.ATM.METH.EG.KT.CE,0.677342050395044
Kiribati,KIR,1979,Methane emissions in energy sector (thousand metric tons of CO2 equivalent),EN.ATM.METH.EG.KT.CE,0.60556148713328
Kiribati,KIR,1978,Methane emissions in energy sector (thousand metric tons of CO2 equivalent),EN.ATM.METH.EG.KT.CE,0.584912099870157
Kiribati,KIR,1977,Methane emissions in energy sector (thousand metric tons of CO2 equivalent),EN.ATM.METH.EG.KT.CE,0.581915102410999
Kiribati,KIR,1976,Methane emissions in energy sector (thousand metric tons of CO2 equivalent),EN.ATM.METH.EG.KT.CE,0.566801179704247
Kiribati,KIR,1975,Methane emissions in energy sector (thousand metric tons of CO2 equivalent),EN.ATM.METH.EG.KT.CE,0.544449399759833
Kiribati,KIR,1974,Methane emissions in energy sector (thousand metric tons of CO2 equivalent),EN.ATM.METH.EG.KT.CE,0.534562223315653
Kiribati,KIR,1973,Methane emissions in energy sector (thousand metric tons of CO2 equivalent),EN.ATM.METH.EG.KT.CE,0.544207196932151
Kiribati,KIR,1972,Methane emissions in energy sector (thousand metric tons of CO2 equivalent),EN.ATM.METH.EG.KT.CE,0.540588730372131
Kiribati,KIR,1971,Methane emissions in energy sector (thousand metric tons of CO2 equivalent),EN.ATM.METH.EG.KT.CE,0.54774690346756
Kiribati,KIR,1970,Methane emissions in energy sector (thousand metric tons of CO2 equivalent),EN.ATM.METH.EG.KT.CE,0.511926823271948
Kiribati,KIR,1969,Methane emissions in energy sector (thousand metric tons of CO2 equivalent),EN.ATM.METH.EG.KT.CE,0
Kiribati,KIR,2008,Energy related methane emissions (% of total),EN.ATM.METH.EG.ZS,5.63042782367209
Kiribati,KIR,2007,Energy related methane emissions (% of total),EN.ATM.METH.EG.ZS,5.58746730407153
Kiribati,KIR,2006,Energy related methane emissions (% of total),EN.ATM.METH.EG.ZS,5.44764706485271
Kiribati,KIR,2005,Energy related methane emissions (% of total),EN.ATM.METH.EG.ZS,5.46742359309589
Kiribati,KIR,2004,Energy related methane emissions (% of total),EN.ATM.METH.EG.ZS,5.44039774923171
Kiribati,KIR,2003,Energy related methane emissions (% of total),EN.ATM.METH.EG.ZS,5.32084314068413
Kiribati,KIR,2002,Energy related methane emissions (% of total),EN.ATM.METH.EG.ZS,5.36273002166166
Kiribati,KIR,2001,Energy related methane emissions (% of total),EN.ATM.METH.EG.ZS,5.41298136820739
Kiribati,KIR,2000,Energy related methane emissions (% of total),EN.ATM.METH.EG.ZS,5.43753599012605
Kiribati,KIR,1999,Energy related methane emissions (% of total),EN.ATM.METH.EG.ZS,5.59164549405984
Kiribati,KIR,1998,Energy related methane emissions (% of total),EN.ATM.METH.EG.ZS,5.62229250292333
Kiribati,KIR,1997,Energy related methane emissions (% of total),EN.ATM.METH.EG.ZS,5.65197498231502
Kiribati,KIR,1996,Energy related methane emissions (% of total),EN.ATM.METH.EG.ZS,5.80900865964906
Kiribati,KIR,1995,Energy related methane emissions (% of total),EN.ATM.METH.EG.ZS,5.85395429215008
Kiribati,KIR,1994,Energy related methane emissions (% of total),EN.ATM.METH.EG.ZS,5.96700066200499
Kiribati,KIR,1993,Energy related methane emissions (% of total),EN.ATM.METH.EG.ZS,6.09941299168352
Kiribati,KIR,1992,Energy related methane emissions (% of total),EN.ATM.METH.EG.ZS,6.25028412154214
Kiribati,KIR,1991,Energy related methane emissions (% of total),EN.ATM.METH.EG.ZS,6.51078649583014
Kiribati,KIR,1990,Energy related methane emissions (% of total),EN.ATM.METH.EG.ZS,6.52056145500704
Kiribati,KIR,1989,Energy related methane emissions (% of total),EN.ATM.METH.EG.ZS,5.96578418354184
Kiribati,KIR,1988,Energy related methane emissions (% of total),EN.ATM.METH.EG.ZS,6.2930831144516
Kiribati,KIR,1987,Energy related methane emissions (% of total),EN.ATM.METH.EG.ZS,6.71166441056647
Kiribati,KIR,1986,Energy related methane emissions (% of total),EN.ATM.METH.EG.ZS,7.02298652549061
Kiribati,KIR,1985,Energy related methane emissions (% of total),EN.ATM.METH.EG.ZS,7.45435484551309
Kiribati,KIR,1984,Energy related methane emissions (% of total),EN.ATM.METH.EG.ZS,7.55023537245239
Kiribati,KIR,1983,Energy related methane emissions (% of total),EN.ATM.METH.EG.ZS,8.31280873187596
Kiribati,KIR,1982,Energy related methane emissions (% of total),EN.ATM.METH.EG.ZS,8.57959425740945
Kiribati,KIR,1981,Energy related methane emissions (% of total),EN.ATM.METH.EG.ZS,8.81058099987069
Kiribati,KIR,1980,Energy related methane emissions (% of total),EN.ATM.METH.EG.ZS,8.67407518424758
Kiribati,KIR,1979,Energy related methane emissions (% of total),EN.ATM.METH.EG.ZS,8.03765150706631
Kiribati,KIR,1978,Energy related methane emissions (% of total),EN.ATM.METH.EG.ZS,8.06215963090652
Kiribati,KIR,1977,Energy related methane emissions (% of total),EN.ATM.METH.EG.ZS,8.31914586806939
Kiribati,KIR,1976,Energy related methane emissions (% of total),EN.ATM.METH.EG.ZS,8.45622301979998
Kiribati,KIR,1975,Energy related methane emissions (% of total),EN.ATM.METH.EG.ZS,8.70586936879912
Kiribati,KIR,1974,Energy related methane emissions (% of total),EN.ATM.METH.EG.ZS,9.05158588888509
Kiribati,KIR,1973,Energy related methane emissions (% of total),EN.ATM.METH.EG.ZS,9.58516269078749
Kiribati,KIR,1972,Energy related methane emissions (% of total),EN.ATM.METH.EG.ZS,10.0531068461882
Kiribati,KIR,1971,Energy related methane emissions (% of total),EN.ATM.METH.EG.ZS,10.8453995340572
Kiribati,KIR,1970,Energy related methane emissions (% of total),EN.ATM.METH.EG.ZS,10.9855305733668
Kiribati,KIR,2008,Nitrous oxide emissions in energy sector (thousand metric tons of CO2 equivalent),EN.ATM.NOXE.EG.KT.CE,0.3149177811
Kiribati,KIR,2007,Nitrous oxide emissions in energy sector (thousand metric tons of CO2 equivalent),EN.ATM.NOXE.EG.KT.CE,0.320094561
Kiribati,KIR,2006,Nitrous oxide emissions in energy sector (thousand metric tons of CO2 equivalent),EN.ATM.NOXE.EG.KT.CE,0.313539673
Kiribati,KIR,2005,Nitrous oxide emissions in energy sector (thousand metric tons of CO2 equivalent),EN.ATM.NOXE.EG.KT.CE,0.330513072
Kiribati,KIR,2004,Nitrous oxide emissions in energy sector (thousand metric tons of CO2 equivalent),EN.ATM.NOXE.EG.KT.CE,0.37013969
Kiribati,KIR,2003,Nitrous oxide emissions in energy sector (thousand metric tons of CO2 equivalent),EN.ATM.NOXE.EG.KT.CE,0.367490678
Kiribati,KIR,2002,Nitrous oxide emissions in energy sector (thousand metric tons of CO2 equivalent),EN.ATM.NOXE.EG.KT.CE,0.363801802
Kiribati,KIR,2001,Nitrous oxide emissions in energy sector (thousand metric tons of CO2 equivalent),EN.ATM.NOXE.EG.KT.CE,0.376522528
Kiribati,KIR,2000,Nitrous oxide emissions in energy sector (thousand metric tons of CO2 equivalent),EN.ATM.NOXE.EG.KT.CE,0.364470844
Kiribati,KIR,1999,Nitrous oxide emissions in energy sector (thousand metric tons of CO2 equivalent),EN.ATM.NOXE.EG.KT.CE,0.305622676
Kiribati,KIR,1998,Nitrous oxide emissions in energy sector (thousand metric tons of CO2 equivalent),EN.ATM.NOXE.EG.KT.CE,0.297534156
Kiribati,KIR,1997,Nitrous oxide emissions in energy sector (thousand metric tons of CO2 equivalent),EN.ATM.NOXE.EG.KT.CE,0.296162468
Kiribati,KIR,1996,Nitrous oxide emissions in energy sector (thousand metric tons of CO2 equivalent),EN.ATM.NOXE.EG.KT.CE,0.257298946
Kiribati,KIR,1995,Nitrous oxide emissions in energy sector (thousand metric tons of CO2 equivalent),EN.ATM.NOXE.EG.KT.CE,0.235777754
Kiribati,KIR,1994,Nitrous oxide emissions in energy sector (thousand metric tons of CO2 equivalent),EN.ATM.NOXE.EG.KT.CE,0.229050072
Kiribati,KIR,1993,Nitrous oxide emissions in energy sector (thousand metric tons of CO2 equivalent),EN.ATM.NOXE.EG.KT.CE,0.241071066
Kiribati,KIR,1992,Nitrous oxide emissions in energy sector (thousand metric tons of CO2 equivalent),EN.ATM.NOXE.EG.KT.CE,0.252006874
Kiribati,KIR,1991,Nitrous oxide emissions in energy sector (thousand metric tons of CO2 equivalent),EN.ATM.NOXE.EG.KT.CE,0.2681748
Kiribati,KIR,1990,Nitrous oxide emissions in energy sector (thousand metric tons of CO2 equivalent),EN.ATM.NOXE.EG.KT.CE,0.233297444
Kiribati,KIR,1989,Nitrous oxide emissions in energy sector (thousand metric tons of CO2 equivalent),EN.ATM.NOXE.EG.KT.CE,0.226706472
Kiribati,KIR,1988,Nitrous oxide emissions in energy sector (thousand metric tons of CO2 equivalent),EN.ATM.NOXE.EG.KT.CE,0.248364374
Kiribati,KIR,1987,Nitrous oxide emissions in energy sector (thousand metric tons of CO2 equivalent),EN.ATM.NOXE.EG.KT.CE,0.208394648
Kiribati,KIR,1986,Nitrous oxide emissions in energy sector (thousand metric tons of CO2 equivalent),EN.ATM.NOXE.EG.KT.CE,0.21043513
Kiribati,KIR,1985,Nitrous oxide emissions in energy sector (thousand metric tons of CO2 equivalent),EN.ATM.NOXE.EG.KT.CE,0.23912129
Kiribati,KIR,1984,Nitrous oxide emissions in energy sector (thousand metric tons of CO2 equivalent),EN.ATM.NOXE.EG.KT.CE,0.219138566
Kiribati,KIR,1983,Nitrous oxide emissions in energy sector (thousand metric tons of CO2 equivalent),EN.ATM.NOXE.EG.KT.CE,0.265985332
Kiribati,KIR,1982,Nitrous oxide emissions in energy sector (thousand metric tons of CO2 equivalent),EN.ATM.NOXE.EG.KT.CE,0.259338064
Kiribati,KIR,1981,Nitrous oxide emissions in energy sector (thousand metric tons of CO2 equivalent),EN.ATM.NOXE.EG.KT.CE,0.396007082
Kiribati,KIR,1980,Nitrous oxide emissions in energy sector (thousand metric tons of CO2 equivalent),EN.ATM.NOXE.EG.KT.CE,0.195632599
Kiribati,KIR,1979,Nitrous oxide emissions in energy sector (thousand metric tons of CO2 equivalent),EN.ATM.NOXE.EG.KT.CE,0.124549382
Kiribati,KIR,1978,Nitrous oxide emissions in energy sector (thousand metric tons of CO2 equivalent),EN.ATM.NOXE.EG.KT.CE,0.119727208
Kiribati,KIR,1977,Nitrous oxide emissions in energy sector (thousand metric tons of CO2 equivalent),EN.ATM.NOXE.EG.KT.CE,0.120736289
Kiribati,KIR,1976,Nitrous oxide emissions in energy sector (thousand metric tons of CO2 equivalent),EN.ATM.NOXE.EG.KT.CE,0.109172979
Kiribati,KIR,1975,Nitrous oxide emissions in energy sector (thousand metric tons of CO2 equivalent),EN.ATM.NOXE.EG.KT.CE,0.113104585
Kiribati,KIR,1974,Nitrous oxide emissions in energy sector (thousand metric tons of CO2 equivalent),EN.ATM.NOXE.EG.KT.CE,0.111256427
Kiribati,KIR,1973,Nitrous oxide emissions in energy sector (thousand metric tons of CO2 equivalent),EN.ATM.NOXE.EG.KT.CE,0.104194317
Kiribati,KIR,1972,Nitrous oxide emissions in energy sector (thousand metric tons of CO2 equivalent),EN.ATM.NOXE.EG.KT.CE,0.102963648
Kiribati,KIR,1971,Nitrous oxide emissions in energy sector (thousand metric tons of CO2 equivalent),EN.ATM.NOXE.EG.KT.CE,0.101894489
Kiribati,KIR,1970,Nitrous oxide emissions in energy sector (thousand metric tons of CO2 equivalent),EN.ATM.NOXE.EG.KT.CE,0.096933559
Kiribati,KIR,1969,Nitrous oxide emissions in energy sector (thousand metric tons of CO2 equivalent),EN.ATM.NOXE.EG.KT.CE,0
Kiribati,KIR,2008,Nitrous oxide emissions in energy sector (% of total),EN.ATM.NOXE.EG.ZS,8.03029003035477
Kiribati,KIR,2007,Nitrous oxide emissions in energy sector (% of total),EN.ATM.NOXE.EG.ZS,8.24131900934624
Kiribati,KIR,2006,Nitrous oxide emissions in energy sector (% of total),EN.ATM.NOXE.EG.ZS,8.26430170610537
Kiribati,KIR,2005,Nitrous oxide emissions in energy sector (% of total),EN.ATM.NOXE.EG.ZS,8.75913934325219
Kiribati,KIR,2004,Nitrous oxide emissions in energy sector (% of total),EN.ATM.NOXE.EG.ZS,9.79779918597781
Kiribati,KIR,2003,Nitrous oxide emissions in energy sector (% of total),EN.ATM.NOXE.EG.ZS,9.93791224452157
Kiribati,KIR,2002,Nitrous oxide emissions in energy sector (% of total),EN.ATM.NOXE.EG.ZS,9.96496671421778
Kiribati,KIR,2001,Nitrous oxide emissions in energy sector (% of total),EN.ATM.NOXE.EG.ZS,10.493207775378
Kiribati,KIR,2000,Nitrous oxide emissions in energy sector (% of total),EN.ATM.NOXE.EG.ZS,10.5349629483607
Kiribati,KIR,1999,Nitrous oxide emissions in energy sector (% of total),EN.ATM.NOXE.EG.ZS,9.32106382777562
Kiribati,KIR,1998,Nitrous oxide emissions in energy sector (% of total),EN.ATM.NOXE.EG.ZS,9.25042985465901
Kiribati,KIR,1997,Nitrous oxide emissions in energy sector (% of total),EN.ATM.NOXE.EG.ZS,9.45650964593623
Kiribati,KIR,1996,Nitrous oxide emissions in energy sector (% of total),EN.ATM.NOXE.EG.ZS,8.25735803255203
Kiribati,KIR,1995,Nitrous oxide emissions in energy sector (% of total),EN.ATM.NOXE.EG.ZS,7.95151351679118
Kiribati,KIR,1994,Nitrous oxide emissions in energy sector (% of total),EN.ATM.NOXE.EG.ZS,7.896496187326
Kiribati,KIR,1993,Nitrous oxide emissions in energy sector (% of total),EN.ATM.NOXE.EG.ZS,8.38608747039818
Kiribati,KIR,1992,Nitrous oxide emissions in energy sector (% of total),EN.ATM.NOXE.EG.ZS,8.78430868278388
Kiribati,KIR,1991,Nitrous oxide emissions in energy sector (% of total),EN.ATM.NOXE.EG.ZS,9.39169178123833
Kiribati,KIR,1990,Nitrous oxide emissions in energy sector (% of total),EN.ATM.NOXE.EG.ZS,8.43682518898352
Kiribati,KIR,1989,Nitrous oxide emissions in energy sector (% of total),EN.ATM.NOXE.EG.ZS,7.27499104691417
Kiribati,KIR,1988,Nitrous oxide emissions in energy sector (% of total),EN.ATM.NOXE.EG.ZS,7.90964054062059
Kiribati,KIR,1987,Nitrous oxide emissions in energy sector (% of total),EN.ATM.NOXE.EG.ZS,6.64092386418643
Kiribati,KIR,1986,Nitrous oxide emissions in energy sector (% of total),EN.ATM.NOXE.EG.ZS,6.84342909911345
Kiribati,KIR,1985,Nitrous oxide emissions in energy sector (% of total),EN.ATM.NOXE.EG.ZS,7.72949730545462
Kiribati,KIR,1984,Nitrous oxide emissions in energy sector (% of total),EN.ATM.NOXE.EG.ZS,7.26066762530813
Kiribati,KIR,1983,Nitrous oxide emissions in energy sector (% of total),EN.ATM.NOXE.EG.ZS,8.54760562257798
Kiribati,KIR,1982,Nitrous oxide emissions in energy sector (% of total),EN.ATM.NOXE.EG.ZS,8.46822647682251
Kiribati,KIR,1981,Nitrous oxide emissions in energy sector (% of total),EN.ATM.NOXE.EG.ZS,12.4320435214201
Kiribati,KIR,1980,Nitrous oxide emissions in energy sector (% of total),EN.ATM.NOXE.EG.ZS,6.8114524958769
Kiribati,KIR,1979,Nitrous oxide emissions in energy sector (% of total),EN.ATM.NOXE.EG.ZS,4.60584723991155
Kiribati,KIR,1978,Nitrous oxide emissions in energy sector (% of total),EN.ATM.NOXE.EG.ZS,4.51801688509037
Kiribati,KIR,1977,Nitrous oxide emissions in energy sector (% of total),EN.ATM.NOXE.EG.ZS,4.52757954060643
Kiribati,KIR,1976,Nitrous oxide emissions in energy sector (% of total),EN.ATM.NOXE.EG.ZS,4.24974055374278
Kiribati,KIR,1975,Nitrous oxide emissions in energy sector (% of total),EN.ATM.NOXE.EG.ZS,4.48894660560888
Kiribati,KIR,1974,Nitrous oxide emissions in energy sector (% of total),EN.ATM.NOXE.EG.ZS,4.50740429550869
Kiribati,KIR,1973,Nitrous oxide emissions in energy sector (% of total),EN.ATM.NOXE.EG.ZS,4.33588842892582
Kiribati,KIR,1972,Nitrous oxide emissions in energy sector (% of total),EN.ATM.NOXE.EG.ZS,4.43541593775957
Kiribati,KIR,1971,Nitrous oxide emissions in energy sector (% of total),EN.ATM.NOXE.EG.ZS,4.47405609654508
Kiribati,KIR,1970,Nitrous oxide emissions in energy sector (% of total),EN.ATM.NOXE.EG.ZS,4.48074015799934
Kiribati,KIR,2019,Time required to get electricity (days),IC.ELC.TIME,97
Kiribati,KIR,2018,Time required to get electricity (days),IC.ELC.TIME,97
Kiribati,KIR,2017,Time required to get electricity (days),IC.ELC.TIME,97
Kiribati,KIR,2016,Time required to get electricity (days),IC.ELC.TIME,97
Kiribati,KIR,2015,Time required to get electricity (days),IC.ELC.TIME,97
Kiribati,KIR,2014,Time required to get electricity (days),IC.ELC.TIME,97
Kiribati,KIR,2013,Time required to get electricity (days),IC.ELC.TIME,97
Kiribati,KIR,2012,Time required to get electricity (days),IC.ELC.TIME,97
Kiribati,KIR,2011,Time required to get electricity (days),IC.ELC.TIME,97
Kiribati,KIR,2010,Time required to get electricity (days),IC.ELC.TIME,97
Kiribati,KIR,2009,Time required to get electricity (days),IC.ELC.TIME,97
Kiribati,KIR,2017,Adjusted savings: mineral depletion (current US$),NY.ADJ.DMIN.CD,0
Kiribati,KIR,2016,Adjusted savings: mineral depletion (current US$),NY.ADJ.DMIN.CD,0
Kiribati,KIR,2015,Adjusted savings: mineral depletion (current US$),NY.ADJ.DMIN.CD,0
Kiribati,KIR,2014,Adjusted savings: mineral depletion (current US$),NY.ADJ.DMIN.CD,0
Kiribati,KIR,2013,Adjusted savings: mineral depletion (current US$),NY.ADJ.DMIN.CD,0
Kiribati,KIR,2012,Adjusted savings: mineral depletion (current US$),NY.ADJ.DMIN.CD,0
Kiribati,KIR,2011,Adjusted savings: mineral depletion (current US$),NY.ADJ.DMIN.CD,0
Kiribati,KIR,2010,Adjusted savings: mineral depletion (current US$),NY.ADJ.DMIN.CD,0
Kiribati,KIR,2009,Adjusted savings: mineral depletion (current US$),NY.ADJ.DMIN.CD,0
Kiribati,KIR,2008,Adjusted savings: mineral depletion (current US$),NY.ADJ.DMIN.CD,0
Kiribati,KIR,2007,Adjusted savings: mineral depletion (current US$),NY.ADJ.DMIN.CD,0
Kiribati,KIR,2006,Adjusted savings: mineral depletion (current US$),NY.ADJ.DMIN.CD,0
Kiribati,KIR,2005,Adjusted savings: mineral depletion (current US$),NY.ADJ.DMIN.CD,0
Kiribati,KIR,2004,Adjusted savings: mineral depletion (current US$),NY.ADJ.DMIN.CD,0
Kiribati,KIR,2003,Adjusted savings: mineral depletion (current US$),NY.ADJ.DMIN.CD,0
Kiribati,KIR,2002,Adjusted savings: mineral depletion (current US$),NY.ADJ.DMIN.CD,0
Kiribati,KIR,2001,Adjusted savings: mineral depletion (current US$),NY.ADJ.DMIN.CD,0
Kiribati,KIR,2000,Adjusted savings: mineral depletion (current US$),NY.ADJ.DMIN.CD,0
Kiribati,KIR,1999,Adjusted savings: mineral depletion (current US$),NY.ADJ.DMIN.CD,0
Kiribati,KIR,1998,Adjusted savings: mineral depletion (current US$),NY.ADJ.DMIN.CD,0
Kiribati,KIR,1997,Adjusted savings: mineral depletion (current US$),NY.ADJ.DMIN.CD,0
Kiribati,KIR,1996,Adjusted savings: mineral depletion (current US$),NY.ADJ.DMIN.CD,0
Kiribati,KIR,1995,Adjusted savings: mineral depletion (current US$),NY.ADJ.DMIN.CD,0
Kiribati,KIR,1994,Adjusted savings: mineral depletion (current US$),NY.ADJ.DMIN.CD,0
Kiribati,KIR,1993,Adjusted savings: mineral depletion (current US$),NY.ADJ.DMIN.CD,0
Kiribati,KIR,1992,Adjusted savings: mineral depletion (current US$),NY.ADJ.DMIN.CD,0
Kiribati,KIR,1991,Adjusted savings: mineral depletion (current US$),NY.ADJ.DMIN.CD,0
Kiribati,KIR,1990,Adjusted savings: mineral depletion (current US$),NY.ADJ.DMIN.CD,0
Kiribati,KIR,1989,Adjusted savings: mineral depletion (current US$),NY.ADJ.DMIN.CD,0
Kiribati,KIR,1988,Adjusted savings: mineral depletion (current US$),NY.ADJ.DMIN.CD,0
Kiribati,KIR,1987,Adjusted savings: mineral depletion (current US$),NY.ADJ.DMIN.CD,0
Kiribati,KIR,1986,Adjusted savings: mineral depletion (current US$),NY.ADJ.DMIN.CD,0
Kiribati,KIR,1985,Adjusted savings: mineral depletion (current US$),NY.ADJ.DMIN.CD,0
Kiribati,KIR,1984,Adjusted savings: mineral depletion (current US$),NY.ADJ.DMIN.CD,0
Kiribati,KIR,1983,Adjusted savings: mineral depletion (current US$),NY.ADJ.DMIN.CD,0
Kiribati,KIR,1982,Adjusted savings: mineral depletion (current US$),NY.ADJ.DMIN.CD,0
Kiribati,KIR,1981,Adjusted savings: mineral depletion (current US$),NY.ADJ.DMIN.CD,0
Kiribati,KIR,1980,Adjusted savings: mineral depletion (current US$),NY.ADJ.DMIN.CD,0
Kiribati,KIR,1979,Adjusted savings: mineral depletion (current US$),NY.ADJ.DMIN.CD,0
Kiribati,KIR,1978,Adjusted savings: mineral depletion (current US$),NY.ADJ.DMIN.CD,0
Kiribati,KIR,1977,Adjusted savings: mineral depletion (current US$),NY.ADJ.DMIN.CD,0
Kiribati,KIR,1976,Adjusted savings: mineral depletion (current US$),NY.ADJ.DMIN.CD,0
Kiribati,KIR,1975,Adjusted savings: mineral depletion (current US$),NY.ADJ.DMIN.CD,0
Kiribati,KIR,1974,Adjusted savings: mineral depletion (current US$),NY.ADJ.DMIN.CD,0
Kiribati,KIR,1973,Adjusted savings: mineral depletion (current US$),NY.ADJ.DMIN.CD,0
Kiribati,KIR,1972,Adjusted savings: mineral depletion (current US$),NY.ADJ.DMIN.CD,0
Kiribati,KIR,1971,Adjusted savings: mineral depletion (current US$),NY.ADJ.DMIN.CD,0
Kiribati,KIR,1970,Adjusted savings: mineral depletion (current US$),NY.ADJ.DMIN.CD,0
Kiribati,KIR,2017,Adjusted savings: mineral depletion (% of GNI),NY.ADJ.DMIN.GN.ZS,0
Kiribati,KIR,2016,Adjusted savings: mineral depletion (% of GNI),NY.ADJ.DMIN.GN.ZS,0
Kiribati,KIR,2015,Adjusted savings: mineral depletion (% of GNI),NY.ADJ.DMIN.GN.ZS,0
Kiribati,KIR,2014,Adjusted savings: mineral depletion (% of GNI),NY.ADJ.DMIN.GN.ZS,0
Kiribati,KIR,2013,Adjusted savings: mineral depletion (% of GNI),NY.ADJ.DMIN.GN.ZS,0
Kiribati,KIR,2012,Adjusted savings: mineral depletion (% of GNI),NY.ADJ.DMIN.GN.ZS,0
Kiribati,KIR,2011,Adjusted savings: mineral depletion (% of GNI),NY.ADJ.DMIN.GN.ZS,0
Kiribati,KIR,2010,Adjusted savings: mineral depletion (% of GNI),NY.ADJ.DMIN.GN.ZS,0
Kiribati,KIR,2009,Adjusted savings: mineral depletion (% of GNI),NY.ADJ.DMIN.GN.ZS,0
Kiribati,KIR,2008,Adjusted savings: mineral depletion (% of GNI),NY.ADJ.DMIN.GN.ZS,0
Kiribati,KIR,2007,Adjusted savings: mineral depletion (% of GNI),NY.ADJ.DMIN.GN.ZS,0
Kiribati,KIR,2006,Adjusted savings: mineral depletion (% of GNI),NY.ADJ.DMIN.GN.ZS,0
Kiribati,KIR,2005,Adjusted savings: mineral depletion (% of GNI),NY.ADJ.DMIN.GN.ZS,0
Kiribati,KIR,2004,Adjusted savings: mineral depletion (% of GNI),NY.ADJ.DMIN.GN.ZS,0
Kiribati,KIR,2003,Adjusted savings: mineral depletion (% of GNI),NY.ADJ.DMIN.GN.ZS,0
Kiribati,KIR,2002,Adjusted savings: mineral depletion (% of GNI),NY.ADJ.DMIN.GN.ZS,0
Kiribati,KIR,2001,Adjusted savings: mineral depletion (% of GNI),NY.ADJ.DMIN.GN.ZS,0
Kiribati,KIR,2000,Adjusted savings: mineral depletion (% of GNI),NY.ADJ.DMIN.GN.ZS,0
Kiribati,KIR,1999,Adjusted savings: mineral depletion (% of GNI),NY.ADJ.DMIN.GN.ZS,0
Kiribati,KIR,1998,Adjusted savings: mineral depletion (% of GNI),NY.ADJ.DMIN.GN.ZS,0
Kiribati,KIR,1997,Adjusted savings: mineral depletion (% of GNI),NY.ADJ.DMIN.GN.ZS,0
Kiribati,KIR,1996,Adjusted savings: mineral depletion (% of GNI),NY.ADJ.DMIN.GN.ZS,0
Kiribati,KIR,1995,Adjusted savings: mineral depletion (% of GNI),NY.ADJ.DMIN.GN.ZS,0
Kiribati,KIR,1994,Adjusted savings: mineral depletion (% of GNI),NY.ADJ.DMIN.GN.ZS,0
Kiribati,KIR,1993,Adjusted savings: mineral depletion (% of GNI),NY.ADJ.DMIN.GN.ZS,0
Kiribati,KIR,1992,Adjusted savings: mineral depletion (% of GNI),NY.ADJ.DMIN.GN.ZS,0
Kiribati,KIR,1991,Adjusted savings: mineral depletion (% of GNI),NY.ADJ.DMIN.GN.ZS,0
Kiribati,KIR,1990,Adjusted savings: mineral depletion (% of GNI),NY.ADJ.DMIN.GN.ZS,0
Kiribati,KIR,1989,Adjusted savings: mineral depletion (% of GNI),NY.ADJ.DMIN.GN.ZS,0
Kiribati,KIR,1988,Adjusted savings: mineral depletion (% of GNI),NY.ADJ.DMIN.GN.ZS,0
Kiribati,KIR,1987,Adjusted savings: mineral depletion (% of GNI),NY.ADJ.DMIN.GN.ZS,0
Kiribati,KIR,1986,Adjusted savings: mineral depletion (% of GNI),NY.ADJ.DMIN.GN.ZS,0
Kiribati,KIR,1985,Adjusted savings: mineral depletion (% of GNI),NY.ADJ.DMIN.GN.ZS,0
Kiribati,KIR,1984,Adjusted savings: mineral depletion (% of GNI),NY.ADJ.DMIN.GN.ZS,0
Kiribati,KIR,1983,Adjusted savings: mineral depletion (% of GNI),NY.ADJ.DMIN.GN.ZS,0
Kiribati,KIR,1982,Adjusted savings: mineral depletion (% of GNI),NY.ADJ.DMIN.GN.ZS,0
Kiribati,KIR,1981,Adjusted savings: mineral depletion (% of GNI),NY.ADJ.DMIN.GN.ZS,0
Kiribati,KIR,1980,Adjusted savings: mineral depletion (% of GNI),NY.ADJ.DMIN.GN.ZS,0
Kiribati,KIR,1979,Adjusted savings: mineral depletion (% of GNI),NY.ADJ.DMIN.GN.ZS,0
Kiribati,KIR,1978,Adjusted savings: mineral depletion (% of GNI),NY.ADJ.DMIN.GN.ZS,0
Kiribati,KIR,2017,Adjusted savings: energy depletion (current US$),NY.ADJ.DNGY.CD,0
Kiribati,KIR,2016,Adjusted savings: energy depletion (current US$),NY.ADJ.DNGY.CD,0
Kiribati,KIR,2015,Adjusted savings: energy depletion (current US$),NY.ADJ.DNGY.CD,0
Kiribati,KIR,2014,Adjusted savings: energy depletion (current US$),NY.ADJ.DNGY.CD,0
Kiribati,KIR,2013,Adjusted savings: energy depletion (current US$),NY.ADJ.DNGY.CD,0
Kiribati,KIR,2012,Adjusted savings: energy depletion (current US$),NY.ADJ.DNGY.CD,0
Kiribati,KIR,2011,Adjusted savings: energy depletion (current US$),NY.ADJ.DNGY.CD,0
Kiribati,KIR,2010,Adjusted savings: energy depletion (current US$),NY.ADJ.DNGY.CD,0
Kiribati,KIR,2009,Adjusted savings: energy depletion (current US$),NY.ADJ.DNGY.CD,0
Kiribati,KIR,2008,Adjusted savings: energy depletion (current US$),NY.ADJ.DNGY.CD,0
Kiribati,KIR,2007,Adjusted savings: energy depletion (current US$),NY.ADJ.DNGY.CD,0
Kiribati,KIR,2006,Adjusted savings: energy depletion (current US$),NY.ADJ.DNGY.CD,0
Kiribati,KIR,2005,Adjusted savings: energy depletion (current US$),NY.ADJ.DNGY.CD,0
Kiribati,KIR,2004,Adjusted savings: energy depletion (current US$),NY.ADJ.DNGY.CD,0
Kiribati,KIR,2003,Adjusted savings: energy depletion (current US$),NY.ADJ.DNGY.CD,0
Kiribati,KIR,2002,Adjusted savings: energy depletion (current US$),NY.ADJ.DNGY.CD,0
Kiribati,KIR,2001,Adjusted savings: energy depletion (current US$),NY.ADJ.DNGY.CD,0
Kiribati,KIR,2000,Adjusted savings: energy depletion (current US$),NY.ADJ.DNGY.CD,0
Kiribati,KIR,1999,Adjusted savings: energy depletion (current US$),NY.ADJ.DNGY.CD,0
Kiribati,KIR,1998,Adjusted savings: energy depletion (current US$),NY.ADJ.DNGY.CD,0
Kiribati,KIR,1997,Adjusted savings: energy depletion (current US$),NY.ADJ.DNGY.CD,0
Kiribati,KIR,1996,Adjusted savings: energy depletion (current US$),NY.ADJ.DNGY.CD,0
Kiribati,KIR,1995,Adjusted savings: energy depletion (current US$),NY.ADJ.DNGY.CD,0
Kiribati,KIR,1994,Adjusted savings: energy depletion (current US$),NY.ADJ.DNGY.CD,0
Kiribati,KIR,1993,Adjusted savings: energy depletion (current US$),NY.ADJ.DNGY.CD,0
Kiribati,KIR,1992,Adjusted savings: energy depletion (current US$),NY.ADJ.DNGY.CD,0
Kiribati,KIR,1991,Adjusted savings: energy depletion (current US$),NY.ADJ.DNGY.CD,0
Kiribati,KIR,1990,Adjusted savings: energy depletion (current US$),NY.ADJ.DNGY.CD,0
Kiribati,KIR,1989,Adjusted savings: energy depletion (current US$),NY.ADJ.DNGY.CD,0
Kiribati,KIR,1988,Adjusted savings: energy depletion (current US$),NY.ADJ.DNGY.CD,0
Kiribati,KIR,1987,Adjusted savings: energy depletion (current US$),NY.ADJ.DNGY.CD,0
Kiribati,KIR,1986,Adjusted savings: energy depletion (current US$),NY.ADJ.DNGY.CD,0
Kiribati,KIR,1985,Adjusted savings: energy depletion (current US$),NY.ADJ.DNGY.CD,0
Kiribati,KIR,1984,Adjusted savings: energy depletion (current US$),NY.ADJ.DNGY.CD,0
Kiribati,KIR,1983,Adjusted savings: energy depletion (current US$),NY.ADJ.DNGY.CD,0
Kiribati,KIR,1982,Adjusted savings: energy depletion (current US$),NY.ADJ.DNGY.CD,0
Kiribati,KIR,1981,Adjusted savings: energy depletion (current US$),NY.ADJ.DNGY.CD,0
Kiribati,KIR,1980,Adjusted savings: energy depletion (current US$),NY.ADJ.DNGY.CD,0
Kiribati,KIR,2017,Adjusted savings: energy depletion (% of GNI),NY.ADJ.DNGY.GN.ZS,0
Kiribati,KIR,2016,Adjusted savings: energy depletion (% of GNI),NY.ADJ.DNGY.GN.ZS,0
Kiribati,KIR,2015,Adjusted savings: energy depletion (% of GNI),NY.ADJ.DNGY.GN.ZS,0
Kiribati,KIR,2014,Adjusted savings: energy depletion (% of GNI),NY.ADJ.DNGY.GN.ZS,0
Kiribati,KIR,2013,Adjusted savings: energy depletion (% of GNI),NY.ADJ.DNGY.GN.ZS,0
Kiribati,KIR,2012,Adjusted savings: energy depletion (% of GNI),NY.ADJ.DNGY.GN.ZS,0
Kiribati,KIR,2011,Adjusted savings: energy depletion (% of GNI),NY.ADJ.DNGY.GN.ZS,0
Kiribati,KIR,2010,Adjusted savings: energy depletion (% of GNI),NY.ADJ.DNGY.GN.ZS,0
Kiribati,KIR,2009,Adjusted savings: energy depletion (% of GNI),NY.ADJ.DNGY.GN.ZS,0
Kiribati,KIR,2008,Adjusted savings: energy depletion (% of GNI),NY.ADJ.DNGY.GN.ZS,0
Kiribati,KIR,2007,Adjusted savings: energy depletion (% of GNI),NY.ADJ.DNGY.GN.ZS,0
Kiribati,KIR,2006,Adjusted savings: energy depletion (% of GNI),NY.ADJ.DNGY.GN.ZS,0
Kiribati,KIR,2005,Adjusted savings: energy depletion (% of GNI),NY.ADJ.DNGY.GN.ZS,0
Kiribati,KIR,2004,Adjusted savings: energy depletion (% of GNI),NY.ADJ.DNGY.GN.ZS,0
Kiribati,KIR,2003,Adjusted savings: energy depletion (% of GNI),NY.ADJ.DNGY.GN.ZS,0
Kiribati,KIR,2002,Adjusted savings: energy depletion (% of GNI),NY.ADJ.DNGY.GN.ZS,0
Kiribati,KIR,2001,Adjusted savings: energy depletion (% of GNI),NY.ADJ.DNGY.GN.ZS,0
Kiribati,KIR,2000,Adjusted savings: energy depletion (% of GNI),NY.ADJ.DNGY.GN.ZS,0
Kiribati,KIR,1999,Adjusted savings: energy depletion (% of GNI),NY.ADJ.DNGY.GN.ZS,0
Kiribati,KIR,1998,Adjusted savings: energy depletion (% of GNI),NY.ADJ.DNGY.GN.ZS,0
Kiribati,KIR,1997,Adjusted savings: energy depletion (% of GNI),NY.ADJ.DNGY.GN.ZS,0
Kiribati,KIR,1996,Adjusted savings: energy depletion (% of GNI),NY.ADJ.DNGY.GN.ZS,0
Kiribati,KIR,1995,Adjusted savings: energy depletion (% of GNI),NY.ADJ.DNGY.GN.ZS,0
Kiribati,KIR,1994,Adjusted savings: energy depletion (% of GNI),NY.ADJ.DNGY.GN.ZS,0
Kiribati,KIR,1993,Adjusted savings: energy depletion (% of GNI),NY.ADJ.DNGY.GN.ZS,0
Kiribati,KIR,1992,Adjusted savings: energy depletion (% of GNI),NY.ADJ.DNGY.GN.ZS,0
Kiribati,KIR,1991,Adjusted savings: energy depletion (% of GNI),NY.ADJ.DNGY.GN.ZS,0
Kiribati,KIR,1990,Adjusted savings: energy depletion (% of GNI),NY.ADJ.DNGY.GN.ZS,0
Kiribati,KIR,1989,Adjusted savings: energy depletion (% of GNI),NY.ADJ.DNGY.GN.ZS,0
Kiribati,KIR,1988,Adjusted savings: energy depletion (% of GNI),NY.ADJ.DNGY.GN.ZS,0
Kiribati,KIR,1987,Adjusted savings: energy depletion (% of GNI),NY.ADJ.DNGY.GN.ZS,0
Kiribati,KIR,1986,Adjusted savings: energy depletion (% of GNI),NY.ADJ.DNGY.GN.ZS,0
Kiribati,KIR,1985,Adjusted savings: energy depletion (% of GNI),NY.ADJ.DNGY.GN.ZS,0
Kiribati,KIR,1984,Adjusted savings: energy depletion (% of GNI),NY.ADJ.DNGY.GN.ZS,0
Kiribati,KIR,1983,Adjusted savings: energy depletion (% of GNI),NY.ADJ.DNGY.GN.ZS,0
Kiribati,KIR,1982,Adjusted savings: energy depletion (% of GNI),NY.ADJ.DNGY.GN.ZS,0
Kiribati,KIR,1981,Adjusted savings: energy depletion (% of GNI),NY.ADJ.DNGY.GN.ZS,0
Kiribati,KIR,1980,Adjusted savings: energy depletion (% of GNI),NY.ADJ.DNGY.GN.ZS,0
Kiribati,KIR,2017,Adjusted savings: natural resources depletion (% of GNI),NY.ADJ.DRES.GN.ZS,0
Kiribati,KIR,2016,Adjusted savings: natural resources depletion (% of GNI),NY.ADJ.DRES.GN.ZS,0
Kiribati,KIR,2015,Adjusted savings: natural resources depletion (% of GNI),NY.ADJ.DRES.GN.ZS,0
Kiribati,KIR,2014,Adjusted savings: natural resources depletion (% of GNI),NY.ADJ.DRES.GN.ZS,0
Kiribati,KIR,2013,Adjusted savings: natural resources depletion (% of GNI),NY.ADJ.DRES.GN.ZS,0
Kiribati,KIR,2012,Adjusted savings: natural resources depletion (% of GNI),NY.ADJ.DRES.GN.ZS,0
Kiribati,KIR,2011,Adjusted savings: natural resources depletion (% of GNI),NY.ADJ.DRES.GN.ZS,0
Kiribati,KIR,2010,Adjusted savings: natural resources depletion (% of GNI),NY.ADJ.DRES.GN.ZS,0
Kiribati,KIR,2009,Adjusted savings: natural resources depletion (% of GNI),NY.ADJ.DRES.GN.ZS,0
Kiribati,KIR,2008,Adjusted savings: natural resources depletion (% of GNI),NY.ADJ.DRES.GN.ZS,0
Kiribati,KIR,2007,Adjusted savings: natural resources depletion (% of GNI),NY.ADJ.DRES.GN.ZS,0
Kiribati,KIR,2006,Adjusted savings: natural resources depletion (% of GNI),NY.ADJ.DRES.GN.ZS,0
Kiribati,KIR,2005,Adjusted savings: natural resources depletion (% of GNI),NY.ADJ.DRES.GN.ZS,0
Kiribati,KIR,2004,Adjusted savings: natural resources depletion (% of GNI),NY.ADJ.DRES.GN.ZS,0
Kiribati,KIR,2003,Adjusted savings: natural resources depletion (% of GNI),NY.ADJ.DRES.GN.ZS,0
Kiribati,KIR,2002,Adjusted savings: natural resources depletion (% of GNI),NY.ADJ.DRES.GN.ZS,0
Kiribati,KIR,2001,Adjusted savings: natural resources depletion (% of GNI),NY.ADJ.DRES.GN.ZS,0
Kiribati,KIR,2000,Adjusted savings: natural resources depletion (% of GNI),NY.ADJ.DRES.GN.ZS,0
Kiribati,KIR,1999,Adjusted savings: natural resources depletion (% of GNI),NY.ADJ.DRES.GN.ZS,0
Kiribati,KIR,1998,Adjusted savings: natural resources depletion (% of GNI),NY.ADJ.DRES.GN.ZS,0
Kiribati,KIR,1997,Adjusted savings: natural resources depletion (% of GNI),NY.ADJ.DRES.GN.ZS,0
Kiribati,KIR,1996,Adjusted savings: natural resources depletion (% of GNI),NY.ADJ.DRES.GN.ZS,0
Kiribati,KIR,1995,Adjusted savings: natural resources depletion (% of GNI),NY.ADJ.DRES.GN.ZS,0
Kiribati,KIR,1994,Adjusted savings: natural resources depletion (% of GNI),NY.ADJ.DRES.GN.ZS,0
Kiribati,KIR,1993,Adjusted savings: natural resources depletion (% of GNI),NY.ADJ.DRES.GN.ZS,0
Kiribati,KIR,1992,Adjusted savings: natural resources depletion (% of GNI),NY.ADJ.DRES.GN.ZS,0
Kiribati,KIR,1991,Adjusted savings: natural resources depletion (% of GNI),NY.ADJ.DRES.GN.ZS,0
Kiribati,KIR,1990,Adjusted savings: natural resources depletion (% of GNI),NY.ADJ.DRES.GN.ZS,0
Kiribati,KIR,1989,Adjusted savings: natural resources depletion (% of GNI),NY.ADJ.DRES.GN.ZS,0
Kiribati,KIR,1988,Adjusted savings: natural resources depletion (% of GNI),NY.ADJ.DRES.GN.ZS,0
Kiribati,KIR,1987,Adjusted savings: natural resources depletion (% of GNI),NY.ADJ.DRES.GN.ZS,0
Kiribati,KIR,1986,Adjusted savings: natural resources depletion (% of GNI),NY.ADJ.DRES.GN.ZS,0
Kiribati,KIR,1985,Adjusted savings: natural resources depletion (% of GNI),NY.ADJ.DRES.GN.ZS,0
Kiribati,KIR,1984,Adjusted savings: natural resources depletion (% of GNI),NY.ADJ.DRES.GN.ZS,0
Kiribati,KIR,1983,Adjusted savings: natural resources depletion (% of GNI),NY.ADJ.DRES.GN.ZS,0
Kiribati,KIR,1982,Adjusted savings: natural resources depletion (% of GNI),NY.ADJ.DRES.GN.ZS,0
Kiribati,KIR,1981,Adjusted savings: natural resources depletion (% of GNI),NY.ADJ.DRES.GN.ZS,0
Kiribati,KIR,1980,Adjusted savings: natural resources depletion (% of GNI),NY.ADJ.DRES.GN.ZS,0
Kiribati,KIR,2017,Mineral rents (% of GDP),NY.GDP.MINR.RT.ZS,0
Kiribati,KIR,2016,Mineral rents (% of GDP),NY.GDP.MINR.RT.ZS,0
Kiribati,KIR,2015,Mineral rents (% of GDP),NY.GDP.MINR.RT.ZS,0
Kiribati,KIR,2014,Mineral rents (% of GDP),NY.GDP.MINR.RT.ZS,0
Kiribati,KIR,2013,Mineral rents (% of GDP),NY.GDP.MINR.RT.ZS,0
Kiribati,KIR,2012,Mineral rents (% of GDP),NY.GDP.MINR.RT.ZS,0
Kiribati,KIR,2011,Mineral rents (% of GDP),NY.GDP.MINR.RT.ZS,0
Kiribati,KIR,2010,Mineral rents (% of GDP),NY.GDP.MINR.RT.ZS,0
Kiribati,KIR,2009,Mineral rents (% of GDP),NY.GDP.MINR.RT.ZS,0
Kiribati,KIR,2008,Mineral rents (% of GDP),NY.GDP.MINR.RT.ZS,0
Kiribati,KIR,2007,Mineral rents (% of GDP),NY.GDP.MINR.RT.ZS,0
Kiribati,KIR,2006,Mineral rents (% of GDP),NY.GDP.MINR.RT.ZS,0
Kiribati,KIR,2005,Mineral rents (% of GDP),NY.GDP.MINR.RT.ZS,0
Kiribati,KIR,2004,Mineral rents (% of GDP),NY.GDP.MINR.RT.ZS,0
Kiribati,KIR,2003,Mineral rents (% of GDP),NY.GDP.MINR.RT.ZS,0
Kiribati,KIR,2002,Mineral rents (% of GDP),NY.GDP.MINR.RT.ZS,0
Kiribati,KIR,2001,Mineral rents (% of GDP),NY.GDP.MINR.RT.ZS,0
Kiribati,KIR,2000,Mineral rents (% of GDP),NY.GDP.MINR.RT.ZS,0
Kiribati,KIR,1999,Mineral rents (% of GDP),NY.GDP.MINR.RT.ZS,0
Kiribati,KIR,1998,Mineral rents (% of GDP),NY.GDP.MINR.RT.ZS,0
Kiribati,KIR,1997,Mineral rents (% of GDP),NY.GDP.MINR.RT.ZS,0
Kiribati,KIR,1996,Mineral rents (% of GDP),NY.GDP.MINR.RT.ZS,0
Kiribati,KIR,1995,Mineral rents (% of GDP),NY.GDP.MINR.RT.ZS,0
Kiribati,KIR,1994,Mineral rents (% of GDP),NY.GDP.MINR.RT.ZS,0
Kiribati,KIR,1993,Mineral rents (% of GDP),NY.GDP.MINR.RT.ZS,0
Kiribati,KIR,1992,Mineral rents (% of GDP),NY.GDP.MINR.RT.ZS,0
Kiribati,KIR,1991,Mineral rents (% of GDP),NY.GDP.MINR.RT.ZS,0
Kiribati,KIR,1990,Mineral rents (% of GDP),NY.GDP.MINR.RT.ZS,0
Kiribati,KIR,1989,Mineral rents (% of GDP),NY.GDP.MINR.RT.ZS,0
Kiribati,KIR,1988,Mineral rents (% of GDP),NY.GDP.MINR.RT.ZS,0
Kiribati,KIR,1987,Mineral rents (% of GDP),NY.GDP.MINR.RT.ZS,0
Kiribati,KIR,1986,Mineral rents (% of GDP),NY.GDP.MINR.RT.ZS,0
Kiribati,KIR,1985,Mineral rents (% of GDP),NY.GDP.MINR.RT.ZS,0
Kiribati,KIR,1984,Mineral rents (% of GDP),NY.GDP.MINR.RT.ZS,0
Kiribati,KIR,1983,Mineral rents (% of GDP),NY.GDP.MINR.RT.ZS,0
Kiribati,KIR,1982,Mineral rents (% of GDP),NY.GDP.MINR.RT.ZS,0
Kiribati,KIR,1981,Mineral rents (% of GDP),NY.GDP.MINR.RT.ZS,0
Kiribati,KIR,1980,Mineral rents (% of GDP),NY.GDP.MINR.RT.ZS,0
Kiribati,KIR,1979,Mineral rents (% of GDP),NY.GDP.MINR.RT.ZS,0
Kiribati,KIR,1978,Mineral rents (% of GDP),NY.GDP.MINR.RT.ZS,0
Kiribati,KIR,1977,Mineral rents (% of GDP),NY.GDP.MINR.RT.ZS,0
Kiribati,KIR,1976,Mineral rents (% of GDP),NY.GDP.MINR.RT.ZS,0
Kiribati,KIR,1975,Mineral rents (% of GDP),NY.GDP.MINR.RT.ZS,0
Kiribati,KIR,1974,Mineral rents (% of GDP),NY.GDP.MINR.RT.ZS,0
Kiribati,KIR,1973,Mineral rents (% of GDP),NY.GDP.MINR.RT.ZS,0
Kiribati,KIR,1972,Mineral rents (% of GDP),NY.GDP.MINR.RT.ZS,0
Kiribati,KIR,1971,Mineral rents (% of GDP),NY.GDP.MINR.RT.ZS,0
Kiribati,KIR,1970,Mineral rents (% of GDP),NY.GDP.MINR.RT.ZS,0
Kiribati,KIR,2017,Natural gas rents (% of GDP),NY.GDP.NGAS.RT.ZS,0
Kiribati,KIR,2016,Natural gas rents (% of GDP),NY.GDP.NGAS.RT.ZS,0
Kiribati,KIR,2015,Natural gas rents (% of GDP),NY.GDP.NGAS.RT.ZS,0
Kiribati,KIR,2014,Natural gas rents (% of GDP),NY.GDP.NGAS.RT.ZS,0
Kiribati,KIR,2013,Natural gas rents (% of GDP),NY.GDP.NGAS.RT.ZS,0
Kiribati,KIR,2012,Natural gas rents (% of GDP),NY.GDP.NGAS.RT.ZS,0
Kiribati,KIR,2011,Natural gas rents (% of GDP),NY.GDP.NGAS.RT.ZS,0
Kiribati,KIR,2010,Natural gas rents (% of GDP),NY.GDP.NGAS.RT.ZS,0
Kiribati,KIR,2009,Natural gas rents (% of GDP),NY.GDP.NGAS.RT.ZS,0
Kiribati,KIR,2008,Natural gas rents (% of GDP),NY.GDP.NGAS.RT.ZS,0
Kiribati,KIR,2007,Natural gas rents (% of GDP),NY.GDP.NGAS.RT.ZS,0
Kiribati,KIR,2006,Natural gas rents (% of GDP),NY.GDP.NGAS.RT.ZS,0
Kiribati,KIR,2005,Natural gas rents (% of GDP),NY.GDP.NGAS.RT.ZS,0
Kiribati,KIR,2004,Natural gas rents (% of GDP),NY.GDP.NGAS.RT.ZS,0
Kiribati,KIR,2003,Natural gas rents (% of GDP),NY.GDP.NGAS.RT.ZS,0
Kiribati,KIR,2002,Natural gas rents (% of GDP),NY.GDP.NGAS.RT.ZS,0
Kiribati,KIR,2001,Natural gas rents (% of GDP),NY.GDP.NGAS.RT.ZS,0
Kiribati,KIR,2000,Natural gas rents (% of GDP),NY.GDP.NGAS.RT.ZS,0
Kiribati,KIR,1999,Natural gas rents (% of GDP),NY.GDP.NGAS.RT.ZS,0
Kiribati,KIR,1998,Natural gas rents (% of GDP),NY.GDP.NGAS.RT.ZS,0
Kiribati,KIR,1997,Natural gas rents (% of GDP),NY.GDP.NGAS.RT.ZS,0
Kiribati,KIR,1996,Natural gas rents (% of GDP),NY.GDP.NGAS.RT.ZS,0
Kiribati,KIR,1995,Natural gas rents (% of GDP),NY.GDP.NGAS.RT.ZS,0
Kiribati,KIR,1994,Natural gas rents (% of GDP),NY.GDP.NGAS.RT.ZS,0
Kiribati,KIR,1993,Natural gas rents (% of GDP),NY.GDP.NGAS.RT.ZS,0
Kiribati,KIR,1992,Natural gas rents (% of GDP),NY.GDP.NGAS.RT.ZS,0
Kiribati,KIR,1991,Natural gas rents (% of GDP),NY.GDP.NGAS.RT.ZS,0
Kiribati,KIR,1990,Natural gas rents (% of GDP),NY.GDP.NGAS.RT.ZS,0
Kiribati,KIR,1989,Natural gas rents (% of GDP),NY.GDP.NGAS.RT.ZS,0
Kiribati,KIR,1988,Natural gas rents (% of GDP),NY.GDP.NGAS.RT.ZS,0
Kiribati,KIR,1987,Natural gas rents (% of GDP),NY.GDP.NGAS.RT.ZS,0
Kiribati,KIR,1986,Natural gas rents (% of GDP),NY.GDP.NGAS.RT.ZS,0
Kiribati,KIR,1985,Natural gas rents (% of GDP),NY.GDP.NGAS.RT.ZS,0
Kiribati,KIR,1984,Natural gas rents (% of GDP),NY.GDP.NGAS.RT.ZS,0
Kiribati,KIR,1983,Natural gas rents (% of GDP),NY.GDP.NGAS.RT.ZS,0
Kiribati,KIR,1982,Natural gas rents (% of GDP),NY.GDP.NGAS.RT.ZS,0
Kiribati,KIR,1981,Natural gas rents (% of GDP),NY.GDP.NGAS.RT.ZS,0
Kiribati,KIR,1980,Natural gas rents (% of GDP),NY.GDP.NGAS.RT.ZS,0
Kiribati,KIR,2017,Oil rents (% of GDP),NY.GDP.PETR.RT.ZS,0
Kiribati,KIR,2016,Oil rents (% of GDP),NY.GDP.PETR.RT.ZS,0
Kiribati,KIR,2015,Oil rents (% of GDP),NY.GDP.PETR.RT.ZS,0
Kiribati,KIR,2014,Oil rents (% of GDP),NY.GDP.PETR.RT.ZS,0
Kiribati,KIR,2013,Oil rents (% of GDP),NY.GDP.PETR.RT.ZS,0
Kiribati,KIR,2012,Oil rents (% of GDP),NY.GDP.PETR.RT.ZS,0
Kiribati,KIR,2011,Oil rents (% of GDP),NY.GDP.PETR.RT.ZS,0
Kiribati,KIR,2010,Oil rents (% of GDP),NY.GDP.PETR.RT.ZS,0
Kiribati,KIR,2009,Oil rents (% of GDP),NY.GDP.PETR.RT.ZS,0
Kiribati,KIR,2008,Oil rents (% of GDP),NY.GDP.PETR.RT.ZS,0
Kiribati,KIR,2007,Oil rents (% of GDP),NY.GDP.PETR.RT.ZS,0
Kiribati,KIR,2006,Oil rents (% of GDP),NY.GDP.PETR.RT.ZS,0
Kiribati,KIR,2005,Oil rents (% of GDP),NY.GDP.PETR.RT.ZS,0
Kiribati,KIR,2004,Oil rents (% of GDP),NY.GDP.PETR.RT.ZS,0
Kiribati,KIR,2003,Oil rents (% of GDP),NY.GDP.PETR.RT.ZS,0
Kiribati,KIR,2002,Oil rents (% of GDP),NY.GDP.PETR.RT.ZS,0
Kiribati,KIR,2001,Oil rents (% of GDP),NY.GDP.PETR.RT.ZS,0
Kiribati,KIR,2000,Oil rents (% of GDP),NY.GDP.PETR.RT.ZS,0
Kiribati,KIR,1999,Oil rents (% of GDP),NY.GDP.PETR.RT.ZS,0
Kiribati,KIR,1998,Oil rents (% of GDP),NY.GDP.PETR.RT.ZS,0
Kiribati,KIR,1997,Oil rents (% of GDP),NY.GDP.PETR.RT.ZS,0
Kiribati,KIR,1996,Oil rents (% of GDP),NY.GDP.PETR.RT.ZS,0
Kiribati,KIR,1995,Oil rents (% of GDP),NY.GDP.PETR.RT.ZS,0
Kiribati,KIR,1994,Oil rents (% of GDP),NY.GDP.PETR.RT.ZS,0
Kiribati,KIR,1993,Oil rents (% of GDP),NY.GDP.PETR.RT.ZS,0
Kiribati,KIR,1992,Oil rents (% of GDP),NY.GDP.PETR.RT.ZS,0
Kiribati,KIR,1991,Oil rents (% of GDP),NY.GDP.PETR.RT.ZS,0
Kiribati,KIR,1990,Oil rents (% of GDP),NY.GDP.PETR.RT.ZS,0
Kiribati,KIR,1989,Oil rents (% of GDP),NY.GDP.PETR.RT.ZS,0
Kiribati,KIR,1988,Oil rents (% of GDP),NY.GDP.PETR.RT.ZS,0
Kiribati,KIR,1987,Oil rents (% of GDP),NY.GDP.PETR.RT.ZS,0
Kiribati,KIR,1986,Oil rents (% of GDP),NY.GDP.PETR.RT.ZS,0
Kiribati,KIR,1985,Oil rents (% of GDP),NY.GDP.PETR.RT.ZS,0
Kiribati,KIR,1984,Oil rents (% of GDP),NY.GDP.PETR.RT.ZS,0
Kiribati,KIR,1983,Oil rents (% of GDP),NY.GDP.PETR.RT.ZS,0
Kiribati,KIR,1982,Oil rents (% of GDP),NY.GDP.PETR.RT.ZS,0
Kiribati,KIR,1981,Oil rents (% of GDP),NY.GDP.PETR.RT.ZS,0
Kiribati,KIR,1980,Oil rents (% of GDP),NY.GDP.PETR.RT.ZS,0
Kiribati,KIR,2017,Total natural resources rents (% of GDP),NY.GDP.TOTL.RT.ZS,0.081663788014123
Kiribati,KIR,2016,Total natural resources rents (% of GDP),NY.GDP.TOTL.RT.ZS,0.0837321598234865
Kiribati,KIR,2015,Total natural resources rents (% of GDP),NY.GDP.TOTL.RT.ZS,0.0682721711102572
Kiribati,KIR,2014,Total natural resources rents (% of GDP),NY.GDP.TOTL.RT.ZS,0.0962447142847385
Kiribati,KIR,2013,Total natural resources rents (% of GDP),NY.GDP.TOTL.RT.ZS,0.0552138962928736
Kiribati,KIR,2012,Total natural resources rents (% of GDP),NY.GDP.TOTL.RT.ZS,0.0583898448718108
Kiribati,KIR,2011,Total natural resources rents (% of GDP),NY.GDP.TOTL.RT.ZS,0.0731928764511763
Kiribati,KIR,2010,Total natural resources rents (% of GDP),NY.GDP.TOTL.RT.ZS,0.0623381357768046
Kiribati,KIR,2009,Total natural resources rents (% of GDP),NY.GDP.TOTL.RT.ZS,0.0731493328270431
Kiribati,KIR,2008,Total natural resources rents (% of GDP),NY.GDP.TOTL.RT.ZS,0.0709835076394234
Kiribati,KIR,2007,Total natural resources rents (% of GDP),NY.GDP.TOTL.RT.ZS,0.0433023683464074
Kiribati,KIR,2006,Total natural resources rents (% of GDP),NY.GDP.TOTL.RT.ZS,0.033801810410598
Kiribati,KIR,2005,Total natural resources rents (% of GDP),NY.GDP.TOTL.RT.ZS,0.026488169604076
Kiribati,KIR,2004,Total natural resources rents (% of GDP),NY.GDP.TOTL.RT.ZS,0.0451763817116746
Kiribati,KIR,2003,Total natural resources rents (% of GDP),NY.GDP.TOTL.RT.ZS,0.04501465731397
Kiribati,KIR,2002,Total natural resources rents (% of GDP),NY.GDP.TOTL.RT.ZS,0.0377433021225238
Kiribati,KIR,2001,Total natural resources rents (% of GDP),NY.GDP.TOTL.RT.ZS,0.0375979466930914
Kiribati,KIR,2000,Total natural resources rents (% of GDP),NY.GDP.TOTL.RT.ZS,0.0295842847520383
Kiribati,KIR,1999,Total natural resources rents (% of GDP),NY.GDP.TOTL.RT.ZS,0.0272437902256484
Kiribati,KIR,1998,Total natural resources rents (% of GDP),NY.GDP.TOTL.RT.ZS,0.0525232173568712
Kiribati,KIR,1997,Total natural resources rents (% of GDP),NY.GDP.TOTL.RT.ZS,0.0607941580183394
Kiribati,KIR,1996,Total natural resources rents (% of GDP),NY.GDP.TOTL.RT.ZS,0.0706208300301848
Kiribati,KIR,1995,Total natural resources rents (% of GDP),NY.GDP.TOTL.RT.ZS,0.0789158190454298
Kiribati,KIR,1994,Total natural resources rents (% of GDP),NY.GDP.TOTL.RT.ZS,0.0482335763384796
Kiribati,KIR,1993,Total natural resources rents (% of GDP),NY.GDP.TOTL.RT.ZS,0.0437042308627396
Kiribati,KIR,1992,Total natural resources rents (% of GDP),NY.GDP.TOTL.RT.ZS,0.0522082156795788
Kiribati,KIR,1991,Total natural resources rents (% of GDP),NY.GDP.TOTL.RT.ZS,0.0379865335839684
Kiribati,KIR,1990,Total natural resources rents (% of GDP),NY.GDP.TOTL.RT.ZS,0.0398135736447574
Kiribati,KIR,1989,Total natural resources rents (% of GDP),NY.GDP.TOTL.RT.ZS,0.0372361470010097
Kiribati,KIR,1988,Total natural resources rents (% of GDP),NY.GDP.TOTL.RT.ZS,0.034759756905754
Kiribati,KIR,1987,Total natural resources rents (% of GDP),NY.GDP.TOTL.RT.ZS,0.0447455060025971
Kiribati,KIR,1986,Total natural resources rents (% of GDP),NY.GDP.TOTL.RT.ZS,0.0457027999961914
Kiribati,KIR,1985,Total natural resources rents (% of GDP),NY.GDP.TOTL.RT.ZS,0.028229597221098
Kiribati,KIR,1984,Total natural resources rents (% of GDP),NY.GDP.TOTL.RT.ZS,0.0210852281335091
Kiribati,KIR,1983,Total natural resources rents (% of GDP),NY.GDP.TOTL.RT.ZS,0.0301199274658761
Kiribati,KIR,1982,Total natural resources rents (% of GDP),NY.GDP.TOTL.RT.ZS,0.0268529192293253
Kiribati,KIR,1981,Total natural resources rents (% of GDP),NY.GDP.TOTL.RT.ZS,0.0305950369562763
Kiribati,KIR,1980,Total natural resources rents (% of GDP),NY.GDP.TOTL.RT.ZS,0.051670901252161
Kiribati,KIR,1979,Total natural resources rents (% of GDP),NY.GDP.TOTL.RT.ZS,0.0343002318559242
Kiribati,KIR,1978,Total natural resources rents (% of GDP),NY.GDP.TOTL.RT.ZS,0.0217149701598668
Kiribati,KIR,1977,Total natural resources rents (% of GDP),NY.GDP.TOTL.RT.ZS,0.0304710788236204
Kiribati,KIR,1976,Total natural resources rents (% of GDP),NY.GDP.TOTL.RT.ZS,0.0195938881921669
Kiribati,KIR,1975,Total natural resources rents (% of GDP),NY.GDP.TOTL.RT.ZS,0.0106145743132027
Kiribati,KIR,1974,Total natural resources rents (% of GDP),NY.GDP.TOTL.RT.ZS,0.00690788567421168
Kiribati,KIR,1973,Total natural resources rents (% of GDP),NY.GDP.TOTL.RT.ZS,0.0216741138184889
Kiribati,KIR,1972,Total natural resources rents (% of GDP),NY.GDP.TOTL.RT.ZS,0.0133224839424287
Kiribati,KIR,1971,Total natural resources rents (% of GDP),NY.GDP.TOTL.RT.ZS,0.0121182259132655
Kiribati,KIR,1970,Total natural resources rents (% of GDP),NY.GDP.TOTL.RT.ZS,0.0168222610012313
Kiribati,KIR,2016,Fuel imports (% of merchandise imports),TM.VAL.FUEL.ZS.UN,8.04847525750937
Kiribati,KIR,2015,Fuel imports (% of merchandise imports),TM.VAL.FUEL.ZS.UN,7.33386408240744
Kiribati,KIR,2014,Fuel imports (% of merchandise imports),TM.VAL.FUEL.ZS.UN,10.5423417636158
Kiribati,KIR,2013,Fuel imports (% of merchandise imports),TM.VAL.FUEL.ZS.UN,19.3767850021587
Kiribati,KIR,2012,Fuel imports (% of merchandise imports),TM.VAL.FUEL.ZS.UN,16.4544185032547
Kiribati,KIR,2011,Fuel imports (% of merchandise imports),TM.VAL.FUEL.ZS.UN,19.2717497860393
Kiribati,KIR,2010,Fuel imports (% of merchandise imports),TM.VAL.FUEL.ZS.UN,24.761307913322
Kiribati,KIR,2009,Fuel imports (% of merchandise imports),TM.VAL.FUEL.ZS.UN,16.2592911055727
Kiribati,KIR,2008,Fuel imports (% of merchandise imports),TM.VAL.FUEL.ZS.UN,27.4047754332543
Kiribati,KIR,2007,Fuel imports (% of merchandise imports),TM.VAL.FUEL.ZS.UN,24.9523730405943
Kiribati,KIR,2006,Fuel imports (% of merchandise imports),TM.VAL.FUEL.ZS.UN,25.0014012055668
Kiribati,KIR,2005,Fuel imports (% of merchandise imports),TM.VAL.FUEL.ZS.UN,16.9880234368193
Kiribati,KIR,2004,Fuel imports (% of merchandise imports),TM.VAL.FUEL.ZS.UN,12.7455106884937
Kiribati,KIR,1999,Fuel imports (% of merchandise imports),TM.VAL.FUEL.ZS.UN,10.3936974354653
Kiribati,KIR,1998,Fuel imports (% of merchandise imports),TM.VAL.FUEL.ZS.UN,12.1801362831513
Kiribati,KIR,1997,Fuel imports (% of merchandise imports),TM.VAL.FUEL.ZS.UN,13.3335666552899
Kiribati,KIR,1996,Fuel imports (% of merchandise imports),TM.VAL.FUEL.ZS.UN,10.0664584705408
Kiribati,KIR,1995,Fuel imports (% of merchandise imports),TM.VAL.FUEL.ZS.UN,10.0806109137215
Kiribati,KIR,1994,Fuel imports (% of merchandise imports),TM.VAL.FUEL.ZS.UN,9.24372635658306
Kiribati,KIR,1993,Fuel imports (% of merchandise imports),TM.VAL.FUEL.ZS.UN,7.41493246346561
Kiribati,KIR,1992,Fuel imports (% of merchandise imports),TM.VAL.FUEL.ZS.UN,7.81817685536584
Kiribati,KIR,1991,Fuel imports (% of merchandise imports),TM.VAL.FUEL.ZS.UN,10.9291119583734
Kiribati,KIR,1990,Fuel imports (% of merchandise imports),TM.VAL.FUEL.ZS.UN,10.7247769713521
Kiribati,KIR,1989,Fuel imports (% of merchandise imports),TM.VAL.FUEL.ZS.UN,11.195356738092
Kiribati,KIR,1988,Fuel imports (% of merchandise imports),TM.VAL.FUEL.ZS.UN,10.5041384731187
Kiribati,KIR,1987,Fuel imports (% of merchandise imports),TM.VAL.FUEL.ZS.UN,10.6236895915053
Kiribati,KIR,1986,Fuel imports (% of merchandise imports),TM.VAL.FUEL.ZS.UN,10.4399356439208
Kiribati,KIR,1985,Fuel imports (% of merchandise imports),TM.VAL.FUEL.ZS.UN,14.9963764684773
Kiribati,KIR,1984,Fuel imports (% of merchandise imports),TM.VAL.FUEL.ZS.UN,14.789418332185
Kiribati,KIR,1983,Fuel imports (% of merchandise imports),TM.VAL.FUEL.ZS.UN,12.8527439836173
Kiribati,KIR,1980,Fuel imports (% of merchandise imports),TM.VAL.FUEL.ZS.UN,10.925923758471
Kiribati,KIR,1979,Fuel imports (% of merchandise imports),TM.VAL.FUEL.ZS.UN,14.5322883560497
Kiribati,KIR,1978,Fuel imports (% of merchandise imports),TM.VAL.FUEL.ZS.UN,10.4564932751254
Kiribati,KIR,1977,Fuel imports (% of merchandise imports),TM.VAL.FUEL.ZS.UN,18.2196868238052
Kiribati,KIR,1976,Fuel imports (% of merchandise imports),TM.VAL.FUEL.ZS.UN,13.5664008143155
Kiribati,KIR,1975,Fuel imports (% of merchandise imports),TM.VAL.FUEL.ZS.UN,10.2860303284191
Kiribati,KIR,1974,Fuel imports (% of merchandise imports),TM.VAL.FUEL.ZS.UN,7.04976122332344
Kiribati,KIR,1973,Fuel imports (% of merchandise imports),TM.VAL.FUEL.ZS.UN,7.66366548649081
Kiribati,KIR,2016,Ores and metals imports (% of merchandise imports),TM.VAL.MMTL.ZS.UN,6.33555364673807
Kiribati,KIR,2015,Ores and metals imports (% of merchandise imports),TM.VAL.MMTL.ZS.UN,4.14591525930019
Kiribati,KIR,2014,Ores and metals imports (% of merchandise imports),TM.VAL.MMTL.ZS.UN,2.91856726308132
Kiribati,KIR,2013,Ores and metals imports (% of merchandise imports),TM.VAL.MMTL.ZS.UN,0.824635147322294
Kiribati,KIR,2012,Ores and metals imports (% of merchandise imports),TM.VAL.MMTL.ZS.UN,0.752343958312304
Kiribati,KIR,2011,Ores and metals imports (% of merchandise imports),TM.VAL.MMTL.ZS.UN,0.450639341459326
Kiribati,KIR,2010,Ores and metals imports (% of merchandise imports),TM.VAL.MMTL.ZS.UN,0.281720231598905
Kiribati,KIR,2009,Ores and metals imports (% of merchandise imports),TM.VAL.MMTL.ZS.UN,0.47957699189761
Kiribati,KIR,2008,Ores and metals imports (% of merchandise imports),TM.VAL.MMTL.ZS.UN,0.235536988970577
Kiribati,KIR,2007,Ores and metals imports (% of merchandise imports),TM.VAL.MMTL.ZS.UN,0.487425946573163
Kiribati,KIR,2006,Ores and metals imports (% of merchandise imports),TM.VAL.MMTL.ZS.UN,0.921246544048707
Kiribati,KIR,2005,Ores and metals imports (% of merchandise imports),TM.VAL.MMTL.ZS.UN,0.712124827256174
Kiribati,KIR,2004,Ores and metals imports (% of merchandise imports),TM.VAL.MMTL.ZS.UN,0.140239099218552
Kiribati,KIR,1999,Ores and metals imports (% of merchandise imports),TM.VAL.MMTL.ZS.UN,0.434002343084926
Kiribati,KIR,1998,Ores and metals imports (% of merchandise imports),TM.VAL.MMTL.ZS.UN,0.345125041639209
Kiribati,KIR,1997,Ores and metals imports (% of merchandise imports),TM.VAL.MMTL.ZS.UN,0.327974836971632
Kiribati,KIR,1996,Ores and metals imports (% of merchandise imports),TM.VAL.MMTL.ZS.UN,0.197013593493664
Kiribati,KIR,1995,Ores and metals imports (% of merchandise imports),TM.VAL.MMTL.ZS.UN,0.697551070514579
Kiribati,KIR,1994,Ores and metals imports (% of merchandise imports),TM.VAL.MMTL.ZS.UN,0.680825426767263
Kiribati,KIR,1993,Ores and metals imports (% of merchandise imports),TM.VAL.MMTL.ZS.UN,0.890564392090512
Kiribati,KIR,1992,Ores and metals imports (% of merchandise imports),TM.VAL.MMTL.ZS.UN,0.568244658229437
Kiribati,KIR,1991,Ores and metals imports (% of merchandise imports),TM.VAL.MMTL.ZS.UN,0.473096846716344
Kiribati,KIR,1990,Ores and metals imports (% of merchandise imports),TM.VAL.MMTL.ZS.UN,0.796342460956983
Kiribati,KIR,1989,Ores and metals imports (% of merchandise imports),TM.VAL.MMTL.ZS.UN,1.35243435624794
Kiribati,KIR,1988,Ores and metals imports (% of merchandise imports),TM.VAL.MMTL.ZS.UN,0.854749206103239
Kiribati,KIR,1987,Ores and metals imports (% of merchandise imports),TM.VAL.MMTL.ZS.UN,1.09791012742393
Kiribati,KIR,1986,Ores and metals imports (% of merchandise imports),TM.VAL.MMTL.ZS.UN,0.59288594247348
Kiribati,KIR,1985,Ores and metals imports (% of merchandise imports),TM.VAL.MMTL.ZS.UN,0.30084781666027
Kiribati,KIR,1984,Ores and metals imports (% of merchandise imports),TM.VAL.MMTL.ZS.UN,0.263526602512507
Kiribati,KIR,1983,Ores and metals imports (% of merchandise imports),TM.VAL.MMTL.ZS.UN,3.54107699194792
Kiribati,KIR,1980,Ores and metals imports (% of merchandise imports),TM.VAL.MMTL.ZS.UN,1.65402572094042
Kiribati,KIR,1979,Ores and metals imports (% of merchandise imports),TM.VAL.MMTL.ZS.UN,0.895247269903553
Kiribati,KIR,1978,Ores and metals imports (% of merchandise imports),TM.VAL.MMTL.ZS.UN,0.780616263695274
Kiribati,KIR,1977,Ores and metals imports (% of merchandise imports),TM.VAL.MMTL.ZS.UN,1.13057163503523
Kiribati,KIR,1976,Ores and metals imports (% of merchandise imports),TM.VAL.MMTL.ZS.UN,0.506420363624982
Kiribati,KIR,1975,Ores and metals imports (% of merchandise imports),TM.VAL.MMTL.ZS.UN,0.276070144126487
Kiribati,KIR,1974,Ores and metals imports (% of merchandise imports),TM.VAL.MMTL.ZS.UN,1.19748794567113
Kiribati,KIR,1973,Ores and metals imports (% of merchandise imports),TM.VAL.MMTL.ZS.UN,1.42242137231548
Kiribati,KIR,2016,Fuel exports (% of merchandise exports),TX.VAL.FUEL.ZS.UN,12.3131371798869
Kiribati,KIR,2015,Fuel exports (% of merchandise exports),TX.VAL.FUEL.ZS.UN,9.66602186156077
Kiribati,KIR,2014,Fuel exports (% of merchandise exports),TX.VAL.FUEL.ZS.UN,8.28238106938328
Kiribati,KIR,2013,Fuel exports (% of merchandise exports),TX.VAL.FUEL.ZS.UN,32.4586507967065
Kiribati,KIR,2012,Fuel exports (% of merchandise exports),TX.VAL.FUEL.ZS.UN,0.000171954230598533
Kiribati,KIR,2011,Fuel exports (% of merchandise exports),TX.VAL.FUEL.ZS.UN,0.000116311163533845
Kiribati,KIR,2008,Fuel exports (% of merchandise exports),TX.VAL.FUEL.ZS.UN,0.0629045096507676
Kiribati,KIR,2007,Fuel exports (% of merchandise exports),TX.VAL.FUEL.ZS.UN,0.000246463252329078
Kiribati,KIR,2005,Fuel exports (% of merchandise exports),TX.VAL.FUEL.ZS.UN,0.0170988965474781
Kiribati,KIR,2016,Ores and metals exports (% of merchandise exports),TX.VAL.MMTL.ZS.UN,0.75502291179449
Kiribati,KIR,2015,Ores and metals exports (% of merchandise exports),TX.VAL.MMTL.ZS.UN,0.510515392144981
Kiribati,KIR,2014,Ores and metals exports (% of merchandise exports),TX.VAL.MMTL.ZS.UN,0.974954245339482
Kiribati,KIR,2012,Ores and metals exports (% of merchandise exports),TX.VAL.MMTL.ZS.UN,0.320316340758947
Kiribati,KIR,2009,Ores and metals exports (% of merchandise exports),TX.VAL.MMTL.ZS.UN,0.0372860176955616
Kiribati,KIR,2008,Ores and metals exports (% of merchandise exports),TX.VAL.MMTL.ZS.UN,1.12225156908775
Kiribati,KIR,2007,Ores and metals exports (% of merchandise exports),TX.VAL.MMTL.ZS.UN,0.661359491299847
Kiribati,KIR,2005,Ores and metals exports (% of merchandise exports),TX.VAL.MMTL.ZS.UN,1.60919926231274
Kiribati,KIR,1999,Ores and metals exports (% of merchandise exports),TX.VAL.MMTL.ZS.UN,0.0460591858158644
Kiribati,KIR,1998,Ores and metals exports (% of merchandise exports),TX.VAL.MMTL.ZS.UN,0.151791190158375
Kiribati,KIR,1997,Ores and metals exports (% of merchandise exports),TX.VAL.MMTL.ZS.UN,0.00265460905311754
Kiribati,KIR,1995,Ores and metals exports (% of merchandise exports),TX.VAL.MMTL.ZS.UN,0.114644586589446
Kiribati,KIR,1994,Ores and metals exports (% of merchandise exports),TX.VAL.MMTL.ZS.UN,0
Kiribati,KIR,1993,Ores and metals exports (% of merchandise exports),TX.VAL.MMTL.ZS.UN,0
Kiribati,KIR,1992,Ores and metals exports (% of merchandise exports),TX.VAL.MMTL.ZS.UN,0
Kiribati,KIR,1991,Ores and metals exports (% of merchandise exports),TX.VAL.MMTL.ZS.UN,0
Kiribati,KIR,1990,Ores and metals exports (% of merchandise exports),TX.VAL.MMTL.ZS.UN,0
Kiribati,KIR,1989,Ores and metals exports (% of merchandise exports),TX.VAL.MMTL.ZS.UN,0
Kiribati,KIR,1988,Ores and metals exports (% of merchandise exports),TX.VAL.MMTL.ZS.UN,0
Kiribati,KIR,1987,Ores and metals exports (% of merchandise exports),TX.VAL.MMTL.ZS.UN,2.01535119986933
Kiribati,KIR,1979,Ores and metals exports (% of merchandise exports),TX.VAL.MMTL.ZS.UN,84.6485862819867
Kiribati,KIR,1978,Ores and metals exports (% of merchandise exports),TX.VAL.MMTL.ZS.UN,88.3427183934932
Kiribati,KIR,1977,Ores and metals exports (% of merchandise exports),TX.VAL.MMTL.ZS.UN,86.4334756392329
Kiribati,KIR,1976,Ores and metals exports (% of merchandise exports),TX.VAL.MMTL.ZS.UN,94.5311843750849
Kiribati,KIR,1975,Ores and metals exports (% of merchandise exports),TX.VAL.MMTL.ZS.UN,96.4312523169189
Kiribati,KIR,1974,Ores and metals exports (% of merchandise exports),TX.VAL.MMTL.ZS.UN,79.420981868047
Kiribati,KIR,1973,Ores and metals exports (% of merchandise exports),TX.VAL.MMTL.ZS.UN,89.1598551157554
