Country Name,Country ISO3,Year,Indicator Name,Indicator Code,Value
#country+name,#country+code,#date+year,#indicator+name,#indicator+code,#indicator+value+num
Cabo Verde,CPV,2015,Energy intensity level of primary energy (MJ/$2011 PPP GDP),EG.EGY.PRIM.PP.KD,2.77272582273854
Cabo Verde,CPV,2014,Energy intensity level of primary energy (MJ/$2011 PPP GDP),EG.EGY.PRIM.PP.KD,2.69585812034593
Cabo Verde,CPV,2013,Energy intensity level of primary energy (MJ/$2011 PPP GDP),EG.EGY.PRIM.PP.KD,2.8046185551502
Cabo Verde,CPV,2012,Energy intensity level of primary energy (MJ/$2011 PPP GDP),EG.EGY.PRIM.PP.KD,2.84005943938041
Cabo Verde,CPV,2011,Energy intensity level of primary energy (MJ/$2011 PPP GDP),EG.EGY.PRIM.PP.KD,3.34468058702648
Cabo Verde,CPV,2010,Energy intensity level of primary energy (MJ/$2011 PPP GDP),EG.EGY.PRIM.PP.KD,3.16290724210901
Cabo Verde,CPV,2009,Energy intensity level of primary energy (MJ/$2011 PPP GDP),EG.EGY.PRIM.PP.KD,3.15224340849755
Cabo Verde,CPV,2008,Energy intensity level of primary energy (MJ/$2011 PPP GDP),EG.EGY.PRIM.PP.KD,2.84943034888676
Cabo Verde,CPV,2007,Energy intensity level of primary energy (MJ/$2011 PPP GDP),EG.EGY.PRIM.PP.KD,3.22668968777116
Cabo Verde,CPV,2006,Energy intensity level of primary energy (MJ/$2011 PPP GDP),EG.EGY.PRIM.PP.KD,3.48058171998439
Cabo Verde,CPV,2005,Energy intensity level of primary energy (MJ/$2011 PPP GDP),EG.EGY.PRIM.PP.KD,3.52900942742506
Cabo Verde,CPV,2004,Energy intensity level of primary energy (MJ/$2011 PPP GDP),EG.EGY.PRIM.PP.KD,3.03429146369513
Cabo Verde,CPV,2003,Energy intensity level of primary energy (MJ/$2011 PPP GDP),EG.EGY.PRIM.PP.KD,3.10087851935326
Cabo Verde,CPV,2002,Energy intensity level of primary energy (MJ/$2011 PPP GDP),EG.EGY.PRIM.PP.KD,2.98642266553629
Cabo Verde,CPV,2001,Energy intensity level of primary energy (MJ/$2011 PPP GDP),EG.EGY.PRIM.PP.KD,2.84498967362063
Cabo Verde,CPV,2000,Energy intensity level of primary energy (MJ/$2011 PPP GDP),EG.EGY.PRIM.PP.KD,2.67090202715237
Cabo Verde,CPV,1999,Energy intensity level of primary energy (MJ/$2011 PPP GDP),EG.EGY.PRIM.PP.KD,2.7436214267279
Cabo Verde,CPV,1998,Energy intensity level of primary energy (MJ/$2011 PPP GDP),EG.EGY.PRIM.PP.KD,2.67808781308115
Cabo Verde,CPV,1997,Energy intensity level of primary energy (MJ/$2011 PPP GDP),EG.EGY.PRIM.PP.KD,2.8838353857475
Cabo Verde,CPV,1996,Energy intensity level of primary energy (MJ/$2011 PPP GDP),EG.EGY.PRIM.PP.KD,3.1039258642999
Cabo Verde,CPV,1995,Energy intensity level of primary energy (MJ/$2011 PPP GDP),EG.EGY.PRIM.PP.KD,3.05124244086711
Cabo Verde,CPV,1994,Energy intensity level of primary energy (MJ/$2011 PPP GDP),EG.EGY.PRIM.PP.KD,3.30585932569725
Cabo Verde,CPV,1993,Energy intensity level of primary energy (MJ/$2011 PPP GDP),EG.EGY.PRIM.PP.KD,3.77497124072602
Cabo Verde,CPV,1992,Energy intensity level of primary energy (MJ/$2011 PPP GDP),EG.EGY.PRIM.PP.KD,3.95100461017502
Cabo Verde,CPV,1991,Energy intensity level of primary energy (MJ/$2011 PPP GDP),EG.EGY.PRIM.PP.KD,4.14515592219809
Cabo Verde,CPV,1990,Energy intensity level of primary energy (MJ/$2011 PPP GDP),EG.EGY.PRIM.PP.KD,4.03309449954163
Cabo Verde,CPV,2017,"Access to electricity, rural (% of rural population)",EG.ELC.ACCS.RU.ZS,89.9596396639013
Cabo Verde,CPV,2016,"Access to electricity, rural (% of rural population)",EG.ELC.ACCS.RU.ZS,85.1304806168844
Cabo Verde,CPV,2015,"Access to electricity, rural (% of rural population)",EG.ELC.ACCS.RU.ZS,80.4137535146946
Cabo Verde,CPV,2014,"Access to electricity, rural (% of rural population)",EG.ELC.ACCS.RU.ZS,75.8237160586058
Cabo Verde,CPV,2013,"Access to electricity, rural (% of rural population)",EG.ELC.ACCS.RU.ZS,71.3755532220772
Cabo Verde,CPV,2012,"Access to electricity, rural (% of rural population)",EG.ELC.ACCS.RU.ZS,67.0847821823656
Cabo Verde,CPV,2011,"Access to electricity, rural (% of rural population)",EG.ELC.ACCS.RU.ZS,62.4803430325205
Cabo Verde,CPV,2010,"Access to electricity, rural (% of rural population)",EG.ELC.ACCS.RU.ZS,65.6836621450423
Cabo Verde,CPV,2009,"Access to electricity, rural (% of rural population)",EG.ELC.ACCS.RU.ZS,55.5382071698377
Cabo Verde,CPV,2008,"Access to electricity, rural (% of rural population)",EG.ELC.ACCS.RU.ZS,52.2467810689729
Cabo Verde,CPV,2007,"Access to electricity, rural (% of rural population)",EG.ELC.ACCS.RU.ZS,49.108200272088
Cabo Verde,CPV,2006,"Access to electricity, rural (% of rural population)",EG.ELC.ACCS.RU.ZS,46.076732154141
Cabo Verde,CPV,2005,"Access to electricity, rural (% of rural population)",EG.ELC.ACCS.RU.ZS,42.4578622867217
Cabo Verde,CPV,2004,"Access to electricity, rural (% of rural population)",EG.ELC.ACCS.RU.ZS,40.1959244801465
Cabo Verde,CPV,2003,"Access to electricity, rural (% of rural population)",EG.ELC.ACCS.RU.ZS,37.2874522401101
Cabo Verde,CPV,2002,"Access to electricity, rural (% of rural population)",EG.ELC.ACCS.RU.ZS,30.72226221019
Cabo Verde,CPV,2017,"Access to electricity, urban (% of urban population)",EG.ELC.ACCS.UR.ZS,94.4860763549805
Cabo Verde,CPV,2016,"Access to electricity, urban (% of urban population)",EG.ELC.ACCS.UR.ZS,93.6429214477539
Cabo Verde,CPV,2015,"Access to electricity, urban (% of urban population)",EG.ELC.ACCS.UR.ZS,92.8001251220703
Cabo Verde,CPV,2014,"Access to electricity, urban (% of urban population)",EG.ELC.ACCS.UR.ZS,91.9594573974609
Cabo Verde,CPV,2013,"Access to electricity, urban (% of urban population)",EG.ELC.ACCS.UR.ZS,91.1230545043945
Cabo Verde,CPV,2012,"Access to electricity, urban (% of urban population)",EG.ELC.ACCS.UR.ZS,90.2930374145508
Cabo Verde,CPV,2011,"Access to electricity, urban (% of urban population)",EG.ELC.ACCS.UR.ZS,89.7649841308594
Cabo Verde,CPV,2010,"Access to electricity, urban (% of urban population)",EG.ELC.ACCS.UR.ZS,90.6207038539958
Cabo Verde,CPV,2009,"Access to electricity, urban (% of urban population)",EG.ELC.ACCS.UR.ZS,87.8623352050781
Cabo Verde,CPV,2008,"Access to electricity, urban (% of urban population)",EG.ELC.ACCS.UR.ZS,87.0768356323242
Cabo Verde,CPV,2007,"Access to electricity, urban (% of urban population)",EG.ELC.ACCS.UR.ZS,86.3043212890625
Cabo Verde,CPV,2006,"Access to electricity, urban (% of urban population)",EG.ELC.ACCS.UR.ZS,85.5448684692383
Cabo Verde,CPV,2005,"Access to electricity, urban (% of urban population)",EG.ELC.ACCS.UR.ZS,85
Cabo Verde,CPV,2004,"Access to electricity, urban (% of urban population)",EG.ELC.ACCS.UR.ZS,84.0655899047852
Cabo Verde,CPV,2003,"Access to electricity, urban (% of urban population)",EG.ELC.ACCS.UR.ZS,83.3458251953125
Cabo Verde,CPV,2002,"Access to electricity, urban (% of urban population)",EG.ELC.ACCS.UR.ZS,81.27494
Cabo Verde,CPV,2017,Access to electricity (% of population),EG.ELC.ACCS.ZS,92.9136352539063
Cabo Verde,CPV,2016,Access to electricity (% of population),EG.ELC.ACCS.ZS,90.6451873779297
Cabo Verde,CPV,2015,Access to electricity (% of population),EG.ELC.ACCS.ZS,88.3781890869141
Cabo Verde,CPV,2014,Access to electricity (% of population),EG.ELC.ACCS.ZS,86.1199188232422
Cabo Verde,CPV,2013,Access to electricity (% of population),EG.ELC.ACCS.ZS,83.8790969848633
Cabo Verde,CPV,2012,Access to electricity (% of population),EG.ELC.ACCS.ZS,81.6644515991211
Cabo Verde,CPV,2011,Access to electricity (% of population),EG.ELC.ACCS.ZS,79.4847030639648
Cabo Verde,CPV,2010,Access to electricity (% of population),EG.ELC.ACCS.ZS,81.1
Cabo Verde,CPV,2009,Access to electricity (% of population),EG.ELC.ACCS.ZS,75.261100769043
Cabo Verde,CPV,2008,Access to electricity (% of population),EG.ELC.ACCS.ZS,73.21240234375
Cabo Verde,CPV,2007,Access to electricity (% of population),EG.ELC.ACCS.ZS,71.1889190673828
Cabo Verde,CPV,2006,Access to electricity (% of population),EG.ELC.ACCS.ZS,69.1770782470703
Cabo Verde,CPV,2005,Access to electricity (% of population),EG.ELC.ACCS.ZS,67
Cabo Verde,CPV,2004,Access to electricity (% of population),EG.ELC.ACCS.ZS,65.1340484619141
Cabo Verde,CPV,2003,Access to electricity (% of population),EG.ELC.ACCS.ZS,63.0788078308105
Cabo Verde,CPV,2002,Access to electricity (% of population),EG.ELC.ACCS.ZS,58.6
Cabo Verde,CPV,2015,Renewable electricity output (% of total electricity output),EG.ELC.RNEW.ZS,20.2084965923393
Cabo Verde,CPV,2014,Renewable electricity output (% of total electricity output),EG.ELC.RNEW.ZS,17.2916513783909
Cabo Verde,CPV,2013,Renewable electricity output (% of total electricity output),EG.ELC.RNEW.ZS,20.5576033446305
Cabo Verde,CPV,2012,Renewable electricity output (% of total electricity output),EG.ELC.RNEW.ZS,18.3667484270022
Cabo Verde,CPV,2011,Renewable electricity output (% of total electricity output),EG.ELC.RNEW.ZS,6.7226660829594
Cabo Verde,CPV,2010,Renewable electricity output (% of total electricity output),EG.ELC.RNEW.ZS,1.18257859821171
Cabo Verde,CPV,2009,Renewable electricity output (% of total electricity output),EG.ELC.RNEW.ZS,1.50570293062781
Cabo Verde,CPV,2008,Renewable electricity output (% of total electricity output),EG.ELC.RNEW.ZS,1.92119944211994
Cabo Verde,CPV,2007,Renewable electricity output (% of total electricity output),EG.ELC.RNEW.ZS,2.54888138611657
Cabo Verde,CPV,2006,Renewable electricity output (% of total electricity output),EG.ELC.RNEW.ZS,2.95308406763515
Cabo Verde,CPV,2005,Renewable electricity output (% of total electricity output),EG.ELC.RNEW.ZS,2.72083016957732
Cabo Verde,CPV,2004,Renewable electricity output (% of total electricity output),EG.ELC.RNEW.ZS,2.92525362813339
Cabo Verde,CPV,2003,Renewable electricity output (% of total electricity output),EG.ELC.RNEW.ZS,2.68970698722765
Cabo Verde,CPV,2002,Renewable electricity output (% of total electricity output),EG.ELC.RNEW.ZS,3.10732912434806
Cabo Verde,CPV,2001,Renewable electricity output (% of total electricity output),EG.ELC.RNEW.ZS,3.88919131434101
Cabo Verde,CPV,2000,Renewable electricity output (% of total electricity output),EG.ELC.RNEW.ZS,5.39543778172381
Cabo Verde,CPV,1999,Renewable electricity output (% of total electricity output),EG.ELC.RNEW.ZS,6.65075034106412
Cabo Verde,CPV,1998,Renewable electricity output (% of total electricity output),EG.ELC.RNEW.ZS,7.48031496062992
Cabo Verde,CPV,1997,Renewable electricity output (% of total electricity output),EG.ELC.RNEW.ZS,7.72532188841202
Cabo Verde,CPV,1996,Renewable electricity output (% of total electricity output),EG.ELC.RNEW.ZS,8.05902383654938
Cabo Verde,CPV,1995,Renewable electricity output (% of total electricity output),EG.ELC.RNEW.ZS,7.56302521008403
Cabo Verde,CPV,1994,Renewable electricity output (% of total electricity output),EG.ELC.RNEW.ZS,6.80100755667506
Cabo Verde,CPV,1993,Renewable electricity output (% of total electricity output),EG.ELC.RNEW.ZS,2.85714285714286
Cabo Verde,CPV,1992,Renewable electricity output (% of total electricity output),EG.ELC.RNEW.ZS,0
Cabo Verde,CPV,1991,Renewable electricity output (% of total electricity output),EG.ELC.RNEW.ZS,0
Cabo Verde,CPV,1990,Renewable electricity output (% of total electricity output),EG.ELC.RNEW.ZS,0
Cabo Verde,CPV,2015,Renewable energy consumption (% of total final energy consumption),EG.FEC.RNEW.ZS,26.5797158996811
Cabo Verde,CPV,2014,Renewable energy consumption (% of total final energy consumption),EG.FEC.RNEW.ZS,26.1964230234372
Cabo Verde,CPV,2013,Renewable energy consumption (% of total final energy consumption),EG.FEC.RNEW.ZS,26.1254674277281
Cabo Verde,CPV,2012,Renewable energy consumption (% of total final energy consumption),EG.FEC.RNEW.ZS,24.403883949932
Cabo Verde,CPV,2011,Renewable energy consumption (% of total final energy consumption),EG.FEC.RNEW.ZS,21.6204510742102
Cabo Verde,CPV,2010,Renewable energy consumption (% of total final energy consumption),EG.FEC.RNEW.ZS,21.7360521104316
Cabo Verde,CPV,2009,Renewable energy consumption (% of total final energy consumption),EG.FEC.RNEW.ZS,26.1616868942958
Cabo Verde,CPV,2008,Renewable energy consumption (% of total final energy consumption),EG.FEC.RNEW.ZS,27.611898039797
Cabo Verde,CPV,2007,Renewable energy consumption (% of total final energy consumption),EG.FEC.RNEW.ZS,24.9640396410639
Cabo Verde,CPV,2006,Renewable energy consumption (% of total final energy consumption),EG.FEC.RNEW.ZS,25.0713542724077
Cabo Verde,CPV,2005,Renewable energy consumption (% of total final energy consumption),EG.FEC.RNEW.ZS,26.6126770646751
Cabo Verde,CPV,2004,Renewable energy consumption (% of total final energy consumption),EG.FEC.RNEW.ZS,33.9605485411063
Cabo Verde,CPV,2003,Renewable energy consumption (% of total final energy consumption),EG.FEC.RNEW.ZS,35.2502792200054
Cabo Verde,CPV,2002,Renewable energy consumption (% of total final energy consumption),EG.FEC.RNEW.ZS,27.8617878024682
Cabo Verde,CPV,2001,Renewable energy consumption (% of total final energy consumption),EG.FEC.RNEW.ZS,28.1849478482406
Cabo Verde,CPV,2000,Renewable energy consumption (% of total final energy consumption),EG.FEC.RNEW.ZS,28.9782379763742
Cabo Verde,CPV,1999,Renewable energy consumption (% of total final energy consumption),EG.FEC.RNEW.ZS,31.1712082646825
Cabo Verde,CPV,1998,Renewable energy consumption (% of total final energy consumption),EG.FEC.RNEW.ZS,35.2536396321589
Cabo Verde,CPV,1997,Renewable energy consumption (% of total final energy consumption),EG.FEC.RNEW.ZS,36.5797596817577
Cabo Verde,CPV,1996,Renewable energy consumption (% of total final energy consumption),EG.FEC.RNEW.ZS,36.1614118547227
Cabo Verde,CPV,1995,Renewable energy consumption (% of total final energy consumption),EG.FEC.RNEW.ZS,39.0786458287485
Cabo Verde,CPV,1994,Renewable energy consumption (% of total final energy consumption),EG.FEC.RNEW.ZS,40.4118886296683
Cabo Verde,CPV,1993,Renewable energy consumption (% of total final energy consumption),EG.FEC.RNEW.ZS,39.4819453584142
Cabo Verde,CPV,1992,Renewable energy consumption (% of total final energy consumption),EG.FEC.RNEW.ZS,37.9610348146807
Cabo Verde,CPV,1991,Renewable energy consumption (% of total final energy consumption),EG.FEC.RNEW.ZS,38.0853387742321
Cabo Verde,CPV,1990,Renewable energy consumption (% of total final energy consumption),EG.FEC.RNEW.ZS,36.6340415196557
Cabo Verde,CPV,2007,GDP per unit of energy use (PPP $ per kg of oil equivalent),EG.GDP.PUSE.KO.PP,25.0799851509925
Cabo Verde,CPV,2006,GDP per unit of energy use (PPP $ per kg of oil equivalent),EG.GDP.PUSE.KO.PP,21.4145992100282
Cabo Verde,CPV,2005,GDP per unit of energy use (PPP $ per kg of oil equivalent),EG.GDP.PUSE.KO.PP,19.8321052876177
Cabo Verde,CPV,2004,GDP per unit of energy use (PPP $ per kg of oil equivalent),EG.GDP.PUSE.KO.PP,20.0107833353828
Cabo Verde,CPV,1990,GDP per unit of energy use (PPP $ per kg of oil equivalent),EG.GDP.PUSE.KO.PP,12.6555918622389
Cabo Verde,CPV,2007,GDP per unit of energy use (constant 2011 PPP $ per kg of oil equivalent),EG.GDP.PUSE.KO.PP.KD,26.6073704294601
Cabo Verde,CPV,2006,GDP per unit of energy use (constant 2011 PPP $ per kg of oil equivalent),EG.GDP.PUSE.KO.PP.KD,23.3290496707264
Cabo Verde,CPV,2005,GDP per unit of energy use (constant 2011 PPP $ per kg of oil equivalent),EG.GDP.PUSE.KO.PP.KD,22.2588958712139
Cabo Verde,CPV,2004,GDP per unit of energy use (constant 2011 PPP $ per kg of oil equivalent),EG.GDP.PUSE.KO.PP.KD,23.1590367233508
Cabo Verde,CPV,1990,GDP per unit of energy use (constant 2011 PPP $ per kg of oil equivalent),EG.GDP.PUSE.KO.PP.KD,19.5023799713227
Cabo Verde,CPV,2007,Fossil fuel energy consumption (% of total),EG.USE.COMM.FO.ZS,0
Cabo Verde,CPV,2006,Fossil fuel energy consumption (% of total),EG.USE.COMM.FO.ZS,0
Cabo Verde,CPV,2005,Fossil fuel energy consumption (% of total),EG.USE.COMM.FO.ZS,0
Cabo Verde,CPV,2004,Fossil fuel energy consumption (% of total),EG.USE.COMM.FO.ZS,0
Cabo Verde,CPV,1990,Fossil fuel energy consumption (% of total),EG.USE.COMM.FO.ZS,0
Cabo Verde,CPV,2007,"Energy use (kg of oil equivalent) per $1,000 GDP (constant 2011 PPP)",EG.USE.COMM.GD.PP.KD,37.5835711631535
Cabo Verde,CPV,2006,"Energy use (kg of oil equivalent) per $1,000 GDP (constant 2011 PPP)",EG.USE.COMM.GD.PP.KD,42.8650122535773
Cabo Verde,CPV,2005,"Energy use (kg of oil equivalent) per $1,000 GDP (constant 2011 PPP)",EG.USE.COMM.GD.PP.KD,44.9258582180279
Cabo Verde,CPV,2004,"Energy use (kg of oil equivalent) per $1,000 GDP (constant 2011 PPP)",EG.USE.COMM.GD.PP.KD,43.179688859499
Cabo Verde,CPV,1990,"Energy use (kg of oil equivalent) per $1,000 GDP (constant 2011 PPP)",EG.USE.COMM.GD.PP.KD,51.2757930811752
Cabo Verde,CPV,2007,Energy use (kg of oil equivalent per capita),EG.USE.PCAP.KG.OE,216.814718140866
Cabo Verde,CPV,2006,Energy use (kg of oil equivalent per capita),EG.USE.PCAP.KG.OE,217.405204936377
Cabo Verde,CPV,2005,Energy use (kg of oil equivalent per capita),EG.USE.PCAP.KG.OE,213.808116933603
Cabo Verde,CPV,2004,Energy use (kg of oil equivalent per capita),EG.USE.PCAP.KG.OE,194.911709375691
Cabo Verde,CPV,1990,Energy use (kg of oil equivalent per capita),EG.USE.PCAP.KG.OE,85.947986388519
Cabo Verde,CPV,2014,CO2 emissions from gaseous fuel consumption (% of total),EN.ATM.CO2E.GF.ZS,0
Cabo Verde,CPV,2013,CO2 emissions from gaseous fuel consumption (% of total),EN.ATM.CO2E.GF.ZS,0
Cabo Verde,CPV,2012,CO2 emissions from gaseous fuel consumption (% of total),EN.ATM.CO2E.GF.ZS,0
Cabo Verde,CPV,2011,CO2 emissions from gaseous fuel consumption (% of total),EN.ATM.CO2E.GF.ZS,0
Cabo Verde,CPV,2010,CO2 emissions from gaseous fuel consumption (% of total),EN.ATM.CO2E.GF.ZS,0
Cabo Verde,CPV,2009,CO2 emissions from gaseous fuel consumption (% of total),EN.ATM.CO2E.GF.ZS,0
Cabo Verde,CPV,2008,CO2 emissions from gaseous fuel consumption (% of total),EN.ATM.CO2E.GF.ZS,0
Cabo Verde,CPV,2007,CO2 emissions from gaseous fuel consumption (% of total),EN.ATM.CO2E.GF.ZS,0
Cabo Verde,CPV,2006,CO2 emissions from gaseous fuel consumption (% of total),EN.ATM.CO2E.GF.ZS,0
Cabo Verde,CPV,2005,CO2 emissions from gaseous fuel consumption (% of total),EN.ATM.CO2E.GF.ZS,0
Cabo Verde,CPV,2004,CO2 emissions from gaseous fuel consumption (% of total),EN.ATM.CO2E.GF.ZS,0
Cabo Verde,CPV,2003,CO2 emissions from gaseous fuel consumption (% of total),EN.ATM.CO2E.GF.ZS,0
Cabo Verde,CPV,2002,CO2 emissions from gaseous fuel consumption (% of total),EN.ATM.CO2E.GF.ZS,0
Cabo Verde,CPV,2001,CO2 emissions from gaseous fuel consumption (% of total),EN.ATM.CO2E.GF.ZS,0
Cabo Verde,CPV,2000,CO2 emissions from gaseous fuel consumption (% of total),EN.ATM.CO2E.GF.ZS,0
Cabo Verde,CPV,1999,CO2 emissions from gaseous fuel consumption (% of total),EN.ATM.CO2E.GF.ZS,0
Cabo Verde,CPV,1998,CO2 emissions from gaseous fuel consumption (% of total),EN.ATM.CO2E.GF.ZS,0
Cabo Verde,CPV,1997,CO2 emissions from gaseous fuel consumption (% of total),EN.ATM.CO2E.GF.ZS,0
Cabo Verde,CPV,1996,CO2 emissions from gaseous fuel consumption (% of total),EN.ATM.CO2E.GF.ZS,0
Cabo Verde,CPV,1995,CO2 emissions from gaseous fuel consumption (% of total),EN.ATM.CO2E.GF.ZS,0
Cabo Verde,CPV,1994,CO2 emissions from gaseous fuel consumption (% of total),EN.ATM.CO2E.GF.ZS,0
Cabo Verde,CPV,1993,CO2 emissions from gaseous fuel consumption (% of total),EN.ATM.CO2E.GF.ZS,0
Cabo Verde,CPV,1992,CO2 emissions from gaseous fuel consumption (% of total),EN.ATM.CO2E.GF.ZS,0
Cabo Verde,CPV,1991,CO2 emissions from gaseous fuel consumption (% of total),EN.ATM.CO2E.GF.ZS,0
Cabo Verde,CPV,1990,CO2 emissions from gaseous fuel consumption (% of total),EN.ATM.CO2E.GF.ZS,0
Cabo Verde,CPV,1989,CO2 emissions from gaseous fuel consumption (% of total),EN.ATM.CO2E.GF.ZS,0
Cabo Verde,CPV,1988,CO2 emissions from gaseous fuel consumption (% of total),EN.ATM.CO2E.GF.ZS,0
Cabo Verde,CPV,1987,CO2 emissions from gaseous fuel consumption (% of total),EN.ATM.CO2E.GF.ZS,0
Cabo Verde,CPV,1986,CO2 emissions from gaseous fuel consumption (% of total),EN.ATM.CO2E.GF.ZS,0
Cabo Verde,CPV,1985,CO2 emissions from gaseous fuel consumption (% of total),EN.ATM.CO2E.GF.ZS,0
Cabo Verde,CPV,1984,CO2 emissions from gaseous fuel consumption (% of total),EN.ATM.CO2E.GF.ZS,0
Cabo Verde,CPV,1983,CO2 emissions from gaseous fuel consumption (% of total),EN.ATM.CO2E.GF.ZS,0
Cabo Verde,CPV,1982,CO2 emissions from gaseous fuel consumption (% of total),EN.ATM.CO2E.GF.ZS,0
Cabo Verde,CPV,1981,CO2 emissions from gaseous fuel consumption (% of total),EN.ATM.CO2E.GF.ZS,0
Cabo Verde,CPV,1980,CO2 emissions from gaseous fuel consumption (% of total),EN.ATM.CO2E.GF.ZS,0
Cabo Verde,CPV,1979,CO2 emissions from gaseous fuel consumption (% of total),EN.ATM.CO2E.GF.ZS,0
Cabo Verde,CPV,1978,CO2 emissions from gaseous fuel consumption (% of total),EN.ATM.CO2E.GF.ZS,0
Cabo Verde,CPV,1977,CO2 emissions from gaseous fuel consumption (% of total),EN.ATM.CO2E.GF.ZS,0
Cabo Verde,CPV,1976,CO2 emissions from gaseous fuel consumption (% of total),EN.ATM.CO2E.GF.ZS,0
Cabo Verde,CPV,1975,CO2 emissions from gaseous fuel consumption (% of total),EN.ATM.CO2E.GF.ZS,0
Cabo Verde,CPV,1974,CO2 emissions from gaseous fuel consumption (% of total),EN.ATM.CO2E.GF.ZS,0
Cabo Verde,CPV,1973,CO2 emissions from gaseous fuel consumption (% of total),EN.ATM.CO2E.GF.ZS,0
Cabo Verde,CPV,1972,CO2 emissions from gaseous fuel consumption (% of total),EN.ATM.CO2E.GF.ZS,0
Cabo Verde,CPV,1971,CO2 emissions from gaseous fuel consumption (% of total),EN.ATM.CO2E.GF.ZS,0
Cabo Verde,CPV,1970,CO2 emissions from gaseous fuel consumption (% of total),EN.ATM.CO2E.GF.ZS,0
Cabo Verde,CPV,1969,CO2 emissions from gaseous fuel consumption (% of total),EN.ATM.CO2E.GF.ZS,0
Cabo Verde,CPV,1968,CO2 emissions from gaseous fuel consumption (% of total),EN.ATM.CO2E.GF.ZS,0
Cabo Verde,CPV,1967,CO2 emissions from gaseous fuel consumption (% of total),EN.ATM.CO2E.GF.ZS,0
Cabo Verde,CPV,1966,CO2 emissions from gaseous fuel consumption (% of total),EN.ATM.CO2E.GF.ZS,0
Cabo Verde,CPV,1965,CO2 emissions from gaseous fuel consumption (% of total),EN.ATM.CO2E.GF.ZS,0
Cabo Verde,CPV,1964,CO2 emissions from gaseous fuel consumption (% of total),EN.ATM.CO2E.GF.ZS,0
Cabo Verde,CPV,1963,CO2 emissions from gaseous fuel consumption (% of total),EN.ATM.CO2E.GF.ZS,0
Cabo Verde,CPV,1962,CO2 emissions from gaseous fuel consumption (% of total),EN.ATM.CO2E.GF.ZS,0
Cabo Verde,CPV,1961,CO2 emissions from gaseous fuel consumption (% of total),EN.ATM.CO2E.GF.ZS,0
Cabo Verde,CPV,1960,CO2 emissions from gaseous fuel consumption (% of total),EN.ATM.CO2E.GF.ZS,0
Cabo Verde,CPV,2014,CO2 emissions from liquid fuel consumption (kt),EN.ATM.CO2E.LF.KT,491.378
Cabo Verde,CPV,2013,CO2 emissions from liquid fuel consumption (kt),EN.ATM.CO2E.LF.KT,498.712
Cabo Verde,CPV,2012,CO2 emissions from liquid fuel consumption (kt),EN.ATM.CO2E.LF.KT,506.046
Cabo Verde,CPV,2011,CO2 emissions from liquid fuel consumption (kt),EN.ATM.CO2E.LF.KT,616.056
Cabo Verde,CPV,2010,CO2 emissions from liquid fuel consumption (kt),EN.ATM.CO2E.LF.KT,557.384
Cabo Verde,CPV,2009,CO2 emissions from liquid fuel consumption (kt),EN.ATM.CO2E.LF.KT,524.381
Cabo Verde,CPV,2008,CO2 emissions from liquid fuel consumption (kt),EN.ATM.CO2E.LF.KT,469.376
Cabo Verde,CPV,2007,CO2 emissions from liquid fuel consumption (kt),EN.ATM.CO2E.LF.KT,506.046
Cabo Verde,CPV,2006,CO2 emissions from liquid fuel consumption (kt),EN.ATM.CO2E.LF.KT,473.043
Cabo Verde,CPV,2005,CO2 emissions from liquid fuel consumption (kt),EN.ATM.CO2E.LF.KT,440.04
Cabo Verde,CPV,2004,CO2 emissions from liquid fuel consumption (kt),EN.ATM.CO2E.LF.KT,330.03
Cabo Verde,CPV,2003,CO2 emissions from liquid fuel consumption (kt),EN.ATM.CO2E.LF.KT,308.028
Cabo Verde,CPV,2002,CO2 emissions from liquid fuel consumption (kt),EN.ATM.CO2E.LF.KT,275.025
Cabo Verde,CPV,2001,CO2 emissions from liquid fuel consumption (kt),EN.ATM.CO2E.LF.KT,234.688
Cabo Verde,CPV,2000,CO2 emissions from liquid fuel consumption (kt),EN.ATM.CO2E.LF.KT,216.353
Cabo Verde,CPV,1999,CO2 emissions from liquid fuel consumption (kt),EN.ATM.CO2E.LF.KT,183.35
Cabo Verde,CPV,1998,CO2 emissions from liquid fuel consumption (kt),EN.ATM.CO2E.LF.KT,157.681
Cabo Verde,CPV,1997,CO2 emissions from liquid fuel consumption (kt),EN.ATM.CO2E.LF.KT,146.68
Cabo Verde,CPV,1996,CO2 emissions from liquid fuel consumption (kt),EN.ATM.CO2E.LF.KT,143.013
Cabo Verde,CPV,1995,CO2 emissions from liquid fuel consumption (kt),EN.ATM.CO2E.LF.KT,121.011
Cabo Verde,CPV,1994,CO2 emissions from liquid fuel consumption (kt),EN.ATM.CO2E.LF.KT,113.677
Cabo Verde,CPV,1993,CO2 emissions from liquid fuel consumption (kt),EN.ATM.CO2E.LF.KT,110.01
Cabo Verde,CPV,1992,CO2 emissions from liquid fuel consumption (kt),EN.ATM.CO2E.LF.KT,106.343
Cabo Verde,CPV,1991,CO2 emissions from liquid fuel consumption (kt),EN.ATM.CO2E.LF.KT,99.009
Cabo Verde,CPV,1990,CO2 emissions from liquid fuel consumption (kt),EN.ATM.CO2E.LF.KT,95.342
Cabo Verde,CPV,1989,CO2 emissions from liquid fuel consumption (kt),EN.ATM.CO2E.LF.KT,80.674
Cabo Verde,CPV,1988,CO2 emissions from liquid fuel consumption (kt),EN.ATM.CO2E.LF.KT,73.34
Cabo Verde,CPV,1987,CO2 emissions from liquid fuel consumption (kt),EN.ATM.CO2E.LF.KT,80.674
Cabo Verde,CPV,1986,CO2 emissions from liquid fuel consumption (kt),EN.ATM.CO2E.LF.KT,58.672
Cabo Verde,CPV,1985,CO2 emissions from liquid fuel consumption (kt),EN.ATM.CO2E.LF.KT,84.341
Cabo Verde,CPV,1984,CO2 emissions from liquid fuel consumption (kt),EN.ATM.CO2E.LF.KT,84.341
Cabo Verde,CPV,1983,CO2 emissions from liquid fuel consumption (kt),EN.ATM.CO2E.LF.KT,36.67
Cabo Verde,CPV,1982,CO2 emissions from liquid fuel consumption (kt),EN.ATM.CO2E.LF.KT,36.67
Cabo Verde,CPV,1981,CO2 emissions from liquid fuel consumption (kt),EN.ATM.CO2E.LF.KT,33.003
Cabo Verde,CPV,1980,CO2 emissions from liquid fuel consumption (kt),EN.ATM.CO2E.LF.KT,121.011
Cabo Verde,CPV,1979,CO2 emissions from liquid fuel consumption (kt),EN.ATM.CO2E.LF.KT,249.356
Cabo Verde,CPV,1978,CO2 emissions from liquid fuel consumption (kt),EN.ATM.CO2E.LF.KT,201.685
Cabo Verde,CPV,1977,CO2 emissions from liquid fuel consumption (kt),EN.ATM.CO2E.LF.KT,80.674
Cabo Verde,CPV,1976,CO2 emissions from liquid fuel consumption (kt),EN.ATM.CO2E.LF.KT,73.34
Cabo Verde,CPV,1975,CO2 emissions from liquid fuel consumption (kt),EN.ATM.CO2E.LF.KT,77.007
Cabo Verde,CPV,1974,CO2 emissions from liquid fuel consumption (kt),EN.ATM.CO2E.LF.KT,66.006
Cabo Verde,CPV,1973,CO2 emissions from liquid fuel consumption (kt),EN.ATM.CO2E.LF.KT,55.005
Cabo Verde,CPV,1972,CO2 emissions from liquid fuel consumption (kt),EN.ATM.CO2E.LF.KT,47.671
Cabo Verde,CPV,1971,CO2 emissions from liquid fuel consumption (kt),EN.ATM.CO2E.LF.KT,33.003
Cabo Verde,CPV,1970,CO2 emissions from liquid fuel consumption (kt),EN.ATM.CO2E.LF.KT,29.336
Cabo Verde,CPV,1969,CO2 emissions from liquid fuel consumption (kt),EN.ATM.CO2E.LF.KT,29.336
Cabo Verde,CPV,1968,CO2 emissions from liquid fuel consumption (kt),EN.ATM.CO2E.LF.KT,25.669
Cabo Verde,CPV,1967,CO2 emissions from liquid fuel consumption (kt),EN.ATM.CO2E.LF.KT,18.335
Cabo Verde,CPV,1966,CO2 emissions from liquid fuel consumption (kt),EN.ATM.CO2E.LF.KT,22.002
Cabo Verde,CPV,1965,CO2 emissions from liquid fuel consumption (kt),EN.ATM.CO2E.LF.KT,18.335
Cabo Verde,CPV,1964,CO2 emissions from liquid fuel consumption (kt),EN.ATM.CO2E.LF.KT,22.002
Cabo Verde,CPV,1963,CO2 emissions from liquid fuel consumption (kt),EN.ATM.CO2E.LF.KT,11.001
Cabo Verde,CPV,1962,CO2 emissions from liquid fuel consumption (kt),EN.ATM.CO2E.LF.KT,14.668
Cabo Verde,CPV,1961,CO2 emissions from liquid fuel consumption (kt),EN.ATM.CO2E.LF.KT,18.335
Cabo Verde,CPV,1960,CO2 emissions from liquid fuel consumption (kt),EN.ATM.CO2E.LF.KT,18.335
Cabo Verde,CPV,2008,Methane emissions in energy sector (thousand metric tons of CO2 equivalent),EN.ATM.METH.EG.KT.CE,4.19888701916251
Cabo Verde,CPV,2007,Methane emissions in energy sector (thousand metric tons of CO2 equivalent),EN.ATM.METH.EG.KT.CE,4.1376620632131
Cabo Verde,CPV,2006,Methane emissions in energy sector (thousand metric tons of CO2 equivalent),EN.ATM.METH.EG.KT.CE,4.06816176270418
Cabo Verde,CPV,2005,Methane emissions in energy sector (thousand metric tons of CO2 equivalent),EN.ATM.METH.EG.KT.CE,4.10168630259241
Cabo Verde,CPV,2004,Methane emissions in energy sector (thousand metric tons of CO2 equivalent),EN.ATM.METH.EG.KT.CE,4.04029122414975
Cabo Verde,CPV,2003,Methane emissions in energy sector (thousand metric tons of CO2 equivalent),EN.ATM.METH.EG.KT.CE,3.89532343308533
Cabo Verde,CPV,2002,Methane emissions in energy sector (thousand metric tons of CO2 equivalent),EN.ATM.METH.EG.KT.CE,1.99785993489404
Cabo Verde,CPV,2001,Methane emissions in energy sector (thousand metric tons of CO2 equivalent),EN.ATM.METH.EG.KT.CE,2.03389350516277
Cabo Verde,CPV,2000,Methane emissions in energy sector (thousand metric tons of CO2 equivalent),EN.ATM.METH.EG.KT.CE,2.08790050894804
Cabo Verde,CPV,1999,Methane emissions in energy sector (thousand metric tons of CO2 equivalent),EN.ATM.METH.EG.KT.CE,2.00159146829527
Cabo Verde,CPV,1998,Methane emissions in energy sector (thousand metric tons of CO2 equivalent),EN.ATM.METH.EG.KT.CE,1.73391774106516
Cabo Verde,CPV,1997,Methane emissions in energy sector (thousand metric tons of CO2 equivalent),EN.ATM.METH.EG.KT.CE,1.74333521162496
Cabo Verde,CPV,1996,Methane emissions in energy sector (thousand metric tons of CO2 equivalent),EN.ATM.METH.EG.KT.CE,1.7318998304746
Cabo Verde,CPV,1995,Methane emissions in energy sector (thousand metric tons of CO2 equivalent),EN.ATM.METH.EG.KT.CE,1.65745005952491
Cabo Verde,CPV,1994,Methane emissions in energy sector (thousand metric tons of CO2 equivalent),EN.ATM.METH.EG.KT.CE,1.64825448535817
Cabo Verde,CPV,1993,Methane emissions in energy sector (thousand metric tons of CO2 equivalent),EN.ATM.METH.EG.KT.CE,1.02958263183167
Cabo Verde,CPV,1992,Methane emissions in energy sector (thousand metric tons of CO2 equivalent),EN.ATM.METH.EG.KT.CE,1.05420511579229
Cabo Verde,CPV,1991,Methane emissions in energy sector (thousand metric tons of CO2 equivalent),EN.ATM.METH.EG.KT.CE,1.11406772158117
Cabo Verde,CPV,1990,Methane emissions in energy sector (thousand metric tons of CO2 equivalent),EN.ATM.METH.EG.KT.CE,1.15973145228097
Cabo Verde,CPV,1989,Methane emissions in energy sector (thousand metric tons of CO2 equivalent),EN.ATM.METH.EG.KT.CE,1.24304230462301
Cabo Verde,CPV,1988,Methane emissions in energy sector (thousand metric tons of CO2 equivalent),EN.ATM.METH.EG.KT.CE,1.26314764914013
Cabo Verde,CPV,1987,Methane emissions in energy sector (thousand metric tons of CO2 equivalent),EN.ATM.METH.EG.KT.CE,1.19821385023756
Cabo Verde,CPV,1986,Methane emissions in energy sector (thousand metric tons of CO2 equivalent),EN.ATM.METH.EG.KT.CE,0.774492331775725
Cabo Verde,CPV,1985,Methane emissions in energy sector (thousand metric tons of CO2 equivalent),EN.ATM.METH.EG.KT.CE,0.722308764328235
Cabo Verde,CPV,1984,Methane emissions in energy sector (thousand metric tons of CO2 equivalent),EN.ATM.METH.EG.KT.CE,0.814983582920037
Cabo Verde,CPV,1983,Methane emissions in energy sector (thousand metric tons of CO2 equivalent),EN.ATM.METH.EG.KT.CE,0.700084139818219
Cabo Verde,CPV,1982,Methane emissions in energy sector (thousand metric tons of CO2 equivalent),EN.ATM.METH.EG.KT.CE,0.765983300342449
Cabo Verde,CPV,1981,Methane emissions in energy sector (thousand metric tons of CO2 equivalent),EN.ATM.METH.EG.KT.CE,1.15698331654704
Cabo Verde,CPV,1980,Methane emissions in energy sector (thousand metric tons of CO2 equivalent),EN.ATM.METH.EG.KT.CE,1.63100719301519
Cabo Verde,CPV,1979,Methane emissions in energy sector (thousand metric tons of CO2 equivalent),EN.ATM.METH.EG.KT.CE,1.28390056383027
Cabo Verde,CPV,1978,Methane emissions in energy sector (thousand metric tons of CO2 equivalent),EN.ATM.METH.EG.KT.CE,0.961235938434378
Cabo Verde,CPV,1977,Methane emissions in energy sector (thousand metric tons of CO2 equivalent),EN.ATM.METH.EG.KT.CE,0.855035728024738
Cabo Verde,CPV,1976,Methane emissions in energy sector (thousand metric tons of CO2 equivalent),EN.ATM.METH.EG.KT.CE,0.955517807328129
Cabo Verde,CPV,1975,Methane emissions in energy sector (thousand metric tons of CO2 equivalent),EN.ATM.METH.EG.KT.CE,0.939250707644503
Cabo Verde,CPV,1974,Methane emissions in energy sector (thousand metric tons of CO2 equivalent),EN.ATM.METH.EG.KT.CE,0.900041314755677
Cabo Verde,CPV,1973,Methane emissions in energy sector (thousand metric tons of CO2 equivalent),EN.ATM.METH.EG.KT.CE,0.829082638604066
Cabo Verde,CPV,1972,Methane emissions in energy sector (thousand metric tons of CO2 equivalent),EN.ATM.METH.EG.KT.CE,0.829507480678152
Cabo Verde,CPV,1971,Methane emissions in energy sector (thousand metric tons of CO2 equivalent),EN.ATM.METH.EG.KT.CE,0.814493772226715
Cabo Verde,CPV,1970,Methane emissions in energy sector (thousand metric tons of CO2 equivalent),EN.ATM.METH.EG.KT.CE,0.833925445498663
Cabo Verde,CPV,1969,Methane emissions in energy sector (thousand metric tons of CO2 equivalent),EN.ATM.METH.EG.KT.CE,0
Cabo Verde,CPV,2008,Energy related methane emissions (% of total),EN.ATM.METH.EG.ZS,3.02639937377471
Cabo Verde,CPV,2007,Energy related methane emissions (% of total),EN.ATM.METH.EG.ZS,3.06012932521751
Cabo Verde,CPV,2006,Energy related methane emissions (% of total),EN.ATM.METH.EG.ZS,3.08607888054754
Cabo Verde,CPV,2005,Energy related methane emissions (% of total),EN.ATM.METH.EG.ZS,3.19667550139303
Cabo Verde,CPV,2004,Energy related methane emissions (% of total),EN.ATM.METH.EG.ZS,3.22761104031007
Cabo Verde,CPV,2003,Energy related methane emissions (% of total),EN.ATM.METH.EG.ZS,3.21322090035745
Cabo Verde,CPV,2002,Energy related methane emissions (% of total),EN.ATM.METH.EG.ZS,1.70995483870182
Cabo Verde,CPV,2001,Energy related methane emissions (% of total),EN.ATM.METH.EG.ZS,1.78397626956009
Cabo Verde,CPV,2000,Energy related methane emissions (% of total),EN.ATM.METH.EG.ZS,1.8855950193247
Cabo Verde,CPV,1999,Energy related methane emissions (% of total),EN.ATM.METH.EG.ZS,1.80830206099546
Cabo Verde,CPV,1998,Energy related methane emissions (% of total),EN.ATM.METH.EG.ZS,1.60489984270972
Cabo Verde,CPV,1997,Energy related methane emissions (% of total),EN.ATM.METH.EG.ZS,1.71741935357945
Cabo Verde,CPV,1996,Energy related methane emissions (% of total),EN.ATM.METH.EG.ZS,1.79424258327301
Cabo Verde,CPV,1995,Energy related methane emissions (% of total),EN.ATM.METH.EG.ZS,1.60661670691802
Cabo Verde,CPV,1994,Energy related methane emissions (% of total),EN.ATM.METH.EG.ZS,1.72662785010216
Cabo Verde,CPV,1993,Energy related methane emissions (% of total),EN.ATM.METH.EG.ZS,1.03667765369355
Cabo Verde,CPV,1992,Energy related methane emissions (% of total),EN.ATM.METH.EG.ZS,1.08860840728781
Cabo Verde,CPV,1991,Energy related methane emissions (% of total),EN.ATM.METH.EG.ZS,1.28381946675314
Cabo Verde,CPV,1990,Energy related methane emissions (% of total),EN.ATM.METH.EG.ZS,1.39340054316873
Cabo Verde,CPV,1989,Energy related methane emissions (% of total),EN.ATM.METH.EG.ZS,1.5490608183486
Cabo Verde,CPV,1988,Energy related methane emissions (% of total),EN.ATM.METH.EG.ZS,1.66724212460767
Cabo Verde,CPV,1987,Energy related methane emissions (% of total),EN.ATM.METH.EG.ZS,1.76440924962312
Cabo Verde,CPV,1986,Energy related methane emissions (% of total),EN.ATM.METH.EG.ZS,1.22849296250676
Cabo Verde,CPV,1985,Energy related methane emissions (% of total),EN.ATM.METH.EG.ZS,1.22948893222869
Cabo Verde,CPV,1984,Energy related methane emissions (% of total),EN.ATM.METH.EG.ZS,1.48034835736154
Cabo Verde,CPV,1983,Energy related methane emissions (% of total),EN.ATM.METH.EG.ZS,1.28340181564539
Cabo Verde,CPV,1982,Energy related methane emissions (% of total),EN.ATM.METH.EG.ZS,1.30052956195724
Cabo Verde,CPV,1981,Energy related methane emissions (% of total),EN.ATM.METH.EG.ZS,2.07376269959946
Cabo Verde,CPV,1980,Energy related methane emissions (% of total),EN.ATM.METH.EG.ZS,3.02314370900691
Cabo Verde,CPV,1979,Energy related methane emissions (% of total),EN.ATM.METH.EG.ZS,2.48851215342802
Cabo Verde,CPV,1978,Energy related methane emissions (% of total),EN.ATM.METH.EG.ZS,1.93314282526422
Cabo Verde,CPV,1977,Energy related methane emissions (% of total),EN.ATM.METH.EG.ZS,1.78551667775118
Cabo Verde,CPV,1976,Energy related methane emissions (% of total),EN.ATM.METH.EG.ZS,2.04980319108643
Cabo Verde,CPV,1975,Energy related methane emissions (% of total),EN.ATM.METH.EG.ZS,2.08106384578205
Cabo Verde,CPV,1974,Energy related methane emissions (% of total),EN.ATM.METH.EG.ZS,1.99432599253198
Cabo Verde,CPV,1973,Energy related methane emissions (% of total),EN.ATM.METH.EG.ZS,1.80358862830866
Cabo Verde,CPV,1972,Energy related methane emissions (% of total),EN.ATM.METH.EG.ZS,1.75465413990602
Cabo Verde,CPV,1971,Energy related methane emissions (% of total),EN.ATM.METH.EG.ZS,1.80851925044512
Cabo Verde,CPV,1970,Energy related methane emissions (% of total),EN.ATM.METH.EG.ZS,1.82022561792507
Cabo Verde,CPV,2008,Nitrous oxide emissions in energy sector (thousand metric tons of CO2 equivalent),EN.ATM.NOXE.EG.KT.CE,1.968232656
Cabo Verde,CPV,2007,Nitrous oxide emissions in energy sector (thousand metric tons of CO2 equivalent),EN.ATM.NOXE.EG.KT.CE,1.936268587
Cabo Verde,CPV,2006,Nitrous oxide emissions in energy sector (thousand metric tons of CO2 equivalent),EN.ATM.NOXE.EG.KT.CE,1.864072997
Cabo Verde,CPV,2005,Nitrous oxide emissions in energy sector (thousand metric tons of CO2 equivalent),EN.ATM.NOXE.EG.KT.CE,1.895672568
Cabo Verde,CPV,2004,Nitrous oxide emissions in energy sector (thousand metric tons of CO2 equivalent),EN.ATM.NOXE.EG.KT.CE,1.815866478
Cabo Verde,CPV,2003,Nitrous oxide emissions in energy sector (thousand metric tons of CO2 equivalent),EN.ATM.NOXE.EG.KT.CE,1.76900601
Cabo Verde,CPV,2002,Nitrous oxide emissions in energy sector (thousand metric tons of CO2 equivalent),EN.ATM.NOXE.EG.KT.CE,1.665615058
Cabo Verde,CPV,2001,Nitrous oxide emissions in energy sector (thousand metric tons of CO2 equivalent),EN.ATM.NOXE.EG.KT.CE,1.657930716
Cabo Verde,CPV,2000,Nitrous oxide emissions in energy sector (thousand metric tons of CO2 equivalent),EN.ATM.NOXE.EG.KT.CE,1.860253828
Cabo Verde,CPV,1999,Nitrous oxide emissions in energy sector (thousand metric tons of CO2 equivalent),EN.ATM.NOXE.EG.KT.CE,1.554345394
Cabo Verde,CPV,1998,Nitrous oxide emissions in energy sector (thousand metric tons of CO2 equivalent),EN.ATM.NOXE.EG.KT.CE,1.462703194
Cabo Verde,CPV,1997,Nitrous oxide emissions in energy sector (thousand metric tons of CO2 equivalent),EN.ATM.NOXE.EG.KT.CE,1.445098666
Cabo Verde,CPV,1996,Nitrous oxide emissions in energy sector (thousand metric tons of CO2 equivalent),EN.ATM.NOXE.EG.KT.CE,1.423278944
Cabo Verde,CPV,1995,Nitrous oxide emissions in energy sector (thousand metric tons of CO2 equivalent),EN.ATM.NOXE.EG.KT.CE,1.336971658
Cabo Verde,CPV,1994,Nitrous oxide emissions in energy sector (thousand metric tons of CO2 equivalent),EN.ATM.NOXE.EG.KT.CE,1.251060335
Cabo Verde,CPV,1993,Nitrous oxide emissions in energy sector (thousand metric tons of CO2 equivalent),EN.ATM.NOXE.EG.KT.CE,0.633005089
Cabo Verde,CPV,1992,Nitrous oxide emissions in energy sector (thousand metric tons of CO2 equivalent),EN.ATM.NOXE.EG.KT.CE,0.659922854
Cabo Verde,CPV,1991,Nitrous oxide emissions in energy sector (thousand metric tons of CO2 equivalent),EN.ATM.NOXE.EG.KT.CE,0.68104985
Cabo Verde,CPV,1990,Nitrous oxide emissions in energy sector (thousand metric tons of CO2 equivalent),EN.ATM.NOXE.EG.KT.CE,0.680383908
Cabo Verde,CPV,1989,Nitrous oxide emissions in energy sector (thousand metric tons of CO2 equivalent),EN.ATM.NOXE.EG.KT.CE,0.670290432
Cabo Verde,CPV,1988,Nitrous oxide emissions in energy sector (thousand metric tons of CO2 equivalent),EN.ATM.NOXE.EG.KT.CE,0.640752299
Cabo Verde,CPV,1987,Nitrous oxide emissions in energy sector (thousand metric tons of CO2 equivalent),EN.ATM.NOXE.EG.KT.CE,0.671307697
Cabo Verde,CPV,1986,Nitrous oxide emissions in energy sector (thousand metric tons of CO2 equivalent),EN.ATM.NOXE.EG.KT.CE,0.581837357
Cabo Verde,CPV,1985,Nitrous oxide emissions in energy sector (thousand metric tons of CO2 equivalent),EN.ATM.NOXE.EG.KT.CE,1.168156136
Cabo Verde,CPV,1984,Nitrous oxide emissions in energy sector (thousand metric tons of CO2 equivalent),EN.ATM.NOXE.EG.KT.CE,1.24251379
Cabo Verde,CPV,1983,Nitrous oxide emissions in energy sector (thousand metric tons of CO2 equivalent),EN.ATM.NOXE.EG.KT.CE,0.978660638
Cabo Verde,CPV,1982,Nitrous oxide emissions in energy sector (thousand metric tons of CO2 equivalent),EN.ATM.NOXE.EG.KT.CE,0.915842176
Cabo Verde,CPV,1981,Nitrous oxide emissions in energy sector (thousand metric tons of CO2 equivalent),EN.ATM.NOXE.EG.KT.CE,1.421986244
Cabo Verde,CPV,1980,Nitrous oxide emissions in energy sector (thousand metric tons of CO2 equivalent),EN.ATM.NOXE.EG.KT.CE,1.950676922
Cabo Verde,CPV,1979,Nitrous oxide emissions in energy sector (thousand metric tons of CO2 equivalent),EN.ATM.NOXE.EG.KT.CE,1.810667282
Cabo Verde,CPV,1978,Nitrous oxide emissions in energy sector (thousand metric tons of CO2 equivalent),EN.ATM.NOXE.EG.KT.CE,1.50490182
Cabo Verde,CPV,1977,Nitrous oxide emissions in energy sector (thousand metric tons of CO2 equivalent),EN.ATM.NOXE.EG.KT.CE,1.240885298
Cabo Verde,CPV,1976,Nitrous oxide emissions in energy sector (thousand metric tons of CO2 equivalent),EN.ATM.NOXE.EG.KT.CE,1.15340584
Cabo Verde,CPV,1975,Nitrous oxide emissions in energy sector (thousand metric tons of CO2 equivalent),EN.ATM.NOXE.EG.KT.CE,1.04827647
Cabo Verde,CPV,1974,Nitrous oxide emissions in energy sector (thousand metric tons of CO2 equivalent),EN.ATM.NOXE.EG.KT.CE,0.76151562
Cabo Verde,CPV,1973,Nitrous oxide emissions in energy sector (thousand metric tons of CO2 equivalent),EN.ATM.NOXE.EG.KT.CE,0.700943294
Cabo Verde,CPV,1972,Nitrous oxide emissions in energy sector (thousand metric tons of CO2 equivalent),EN.ATM.NOXE.EG.KT.CE,0.63355661
Cabo Verde,CPV,1971,Nitrous oxide emissions in energy sector (thousand metric tons of CO2 equivalent),EN.ATM.NOXE.EG.KT.CE,0.592219102
Cabo Verde,CPV,1970,Nitrous oxide emissions in energy sector (thousand metric tons of CO2 equivalent),EN.ATM.NOXE.EG.KT.CE,0.592324812
Cabo Verde,CPV,1969,Nitrous oxide emissions in energy sector (thousand metric tons of CO2 equivalent),EN.ATM.NOXE.EG.KT.CE,0
Cabo Verde,CPV,2008,Nitrous oxide emissions in energy sector (% of total),EN.ATM.NOXE.EG.ZS,2.69172683952585
Cabo Verde,CPV,2007,Nitrous oxide emissions in energy sector (% of total),EN.ATM.NOXE.EG.ZS,2.70964409507572
Cabo Verde,CPV,2006,Nitrous oxide emissions in energy sector (% of total),EN.ATM.NOXE.EG.ZS,2.67900714623041
Cabo Verde,CPV,2005,Nitrous oxide emissions in energy sector (% of total),EN.ATM.NOXE.EG.ZS,2.79491245149525
Cabo Verde,CPV,2004,Nitrous oxide emissions in energy sector (% of total),EN.ATM.NOXE.EG.ZS,2.7520654936691
Cabo Verde,CPV,2003,Nitrous oxide emissions in energy sector (% of total),EN.ATM.NOXE.EG.ZS,2.74614940399136
Cabo Verde,CPV,2002,Nitrous oxide emissions in energy sector (% of total),EN.ATM.NOXE.EG.ZS,2.63107854131266
Cabo Verde,CPV,2001,Nitrous oxide emissions in energy sector (% of total),EN.ATM.NOXE.EG.ZS,2.63158175466221
Cabo Verde,CPV,2000,Nitrous oxide emissions in energy sector (% of total),EN.ATM.NOXE.EG.ZS,3.05009545496132
Cabo Verde,CPV,1999,Nitrous oxide emissions in energy sector (% of total),EN.ATM.NOXE.EG.ZS,2.49662274936265
Cabo Verde,CPV,1998,Nitrous oxide emissions in energy sector (% of total),EN.ATM.NOXE.EG.ZS,2.4406303309936
Cabo Verde,CPV,1997,Nitrous oxide emissions in energy sector (% of total),EN.ATM.NOXE.EG.ZS,2.74886551128356
Cabo Verde,CPV,1996,Nitrous oxide emissions in energy sector (% of total),EN.ATM.NOXE.EG.ZS,3.09773999406256
Cabo Verde,CPV,1995,Nitrous oxide emissions in energy sector (% of total),EN.ATM.NOXE.EG.ZS,2.10752192886009
Cabo Verde,CPV,1994,Nitrous oxide emissions in energy sector (% of total),EN.ATM.NOXE.EG.ZS,2.50925095752089
Cabo Verde,CPV,1993,Nitrous oxide emissions in energy sector (% of total),EN.ATM.NOXE.EG.ZS,1.07141270299342
Cabo Verde,CPV,1992,Nitrous oxide emissions in energy sector (% of total),EN.ATM.NOXE.EG.ZS,1.09994750303563
Cabo Verde,CPV,1991,Nitrous oxide emissions in energy sector (% of total),EN.ATM.NOXE.EG.ZS,1.44603693854984
Cabo Verde,CPV,1990,Nitrous oxide emissions in energy sector (% of total),EN.ATM.NOXE.EG.ZS,1.54428685012278
Cabo Verde,CPV,1989,Nitrous oxide emissions in energy sector (% of total),EN.ATM.NOXE.EG.ZS,1.53338571732501
Cabo Verde,CPV,1988,Nitrous oxide emissions in energy sector (% of total),EN.ATM.NOXE.EG.ZS,1.52184754598065
Cabo Verde,CPV,1987,Nitrous oxide emissions in energy sector (% of total),EN.ATM.NOXE.EG.ZS,1.7353918339544
Cabo Verde,CPV,1986,Nitrous oxide emissions in energy sector (% of total),EN.ATM.NOXE.EG.ZS,1.87702984614892
Cabo Verde,CPV,1985,Nitrous oxide emissions in energy sector (% of total),EN.ATM.NOXE.EG.ZS,4.19564785577176
Cabo Verde,CPV,1984,Nitrous oxide emissions in energy sector (% of total),EN.ATM.NOXE.EG.ZS,4.59392124298409
Cabo Verde,CPV,1983,Nitrous oxide emissions in energy sector (% of total),EN.ATM.NOXE.EG.ZS,3.91371374945298
Cabo Verde,CPV,1982,Nitrous oxide emissions in energy sector (% of total),EN.ATM.NOXE.EG.ZS,3.09299150202739
Cabo Verde,CPV,1981,Nitrous oxide emissions in energy sector (% of total),EN.ATM.NOXE.EG.ZS,5.21311047644808
Cabo Verde,CPV,1980,Nitrous oxide emissions in energy sector (% of total),EN.ATM.NOXE.EG.ZS,6.486257188477
Cabo Verde,CPV,1979,Nitrous oxide emissions in energy sector (% of total),EN.ATM.NOXE.EG.ZS,7.63923817695043
Cabo Verde,CPV,1978,Nitrous oxide emissions in energy sector (% of total),EN.ATM.NOXE.EG.ZS,6.725288883409
Cabo Verde,CPV,1977,Nitrous oxide emissions in energy sector (% of total),EN.ATM.NOXE.EG.ZS,6.30961214112099
Cabo Verde,CPV,1976,Nitrous oxide emissions in energy sector (% of total),EN.ATM.NOXE.EG.ZS,6.1304127898451
Cabo Verde,CPV,1975,Nitrous oxide emissions in energy sector (% of total),EN.ATM.NOXE.EG.ZS,5.97851365328006
Cabo Verde,CPV,1974,Nitrous oxide emissions in energy sector (% of total),EN.ATM.NOXE.EG.ZS,4.46398107193609
Cabo Verde,CPV,1973,Nitrous oxide emissions in energy sector (% of total),EN.ATM.NOXE.EG.ZS,3.76152842888371
Cabo Verde,CPV,1972,Nitrous oxide emissions in energy sector (% of total),EN.ATM.NOXE.EG.ZS,3.27606570306025
Cabo Verde,CPV,1971,Nitrous oxide emissions in energy sector (% of total),EN.ATM.NOXE.EG.ZS,3.33060929175151
Cabo Verde,CPV,1970,Nitrous oxide emissions in energy sector (% of total),EN.ATM.NOXE.EG.ZS,3.22670426911646
Cabo Verde,CPV,2016,Pump price for diesel fuel (US$ per liter),EP.PMP.DESL.CD,0.81
Cabo Verde,CPV,2014,Pump price for diesel fuel (US$ per liter),EP.PMP.DESL.CD,1.31
Cabo Verde,CPV,2012,Pump price for diesel fuel (US$ per liter),EP.PMP.DESL.CD,1.58
Cabo Verde,CPV,2010,Pump price for diesel fuel (US$ per liter),EP.PMP.DESL.CD,1.33
Cabo Verde,CPV,2008,Pump price for diesel fuel (US$ per liter),EP.PMP.DESL.CD,1.43
Cabo Verde,CPV,2004,Pump price for diesel fuel (US$ per liter),EP.PMP.DESL.CD,0.81
Cabo Verde,CPV,2000,Pump price for diesel fuel (US$ per liter),EP.PMP.DESL.CD,0.39
Cabo Verde,CPV,1998,Pump price for diesel fuel (US$ per liter),EP.PMP.DESL.CD,0.43
Cabo Verde,CPV,1991,Pump price for diesel fuel (US$ per liter),EP.PMP.DESL.CD,0.4
Cabo Verde,CPV,2016,Pump price for gasoline (US$ per liter),EP.PMP.SGAS.CD,1.02
Cabo Verde,CPV,2014,Pump price for gasoline (US$ per liter),EP.PMP.SGAS.CD,1.56
Cabo Verde,CPV,2012,Pump price for gasoline (US$ per liter),EP.PMP.SGAS.CD,2.3
Cabo Verde,CPV,2010,Pump price for gasoline (US$ per liter),EP.PMP.SGAS.CD,1.84
Cabo Verde,CPV,2008,Pump price for gasoline (US$ per liter),EP.PMP.SGAS.CD,1.84
Cabo Verde,CPV,2004,Pump price for gasoline (US$ per liter),EP.PMP.SGAS.CD,1.4
Cabo Verde,CPV,2000,Pump price for gasoline (US$ per liter),EP.PMP.SGAS.CD,0.59
Cabo Verde,CPV,1998,Pump price for gasoline (US$ per liter),EP.PMP.SGAS.CD,0.81
Cabo Verde,CPV,1991,Pump price for gasoline (US$ per liter),EP.PMP.SGAS.CD,0.68
Cabo Verde,CPV,2009,Time to obtain an electrical connection (days),IC.ELC.DURS,30.5
Cabo Verde,CPV,2006,Time to obtain an electrical connection (days),IC.ELC.DURS,7.8
Cabo Verde,CPV,2019,Time required to get electricity (days),IC.ELC.TIME,81
Cabo Verde,CPV,2018,Time required to get electricity (days),IC.ELC.TIME,81
Cabo Verde,CPV,2017,Time required to get electricity (days),IC.ELC.TIME,81
Cabo Verde,CPV,2016,Time required to get electricity (days),IC.ELC.TIME,81
Cabo Verde,CPV,2015,Time required to get electricity (days),IC.ELC.TIME,81
Cabo Verde,CPV,2014,Time required to get electricity (days),IC.ELC.TIME,81
Cabo Verde,CPV,2013,Time required to get electricity (days),IC.ELC.TIME,81
Cabo Verde,CPV,2012,Time required to get electricity (days),IC.ELC.TIME,81
Cabo Verde,CPV,2011,Time required to get electricity (days),IC.ELC.TIME,81
Cabo Verde,CPV,2010,Time required to get electricity (days),IC.ELC.TIME,81
Cabo Verde,CPV,2009,Time required to get electricity (days),IC.ELC.TIME,81
Cabo Verde,CPV,2009,Firms using banks to finance investment (% of firms),IC.FRM.BNKS.ZS,35.3
Cabo Verde,CPV,2006,Firms using banks to finance investment (% of firms),IC.FRM.BNKS.ZS,26.3
Cabo Verde,CPV,2009,Value lost due to electrical outages (% of sales for affected firms),IC.FRM.OUTG.ZS,5.5
Cabo Verde,CPV,2010,Investment in energy with private participation (current US$),IE.PPI.ENGY.CD,80000000
Cabo Verde,CPV,2017,Adjusted savings: mineral depletion (current US$),NY.ADJ.DMIN.CD,0
Cabo Verde,CPV,2016,Adjusted savings: mineral depletion (current US$),NY.ADJ.DMIN.CD,0
Cabo Verde,CPV,2015,Adjusted savings: mineral depletion (current US$),NY.ADJ.DMIN.CD,0
Cabo Verde,CPV,2014,Adjusted savings: mineral depletion (current US$),NY.ADJ.DMIN.CD,0
Cabo Verde,CPV,2013,Adjusted savings: mineral depletion (current US$),NY.ADJ.DMIN.CD,0
Cabo Verde,CPV,2012,Adjusted savings: mineral depletion (current US$),NY.ADJ.DMIN.CD,0
Cabo Verde,CPV,2011,Adjusted savings: mineral depletion (current US$),NY.ADJ.DMIN.CD,0
Cabo Verde,CPV,2010,Adjusted savings: mineral depletion (current US$),NY.ADJ.DMIN.CD,0
Cabo Verde,CPV,2009,Adjusted savings: mineral depletion (current US$),NY.ADJ.DMIN.CD,0
Cabo Verde,CPV,2008,Adjusted savings: mineral depletion (current US$),NY.ADJ.DMIN.CD,0
Cabo Verde,CPV,2007,Adjusted savings: mineral depletion (current US$),NY.ADJ.DMIN.CD,0
Cabo Verde,CPV,2006,Adjusted savings: mineral depletion (current US$),NY.ADJ.DMIN.CD,0
Cabo Verde,CPV,2005,Adjusted savings: mineral depletion (current US$),NY.ADJ.DMIN.CD,0
Cabo Verde,CPV,2004,Adjusted savings: mineral depletion (current US$),NY.ADJ.DMIN.CD,0
Cabo Verde,CPV,2003,Adjusted savings: mineral depletion (current US$),NY.ADJ.DMIN.CD,0
Cabo Verde,CPV,2002,Adjusted savings: mineral depletion (current US$),NY.ADJ.DMIN.CD,0
Cabo Verde,CPV,2001,Adjusted savings: mineral depletion (current US$),NY.ADJ.DMIN.CD,0
Cabo Verde,CPV,2000,Adjusted savings: mineral depletion (current US$),NY.ADJ.DMIN.CD,0
Cabo Verde,CPV,1999,Adjusted savings: mineral depletion (current US$),NY.ADJ.DMIN.CD,0
Cabo Verde,CPV,1998,Adjusted savings: mineral depletion (current US$),NY.ADJ.DMIN.CD,0
Cabo Verde,CPV,1997,Adjusted savings: mineral depletion (current US$),NY.ADJ.DMIN.CD,0
Cabo Verde,CPV,1996,Adjusted savings: mineral depletion (current US$),NY.ADJ.DMIN.CD,0
Cabo Verde,CPV,1995,Adjusted savings: mineral depletion (current US$),NY.ADJ.DMIN.CD,0
Cabo Verde,CPV,1994,Adjusted savings: mineral depletion (current US$),NY.ADJ.DMIN.CD,0
Cabo Verde,CPV,1993,Adjusted savings: mineral depletion (current US$),NY.ADJ.DMIN.CD,0
Cabo Verde,CPV,1992,Adjusted savings: mineral depletion (current US$),NY.ADJ.DMIN.CD,0
Cabo Verde,CPV,1991,Adjusted savings: mineral depletion (current US$),NY.ADJ.DMIN.CD,0
Cabo Verde,CPV,1990,Adjusted savings: mineral depletion (current US$),NY.ADJ.DMIN.CD,0
Cabo Verde,CPV,1989,Adjusted savings: mineral depletion (current US$),NY.ADJ.DMIN.CD,0
Cabo Verde,CPV,1988,Adjusted savings: mineral depletion (current US$),NY.ADJ.DMIN.CD,0
Cabo Verde,CPV,1987,Adjusted savings: mineral depletion (current US$),NY.ADJ.DMIN.CD,0
Cabo Verde,CPV,1986,Adjusted savings: mineral depletion (current US$),NY.ADJ.DMIN.CD,0
Cabo Verde,CPV,1985,Adjusted savings: mineral depletion (current US$),NY.ADJ.DMIN.CD,0
Cabo Verde,CPV,1984,Adjusted savings: mineral depletion (current US$),NY.ADJ.DMIN.CD,0
Cabo Verde,CPV,1983,Adjusted savings: mineral depletion (current US$),NY.ADJ.DMIN.CD,0
Cabo Verde,CPV,1982,Adjusted savings: mineral depletion (current US$),NY.ADJ.DMIN.CD,0
Cabo Verde,CPV,1981,Adjusted savings: mineral depletion (current US$),NY.ADJ.DMIN.CD,0
Cabo Verde,CPV,1980,Adjusted savings: mineral depletion (current US$),NY.ADJ.DMIN.CD,0
Cabo Verde,CPV,1979,Adjusted savings: mineral depletion (current US$),NY.ADJ.DMIN.CD,0
Cabo Verde,CPV,1978,Adjusted savings: mineral depletion (current US$),NY.ADJ.DMIN.CD,0
Cabo Verde,CPV,1977,Adjusted savings: mineral depletion (current US$),NY.ADJ.DMIN.CD,0
Cabo Verde,CPV,1976,Adjusted savings: mineral depletion (current US$),NY.ADJ.DMIN.CD,0
Cabo Verde,CPV,1975,Adjusted savings: mineral depletion (current US$),NY.ADJ.DMIN.CD,0
Cabo Verde,CPV,1974,Adjusted savings: mineral depletion (current US$),NY.ADJ.DMIN.CD,0
Cabo Verde,CPV,1973,Adjusted savings: mineral depletion (current US$),NY.ADJ.DMIN.CD,0
Cabo Verde,CPV,1972,Adjusted savings: mineral depletion (current US$),NY.ADJ.DMIN.CD,0
Cabo Verde,CPV,1971,Adjusted savings: mineral depletion (current US$),NY.ADJ.DMIN.CD,0
Cabo Verde,CPV,1970,Adjusted savings: mineral depletion (current US$),NY.ADJ.DMIN.CD,0
Cabo Verde,CPV,2017,Adjusted savings: mineral depletion (% of GNI),NY.ADJ.DMIN.GN.ZS,0
Cabo Verde,CPV,2016,Adjusted savings: mineral depletion (% of GNI),NY.ADJ.DMIN.GN.ZS,0
Cabo Verde,CPV,2015,Adjusted savings: mineral depletion (% of GNI),NY.ADJ.DMIN.GN.ZS,0
Cabo Verde,CPV,2014,Adjusted savings: mineral depletion (% of GNI),NY.ADJ.DMIN.GN.ZS,0
Cabo Verde,CPV,2013,Adjusted savings: mineral depletion (% of GNI),NY.ADJ.DMIN.GN.ZS,0
Cabo Verde,CPV,2012,Adjusted savings: mineral depletion (% of GNI),NY.ADJ.DMIN.GN.ZS,0
Cabo Verde,CPV,2011,Adjusted savings: mineral depletion (% of GNI),NY.ADJ.DMIN.GN.ZS,0
Cabo Verde,CPV,2010,Adjusted savings: mineral depletion (% of GNI),NY.ADJ.DMIN.GN.ZS,0
Cabo Verde,CPV,2009,Adjusted savings: mineral depletion (% of GNI),NY.ADJ.DMIN.GN.ZS,0
Cabo Verde,CPV,2008,Adjusted savings: mineral depletion (% of GNI),NY.ADJ.DMIN.GN.ZS,0
Cabo Verde,CPV,2007,Adjusted savings: mineral depletion (% of GNI),NY.ADJ.DMIN.GN.ZS,0
Cabo Verde,CPV,2006,Adjusted savings: mineral depletion (% of GNI),NY.ADJ.DMIN.GN.ZS,0
Cabo Verde,CPV,2005,Adjusted savings: mineral depletion (% of GNI),NY.ADJ.DMIN.GN.ZS,0
Cabo Verde,CPV,2004,Adjusted savings: mineral depletion (% of GNI),NY.ADJ.DMIN.GN.ZS,0
Cabo Verde,CPV,2003,Adjusted savings: mineral depletion (% of GNI),NY.ADJ.DMIN.GN.ZS,0
Cabo Verde,CPV,2002,Adjusted savings: mineral depletion (% of GNI),NY.ADJ.DMIN.GN.ZS,0
Cabo Verde,CPV,2001,Adjusted savings: mineral depletion (% of GNI),NY.ADJ.DMIN.GN.ZS,0
Cabo Verde,CPV,2000,Adjusted savings: mineral depletion (% of GNI),NY.ADJ.DMIN.GN.ZS,0
Cabo Verde,CPV,1999,Adjusted savings: mineral depletion (% of GNI),NY.ADJ.DMIN.GN.ZS,0
Cabo Verde,CPV,1998,Adjusted savings: mineral depletion (% of GNI),NY.ADJ.DMIN.GN.ZS,0
Cabo Verde,CPV,1997,Adjusted savings: mineral depletion (% of GNI),NY.ADJ.DMIN.GN.ZS,0
Cabo Verde,CPV,1996,Adjusted savings: mineral depletion (% of GNI),NY.ADJ.DMIN.GN.ZS,0
Cabo Verde,CPV,1995,Adjusted savings: mineral depletion (% of GNI),NY.ADJ.DMIN.GN.ZS,0
Cabo Verde,CPV,1994,Adjusted savings: mineral depletion (% of GNI),NY.ADJ.DMIN.GN.ZS,0
Cabo Verde,CPV,1993,Adjusted savings: mineral depletion (% of GNI),NY.ADJ.DMIN.GN.ZS,0
Cabo Verde,CPV,1992,Adjusted savings: mineral depletion (% of GNI),NY.ADJ.DMIN.GN.ZS,0
Cabo Verde,CPV,1991,Adjusted savings: mineral depletion (% of GNI),NY.ADJ.DMIN.GN.ZS,0
Cabo Verde,CPV,1990,Adjusted savings: mineral depletion (% of GNI),NY.ADJ.DMIN.GN.ZS,0
Cabo Verde,CPV,1989,Adjusted savings: mineral depletion (% of GNI),NY.ADJ.DMIN.GN.ZS,0
Cabo Verde,CPV,1988,Adjusted savings: mineral depletion (% of GNI),NY.ADJ.DMIN.GN.ZS,0
Cabo Verde,CPV,1987,Adjusted savings: mineral depletion (% of GNI),NY.ADJ.DMIN.GN.ZS,0
Cabo Verde,CPV,1986,Adjusted savings: mineral depletion (% of GNI),NY.ADJ.DMIN.GN.ZS,0
Cabo Verde,CPV,1985,Adjusted savings: mineral depletion (% of GNI),NY.ADJ.DMIN.GN.ZS,0
Cabo Verde,CPV,1984,Adjusted savings: mineral depletion (% of GNI),NY.ADJ.DMIN.GN.ZS,0
Cabo Verde,CPV,1983,Adjusted savings: mineral depletion (% of GNI),NY.ADJ.DMIN.GN.ZS,0
Cabo Verde,CPV,1982,Adjusted savings: mineral depletion (% of GNI),NY.ADJ.DMIN.GN.ZS,0
Cabo Verde,CPV,1981,Adjusted savings: mineral depletion (% of GNI),NY.ADJ.DMIN.GN.ZS,0
Cabo Verde,CPV,1980,Adjusted savings: mineral depletion (% of GNI),NY.ADJ.DMIN.GN.ZS,0
Cabo Verde,CPV,2017,Adjusted savings: energy depletion (current US$),NY.ADJ.DNGY.CD,0
Cabo Verde,CPV,2016,Adjusted savings: energy depletion (current US$),NY.ADJ.DNGY.CD,0
Cabo Verde,CPV,2015,Adjusted savings: energy depletion (current US$),NY.ADJ.DNGY.CD,0
Cabo Verde,CPV,2014,Adjusted savings: energy depletion (current US$),NY.ADJ.DNGY.CD,0
Cabo Verde,CPV,2013,Adjusted savings: energy depletion (current US$),NY.ADJ.DNGY.CD,0
Cabo Verde,CPV,2012,Adjusted savings: energy depletion (current US$),NY.ADJ.DNGY.CD,0
Cabo Verde,CPV,2011,Adjusted savings: energy depletion (current US$),NY.ADJ.DNGY.CD,0
Cabo Verde,CPV,2010,Adjusted savings: energy depletion (current US$),NY.ADJ.DNGY.CD,0
Cabo Verde,CPV,2009,Adjusted savings: energy depletion (current US$),NY.ADJ.DNGY.CD,0
Cabo Verde,CPV,2008,Adjusted savings: energy depletion (current US$),NY.ADJ.DNGY.CD,0
Cabo Verde,CPV,2007,Adjusted savings: energy depletion (current US$),NY.ADJ.DNGY.CD,0
Cabo Verde,CPV,2006,Adjusted savings: energy depletion (current US$),NY.ADJ.DNGY.CD,0
Cabo Verde,CPV,2005,Adjusted savings: energy depletion (current US$),NY.ADJ.DNGY.CD,0
Cabo Verde,CPV,2004,Adjusted savings: energy depletion (current US$),NY.ADJ.DNGY.CD,0
Cabo Verde,CPV,2003,Adjusted savings: energy depletion (current US$),NY.ADJ.DNGY.CD,0
Cabo Verde,CPV,2002,Adjusted savings: energy depletion (current US$),NY.ADJ.DNGY.CD,0
Cabo Verde,CPV,2001,Adjusted savings: energy depletion (current US$),NY.ADJ.DNGY.CD,0
Cabo Verde,CPV,2000,Adjusted savings: energy depletion (current US$),NY.ADJ.DNGY.CD,0
Cabo Verde,CPV,1999,Adjusted savings: energy depletion (current US$),NY.ADJ.DNGY.CD,0
Cabo Verde,CPV,1998,Adjusted savings: energy depletion (current US$),NY.ADJ.DNGY.CD,0
Cabo Verde,CPV,1997,Adjusted savings: energy depletion (current US$),NY.ADJ.DNGY.CD,0
Cabo Verde,CPV,1996,Adjusted savings: energy depletion (current US$),NY.ADJ.DNGY.CD,0
Cabo Verde,CPV,1995,Adjusted savings: energy depletion (current US$),NY.ADJ.DNGY.CD,0
Cabo Verde,CPV,1994,Adjusted savings: energy depletion (current US$),NY.ADJ.DNGY.CD,0
Cabo Verde,CPV,1993,Adjusted savings: energy depletion (current US$),NY.ADJ.DNGY.CD,0
Cabo Verde,CPV,1992,Adjusted savings: energy depletion (current US$),NY.ADJ.DNGY.CD,0
Cabo Verde,CPV,1991,Adjusted savings: energy depletion (current US$),NY.ADJ.DNGY.CD,0
Cabo Verde,CPV,1990,Adjusted savings: energy depletion (current US$),NY.ADJ.DNGY.CD,0
Cabo Verde,CPV,1989,Adjusted savings: energy depletion (current US$),NY.ADJ.DNGY.CD,0
Cabo Verde,CPV,1988,Adjusted savings: energy depletion (current US$),NY.ADJ.DNGY.CD,0
Cabo Verde,CPV,1987,Adjusted savings: energy depletion (current US$),NY.ADJ.DNGY.CD,0
Cabo Verde,CPV,1986,Adjusted savings: energy depletion (current US$),NY.ADJ.DNGY.CD,0
Cabo Verde,CPV,1985,Adjusted savings: energy depletion (current US$),NY.ADJ.DNGY.CD,0
Cabo Verde,CPV,1984,Adjusted savings: energy depletion (current US$),NY.ADJ.DNGY.CD,0
Cabo Verde,CPV,1983,Adjusted savings: energy depletion (current US$),NY.ADJ.DNGY.CD,0
Cabo Verde,CPV,1982,Adjusted savings: energy depletion (current US$),NY.ADJ.DNGY.CD,0
Cabo Verde,CPV,1981,Adjusted savings: energy depletion (current US$),NY.ADJ.DNGY.CD,0
Cabo Verde,CPV,1980,Adjusted savings: energy depletion (current US$),NY.ADJ.DNGY.CD,0
Cabo Verde,CPV,2017,Adjusted savings: energy depletion (% of GNI),NY.ADJ.DNGY.GN.ZS,0
Cabo Verde,CPV,2016,Adjusted savings: energy depletion (% of GNI),NY.ADJ.DNGY.GN.ZS,0
Cabo Verde,CPV,2015,Adjusted savings: energy depletion (% of GNI),NY.ADJ.DNGY.GN.ZS,0
Cabo Verde,CPV,2014,Adjusted savings: energy depletion (% of GNI),NY.ADJ.DNGY.GN.ZS,0
Cabo Verde,CPV,2013,Adjusted savings: energy depletion (% of GNI),NY.ADJ.DNGY.GN.ZS,0
Cabo Verde,CPV,2012,Adjusted savings: energy depletion (% of GNI),NY.ADJ.DNGY.GN.ZS,0
Cabo Verde,CPV,2011,Adjusted savings: energy depletion (% of GNI),NY.ADJ.DNGY.GN.ZS,0
Cabo Verde,CPV,2010,Adjusted savings: energy depletion (% of GNI),NY.ADJ.DNGY.GN.ZS,0
Cabo Verde,CPV,2009,Adjusted savings: energy depletion (% of GNI),NY.ADJ.DNGY.GN.ZS,0
Cabo Verde,CPV,2008,Adjusted savings: energy depletion (% of GNI),NY.ADJ.DNGY.GN.ZS,0
Cabo Verde,CPV,2007,Adjusted savings: energy depletion (% of GNI),NY.ADJ.DNGY.GN.ZS,0
Cabo Verde,CPV,2006,Adjusted savings: energy depletion (% of GNI),NY.ADJ.DNGY.GN.ZS,0
Cabo Verde,CPV,2005,Adjusted savings: energy depletion (% of GNI),NY.ADJ.DNGY.GN.ZS,0
Cabo Verde,CPV,2004,Adjusted savings: energy depletion (% of GNI),NY.ADJ.DNGY.GN.ZS,0
Cabo Verde,CPV,2003,Adjusted savings: energy depletion (% of GNI),NY.ADJ.DNGY.GN.ZS,0
Cabo Verde,CPV,2002,Adjusted savings: energy depletion (% of GNI),NY.ADJ.DNGY.GN.ZS,0
Cabo Verde,CPV,2001,Adjusted savings: energy depletion (% of GNI),NY.ADJ.DNGY.GN.ZS,0
Cabo Verde,CPV,2000,Adjusted savings: energy depletion (% of GNI),NY.ADJ.DNGY.GN.ZS,0
Cabo Verde,CPV,1999,Adjusted savings: energy depletion (% of GNI),NY.ADJ.DNGY.GN.ZS,0
Cabo Verde,CPV,1998,Adjusted savings: energy depletion (% of GNI),NY.ADJ.DNGY.GN.ZS,0
Cabo Verde,CPV,1997,Adjusted savings: energy depletion (% of GNI),NY.ADJ.DNGY.GN.ZS,0
Cabo Verde,CPV,1996,Adjusted savings: energy depletion (% of GNI),NY.ADJ.DNGY.GN.ZS,0
Cabo Verde,CPV,1995,Adjusted savings: energy depletion (% of GNI),NY.ADJ.DNGY.GN.ZS,0
Cabo Verde,CPV,1994,Adjusted savings: energy depletion (% of GNI),NY.ADJ.DNGY.GN.ZS,0
Cabo Verde,CPV,1993,Adjusted savings: energy depletion (% of GNI),NY.ADJ.DNGY.GN.ZS,0
Cabo Verde,CPV,1992,Adjusted savings: energy depletion (% of GNI),NY.ADJ.DNGY.GN.ZS,0
Cabo Verde,CPV,1991,Adjusted savings: energy depletion (% of GNI),NY.ADJ.DNGY.GN.ZS,0
Cabo Verde,CPV,1990,Adjusted savings: energy depletion (% of GNI),NY.ADJ.DNGY.GN.ZS,0
Cabo Verde,CPV,1989,Adjusted savings: energy depletion (% of GNI),NY.ADJ.DNGY.GN.ZS,0
Cabo Verde,CPV,1988,Adjusted savings: energy depletion (% of GNI),NY.ADJ.DNGY.GN.ZS,0
Cabo Verde,CPV,1987,Adjusted savings: energy depletion (% of GNI),NY.ADJ.DNGY.GN.ZS,0
Cabo Verde,CPV,1986,Adjusted savings: energy depletion (% of GNI),NY.ADJ.DNGY.GN.ZS,0
Cabo Verde,CPV,1985,Adjusted savings: energy depletion (% of GNI),NY.ADJ.DNGY.GN.ZS,0
Cabo Verde,CPV,1984,Adjusted savings: energy depletion (% of GNI),NY.ADJ.DNGY.GN.ZS,0
Cabo Verde,CPV,1983,Adjusted savings: energy depletion (% of GNI),NY.ADJ.DNGY.GN.ZS,0
Cabo Verde,CPV,1982,Adjusted savings: energy depletion (% of GNI),NY.ADJ.DNGY.GN.ZS,0
Cabo Verde,CPV,1981,Adjusted savings: energy depletion (% of GNI),NY.ADJ.DNGY.GN.ZS,0
Cabo Verde,CPV,1980,Adjusted savings: energy depletion (% of GNI),NY.ADJ.DNGY.GN.ZS,0
Cabo Verde,CPV,2017,Adjusted savings: natural resources depletion (% of GNI),NY.ADJ.DRES.GN.ZS,0.469401132398485
Cabo Verde,CPV,2016,Adjusted savings: natural resources depletion (% of GNI),NY.ADJ.DRES.GN.ZS,0.488912685200062
Cabo Verde,CPV,2015,Adjusted savings: natural resources depletion (% of GNI),NY.ADJ.DRES.GN.ZS,0.484164377595736
Cabo Verde,CPV,2014,Adjusted savings: natural resources depletion (% of GNI),NY.ADJ.DRES.GN.ZS,0.39543807501714
Cabo Verde,CPV,2013,Adjusted savings: natural resources depletion (% of GNI),NY.ADJ.DRES.GN.ZS,0.36868332350436
Cabo Verde,CPV,2012,Adjusted savings: natural resources depletion (% of GNI),NY.ADJ.DRES.GN.ZS,0.383377953090794
Cabo Verde,CPV,2011,Adjusted savings: natural resources depletion (% of GNI),NY.ADJ.DRES.GN.ZS,0.312437155848976
Cabo Verde,CPV,2010,Adjusted savings: natural resources depletion (% of GNI),NY.ADJ.DRES.GN.ZS,0.31152086048565
Cabo Verde,CPV,2009,Adjusted savings: natural resources depletion (% of GNI),NY.ADJ.DRES.GN.ZS,0.349239824765498
Cabo Verde,CPV,2008,Adjusted savings: natural resources depletion (% of GNI),NY.ADJ.DRES.GN.ZS,0.315738966463368
Cabo Verde,CPV,2007,Adjusted savings: natural resources depletion (% of GNI),NY.ADJ.DRES.GN.ZS,0.328828734546445
Cabo Verde,CPV,2006,Adjusted savings: natural resources depletion (% of GNI),NY.ADJ.DRES.GN.ZS,0.299810082141051
Cabo Verde,CPV,2005,Adjusted savings: natural resources depletion (% of GNI),NY.ADJ.DRES.GN.ZS,0.356441408895581
Cabo Verde,CPV,2004,Adjusted savings: natural resources depletion (% of GNI),NY.ADJ.DRES.GN.ZS,0.374973738151271
Cabo Verde,CPV,2003,Adjusted savings: natural resources depletion (% of GNI),NY.ADJ.DRES.GN.ZS,0.464210754782187
Cabo Verde,CPV,2002,Adjusted savings: natural resources depletion (% of GNI),NY.ADJ.DRES.GN.ZS,0.350518725681993
Cabo Verde,CPV,2001,Adjusted savings: natural resources depletion (% of GNI),NY.ADJ.DRES.GN.ZS,0.317127960380995
Cabo Verde,CPV,2000,Adjusted savings: natural resources depletion (% of GNI),NY.ADJ.DRES.GN.ZS,0.235535649914168
Cabo Verde,CPV,1999,Adjusted savings: natural resources depletion (% of GNI),NY.ADJ.DRES.GN.ZS,0.205685471681861
Cabo Verde,CPV,1998,Adjusted savings: natural resources depletion (% of GNI),NY.ADJ.DRES.GN.ZS,0.391689739458556
Cabo Verde,CPV,1997,Adjusted savings: natural resources depletion (% of GNI),NY.ADJ.DRES.GN.ZS,0.383355626316301
Cabo Verde,CPV,1996,Adjusted savings: natural resources depletion (% of GNI),NY.ADJ.DRES.GN.ZS,0.384431554307135
Cabo Verde,CPV,1995,Adjusted savings: natural resources depletion (% of GNI),NY.ADJ.DRES.GN.ZS,0.377345931177482
Cabo Verde,CPV,1994,Adjusted savings: natural resources depletion (% of GNI),NY.ADJ.DRES.GN.ZS,0.279402082259863
Cabo Verde,CPV,1993,Adjusted savings: natural resources depletion (% of GNI),NY.ADJ.DRES.GN.ZS,0.179905576562768
Cabo Verde,CPV,1992,Adjusted savings: natural resources depletion (% of GNI),NY.ADJ.DRES.GN.ZS,0.30276964720182
Cabo Verde,CPV,1991,Adjusted savings: natural resources depletion (% of GNI),NY.ADJ.DRES.GN.ZS,0.319588653578942
Cabo Verde,CPV,1990,Adjusted savings: natural resources depletion (% of GNI),NY.ADJ.DRES.GN.ZS,0.319512617959852
Cabo Verde,CPV,1989,Adjusted savings: natural resources depletion (% of GNI),NY.ADJ.DRES.GN.ZS,0.295305298012073
Cabo Verde,CPV,1988,Adjusted savings: natural resources depletion (% of GNI),NY.ADJ.DRES.GN.ZS,0.297518821217647
Cabo Verde,CPV,1987,Adjusted savings: natural resources depletion (% of GNI),NY.ADJ.DRES.GN.ZS,0.304235520710254
Cabo Verde,CPV,1986,Adjusted savings: natural resources depletion (% of GNI),NY.ADJ.DRES.GN.ZS,0.402976511142447
Cabo Verde,CPV,1985,Adjusted savings: natural resources depletion (% of GNI),NY.ADJ.DRES.GN.ZS,0.344344141798274
Cabo Verde,CPV,1984,Adjusted savings: natural resources depletion (% of GNI),NY.ADJ.DRES.GN.ZS,0.53305563331406
Cabo Verde,CPV,1983,Adjusted savings: natural resources depletion (% of GNI),NY.ADJ.DRES.GN.ZS,0.569942130215741
Cabo Verde,CPV,1982,Adjusted savings: natural resources depletion (% of GNI),NY.ADJ.DRES.GN.ZS,0.922572137159763
Cabo Verde,CPV,1981,Adjusted savings: natural resources depletion (% of GNI),NY.ADJ.DRES.GN.ZS,0.630879544442733
Cabo Verde,CPV,1980,Adjusted savings: natural resources depletion (% of GNI),NY.ADJ.DRES.GN.ZS,0.737567357223507
Cabo Verde,CPV,2017,Mineral rents (% of GDP),NY.GDP.MINR.RT.ZS,0
Cabo Verde,CPV,2016,Mineral rents (% of GDP),NY.GDP.MINR.RT.ZS,0
Cabo Verde,CPV,2015,Mineral rents (% of GDP),NY.GDP.MINR.RT.ZS,0
Cabo Verde,CPV,2014,Mineral rents (% of GDP),NY.GDP.MINR.RT.ZS,0
Cabo Verde,CPV,2013,Mineral rents (% of GDP),NY.GDP.MINR.RT.ZS,0
Cabo Verde,CPV,2012,Mineral rents (% of GDP),NY.GDP.MINR.RT.ZS,0
Cabo Verde,CPV,2011,Mineral rents (% of GDP),NY.GDP.MINR.RT.ZS,0
Cabo Verde,CPV,2010,Mineral rents (% of GDP),NY.GDP.MINR.RT.ZS,0
Cabo Verde,CPV,2009,Mineral rents (% of GDP),NY.GDP.MINR.RT.ZS,0
Cabo Verde,CPV,2008,Mineral rents (% of GDP),NY.GDP.MINR.RT.ZS,0
Cabo Verde,CPV,2007,Mineral rents (% of GDP),NY.GDP.MINR.RT.ZS,0
Cabo Verde,CPV,2006,Mineral rents (% of GDP),NY.GDP.MINR.RT.ZS,0
Cabo Verde,CPV,2005,Mineral rents (% of GDP),NY.GDP.MINR.RT.ZS,0
Cabo Verde,CPV,2004,Mineral rents (% of GDP),NY.GDP.MINR.RT.ZS,0
Cabo Verde,CPV,2003,Mineral rents (% of GDP),NY.GDP.MINR.RT.ZS,0
Cabo Verde,CPV,2002,Mineral rents (% of GDP),NY.GDP.MINR.RT.ZS,0
Cabo Verde,CPV,2001,Mineral rents (% of GDP),NY.GDP.MINR.RT.ZS,0
Cabo Verde,CPV,2000,Mineral rents (% of GDP),NY.GDP.MINR.RT.ZS,0
Cabo Verde,CPV,1999,Mineral rents (% of GDP),NY.GDP.MINR.RT.ZS,0
Cabo Verde,CPV,1998,Mineral rents (% of GDP),NY.GDP.MINR.RT.ZS,0
Cabo Verde,CPV,1997,Mineral rents (% of GDP),NY.GDP.MINR.RT.ZS,0
Cabo Verde,CPV,1996,Mineral rents (% of GDP),NY.GDP.MINR.RT.ZS,0
Cabo Verde,CPV,1995,Mineral rents (% of GDP),NY.GDP.MINR.RT.ZS,0
Cabo Verde,CPV,1994,Mineral rents (% of GDP),NY.GDP.MINR.RT.ZS,0
Cabo Verde,CPV,1993,Mineral rents (% of GDP),NY.GDP.MINR.RT.ZS,0
Cabo Verde,CPV,1992,Mineral rents (% of GDP),NY.GDP.MINR.RT.ZS,0
Cabo Verde,CPV,1991,Mineral rents (% of GDP),NY.GDP.MINR.RT.ZS,0
Cabo Verde,CPV,1990,Mineral rents (% of GDP),NY.GDP.MINR.RT.ZS,0
Cabo Verde,CPV,1989,Mineral rents (% of GDP),NY.GDP.MINR.RT.ZS,0
Cabo Verde,CPV,1988,Mineral rents (% of GDP),NY.GDP.MINR.RT.ZS,0
Cabo Verde,CPV,1987,Mineral rents (% of GDP),NY.GDP.MINR.RT.ZS,0
Cabo Verde,CPV,1986,Mineral rents (% of GDP),NY.GDP.MINR.RT.ZS,0
Cabo Verde,CPV,1985,Mineral rents (% of GDP),NY.GDP.MINR.RT.ZS,0
Cabo Verde,CPV,1984,Mineral rents (% of GDP),NY.GDP.MINR.RT.ZS,0
Cabo Verde,CPV,1983,Mineral rents (% of GDP),NY.GDP.MINR.RT.ZS,0
Cabo Verde,CPV,1982,Mineral rents (% of GDP),NY.GDP.MINR.RT.ZS,0
Cabo Verde,CPV,1981,Mineral rents (% of GDP),NY.GDP.MINR.RT.ZS,0
Cabo Verde,CPV,1980,Mineral rents (% of GDP),NY.GDP.MINR.RT.ZS,0
Cabo Verde,CPV,2017,Natural gas rents (% of GDP),NY.GDP.NGAS.RT.ZS,0
Cabo Verde,CPV,2016,Natural gas rents (% of GDP),NY.GDP.NGAS.RT.ZS,0
Cabo Verde,CPV,2015,Natural gas rents (% of GDP),NY.GDP.NGAS.RT.ZS,0
Cabo Verde,CPV,2014,Natural gas rents (% of GDP),NY.GDP.NGAS.RT.ZS,0
Cabo Verde,CPV,2013,Natural gas rents (% of GDP),NY.GDP.NGAS.RT.ZS,0
Cabo Verde,CPV,2012,Natural gas rents (% of GDP),NY.GDP.NGAS.RT.ZS,0
Cabo Verde,CPV,2011,Natural gas rents (% of GDP),NY.GDP.NGAS.RT.ZS,0
Cabo Verde,CPV,2010,Natural gas rents (% of GDP),NY.GDP.NGAS.RT.ZS,0
Cabo Verde,CPV,2009,Natural gas rents (% of GDP),NY.GDP.NGAS.RT.ZS,0
Cabo Verde,CPV,2008,Natural gas rents (% of GDP),NY.GDP.NGAS.RT.ZS,0
Cabo Verde,CPV,2007,Natural gas rents (% of GDP),NY.GDP.NGAS.RT.ZS,0
Cabo Verde,CPV,2006,Natural gas rents (% of GDP),NY.GDP.NGAS.RT.ZS,0
Cabo Verde,CPV,2005,Natural gas rents (% of GDP),NY.GDP.NGAS.RT.ZS,0
Cabo Verde,CPV,2004,Natural gas rents (% of GDP),NY.GDP.NGAS.RT.ZS,0
Cabo Verde,CPV,2003,Natural gas rents (% of GDP),NY.GDP.NGAS.RT.ZS,0
Cabo Verde,CPV,2002,Natural gas rents (% of GDP),NY.GDP.NGAS.RT.ZS,0
Cabo Verde,CPV,2001,Natural gas rents (% of GDP),NY.GDP.NGAS.RT.ZS,0
Cabo Verde,CPV,2000,Natural gas rents (% of GDP),NY.GDP.NGAS.RT.ZS,0
Cabo Verde,CPV,1999,Natural gas rents (% of GDP),NY.GDP.NGAS.RT.ZS,0
Cabo Verde,CPV,1998,Natural gas rents (% of GDP),NY.GDP.NGAS.RT.ZS,0
Cabo Verde,CPV,1997,Natural gas rents (% of GDP),NY.GDP.NGAS.RT.ZS,0
Cabo Verde,CPV,1996,Natural gas rents (% of GDP),NY.GDP.NGAS.RT.ZS,0
Cabo Verde,CPV,1995,Natural gas rents (% of GDP),NY.GDP.NGAS.RT.ZS,0
Cabo Verde,CPV,1994,Natural gas rents (% of GDP),NY.GDP.NGAS.RT.ZS,0
Cabo Verde,CPV,1993,Natural gas rents (% of GDP),NY.GDP.NGAS.RT.ZS,0
Cabo Verde,CPV,1992,Natural gas rents (% of GDP),NY.GDP.NGAS.RT.ZS,0
Cabo Verde,CPV,1991,Natural gas rents (% of GDP),NY.GDP.NGAS.RT.ZS,0
Cabo Verde,CPV,1990,Natural gas rents (% of GDP),NY.GDP.NGAS.RT.ZS,0
Cabo Verde,CPV,1989,Natural gas rents (% of GDP),NY.GDP.NGAS.RT.ZS,0
Cabo Verde,CPV,1988,Natural gas rents (% of GDP),NY.GDP.NGAS.RT.ZS,0
Cabo Verde,CPV,1987,Natural gas rents (% of GDP),NY.GDP.NGAS.RT.ZS,0
Cabo Verde,CPV,1986,Natural gas rents (% of GDP),NY.GDP.NGAS.RT.ZS,0
Cabo Verde,CPV,1985,Natural gas rents (% of GDP),NY.GDP.NGAS.RT.ZS,0
Cabo Verde,CPV,1984,Natural gas rents (% of GDP),NY.GDP.NGAS.RT.ZS,0
Cabo Verde,CPV,1983,Natural gas rents (% of GDP),NY.GDP.NGAS.RT.ZS,0
Cabo Verde,CPV,1982,Natural gas rents (% of GDP),NY.GDP.NGAS.RT.ZS,0
Cabo Verde,CPV,1981,Natural gas rents (% of GDP),NY.GDP.NGAS.RT.ZS,0
Cabo Verde,CPV,1980,Natural gas rents (% of GDP),NY.GDP.NGAS.RT.ZS,0
Cabo Verde,CPV,2017,Oil rents (% of GDP),NY.GDP.PETR.RT.ZS,0
Cabo Verde,CPV,2016,Oil rents (% of GDP),NY.GDP.PETR.RT.ZS,0
Cabo Verde,CPV,2015,Oil rents (% of GDP),NY.GDP.PETR.RT.ZS,0
Cabo Verde,CPV,2014,Oil rents (% of GDP),NY.GDP.PETR.RT.ZS,0
Cabo Verde,CPV,2013,Oil rents (% of GDP),NY.GDP.PETR.RT.ZS,0
Cabo Verde,CPV,2012,Oil rents (% of GDP),NY.GDP.PETR.RT.ZS,0
Cabo Verde,CPV,2011,Oil rents (% of GDP),NY.GDP.PETR.RT.ZS,0
Cabo Verde,CPV,2010,Oil rents (% of GDP),NY.GDP.PETR.RT.ZS,0
Cabo Verde,CPV,2009,Oil rents (% of GDP),NY.GDP.PETR.RT.ZS,0
Cabo Verde,CPV,2008,Oil rents (% of GDP),NY.GDP.PETR.RT.ZS,0
Cabo Verde,CPV,2007,Oil rents (% of GDP),NY.GDP.PETR.RT.ZS,0
Cabo Verde,CPV,2006,Oil rents (% of GDP),NY.GDP.PETR.RT.ZS,0
Cabo Verde,CPV,2005,Oil rents (% of GDP),NY.GDP.PETR.RT.ZS,0
Cabo Verde,CPV,2004,Oil rents (% of GDP),NY.GDP.PETR.RT.ZS,0
Cabo Verde,CPV,2003,Oil rents (% of GDP),NY.GDP.PETR.RT.ZS,0
Cabo Verde,CPV,2002,Oil rents (% of GDP),NY.GDP.PETR.RT.ZS,0
Cabo Verde,CPV,2001,Oil rents (% of GDP),NY.GDP.PETR.RT.ZS,0
Cabo Verde,CPV,2000,Oil rents (% of GDP),NY.GDP.PETR.RT.ZS,0
Cabo Verde,CPV,1999,Oil rents (% of GDP),NY.GDP.PETR.RT.ZS,0
Cabo Verde,CPV,1998,Oil rents (% of GDP),NY.GDP.PETR.RT.ZS,0
Cabo Verde,CPV,1997,Oil rents (% of GDP),NY.GDP.PETR.RT.ZS,0
Cabo Verde,CPV,1996,Oil rents (% of GDP),NY.GDP.PETR.RT.ZS,0
Cabo Verde,CPV,1995,Oil rents (% of GDP),NY.GDP.PETR.RT.ZS,0
Cabo Verde,CPV,1994,Oil rents (% of GDP),NY.GDP.PETR.RT.ZS,0
Cabo Verde,CPV,1993,Oil rents (% of GDP),NY.GDP.PETR.RT.ZS,0
Cabo Verde,CPV,1992,Oil rents (% of GDP),NY.GDP.PETR.RT.ZS,0
Cabo Verde,CPV,1991,Oil rents (% of GDP),NY.GDP.PETR.RT.ZS,0
Cabo Verde,CPV,1990,Oil rents (% of GDP),NY.GDP.PETR.RT.ZS,0
Cabo Verde,CPV,1989,Oil rents (% of GDP),NY.GDP.PETR.RT.ZS,0
Cabo Verde,CPV,1988,Oil rents (% of GDP),NY.GDP.PETR.RT.ZS,0
Cabo Verde,CPV,1987,Oil rents (% of GDP),NY.GDP.PETR.RT.ZS,0
Cabo Verde,CPV,1986,Oil rents (% of GDP),NY.GDP.PETR.RT.ZS,0
Cabo Verde,CPV,1985,Oil rents (% of GDP),NY.GDP.PETR.RT.ZS,0
Cabo Verde,CPV,1984,Oil rents (% of GDP),NY.GDP.PETR.RT.ZS,0
Cabo Verde,CPV,1983,Oil rents (% of GDP),NY.GDP.PETR.RT.ZS,0
Cabo Verde,CPV,1982,Oil rents (% of GDP),NY.GDP.PETR.RT.ZS,0
Cabo Verde,CPV,1981,Oil rents (% of GDP),NY.GDP.PETR.RT.ZS,0
Cabo Verde,CPV,1980,Oil rents (% of GDP),NY.GDP.PETR.RT.ZS,0
Cabo Verde,CPV,2017,Total natural resources rents (% of GDP),NY.GDP.TOTL.RT.ZS,0.746739863408027
Cabo Verde,CPV,2016,Total natural resources rents (% of GDP),NY.GDP.TOTL.RT.ZS,0.772131106109398
Cabo Verde,CPV,2015,Total natural resources rents (% of GDP),NY.GDP.TOTL.RT.ZS,0.76020224454536
Cabo Verde,CPV,2014,Total natural resources rents (% of GDP),NY.GDP.TOTL.RT.ZS,0.608516356449225
Cabo Verde,CPV,2013,Total natural resources rents (% of GDP),NY.GDP.TOTL.RT.ZS,0.57240113258354
Cabo Verde,CPV,2012,Total natural resources rents (% of GDP),NY.GDP.TOTL.RT.ZS,0.586392770355529
Cabo Verde,CPV,2011,Total natural resources rents (% of GDP),NY.GDP.TOTL.RT.ZS,0.476574881164234
Cabo Verde,CPV,2010,Total natural resources rents (% of GDP),NY.GDP.TOTL.RT.ZS,0.469733672646358
Cabo Verde,CPV,2009,Total natural resources rents (% of GDP),NY.GDP.TOTL.RT.ZS,0.535788694913174
Cabo Verde,CPV,2008,Total natural resources rents (% of GDP),NY.GDP.TOTL.RT.ZS,0.482929056176427
Cabo Verde,CPV,2007,Total natural resources rents (% of GDP),NY.GDP.TOTL.RT.ZS,0.504818169561514
Cabo Verde,CPV,2006,Total natural resources rents (% of GDP),NY.GDP.TOTL.RT.ZS,0.450039391567462
Cabo Verde,CPV,2005,Total natural resources rents (% of GDP),NY.GDP.TOTL.RT.ZS,0.537293222642042
Cabo Verde,CPV,2004,Total natural resources rents (% of GDP),NY.GDP.TOTL.RT.ZS,0.572824547619316
Cabo Verde,CPV,2003,Total natural resources rents (% of GDP),NY.GDP.TOTL.RT.ZS,0.709048656782454
Cabo Verde,CPV,2002,Total natural resources rents (% of GDP),NY.GDP.TOTL.RT.ZS,0.531125777358824
Cabo Verde,CPV,2001,Total natural resources rents (% of GDP),NY.GDP.TOTL.RT.ZS,0.485933293502829
Cabo Verde,CPV,2000,Total natural resources rents (% of GDP),NY.GDP.TOTL.RT.ZS,0.414263908118984
Cabo Verde,CPV,1999,Total natural resources rents (% of GDP),NY.GDP.TOTL.RT.ZS,0.36785541714343
Cabo Verde,CPV,1998,Total natural resources rents (% of GDP),NY.GDP.TOTL.RT.ZS,0.706620846885774
Cabo Verde,CPV,1997,Total natural resources rents (% of GDP),NY.GDP.TOTL.RT.ZS,0.695863672711034
Cabo Verde,CPV,1996,Total natural resources rents (% of GDP),NY.GDP.TOTL.RT.ZS,0.699582406537219
Cabo Verde,CPV,1995,Total natural resources rents (% of GDP),NY.GDP.TOTL.RT.ZS,0.691968150893223
Cabo Verde,CPV,1994,Total natural resources rents (% of GDP),NY.GDP.TOTL.RT.ZS,0.515889408380274
Cabo Verde,CPV,1993,Total natural resources rents (% of GDP),NY.GDP.TOTL.RT.ZS,0.335031601624527
Cabo Verde,CPV,1992,Total natural resources rents (% of GDP),NY.GDP.TOTL.RT.ZS,0.566615989656116
Cabo Verde,CPV,1991,Total natural resources rents (% of GDP),NY.GDP.TOTL.RT.ZS,0.600153242577428
Cabo Verde,CPV,1990,Total natural resources rents (% of GDP),NY.GDP.TOTL.RT.ZS,0.599286509708548
Cabo Verde,CPV,1989,Total natural resources rents (% of GDP),NY.GDP.TOTL.RT.ZS,0.555401604356752
Cabo Verde,CPV,1988,Total natural resources rents (% of GDP),NY.GDP.TOTL.RT.ZS,0.54683327532675
Cabo Verde,CPV,1987,Total natural resources rents (% of GDP),NY.GDP.TOTL.RT.ZS,0.545163434443294
Cabo Verde,CPV,1986,Total natural resources rents (% of GDP),NY.GDP.TOTL.RT.ZS,0.695834672387946
Cabo Verde,CPV,1985,Total natural resources rents (% of GDP),NY.GDP.TOTL.RT.ZS,0.573791759963434
Cabo Verde,CPV,1984,Total natural resources rents (% of GDP),NY.GDP.TOTL.RT.ZS,0.857443126814469
Cabo Verde,CPV,1983,Total natural resources rents (% of GDP),NY.GDP.TOTL.RT.ZS,0.880877609588401
Cabo Verde,CPV,1982,Total natural resources rents (% of GDP),NY.GDP.TOTL.RT.ZS,1.39734835529482
Cabo Verde,CPV,1981,Total natural resources rents (% of GDP),NY.GDP.TOTL.RT.ZS,0.96153573286359
Cabo Verde,CPV,1980,Total natural resources rents (% of GDP),NY.GDP.TOTL.RT.ZS,1.05674915042005
Cabo Verde,CPV,2018,Fuel imports (% of merchandise imports),TM.VAL.FUEL.ZS.UN,12.0239812922717
Cabo Verde,CPV,2017,Fuel imports (% of merchandise imports),TM.VAL.FUEL.ZS.UN,10.0746974335663
Cabo Verde,CPV,2016,Fuel imports (% of merchandise imports),TM.VAL.FUEL.ZS.UN,8.84426021831727
Cabo Verde,CPV,2015,Fuel imports (% of merchandise imports),TM.VAL.FUEL.ZS.UN,12.8368056965874
Cabo Verde,CPV,2014,Fuel imports (% of merchandise imports),TM.VAL.FUEL.ZS.UN,15.4162786242078
Cabo Verde,CPV,2013,Fuel imports (% of merchandise imports),TM.VAL.FUEL.ZS.UN,21.2476847657045
Cabo Verde,CPV,2012,Fuel imports (% of merchandise imports),TM.VAL.FUEL.ZS.UN,14.5979024231123
Cabo Verde,CPV,2011,Fuel imports (% of merchandise imports),TM.VAL.FUEL.ZS.UN,19.254296421474
Cabo Verde,CPV,2010,Fuel imports (% of merchandise imports),TM.VAL.FUEL.ZS.UN,11.9373661266527
Cabo Verde,CPV,2009,Fuel imports (% of merchandise imports),TM.VAL.FUEL.ZS.UN,11.5877516513606
Cabo Verde,CPV,2008,Fuel imports (% of merchandise imports),TM.VAL.FUEL.ZS.UN,11.1863845188267
Cabo Verde,CPV,2007,Fuel imports (% of merchandise imports),TM.VAL.FUEL.ZS.UN,11.0548747105746
Cabo Verde,CPV,2006,Fuel imports (% of merchandise imports),TM.VAL.FUEL.ZS.UN,8.9139738301984
Cabo Verde,CPV,2005,Fuel imports (% of merchandise imports),TM.VAL.FUEL.ZS.UN,8.88041225144916
Cabo Verde,CPV,2004,Fuel imports (% of merchandise imports),TM.VAL.FUEL.ZS.UN,7.64837631536767
Cabo Verde,CPV,2003,Fuel imports (% of merchandise imports),TM.VAL.FUEL.ZS.UN,13.1441456235419
Cabo Verde,CPV,2002,Fuel imports (% of merchandise imports),TM.VAL.FUEL.ZS.UN,6.23352495434887
Cabo Verde,CPV,2001,Fuel imports (% of merchandise imports),TM.VAL.FUEL.ZS.UN,5.60057052025557
Cabo Verde,CPV,2000,Fuel imports (% of merchandise imports),TM.VAL.FUEL.ZS.UN,6.01149311212435
Cabo Verde,CPV,1999,Fuel imports (% of merchandise imports),TM.VAL.FUEL.ZS.UN,5.49893789898962
Cabo Verde,CPV,1998,Fuel imports (% of merchandise imports),TM.VAL.FUEL.ZS.UN,4.44719835651002
Cabo Verde,CPV,1997,Fuel imports (% of merchandise imports),TM.VAL.FUEL.ZS.UN,5.86745033988814
Cabo Verde,CPV,1996,Fuel imports (% of merchandise imports),TM.VAL.FUEL.ZS.UN,20.2940358717388
Cabo Verde,CPV,1995,Fuel imports (% of merchandise imports),TM.VAL.FUEL.ZS.UN,14.2356108599457
Cabo Verde,CPV,1980,Fuel imports (% of merchandise imports),TM.VAL.FUEL.ZS.UN,9.93145412551137
Cabo Verde,CPV,1979,Fuel imports (% of merchandise imports),TM.VAL.FUEL.ZS.UN,8.55406837327979
Cabo Verde,CPV,1978,Fuel imports (% of merchandise imports),TM.VAL.FUEL.ZS.UN,4.60254071162278
Cabo Verde,CPV,2018,Ores and metals imports (% of merchandise imports),TM.VAL.MMTL.ZS.UN,0.581142906146903
Cabo Verde,CPV,2017,Ores and metals imports (% of merchandise imports),TM.VAL.MMTL.ZS.UN,0.4280571067591
Cabo Verde,CPV,2016,Ores and metals imports (% of merchandise imports),TM.VAL.MMTL.ZS.UN,0.562331788360764
Cabo Verde,CPV,2015,Ores and metals imports (% of merchandise imports),TM.VAL.MMTL.ZS.UN,0.563992127783822
Cabo Verde,CPV,2014,Ores and metals imports (% of merchandise imports),TM.VAL.MMTL.ZS.UN,0.467879783354857
Cabo Verde,CPV,2013,Ores and metals imports (% of merchandise imports),TM.VAL.MMTL.ZS.UN,0.453959918096504
Cabo Verde,CPV,2012,Ores and metals imports (% of merchandise imports),TM.VAL.MMTL.ZS.UN,0.764864858419257
Cabo Verde,CPV,2011,Ores and metals imports (% of merchandise imports),TM.VAL.MMTL.ZS.UN,0.597436504727166
Cabo Verde,CPV,2010,Ores and metals imports (% of merchandise imports),TM.VAL.MMTL.ZS.UN,1.14047046299134
Cabo Verde,CPV,2009,Ores and metals imports (% of merchandise imports),TM.VAL.MMTL.ZS.UN,1.23517830009828
Cabo Verde,CPV,2008,Ores and metals imports (% of merchandise imports),TM.VAL.MMTL.ZS.UN,1.29795600542854
Cabo Verde,CPV,2007,Ores and metals imports (% of merchandise imports),TM.VAL.MMTL.ZS.UN,0.890345100881569
Cabo Verde,CPV,2006,Ores and metals imports (% of merchandise imports),TM.VAL.MMTL.ZS.UN,0.571618772879489
Cabo Verde,CPV,2005,Ores and metals imports (% of merchandise imports),TM.VAL.MMTL.ZS.UN,0.503434669919286
Cabo Verde,CPV,2004,Ores and metals imports (% of merchandise imports),TM.VAL.MMTL.ZS.UN,0.317595127688047
Cabo Verde,CPV,2003,Ores and metals imports (% of merchandise imports),TM.VAL.MMTL.ZS.UN,0.566700003939853
Cabo Verde,CPV,2002,Ores and metals imports (% of merchandise imports),TM.VAL.MMTL.ZS.UN,0.454502656291843
Cabo Verde,CPV,2001,Ores and metals imports (% of merchandise imports),TM.VAL.MMTL.ZS.UN,0.419633456887288
Cabo Verde,CPV,2000,Ores and metals imports (% of merchandise imports),TM.VAL.MMTL.ZS.UN,0.276904466964212
Cabo Verde,CPV,1999,Ores and metals imports (% of merchandise imports),TM.VAL.MMTL.ZS.UN,0.363955938932868
Cabo Verde,CPV,1998,Ores and metals imports (% of merchandise imports),TM.VAL.MMTL.ZS.UN,0.766560350714215
Cabo Verde,CPV,1997,Ores and metals imports (% of merchandise imports),TM.VAL.MMTL.ZS.UN,0.288177759117188
Cabo Verde,CPV,1996,Ores and metals imports (% of merchandise imports),TM.VAL.MMTL.ZS.UN,0.268153776468861
Cabo Verde,CPV,1995,Ores and metals imports (% of merchandise imports),TM.VAL.MMTL.ZS.UN,0.18588419927718
Cabo Verde,CPV,1979,Ores and metals imports (% of merchandise imports),TM.VAL.MMTL.ZS.UN,0.0136895416725696
Cabo Verde,CPV,2015,Fuel exports (% of merchandise exports),TX.VAL.FUEL.ZS.UN,0
Cabo Verde,CPV,2014,Fuel exports (% of merchandise exports),TX.VAL.FUEL.ZS.UN,0
Cabo Verde,CPV,2013,Fuel exports (% of merchandise exports),TX.VAL.FUEL.ZS.UN,0
Cabo Verde,CPV,2012,Fuel exports (% of merchandise exports),TX.VAL.FUEL.ZS.UN,0
Cabo Verde,CPV,2011,Fuel exports (% of merchandise exports),TX.VAL.FUEL.ZS.UN,0.000589382188519581
Cabo Verde,CPV,2010,Fuel exports (% of merchandise exports),TX.VAL.FUEL.ZS.UN,0
Cabo Verde,CPV,2009,Fuel exports (% of merchandise exports),TX.VAL.FUEL.ZS.UN,0
Cabo Verde,CPV,2007,Fuel exports (% of merchandise exports),TX.VAL.FUEL.ZS.UN,0
Cabo Verde,CPV,2006,Fuel exports (% of merchandise exports),TX.VAL.FUEL.ZS.UN,0
Cabo Verde,CPV,2005,Fuel exports (% of merchandise exports),TX.VAL.FUEL.ZS.UN,0
Cabo Verde,CPV,2000,Fuel exports (% of merchandise exports),TX.VAL.FUEL.ZS.UN,0
Cabo Verde,CPV,1999,Fuel exports (% of merchandise exports),TX.VAL.FUEL.ZS.UN,0
Cabo Verde,CPV,1998,Fuel exports (% of merchandise exports),TX.VAL.FUEL.ZS.UN,0
Cabo Verde,CPV,1997,Fuel exports (% of merchandise exports),TX.VAL.FUEL.ZS.UN,0
Cabo Verde,CPV,1996,Fuel exports (% of merchandise exports),TX.VAL.FUEL.ZS.UN,0
Cabo Verde,CPV,1995,Fuel exports (% of merchandise exports),TX.VAL.FUEL.ZS.UN,0
Cabo Verde,CPV,1984,Fuel exports (% of merchandise exports),TX.VAL.FUEL.ZS.UN,2.76678919110904
Cabo Verde,CPV,1979,Fuel exports (% of merchandise exports),TX.VAL.FUEL.ZS.UN,1.31883899245414
Cabo Verde,CPV,1978,Fuel exports (% of merchandise exports),TX.VAL.FUEL.ZS.UN,0
Cabo Verde,CPV,2018,Ores and metals exports (% of merchandise exports),TX.VAL.MMTL.ZS.UN,0.000187974453477514
Cabo Verde,CPV,2017,Ores and metals exports (% of merchandise exports),TX.VAL.MMTL.ZS.UN,0.000450583027402477
Cabo Verde,CPV,2016,Ores and metals exports (% of merchandise exports),TX.VAL.MMTL.ZS.UN,0.000624574643130971
Cabo Verde,CPV,2015,Ores and metals exports (% of merchandise exports),TX.VAL.MMTL.ZS.UN,0.000752104014704423
Cabo Verde,CPV,2014,Ores and metals exports (% of merchandise exports),TX.VAL.MMTL.ZS.UN,0.00132726140418322
Cabo Verde,CPV,2013,Ores and metals exports (% of merchandise exports),TX.VAL.MMTL.ZS.UN,0.195295232327314
Cabo Verde,CPV,2012,Ores and metals exports (% of merchandise exports),TX.VAL.MMTL.ZS.UN,8.96488802989324e-05
Cabo Verde,CPV,2011,Ores and metals exports (% of merchandise exports),TX.VAL.MMTL.ZS.UN,0.942327818292646
Cabo Verde,CPV,2010,Ores and metals exports (% of merchandise exports),TX.VAL.MMTL.ZS.UN,0.886651706391125
Cabo Verde,CPV,2009,Ores and metals exports (% of merchandise exports),TX.VAL.MMTL.ZS.UN,0.665352818458037
Cabo Verde,CPV,2007,Ores and metals exports (% of merchandise exports),TX.VAL.MMTL.ZS.UN,0
Cabo Verde,CPV,2006,Ores and metals exports (% of merchandise exports),TX.VAL.MMTL.ZS.UN,0.252610584713906
Cabo Verde,CPV,2005,Ores and metals exports (% of merchandise exports),TX.VAL.MMTL.ZS.UN,0.0246615055571856
Cabo Verde,CPV,2004,Ores and metals exports (% of merchandise exports),TX.VAL.MMTL.ZS.UN,0.0928992909305998
Cabo Verde,CPV,2003,Ores and metals exports (% of merchandise exports),TX.VAL.MMTL.ZS.UN,0.0146357785407712
Cabo Verde,CPV,2002,Ores and metals exports (% of merchandise exports),TX.VAL.MMTL.ZS.UN,0.041923266103174
Cabo Verde,CPV,2000,Ores and metals exports (% of merchandise exports),TX.VAL.MMTL.ZS.UN,0
Cabo Verde,CPV,1999,Ores and metals exports (% of merchandise exports),TX.VAL.MMTL.ZS.UN,0
Cabo Verde,CPV,1998,Ores and metals exports (% of merchandise exports),TX.VAL.MMTL.ZS.UN,0.172889637554244
Cabo Verde,CPV,1997,Ores and metals exports (% of merchandise exports),TX.VAL.MMTL.ZS.UN,0
Cabo Verde,CPV,1996,Ores and metals exports (% of merchandise exports),TX.VAL.MMTL.ZS.UN,0.045554427969831
Cabo Verde,CPV,1995,Ores and metals exports (% of merchandise exports),TX.VAL.MMTL.ZS.UN,0.415203779648238
Cabo Verde,CPV,1984,Ores and metals exports (% of merchandise exports),TX.VAL.MMTL.ZS.UN,8.66047767692432
Cabo Verde,CPV,1980,Ores and metals exports (% of merchandise exports),TX.VAL.MMTL.ZS.UN,10.2131573731948
Cabo Verde,CPV,1979,Ores and metals exports (% of merchandise exports),TX.VAL.MMTL.ZS.UN,24.4825701734298
Cabo Verde,CPV,1978,Ores and metals exports (% of merchandise exports),TX.VAL.MMTL.ZS.UN,18.1389927210076
