Country Name,Country ISO3,Year,Indicator Name,Indicator Code,Value
#country+name,#country+code,#date+year,#indicator+name,#indicator+code,#indicator+value+num
Turks and Caicos Islands,TCA,2017,"Access to electricity, rural (% of rural population)",EG.ELC.ACCS.RU.ZS,100
Turks and Caicos Islands,TCA,2016,"Access to electricity, rural (% of rural population)",EG.ELC.ACCS.RU.ZS,100
Turks and Caicos Islands,TCA,2015,"Access to electricity, rural (% of rural population)",EG.ELC.ACCS.RU.ZS,100
Turks and Caicos Islands,TCA,2014,"Access to electricity, rural (% of rural population)",EG.ELC.ACCS.RU.ZS,100
Turks and Caicos Islands,TCA,2013,"Access to electricity, rural (% of rural population)",EG.ELC.ACCS.RU.ZS,100
Turks and Caicos Islands,TCA,2012,"Access to electricity, rural (% of rural population)",EG.ELC.ACCS.RU.ZS,100
Turks and Caicos Islands,TCA,2011,"Access to electricity, rural (% of rural population)",EG.ELC.ACCS.RU.ZS,100
Turks and Caicos Islands,TCA,2010,"Access to electricity, rural (% of rural population)",EG.ELC.ACCS.RU.ZS,100
Turks and Caicos Islands,TCA,2009,"Access to electricity, rural (% of rural population)",EG.ELC.ACCS.RU.ZS,100
Turks and Caicos Islands,TCA,2008,"Access to electricity, rural (% of rural population)",EG.ELC.ACCS.RU.ZS,73.5049904942966
Turks and Caicos Islands,TCA,2007,"Access to electricity, rural (% of rural population)",EG.ELC.ACCS.RU.ZS,71.8832215296958
Turks and Caicos Islands,TCA,2006,"Access to electricity, rural (% of rural population)",EG.ELC.ACCS.RU.ZS,70.4357529699379
Turks and Caicos Islands,TCA,2005,"Access to electricity, rural (% of rural population)",EG.ELC.ACCS.RU.ZS,69.0605596714791
Turks and Caicos Islands,TCA,2004,"Access to electricity, rural (% of rural population)",EG.ELC.ACCS.RU.ZS,67.6565153135627
Turks and Caicos Islands,TCA,2003,"Access to electricity, rural (% of rural population)",EG.ELC.ACCS.RU.ZS,66.3137613810611
Turks and Caicos Islands,TCA,2002,"Access to electricity, rural (% of rural population)",EG.ELC.ACCS.RU.ZS,65.0750684017104
Turks and Caicos Islands,TCA,2001,"Access to electricity, rural (% of rural population)",EG.ELC.ACCS.RU.ZS,64.0022530466974
Turks and Caicos Islands,TCA,2000,"Access to electricity, rural (% of rural population)",EG.ELC.ACCS.RU.ZS,71.5222222222222
Turks and Caicos Islands,TCA,1999,"Access to electricity, rural (% of rural population)",EG.ELC.ACCS.RU.ZS,62.7680816650391
Turks and Caicos Islands,TCA,1998,"Access to electricity, rural (% of rural population)",EG.ELC.ACCS.RU.ZS,62.3024259461549
Turks and Caicos Islands,TCA,1997,"Access to electricity, rural (% of rural population)",EG.ELC.ACCS.RU.ZS,61.9736153971898
Turks and Caicos Islands,TCA,1996,"Access to electricity, rural (% of rural population)",EG.ELC.ACCS.RU.ZS,61.7769755847348
Turks and Caicos Islands,TCA,1995,"Access to electricity, rural (% of rural population)",EG.ELC.ACCS.RU.ZS,61.6873107652289
Turks and Caicos Islands,TCA,1994,"Access to electricity, rural (% of rural population)",EG.ELC.ACCS.RU.ZS,61.7095511607889
Turks and Caicos Islands,TCA,1993,"Access to electricity, rural (% of rural population)",EG.ELC.ACCS.RU.ZS,61.7986421821943
Turks and Caicos Islands,TCA,1992,"Access to electricity, rural (% of rural population)",EG.ELC.ACCS.RU.ZS,61.9432507154564
Turks and Caicos Islands,TCA,1991,"Access to electricity, rural (% of rural population)",EG.ELC.ACCS.RU.ZS,62.1527635455531
Turks and Caicos Islands,TCA,1990,"Access to electricity, rural (% of rural population)",EG.ELC.ACCS.RU.ZS,55.9589743589744
Turks and Caicos Islands,TCA,2017,"Access to electricity, urban (% of urban population)",EG.ELC.ACCS.UR.ZS,100
Turks and Caicos Islands,TCA,2016,"Access to electricity, urban (% of urban population)",EG.ELC.ACCS.UR.ZS,100
Turks and Caicos Islands,TCA,2015,"Access to electricity, urban (% of urban population)",EG.ELC.ACCS.UR.ZS,100
Turks and Caicos Islands,TCA,2014,"Access to electricity, urban (% of urban population)",EG.ELC.ACCS.UR.ZS,100
Turks and Caicos Islands,TCA,2013,"Access to electricity, urban (% of urban population)",EG.ELC.ACCS.UR.ZS,100
Turks and Caicos Islands,TCA,2012,"Access to electricity, urban (% of urban population)",EG.ELC.ACCS.UR.ZS,100
Turks and Caicos Islands,TCA,2011,"Access to electricity, urban (% of urban population)",EG.ELC.ACCS.UR.ZS,100
Turks and Caicos Islands,TCA,2010,"Access to electricity, urban (% of urban population)",EG.ELC.ACCS.UR.ZS,100
Turks and Caicos Islands,TCA,2009,"Access to electricity, urban (% of urban population)",EG.ELC.ACCS.UR.ZS,100
Turks and Caicos Islands,TCA,2008,"Access to electricity, urban (% of urban population)",EG.ELC.ACCS.UR.ZS,99.8348541259766
Turks and Caicos Islands,TCA,2007,"Access to electricity, urban (% of urban population)",EG.ELC.ACCS.UR.ZS,99.8434600830078
Turks and Caicos Islands,TCA,2006,"Access to electricity, urban (% of urban population)",EG.ELC.ACCS.UR.ZS,99.8651428222656
Turks and Caicos Islands,TCA,2005,"Access to electricity, urban (% of urban population)",EG.ELC.ACCS.UR.ZS,99.8999938964844
Turks and Caicos Islands,TCA,2004,"Access to electricity, urban (% of urban population)",EG.ELC.ACCS.UR.ZS,99.9471130371094
Turks and Caicos Islands,TCA,2003,"Access to electricity, urban (% of urban population)",EG.ELC.ACCS.UR.ZS,99.9807815551758
Turks and Caicos Islands,TCA,2002,"Access to electricity, urban (% of urban population)",EG.ELC.ACCS.UR.ZS,99.9967575073242
Turks and Caicos Islands,TCA,2001,"Access to electricity, urban (% of urban population)",EG.ELC.ACCS.UR.ZS,100
Turks and Caicos Islands,TCA,2000,"Access to electricity, urban (% of urban population)",EG.ELC.ACCS.UR.ZS,100
Turks and Caicos Islands,TCA,1999,"Access to electricity, urban (% of urban population)",EG.ELC.ACCS.UR.ZS,100
Turks and Caicos Islands,TCA,1998,"Access to electricity, urban (% of urban population)",EG.ELC.ACCS.UR.ZS,100
Turks and Caicos Islands,TCA,1997,"Access to electricity, urban (% of urban population)",EG.ELC.ACCS.UR.ZS,100
Turks and Caicos Islands,TCA,1996,"Access to electricity, urban (% of urban population)",EG.ELC.ACCS.UR.ZS,100
Turks and Caicos Islands,TCA,1995,"Access to electricity, urban (% of urban population)",EG.ELC.ACCS.UR.ZS,100
Turks and Caicos Islands,TCA,1994,"Access to electricity, urban (% of urban population)",EG.ELC.ACCS.UR.ZS,100
Turks and Caicos Islands,TCA,1993,"Access to electricity, urban (% of urban population)",EG.ELC.ACCS.UR.ZS,100
Turks and Caicos Islands,TCA,1992,"Access to electricity, urban (% of urban population)",EG.ELC.ACCS.UR.ZS,100
Turks and Caicos Islands,TCA,1991,"Access to electricity, urban (% of urban population)",EG.ELC.ACCS.UR.ZS,100
Turks and Caicos Islands,TCA,1990,"Access to electricity, urban (% of urban population)",EG.ELC.ACCS.UR.ZS,100
Turks and Caicos Islands,TCA,2017,Access to electricity (% of population),EG.ELC.ACCS.ZS,100
Turks and Caicos Islands,TCA,2016,Access to electricity (% of population),EG.ELC.ACCS.ZS,100
Turks and Caicos Islands,TCA,2015,Access to electricity (% of population),EG.ELC.ACCS.ZS,100
Turks and Caicos Islands,TCA,2014,Access to electricity (% of population),EG.ELC.ACCS.ZS,100
Turks and Caicos Islands,TCA,2013,Access to electricity (% of population),EG.ELC.ACCS.ZS,100
Turks and Caicos Islands,TCA,2012,Access to electricity (% of population),EG.ELC.ACCS.ZS,93.1
Turks and Caicos Islands,TCA,2011,Access to electricity (% of population),EG.ELC.ACCS.ZS,100
Turks and Caicos Islands,TCA,2010,Access to electricity (% of population),EG.ELC.ACCS.ZS,100
Turks and Caicos Islands,TCA,2009,Access to electricity (% of population),EG.ELC.ACCS.ZS,100
Turks and Caicos Islands,TCA,2008,Access to electricity (% of population),EG.ELC.ACCS.ZS,97.0161895751953
Turks and Caicos Islands,TCA,2007,Access to electricity (% of population),EG.ELC.ACCS.ZS,96.7106246948242
Turks and Caicos Islands,TCA,2006,Access to electricity (% of population),EG.ELC.ACCS.ZS,96.4167022705078
Turks and Caicos Islands,TCA,2005,Access to electricity (% of population),EG.ELC.ACCS.ZS,96.1208572387695
Turks and Caicos Islands,TCA,2004,Access to electricity (% of population),EG.ELC.ACCS.ZS,95.8095092773438
Turks and Caicos Islands,TCA,2003,Access to electricity (% of population),EG.ELC.ACCS.ZS,95.4721908569336
Turks and Caicos Islands,TCA,2002,Access to electricity (% of population),EG.ELC.ACCS.ZS,95.1107406616211
Turks and Caicos Islands,TCA,2001,Access to electricity (% of population),EG.ELC.ACCS.ZS,94.7300796508789
Turks and Caicos Islands,TCA,2000,Access to electricity (% of population),EG.ELC.ACCS.ZS,95.6
Turks and Caicos Islands,TCA,1999,Access to electricity (% of population),EG.ELC.ACCS.ZS,93.9308471679688
Turks and Caicos Islands,TCA,1998,Access to electricity (% of population),EG.ELC.ACCS.ZS,93.5221405029297
Turks and Caicos Islands,TCA,1997,Access to electricity (% of population),EG.ELC.ACCS.ZS,93.1139297485352
Turks and Caicos Islands,TCA,1996,Access to electricity (% of population),EG.ELC.ACCS.ZS,92.7101898193359
Turks and Caicos Islands,TCA,1995,Access to electricity (% of population),EG.ELC.ACCS.ZS,92.3109741210938
Turks and Caicos Islands,TCA,1994,Access to electricity (% of population),EG.ELC.ACCS.ZS,91.9153823852539
Turks and Caicos Islands,TCA,1993,Access to electricity (% of population),EG.ELC.ACCS.ZS,91.5225067138672
Turks and Caicos Islands,TCA,1992,Access to electricity (% of population),EG.ELC.ACCS.ZS,91.1314392089844
Turks and Caicos Islands,TCA,1991,Access to electricity (% of population),EG.ELC.ACCS.ZS,90.7412872314453
Turks and Caicos Islands,TCA,1990,Access to electricity (% of population),EG.ELC.ACCS.ZS,88.7
Turks and Caicos Islands,TCA,2015,Renewable electricity output (% of total electricity output),EG.ELC.RNEW.ZS,0
Turks and Caicos Islands,TCA,2014,Renewable electricity output (% of total electricity output),EG.ELC.RNEW.ZS,0
Turks and Caicos Islands,TCA,2013,Renewable electricity output (% of total electricity output),EG.ELC.RNEW.ZS,0
Turks and Caicos Islands,TCA,2012,Renewable electricity output (% of total electricity output),EG.ELC.RNEW.ZS,0
Turks and Caicos Islands,TCA,2011,Renewable electricity output (% of total electricity output),EG.ELC.RNEW.ZS,0
Turks and Caicos Islands,TCA,2010,Renewable electricity output (% of total electricity output),EG.ELC.RNEW.ZS,0
Turks and Caicos Islands,TCA,2009,Renewable electricity output (% of total electricity output),EG.ELC.RNEW.ZS,0
Turks and Caicos Islands,TCA,2008,Renewable electricity output (% of total electricity output),EG.ELC.RNEW.ZS,0
Turks and Caicos Islands,TCA,2007,Renewable electricity output (% of total electricity output),EG.ELC.RNEW.ZS,0
Turks and Caicos Islands,TCA,2006,Renewable electricity output (% of total electricity output),EG.ELC.RNEW.ZS,0
Turks and Caicos Islands,TCA,2005,Renewable electricity output (% of total electricity output),EG.ELC.RNEW.ZS,0
Turks and Caicos Islands,TCA,2004,Renewable electricity output (% of total electricity output),EG.ELC.RNEW.ZS,0
Turks and Caicos Islands,TCA,2003,Renewable electricity output (% of total electricity output),EG.ELC.RNEW.ZS,0
Turks and Caicos Islands,TCA,2002,Renewable electricity output (% of total electricity output),EG.ELC.RNEW.ZS,0
Turks and Caicos Islands,TCA,2001,Renewable electricity output (% of total electricity output),EG.ELC.RNEW.ZS,0
Turks and Caicos Islands,TCA,2000,Renewable electricity output (% of total electricity output),EG.ELC.RNEW.ZS,0
Turks and Caicos Islands,TCA,1999,Renewable electricity output (% of total electricity output),EG.ELC.RNEW.ZS,0
Turks and Caicos Islands,TCA,1998,Renewable electricity output (% of total electricity output),EG.ELC.RNEW.ZS,0
Turks and Caicos Islands,TCA,1997,Renewable electricity output (% of total electricity output),EG.ELC.RNEW.ZS,0
Turks and Caicos Islands,TCA,1996,Renewable electricity output (% of total electricity output),EG.ELC.RNEW.ZS,0
Turks and Caicos Islands,TCA,1995,Renewable electricity output (% of total electricity output),EG.ELC.RNEW.ZS,0
Turks and Caicos Islands,TCA,1994,Renewable electricity output (% of total electricity output),EG.ELC.RNEW.ZS,0
Turks and Caicos Islands,TCA,1993,Renewable electricity output (% of total electricity output),EG.ELC.RNEW.ZS,0
Turks and Caicos Islands,TCA,1992,Renewable electricity output (% of total electricity output),EG.ELC.RNEW.ZS,0
Turks and Caicos Islands,TCA,1991,Renewable electricity output (% of total electricity output),EG.ELC.RNEW.ZS,0
Turks and Caicos Islands,TCA,1990,Renewable electricity output (% of total electricity output),EG.ELC.RNEW.ZS,0
Turks and Caicos Islands,TCA,2015,Renewable energy consumption (% of total final energy consumption),EG.FEC.RNEW.ZS,0.572166001038355
Turks and Caicos Islands,TCA,2014,Renewable energy consumption (% of total final energy consumption),EG.FEC.RNEW.ZS,0.576831433360749
Turks and Caicos Islands,TCA,2013,Renewable energy consumption (% of total final energy consumption),EG.FEC.RNEW.ZS,0.603267318162099
Turks and Caicos Islands,TCA,2012,Renewable energy consumption (% of total final energy consumption),EG.FEC.RNEW.ZS,0.587956971297632
Turks and Caicos Islands,TCA,2011,Renewable energy consumption (% of total final energy consumption),EG.FEC.RNEW.ZS,0.593043645154232
Turks and Caicos Islands,TCA,2010,Renewable energy consumption (% of total final energy consumption),EG.FEC.RNEW.ZS,0.524279329301663
Turks and Caicos Islands,TCA,2009,Renewable energy consumption (% of total final energy consumption),EG.FEC.RNEW.ZS,0.53184966990753
Turks and Caicos Islands,TCA,2008,Renewable energy consumption (% of total final energy consumption),EG.FEC.RNEW.ZS,0.499390185490721
Turks and Caicos Islands,TCA,2007,Renewable energy consumption (% of total final energy consumption),EG.FEC.RNEW.ZS,0.496592969279159
Turks and Caicos Islands,TCA,2006,Renewable energy consumption (% of total final energy consumption),EG.FEC.RNEW.ZS,0.516655036015764
Turks and Caicos Islands,TCA,2005,Renewable energy consumption (% of total final energy consumption),EG.FEC.RNEW.ZS,0.543302661280398
Turks and Caicos Islands,TCA,2004,Renewable energy consumption (% of total final energy consumption),EG.FEC.RNEW.ZS,0.599648674955181
Turks and Caicos Islands,TCA,2003,Renewable energy consumption (% of total final energy consumption),EG.FEC.RNEW.ZS,0.591969664466061
Turks and Caicos Islands,TCA,2002,Renewable energy consumption (% of total final energy consumption),EG.FEC.RNEW.ZS,0.596038369860277
Turks and Caicos Islands,TCA,2001,Renewable energy consumption (% of total final energy consumption),EG.FEC.RNEW.ZS,0.675127798391625
Turks and Caicos Islands,TCA,2000,Renewable energy consumption (% of total final energy consumption),EG.FEC.RNEW.ZS,0.688235241225387
Turks and Caicos Islands,TCA,1999,Renewable energy consumption (% of total final energy consumption),EG.FEC.RNEW.ZS,0.834261785907933
Turks and Caicos Islands,TCA,1998,Renewable energy consumption (% of total final energy consumption),EG.FEC.RNEW.ZS,0.888287106621311
Turks and Caicos Islands,TCA,1997,Renewable energy consumption (% of total final energy consumption),EG.FEC.RNEW.ZS,0.848251851214455
Turks and Caicos Islands,TCA,1996,Renewable energy consumption (% of total final energy consumption),EG.FEC.RNEW.ZS,0.967568666910831
Turks and Caicos Islands,TCA,1995,Renewable energy consumption (% of total final energy consumption),EG.FEC.RNEW.ZS,0.898626496988708
Turks and Caicos Islands,TCA,1994,Renewable energy consumption (% of total final energy consumption),EG.FEC.RNEW.ZS,0.982270048992682
Turks and Caicos Islands,TCA,1993,Renewable energy consumption (% of total final energy consumption),EG.FEC.RNEW.ZS,0.953858209688752
Turks and Caicos Islands,TCA,1992,Renewable energy consumption (% of total final energy consumption),EG.FEC.RNEW.ZS,0.584360539140036
Turks and Caicos Islands,TCA,1991,Renewable energy consumption (% of total final energy consumption),EG.FEC.RNEW.ZS,1.07864984341176
Turks and Caicos Islands,TCA,1990,Renewable energy consumption (% of total final energy consumption),EG.FEC.RNEW.ZS,1.79210863620114
Turks and Caicos Islands,TCA,2014,CO2 emissions from gaseous fuel consumption (% of total),EN.ATM.CO2E.GF.ZS,0
Turks and Caicos Islands,TCA,2013,CO2 emissions from gaseous fuel consumption (% of total),EN.ATM.CO2E.GF.ZS,0
Turks and Caicos Islands,TCA,2012,CO2 emissions from gaseous fuel consumption (% of total),EN.ATM.CO2E.GF.ZS,0
Turks and Caicos Islands,TCA,2011,CO2 emissions from gaseous fuel consumption (% of total),EN.ATM.CO2E.GF.ZS,0
Turks and Caicos Islands,TCA,2010,CO2 emissions from gaseous fuel consumption (% of total),EN.ATM.CO2E.GF.ZS,0
Turks and Caicos Islands,TCA,2009,CO2 emissions from gaseous fuel consumption (% of total),EN.ATM.CO2E.GF.ZS,0
Turks and Caicos Islands,TCA,2008,CO2 emissions from gaseous fuel consumption (% of total),EN.ATM.CO2E.GF.ZS,0
Turks and Caicos Islands,TCA,2007,CO2 emissions from gaseous fuel consumption (% of total),EN.ATM.CO2E.GF.ZS,0
Turks and Caicos Islands,TCA,2006,CO2 emissions from gaseous fuel consumption (% of total),EN.ATM.CO2E.GF.ZS,0
Turks and Caicos Islands,TCA,2005,CO2 emissions from gaseous fuel consumption (% of total),EN.ATM.CO2E.GF.ZS,0
Turks and Caicos Islands,TCA,2004,CO2 emissions from gaseous fuel consumption (% of total),EN.ATM.CO2E.GF.ZS,0
Turks and Caicos Islands,TCA,2003,CO2 emissions from gaseous fuel consumption (% of total),EN.ATM.CO2E.GF.ZS,0
Turks and Caicos Islands,TCA,2002,CO2 emissions from gaseous fuel consumption (% of total),EN.ATM.CO2E.GF.ZS,0
Turks and Caicos Islands,TCA,2001,CO2 emissions from gaseous fuel consumption (% of total),EN.ATM.CO2E.GF.ZS,0
Turks and Caicos Islands,TCA,2000,CO2 emissions from gaseous fuel consumption (% of total),EN.ATM.CO2E.GF.ZS,0
Turks and Caicos Islands,TCA,1999,CO2 emissions from gaseous fuel consumption (% of total),EN.ATM.CO2E.GF.ZS,0
Turks and Caicos Islands,TCA,1998,CO2 emissions from gaseous fuel consumption (% of total),EN.ATM.CO2E.GF.ZS,0
Turks and Caicos Islands,TCA,1997,CO2 emissions from gaseous fuel consumption (% of total),EN.ATM.CO2E.GF.ZS,0
Turks and Caicos Islands,TCA,1996,CO2 emissions from gaseous fuel consumption (% of total),EN.ATM.CO2E.GF.ZS,0
Turks and Caicos Islands,TCA,1995,CO2 emissions from gaseous fuel consumption (% of total),EN.ATM.CO2E.GF.ZS,0
Turks and Caicos Islands,TCA,1994,CO2 emissions from gaseous fuel consumption (% of total),EN.ATM.CO2E.GF.ZS,0
Turks and Caicos Islands,TCA,1993,CO2 emissions from gaseous fuel consumption (% of total),EN.ATM.CO2E.GF.ZS,0
Turks and Caicos Islands,TCA,1992,CO2 emissions from gaseous fuel consumption (% of total),EN.ATM.CO2E.GF.ZS,0
Turks and Caicos Islands,TCA,1991,CO2 emissions from gaseous fuel consumption (% of total),EN.ATM.CO2E.GF.ZS,0
Turks and Caicos Islands,TCA,1990,CO2 emissions from gaseous fuel consumption (% of total),EN.ATM.CO2E.GF.ZS,0
Turks and Caicos Islands,TCA,2014,CO2 emissions from liquid fuel consumption (kt),EN.ATM.CO2E.LF.KT,205.352
Turks and Caicos Islands,TCA,2013,CO2 emissions from liquid fuel consumption (kt),EN.ATM.CO2E.LF.KT,198.018
Turks and Caicos Islands,TCA,2012,CO2 emissions from liquid fuel consumption (kt),EN.ATM.CO2E.LF.KT,198.018
Turks and Caicos Islands,TCA,2011,CO2 emissions from liquid fuel consumption (kt),EN.ATM.CO2E.LF.KT,190.684
Turks and Caicos Islands,TCA,2010,CO2 emissions from liquid fuel consumption (kt),EN.ATM.CO2E.LF.KT,190.684
Turks and Caicos Islands,TCA,2009,CO2 emissions from liquid fuel consumption (kt),EN.ATM.CO2E.LF.KT,179.683
Turks and Caicos Islands,TCA,2008,CO2 emissions from liquid fuel consumption (kt),EN.ATM.CO2E.LF.KT,179.683
Turks and Caicos Islands,TCA,2007,CO2 emissions from liquid fuel consumption (kt),EN.ATM.CO2E.LF.KT,165.015
Turks and Caicos Islands,TCA,2006,CO2 emissions from liquid fuel consumption (kt),EN.ATM.CO2E.LF.KT,143.013
Turks and Caicos Islands,TCA,2005,CO2 emissions from liquid fuel consumption (kt),EN.ATM.CO2E.LF.KT,121.011
Turks and Caicos Islands,TCA,2004,CO2 emissions from liquid fuel consumption (kt),EN.ATM.CO2E.LF.KT,102.676
Turks and Caicos Islands,TCA,2003,CO2 emissions from liquid fuel consumption (kt),EN.ATM.CO2E.LF.KT,102.676
Turks and Caicos Islands,TCA,2002,CO2 emissions from liquid fuel consumption (kt),EN.ATM.CO2E.LF.KT,99.009
Turks and Caicos Islands,TCA,2001,CO2 emissions from liquid fuel consumption (kt),EN.ATM.CO2E.LF.KT,73.34
Turks and Caicos Islands,TCA,2000,CO2 emissions from liquid fuel consumption (kt),EN.ATM.CO2E.LF.KT,69.673
Turks and Caicos Islands,TCA,1999,CO2 emissions from liquid fuel consumption (kt),EN.ATM.CO2E.LF.KT,66.006
Turks and Caicos Islands,TCA,1998,CO2 emissions from liquid fuel consumption (kt),EN.ATM.CO2E.LF.KT,58.672
Turks and Caicos Islands,TCA,1997,CO2 emissions from liquid fuel consumption (kt),EN.ATM.CO2E.LF.KT,55.005
Turks and Caicos Islands,TCA,1996,CO2 emissions from liquid fuel consumption (kt),EN.ATM.CO2E.LF.KT,47.671
Turks and Caicos Islands,TCA,1995,CO2 emissions from liquid fuel consumption (kt),EN.ATM.CO2E.LF.KT,47.671
Turks and Caicos Islands,TCA,1994,CO2 emissions from liquid fuel consumption (kt),EN.ATM.CO2E.LF.KT,44.004
Turks and Caicos Islands,TCA,1993,CO2 emissions from liquid fuel consumption (kt),EN.ATM.CO2E.LF.KT,40.337
Turks and Caicos Islands,TCA,1992,CO2 emissions from liquid fuel consumption (kt),EN.ATM.CO2E.LF.KT,33.003
Turks and Caicos Islands,TCA,1991,CO2 emissions from liquid fuel consumption (kt),EN.ATM.CO2E.LF.KT,29.336
Turks and Caicos Islands,TCA,1990,CO2 emissions from liquid fuel consumption (kt),EN.ATM.CO2E.LF.KT,29.336
Turks and Caicos Islands,TCA,2008,Methane emissions in energy sector (thousand metric tons of CO2 equivalent),EN.ATM.METH.EG.KT.CE,0.316654496223999
Turks and Caicos Islands,TCA,2007,Methane emissions in energy sector (thousand metric tons of CO2 equivalent),EN.ATM.METH.EG.KT.CE,0.301363550385666
Turks and Caicos Islands,TCA,2006,Methane emissions in energy sector (thousand metric tons of CO2 equivalent),EN.ATM.METH.EG.KT.CE,0.278036528322005
Turks and Caicos Islands,TCA,2005,Methane emissions in energy sector (thousand metric tons of CO2 equivalent),EN.ATM.METH.EG.KT.CE,0.260957843759499
Turks and Caicos Islands,TCA,2004,Methane emissions in energy sector (thousand metric tons of CO2 equivalent),EN.ATM.METH.EG.KT.CE,0.252943183750036
Turks and Caicos Islands,TCA,2003,Methane emissions in energy sector (thousand metric tons of CO2 equivalent),EN.ATM.METH.EG.KT.CE,0.239706387984831
Turks and Caicos Islands,TCA,2002,Methane emissions in energy sector (thousand metric tons of CO2 equivalent),EN.ATM.METH.EG.KT.CE,0.22937385426538
Turks and Caicos Islands,TCA,2001,Methane emissions in energy sector (thousand metric tons of CO2 equivalent),EN.ATM.METH.EG.KT.CE,0.221053718564836
Turks and Caicos Islands,TCA,2000,Methane emissions in energy sector (thousand metric tons of CO2 equivalent),EN.ATM.METH.EG.KT.CE,0.197877095804065
Turks and Caicos Islands,TCA,1999,Methane emissions in energy sector (thousand metric tons of CO2 equivalent),EN.ATM.METH.EG.KT.CE,0.185816320783299
Turks and Caicos Islands,TCA,1998,Methane emissions in energy sector (thousand metric tons of CO2 equivalent),EN.ATM.METH.EG.KT.CE,0.17634348507659
Turks and Caicos Islands,TCA,1997,Methane emissions in energy sector (thousand metric tons of CO2 equivalent),EN.ATM.METH.EG.KT.CE,0.160368641791488
Turks and Caicos Islands,TCA,1996,Methane emissions in energy sector (thousand metric tons of CO2 equivalent),EN.ATM.METH.EG.KT.CE,0.160729047664106
Turks and Caicos Islands,TCA,1995,Methane emissions in energy sector (thousand metric tons of CO2 equivalent),EN.ATM.METH.EG.KT.CE,0.158842713570671
Turks and Caicos Islands,TCA,1994,Methane emissions in energy sector (thousand metric tons of CO2 equivalent),EN.ATM.METH.EG.KT.CE,0.153506690399288
Turks and Caicos Islands,TCA,1993,Methane emissions in energy sector (thousand metric tons of CO2 equivalent),EN.ATM.METH.EG.KT.CE,0.145070399624475
Turks and Caicos Islands,TCA,1992,Methane emissions in energy sector (thousand metric tons of CO2 equivalent),EN.ATM.METH.EG.KT.CE,0.131685669010056
Turks and Caicos Islands,TCA,1991,Methane emissions in energy sector (thousand metric tons of CO2 equivalent),EN.ATM.METH.EG.KT.CE,0.125480765247168
Turks and Caicos Islands,TCA,1990,Methane emissions in energy sector (thousand metric tons of CO2 equivalent),EN.ATM.METH.EG.KT.CE,0.12424488394365
Turks and Caicos Islands,TCA,1989,Methane emissions in energy sector (thousand metric tons of CO2 equivalent),EN.ATM.METH.EG.KT.CE,0.116396394984512
Turks and Caicos Islands,TCA,1988,Methane emissions in energy sector (thousand metric tons of CO2 equivalent),EN.ATM.METH.EG.KT.CE,0.116861814223278
Turks and Caicos Islands,TCA,1987,Methane emissions in energy sector (thousand metric tons of CO2 equivalent),EN.ATM.METH.EG.KT.CE,0.107630929312174
Turks and Caicos Islands,TCA,1986,Methane emissions in energy sector (thousand metric tons of CO2 equivalent),EN.ATM.METH.EG.KT.CE,0.108336619132686
Turks and Caicos Islands,TCA,1985,Methane emissions in energy sector (thousand metric tons of CO2 equivalent),EN.ATM.METH.EG.KT.CE,0.105815248211482
Turks and Caicos Islands,TCA,1984,Methane emissions in energy sector (thousand metric tons of CO2 equivalent),EN.ATM.METH.EG.KT.CE,0.0990775906394536
Turks and Caicos Islands,TCA,1983,Methane emissions in energy sector (thousand metric tons of CO2 equivalent),EN.ATM.METH.EG.KT.CE,0.0999521419527306
Turks and Caicos Islands,TCA,1982,Methane emissions in energy sector (thousand metric tons of CO2 equivalent),EN.ATM.METH.EG.KT.CE,0.0918482604871218
Turks and Caicos Islands,TCA,1981,Methane emissions in energy sector (thousand metric tons of CO2 equivalent),EN.ATM.METH.EG.KT.CE,0.0861122204014088
Turks and Caicos Islands,TCA,1980,Methane emissions in energy sector (thousand metric tons of CO2 equivalent),EN.ATM.METH.EG.KT.CE,0.0845231581448636
Turks and Caicos Islands,TCA,1979,Methane emissions in energy sector (thousand metric tons of CO2 equivalent),EN.ATM.METH.EG.KT.CE,0.0850503252429244
Turks and Caicos Islands,TCA,1978,Methane emissions in energy sector (thousand metric tons of CO2 equivalent),EN.ATM.METH.EG.KT.CE,0.0793978757966648
Turks and Caicos Islands,TCA,1977,Methane emissions in energy sector (thousand metric tons of CO2 equivalent),EN.ATM.METH.EG.KT.CE,0.0750698549242585
Turks and Caicos Islands,TCA,1976,Methane emissions in energy sector (thousand metric tons of CO2 equivalent),EN.ATM.METH.EG.KT.CE,0.0772430015233165
Turks and Caicos Islands,TCA,1975,Methane emissions in energy sector (thousand metric tons of CO2 equivalent),EN.ATM.METH.EG.KT.CE,0.0774351759833666
Turks and Caicos Islands,TCA,1974,Methane emissions in energy sector (thousand metric tons of CO2 equivalent),EN.ATM.METH.EG.KT.CE,0.077818264743073
Turks and Caicos Islands,TCA,1973,Methane emissions in energy sector (thousand metric tons of CO2 equivalent),EN.ATM.METH.EG.KT.CE,0.0783941580430263
Turks and Caicos Islands,TCA,1972,Methane emissions in energy sector (thousand metric tons of CO2 equivalent),EN.ATM.METH.EG.KT.CE,0.0645053002630797
Turks and Caicos Islands,TCA,1971,Methane emissions in energy sector (thousand metric tons of CO2 equivalent),EN.ATM.METH.EG.KT.CE,0.0671510070098019
Turks and Caicos Islands,TCA,1970,Methane emissions in energy sector (thousand metric tons of CO2 equivalent),EN.ATM.METH.EG.KT.CE,0.0675038519200577
Turks and Caicos Islands,TCA,1969,Methane emissions in energy sector (thousand metric tons of CO2 equivalent),EN.ATM.METH.EG.KT.CE,0
Turks and Caicos Islands,TCA,2008,Energy related methane emissions (% of total),EN.ATM.METH.EG.ZS,5.73839690013174
Turks and Caicos Islands,TCA,2007,Energy related methane emissions (% of total),EN.ATM.METH.EG.ZS,5.71302059676753
Turks and Caicos Islands,TCA,2006,Energy related methane emissions (% of total),EN.ATM.METH.EG.ZS,5.53780405764147
Turks and Caicos Islands,TCA,2005,Energy related methane emissions (% of total),EN.ATM.METH.EG.ZS,5.46838394171771
Turks and Caicos Islands,TCA,2004,Energy related methane emissions (% of total),EN.ATM.METH.EG.ZS,5.5699267324059
Turks and Caicos Islands,TCA,2003,Energy related methane emissions (% of total),EN.ATM.METH.EG.ZS,5.57808265173704
Turks and Caicos Islands,TCA,2002,Energy related methane emissions (% of total),EN.ATM.METH.EG.ZS,5.65086889587025
Turks and Caicos Islands,TCA,2001,Energy related methane emissions (% of total),EN.ATM.METH.EG.ZS,5.76032746578093
Turks and Caicos Islands,TCA,2000,Energy related methane emissions (% of total),EN.ATM.METH.EG.ZS,5.45344319946823
Turks and Caicos Islands,TCA,1999,Energy related methane emissions (% of total),EN.ATM.METH.EG.ZS,5.39371912695893
Turks and Caicos Islands,TCA,1998,Energy related methane emissions (% of total),EN.ATM.METH.EG.ZS,5.36636200093698
Turks and Caicos Islands,TCA,1997,Energy related methane emissions (% of total),EN.ATM.METH.EG.ZS,5.11630844839263
Turks and Caicos Islands,TCA,1996,Energy related methane emissions (% of total),EN.ATM.METH.EG.ZS,5.34594512213647
Turks and Caicos Islands,TCA,1995,Energy related methane emissions (% of total),EN.ATM.METH.EG.ZS,5.51905136655935
Turks and Caicos Islands,TCA,1994,Energy related methane emissions (% of total),EN.ATM.METH.EG.ZS,5.56821180769605
Turks and Caicos Islands,TCA,1993,Energy related methane emissions (% of total),EN.ATM.METH.EG.ZS,5.51567019464575
Turks and Caicos Islands,TCA,1992,Energy related methane emissions (% of total),EN.ATM.METH.EG.ZS,3.08524518326187
Turks and Caicos Islands,TCA,1991,Energy related methane emissions (% of total),EN.ATM.METH.EG.ZS,5.23866793223204
Turks and Caicos Islands,TCA,1990,Energy related methane emissions (% of total),EN.ATM.METH.EG.ZS,5.39098199939471
Turks and Caicos Islands,TCA,1989,Energy related methane emissions (% of total),EN.ATM.METH.EG.ZS,5.20866145715082
Turks and Caicos Islands,TCA,1988,Energy related methane emissions (% of total),EN.ATM.METH.EG.ZS,5.37149987926394
Turks and Caicos Islands,TCA,1987,Energy related methane emissions (% of total),EN.ATM.METH.EG.ZS,5.09753718153923
Turks and Caicos Islands,TCA,1986,Energy related methane emissions (% of total),EN.ATM.METH.EG.ZS,5.27552599291407
Turks and Caicos Islands,TCA,1985,Energy related methane emissions (% of total),EN.ATM.METH.EG.ZS,5.32610109131498
Turks and Caicos Islands,TCA,1984,Energy related methane emissions (% of total),EN.ATM.METH.EG.ZS,5.29699220184734
Turks and Caicos Islands,TCA,1983,Energy related methane emissions (% of total),EN.ATM.METH.EG.ZS,5.66644605810495
Turks and Caicos Islands,TCA,1982,Energy related methane emissions (% of total),EN.ATM.METH.EG.ZS,5.55172300017056
Turks and Caicos Islands,TCA,1981,Energy related methane emissions (% of total),EN.ATM.METH.EG.ZS,5.52933602171666
Turks and Caicos Islands,TCA,1980,Energy related methane emissions (% of total),EN.ATM.METH.EG.ZS,5.73217126323217
Turks and Caicos Islands,TCA,1979,Energy related methane emissions (% of total),EN.ATM.METH.EG.ZS,6.01551262460122
Turks and Caicos Islands,TCA,1978,Energy related methane emissions (% of total),EN.ATM.METH.EG.ZS,5.82942069842328
Turks and Caicos Islands,TCA,1977,Energy related methane emissions (% of total),EN.ATM.METH.EG.ZS,5.65549088612594
Turks and Caicos Islands,TCA,1976,Energy related methane emissions (% of total),EN.ATM.METH.EG.ZS,5.86935059141944
Turks and Caicos Islands,TCA,1975,Energy related methane emissions (% of total),EN.ATM.METH.EG.ZS,5.85313166461572
Turks and Caicos Islands,TCA,1974,Energy related methane emissions (% of total),EN.ATM.METH.EG.ZS,5.72024880498919
Turks and Caicos Islands,TCA,1973,Energy related methane emissions (% of total),EN.ATM.METH.EG.ZS,5.63966461947601
Turks and Caicos Islands,TCA,1972,Energy related methane emissions (% of total),EN.ATM.METH.EG.ZS,4.62834901794358
Turks and Caicos Islands,TCA,1971,Energy related methane emissions (% of total),EN.ATM.METH.EG.ZS,4.78924821055273
Turks and Caicos Islands,TCA,1970,Energy related methane emissions (% of total),EN.ATM.METH.EG.ZS,4.83836149601182
Turks and Caicos Islands,TCA,2008,Nitrous oxide emissions in energy sector (thousand metric tons of CO2 equivalent),EN.ATM.NOXE.EG.KT.CE,0.309826741
Turks and Caicos Islands,TCA,2007,Nitrous oxide emissions in energy sector (thousand metric tons of CO2 equivalent),EN.ATM.NOXE.EG.KT.CE,0.295760677
Turks and Caicos Islands,TCA,2006,Nitrous oxide emissions in energy sector (thousand metric tons of CO2 equivalent),EN.ATM.NOXE.EG.KT.CE,0.18298085358
Turks and Caicos Islands,TCA,2005,Nitrous oxide emissions in energy sector (thousand metric tons of CO2 equivalent),EN.ATM.NOXE.EG.KT.CE,0.16372715007
Turks and Caicos Islands,TCA,2004,Nitrous oxide emissions in energy sector (thousand metric tons of CO2 equivalent),EN.ATM.NOXE.EG.KT.CE,0.16293549098
Turks and Caicos Islands,TCA,2003,Nitrous oxide emissions in energy sector (thousand metric tons of CO2 equivalent),EN.ATM.NOXE.EG.KT.CE,0.15564720064
Turks and Caicos Islands,TCA,2002,Nitrous oxide emissions in energy sector (thousand metric tons of CO2 equivalent),EN.ATM.NOXE.EG.KT.CE,0.15066163804
Turks and Caicos Islands,TCA,2001,Nitrous oxide emissions in energy sector (thousand metric tons of CO2 equivalent),EN.ATM.NOXE.EG.KT.CE,0.15484956227
Turks and Caicos Islands,TCA,2000,Nitrous oxide emissions in energy sector (thousand metric tons of CO2 equivalent),EN.ATM.NOXE.EG.KT.CE,0.10155228124
Turks and Caicos Islands,TCA,1999,Nitrous oxide emissions in energy sector (thousand metric tons of CO2 equivalent),EN.ATM.NOXE.EG.KT.CE,0.09029618
Turks and Caicos Islands,TCA,1998,Nitrous oxide emissions in energy sector (thousand metric tons of CO2 equivalent),EN.ATM.NOXE.EG.KT.CE,0.08585171
Turks and Caicos Islands,TCA,1997,Nitrous oxide emissions in energy sector (thousand metric tons of CO2 equivalent),EN.ATM.NOXE.EG.KT.CE,0.08124666
Turks and Caicos Islands,TCA,1996,Nitrous oxide emissions in energy sector (thousand metric tons of CO2 equivalent),EN.ATM.NOXE.EG.KT.CE,0.07834196
Turks and Caicos Islands,TCA,1995,Nitrous oxide emissions in energy sector (thousand metric tons of CO2 equivalent),EN.ATM.NOXE.EG.KT.CE,0.094353863
Turks and Caicos Islands,TCA,1994,Nitrous oxide emissions in energy sector (thousand metric tons of CO2 equivalent),EN.ATM.NOXE.EG.KT.CE,0.083870035
Turks and Caicos Islands,TCA,1993,Nitrous oxide emissions in energy sector (thousand metric tons of CO2 equivalent),EN.ATM.NOXE.EG.KT.CE,0.078981211
Turks and Caicos Islands,TCA,1992,Nitrous oxide emissions in energy sector (thousand metric tons of CO2 equivalent),EN.ATM.NOXE.EG.KT.CE,0.076211702
Turks and Caicos Islands,TCA,1991,Nitrous oxide emissions in energy sector (thousand metric tons of CO2 equivalent),EN.ATM.NOXE.EG.KT.CE,0.080055113
Turks and Caicos Islands,TCA,1990,Nitrous oxide emissions in energy sector (thousand metric tons of CO2 equivalent),EN.ATM.NOXE.EG.KT.CE,0.05343036
Turks and Caicos Islands,TCA,1989,Nitrous oxide emissions in energy sector (thousand metric tons of CO2 equivalent),EN.ATM.NOXE.EG.KT.CE,0.048902376
Turks and Caicos Islands,TCA,1988,Nitrous oxide emissions in energy sector (thousand metric tons of CO2 equivalent),EN.ATM.NOXE.EG.KT.CE,0.048175612
Turks and Caicos Islands,TCA,1987,Nitrous oxide emissions in energy sector (thousand metric tons of CO2 equivalent),EN.ATM.NOXE.EG.KT.CE,0.062650504
Turks and Caicos Islands,TCA,1986,Nitrous oxide emissions in energy sector (thousand metric tons of CO2 equivalent),EN.ATM.NOXE.EG.KT.CE,0.062664392
Turks and Caicos Islands,TCA,1985,Nitrous oxide emissions in energy sector (thousand metric tons of CO2 equivalent),EN.ATM.NOXE.EG.KT.CE,0.05640698
Turks and Caicos Islands,TCA,1984,Nitrous oxide emissions in energy sector (thousand metric tons of CO2 equivalent),EN.ATM.NOXE.EG.KT.CE,0.054892382
Turks and Caicos Islands,TCA,1983,Nitrous oxide emissions in energy sector (thousand metric tons of CO2 equivalent),EN.ATM.NOXE.EG.KT.CE,0.054513624
Turks and Caicos Islands,TCA,1982,Nitrous oxide emissions in energy sector (thousand metric tons of CO2 equivalent),EN.ATM.NOXE.EG.KT.CE,0.055668188
Turks and Caicos Islands,TCA,1981,Nitrous oxide emissions in energy sector (thousand metric tons of CO2 equivalent),EN.ATM.NOXE.EG.KT.CE,0.05582356
Turks and Caicos Islands,TCA,1980,Nitrous oxide emissions in energy sector (thousand metric tons of CO2 equivalent),EN.ATM.NOXE.EG.KT.CE,0.05183355
Turks and Caicos Islands,TCA,1979,Nitrous oxide emissions in energy sector (thousand metric tons of CO2 equivalent),EN.ATM.NOXE.EG.KT.CE,0.05269256
Turks and Caicos Islands,TCA,1978,Nitrous oxide emissions in energy sector (thousand metric tons of CO2 equivalent),EN.ATM.NOXE.EG.KT.CE,0.053327068
Turks and Caicos Islands,TCA,1977,Nitrous oxide emissions in energy sector (thousand metric tons of CO2 equivalent),EN.ATM.NOXE.EG.KT.CE,0.044749492
Turks and Caicos Islands,TCA,1976,Nitrous oxide emissions in energy sector (thousand metric tons of CO2 equivalent),EN.ATM.NOXE.EG.KT.CE,0.048154656
Turks and Caicos Islands,TCA,1975,Nitrous oxide emissions in energy sector (thousand metric tons of CO2 equivalent),EN.ATM.NOXE.EG.KT.CE,0.04766126
Turks and Caicos Islands,TCA,1974,Nitrous oxide emissions in energy sector (thousand metric tons of CO2 equivalent),EN.ATM.NOXE.EG.KT.CE,0.047543584
Turks and Caicos Islands,TCA,1973,Nitrous oxide emissions in energy sector (thousand metric tons of CO2 equivalent),EN.ATM.NOXE.EG.KT.CE,0.047805348
Turks and Caicos Islands,TCA,1972,Nitrous oxide emissions in energy sector (thousand metric tons of CO2 equivalent),EN.ATM.NOXE.EG.KT.CE,0.046407496
Turks and Caicos Islands,TCA,1971,Nitrous oxide emissions in energy sector (thousand metric tons of CO2 equivalent),EN.ATM.NOXE.EG.KT.CE,0.046458956
Turks and Caicos Islands,TCA,1970,Nitrous oxide emissions in energy sector (thousand metric tons of CO2 equivalent),EN.ATM.NOXE.EG.KT.CE,0.0464659
Turks and Caicos Islands,TCA,1969,Nitrous oxide emissions in energy sector (thousand metric tons of CO2 equivalent),EN.ATM.NOXE.EG.KT.CE,0
Turks and Caicos Islands,TCA,2008,Nitrous oxide emissions in energy sector (% of total),EN.ATM.NOXE.EG.ZS,60.6729417335454
Turks and Caicos Islands,TCA,2007,Nitrous oxide emissions in energy sector (% of total),EN.ATM.NOXE.EG.ZS,60.8658875016746
Turks and Caicos Islands,TCA,2006,Nitrous oxide emissions in energy sector (% of total),EN.ATM.NOXE.EG.ZS,53.8785273016047
Turks and Caicos Islands,TCA,2005,Nitrous oxide emissions in energy sector (% of total),EN.ATM.NOXE.EG.ZS,54.8759098673383
Turks and Caicos Islands,TCA,2004,Nitrous oxide emissions in energy sector (% of total),EN.ATM.NOXE.EG.ZS,53.806202678853
Turks and Caicos Islands,TCA,2003,Nitrous oxide emissions in energy sector (% of total),EN.ATM.NOXE.EG.ZS,52.3045115695695
Turks and Caicos Islands,TCA,2002,Nitrous oxide emissions in energy sector (% of total),EN.ATM.NOXE.EG.ZS,50.1423039622307
Turks and Caicos Islands,TCA,2001,Nitrous oxide emissions in energy sector (% of total),EN.ATM.NOXE.EG.ZS,47.0073983418499
Turks and Caicos Islands,TCA,2000,Nitrous oxide emissions in energy sector (% of total),EN.ATM.NOXE.EG.ZS,61.7791003230509
Turks and Caicos Islands,TCA,1999,Nitrous oxide emissions in energy sector (% of total),EN.ATM.NOXE.EG.ZS,61.6745927221448
Turks and Caicos Islands,TCA,1998,Nitrous oxide emissions in energy sector (% of total),EN.ATM.NOXE.EG.ZS,61.5510615930675
Turks and Caicos Islands,TCA,1997,Nitrous oxide emissions in energy sector (% of total),EN.ATM.NOXE.EG.ZS,61.2814373497694
Turks and Caicos Islands,TCA,1996,Nitrous oxide emissions in energy sector (% of total),EN.ATM.NOXE.EG.ZS,61.2725059765399
Turks and Caicos Islands,TCA,1995,Nitrous oxide emissions in energy sector (% of total),EN.ATM.NOXE.EG.ZS,59.7505089350742
Turks and Caicos Islands,TCA,1994,Nitrous oxide emissions in energy sector (% of total),EN.ATM.NOXE.EG.ZS,58.6622419486683
Turks and Caicos Islands,TCA,1993,Nitrous oxide emissions in energy sector (% of total),EN.ATM.NOXE.EG.ZS,58.0220037986272
Turks and Caicos Islands,TCA,1992,Nitrous oxide emissions in energy sector (% of total),EN.ATM.NOXE.EG.ZS,57.7225074957679
Turks and Caicos Islands,TCA,1991,Nitrous oxide emissions in energy sector (% of total),EN.ATM.NOXE.EG.ZS,57.8755185420089
Turks and Caicos Islands,TCA,1990,Nitrous oxide emissions in energy sector (% of total),EN.ATM.NOXE.EG.ZS,60.0916247707637
Turks and Caicos Islands,TCA,1989,Nitrous oxide emissions in energy sector (% of total),EN.ATM.NOXE.EG.ZS,59.5528710030579
Turks and Caicos Islands,TCA,1988,Nitrous oxide emissions in energy sector (% of total),EN.ATM.NOXE.EG.ZS,59.8917052378438
Turks and Caicos Islands,TCA,1987,Nitrous oxide emissions in energy sector (% of total),EN.ATM.NOXE.EG.ZS,63.3241526685028
Turks and Caicos Islands,TCA,1986,Nitrous oxide emissions in energy sector (% of total),EN.ATM.NOXE.EG.ZS,63.7108944093898
Turks and Caicos Islands,TCA,1985,Nitrous oxide emissions in energy sector (% of total),EN.ATM.NOXE.EG.ZS,63.015321106001
Turks and Caicos Islands,TCA,1984,Nitrous oxide emissions in energy sector (% of total),EN.ATM.NOXE.EG.ZS,63.1847847419223
Turks and Caicos Islands,TCA,1983,Nitrous oxide emissions in energy sector (% of total),EN.ATM.NOXE.EG.ZS,63.6375940448231
Turks and Caicos Islands,TCA,1982,Nitrous oxide emissions in energy sector (% of total),EN.ATM.NOXE.EG.ZS,64.3376696893373
Turks and Caicos Islands,TCA,1981,Nitrous oxide emissions in energy sector (% of total),EN.ATM.NOXE.EG.ZS,64.8263746391055
Turks and Caicos Islands,TCA,1980,Nitrous oxide emissions in energy sector (% of total),EN.ATM.NOXE.EG.ZS,64.5359877724943
Turks and Caicos Islands,TCA,1979,Nitrous oxide emissions in energy sector (% of total),EN.ATM.NOXE.EG.ZS,65.0518766289185
Turks and Caicos Islands,TCA,1978,Nitrous oxide emissions in energy sector (% of total),EN.ATM.NOXE.EG.ZS,65.4113907204186
Turks and Caicos Islands,TCA,1977,Nitrous oxide emissions in energy sector (% of total),EN.ATM.NOXE.EG.ZS,63.9517636738998
Turks and Caicos Islands,TCA,1976,Nitrous oxide emissions in energy sector (% of total),EN.ATM.NOXE.EG.ZS,64.9249969697856
Turks and Caicos Islands,TCA,1975,Nitrous oxide emissions in energy sector (% of total),EN.ATM.NOXE.EG.ZS,65.0895189388968
Turks and Caicos Islands,TCA,1974,Nitrous oxide emissions in energy sector (% of total),EN.ATM.NOXE.EG.ZS,65.3679993180462
Turks and Caicos Islands,TCA,1973,Nitrous oxide emissions in energy sector (% of total),EN.ATM.NOXE.EG.ZS,65.7419107302724
Turks and Caicos Islands,TCA,1972,Nitrous oxide emissions in energy sector (% of total),EN.ATM.NOXE.EG.ZS,65.7191272663418
Turks and Caicos Islands,TCA,1971,Nitrous oxide emissions in energy sector (% of total),EN.ATM.NOXE.EG.ZS,66.0160252315906
Turks and Caicos Islands,TCA,1970,Nitrous oxide emissions in energy sector (% of total),EN.ATM.NOXE.EG.ZS,66.2052455367002
Turks and Caicos Islands,TCA,2017,Adjusted savings: mineral depletion (current US$),NY.ADJ.DMIN.CD,0
Turks and Caicos Islands,TCA,2016,Adjusted savings: mineral depletion (current US$),NY.ADJ.DMIN.CD,0
Turks and Caicos Islands,TCA,2015,Adjusted savings: mineral depletion (current US$),NY.ADJ.DMIN.CD,0
Turks and Caicos Islands,TCA,2014,Adjusted savings: mineral depletion (current US$),NY.ADJ.DMIN.CD,0
Turks and Caicos Islands,TCA,2013,Adjusted savings: mineral depletion (current US$),NY.ADJ.DMIN.CD,0
Turks and Caicos Islands,TCA,2012,Adjusted savings: mineral depletion (current US$),NY.ADJ.DMIN.CD,0
Turks and Caicos Islands,TCA,2011,Adjusted savings: mineral depletion (current US$),NY.ADJ.DMIN.CD,0
Turks and Caicos Islands,TCA,2010,Adjusted savings: mineral depletion (current US$),NY.ADJ.DMIN.CD,0
Turks and Caicos Islands,TCA,2009,Adjusted savings: mineral depletion (current US$),NY.ADJ.DMIN.CD,0
Turks and Caicos Islands,TCA,2008,Adjusted savings: mineral depletion (current US$),NY.ADJ.DMIN.CD,0
Turks and Caicos Islands,TCA,2007,Adjusted savings: mineral depletion (current US$),NY.ADJ.DMIN.CD,0
Turks and Caicos Islands,TCA,2006,Adjusted savings: mineral depletion (current US$),NY.ADJ.DMIN.CD,0
Turks and Caicos Islands,TCA,2005,Adjusted savings: mineral depletion (current US$),NY.ADJ.DMIN.CD,0
Turks and Caicos Islands,TCA,2004,Adjusted savings: mineral depletion (current US$),NY.ADJ.DMIN.CD,0
Turks and Caicos Islands,TCA,2003,Adjusted savings: mineral depletion (current US$),NY.ADJ.DMIN.CD,0
Turks and Caicos Islands,TCA,2002,Adjusted savings: mineral depletion (current US$),NY.ADJ.DMIN.CD,0
Turks and Caicos Islands,TCA,2001,Adjusted savings: mineral depletion (current US$),NY.ADJ.DMIN.CD,0
Turks and Caicos Islands,TCA,2000,Adjusted savings: mineral depletion (current US$),NY.ADJ.DMIN.CD,0
Turks and Caicos Islands,TCA,1999,Adjusted savings: mineral depletion (current US$),NY.ADJ.DMIN.CD,0
Turks and Caicos Islands,TCA,1998,Adjusted savings: mineral depletion (current US$),NY.ADJ.DMIN.CD,0
Turks and Caicos Islands,TCA,1997,Adjusted savings: mineral depletion (current US$),NY.ADJ.DMIN.CD,0
Turks and Caicos Islands,TCA,1996,Adjusted savings: mineral depletion (current US$),NY.ADJ.DMIN.CD,0
Turks and Caicos Islands,TCA,1995,Adjusted savings: mineral depletion (current US$),NY.ADJ.DMIN.CD,0
Turks and Caicos Islands,TCA,1994,Adjusted savings: mineral depletion (current US$),NY.ADJ.DMIN.CD,0
Turks and Caicos Islands,TCA,1993,Adjusted savings: mineral depletion (current US$),NY.ADJ.DMIN.CD,0
Turks and Caicos Islands,TCA,1992,Adjusted savings: mineral depletion (current US$),NY.ADJ.DMIN.CD,0
Turks and Caicos Islands,TCA,1991,Adjusted savings: mineral depletion (current US$),NY.ADJ.DMIN.CD,0
Turks and Caicos Islands,TCA,1990,Adjusted savings: mineral depletion (current US$),NY.ADJ.DMIN.CD,0
Turks and Caicos Islands,TCA,1989,Adjusted savings: mineral depletion (current US$),NY.ADJ.DMIN.CD,0
Turks and Caicos Islands,TCA,1988,Adjusted savings: mineral depletion (current US$),NY.ADJ.DMIN.CD,0
Turks and Caicos Islands,TCA,1987,Adjusted savings: mineral depletion (current US$),NY.ADJ.DMIN.CD,0
Turks and Caicos Islands,TCA,1986,Adjusted savings: mineral depletion (current US$),NY.ADJ.DMIN.CD,0
Turks and Caicos Islands,TCA,1985,Adjusted savings: mineral depletion (current US$),NY.ADJ.DMIN.CD,0
Turks and Caicos Islands,TCA,1984,Adjusted savings: mineral depletion (current US$),NY.ADJ.DMIN.CD,0
Turks and Caicos Islands,TCA,1983,Adjusted savings: mineral depletion (current US$),NY.ADJ.DMIN.CD,0
Turks and Caicos Islands,TCA,1982,Adjusted savings: mineral depletion (current US$),NY.ADJ.DMIN.CD,0
Turks and Caicos Islands,TCA,1981,Adjusted savings: mineral depletion (current US$),NY.ADJ.DMIN.CD,0
Turks and Caicos Islands,TCA,1980,Adjusted savings: mineral depletion (current US$),NY.ADJ.DMIN.CD,0
Turks and Caicos Islands,TCA,1979,Adjusted savings: mineral depletion (current US$),NY.ADJ.DMIN.CD,0
Turks and Caicos Islands,TCA,1978,Adjusted savings: mineral depletion (current US$),NY.ADJ.DMIN.CD,0
Turks and Caicos Islands,TCA,1977,Adjusted savings: mineral depletion (current US$),NY.ADJ.DMIN.CD,0
Turks and Caicos Islands,TCA,1976,Adjusted savings: mineral depletion (current US$),NY.ADJ.DMIN.CD,0
Turks and Caicos Islands,TCA,1975,Adjusted savings: mineral depletion (current US$),NY.ADJ.DMIN.CD,0
Turks and Caicos Islands,TCA,1974,Adjusted savings: mineral depletion (current US$),NY.ADJ.DMIN.CD,0
Turks and Caicos Islands,TCA,1973,Adjusted savings: mineral depletion (current US$),NY.ADJ.DMIN.CD,0
Turks and Caicos Islands,TCA,1972,Adjusted savings: mineral depletion (current US$),NY.ADJ.DMIN.CD,0
Turks and Caicos Islands,TCA,1971,Adjusted savings: mineral depletion (current US$),NY.ADJ.DMIN.CD,0
Turks and Caicos Islands,TCA,1970,Adjusted savings: mineral depletion (current US$),NY.ADJ.DMIN.CD,0
Turks and Caicos Islands,TCA,2017,Adjusted savings: energy depletion (current US$),NY.ADJ.DNGY.CD,0
Turks and Caicos Islands,TCA,2016,Adjusted savings: energy depletion (current US$),NY.ADJ.DNGY.CD,0
Turks and Caicos Islands,TCA,2015,Adjusted savings: energy depletion (current US$),NY.ADJ.DNGY.CD,0
Turks and Caicos Islands,TCA,2014,Adjusted savings: energy depletion (current US$),NY.ADJ.DNGY.CD,0
Turks and Caicos Islands,TCA,2013,Adjusted savings: energy depletion (current US$),NY.ADJ.DNGY.CD,0
Turks and Caicos Islands,TCA,2012,Adjusted savings: energy depletion (current US$),NY.ADJ.DNGY.CD,0
Turks and Caicos Islands,TCA,2011,Adjusted savings: energy depletion (current US$),NY.ADJ.DNGY.CD,0
Turks and Caicos Islands,TCA,2010,Adjusted savings: energy depletion (current US$),NY.ADJ.DNGY.CD,0
Turks and Caicos Islands,TCA,2009,Adjusted savings: energy depletion (current US$),NY.ADJ.DNGY.CD,0
Turks and Caicos Islands,TCA,2008,Adjusted savings: energy depletion (current US$),NY.ADJ.DNGY.CD,0
Turks and Caicos Islands,TCA,2007,Adjusted savings: energy depletion (current US$),NY.ADJ.DNGY.CD,0
Turks and Caicos Islands,TCA,2006,Adjusted savings: energy depletion (current US$),NY.ADJ.DNGY.CD,0
Turks and Caicos Islands,TCA,2005,Adjusted savings: energy depletion (current US$),NY.ADJ.DNGY.CD,0
Turks and Caicos Islands,TCA,2004,Adjusted savings: energy depletion (current US$),NY.ADJ.DNGY.CD,0
Turks and Caicos Islands,TCA,2003,Adjusted savings: energy depletion (current US$),NY.ADJ.DNGY.CD,0
Turks and Caicos Islands,TCA,2002,Adjusted savings: energy depletion (current US$),NY.ADJ.DNGY.CD,0
Turks and Caicos Islands,TCA,2001,Adjusted savings: energy depletion (current US$),NY.ADJ.DNGY.CD,0
Turks and Caicos Islands,TCA,2000,Adjusted savings: energy depletion (current US$),NY.ADJ.DNGY.CD,0
Turks and Caicos Islands,TCA,1999,Adjusted savings: energy depletion (current US$),NY.ADJ.DNGY.CD,0
Turks and Caicos Islands,TCA,1998,Adjusted savings: energy depletion (current US$),NY.ADJ.DNGY.CD,0
Turks and Caicos Islands,TCA,1997,Adjusted savings: energy depletion (current US$),NY.ADJ.DNGY.CD,0
Turks and Caicos Islands,TCA,1996,Adjusted savings: energy depletion (current US$),NY.ADJ.DNGY.CD,0
Turks and Caicos Islands,TCA,1995,Adjusted savings: energy depletion (current US$),NY.ADJ.DNGY.CD,0
Turks and Caicos Islands,TCA,1994,Adjusted savings: energy depletion (current US$),NY.ADJ.DNGY.CD,0
Turks and Caicos Islands,TCA,1993,Adjusted savings: energy depletion (current US$),NY.ADJ.DNGY.CD,0
Turks and Caicos Islands,TCA,1992,Adjusted savings: energy depletion (current US$),NY.ADJ.DNGY.CD,0
Turks and Caicos Islands,TCA,1991,Adjusted savings: energy depletion (current US$),NY.ADJ.DNGY.CD,0
Turks and Caicos Islands,TCA,1990,Adjusted savings: energy depletion (current US$),NY.ADJ.DNGY.CD,0
Turks and Caicos Islands,TCA,1989,Adjusted savings: energy depletion (current US$),NY.ADJ.DNGY.CD,0
Turks and Caicos Islands,TCA,1988,Adjusted savings: energy depletion (current US$),NY.ADJ.DNGY.CD,0
Turks and Caicos Islands,TCA,1987,Adjusted savings: energy depletion (current US$),NY.ADJ.DNGY.CD,0
Turks and Caicos Islands,TCA,1986,Adjusted savings: energy depletion (current US$),NY.ADJ.DNGY.CD,0
Turks and Caicos Islands,TCA,1985,Adjusted savings: energy depletion (current US$),NY.ADJ.DNGY.CD,0
Turks and Caicos Islands,TCA,1984,Adjusted savings: energy depletion (current US$),NY.ADJ.DNGY.CD,0
Turks and Caicos Islands,TCA,1983,Adjusted savings: energy depletion (current US$),NY.ADJ.DNGY.CD,0
Turks and Caicos Islands,TCA,1982,Adjusted savings: energy depletion (current US$),NY.ADJ.DNGY.CD,0
Turks and Caicos Islands,TCA,1981,Adjusted savings: energy depletion (current US$),NY.ADJ.DNGY.CD,0
Turks and Caicos Islands,TCA,1980,Adjusted savings: energy depletion (current US$),NY.ADJ.DNGY.CD,0
Turks and Caicos Islands,TCA,2012,Fuel imports (% of merchandise imports),TM.VAL.FUEL.ZS.UN,28.2545903675294
Turks and Caicos Islands,TCA,2011,Fuel imports (% of merchandise imports),TM.VAL.FUEL.ZS.UN,28.8723868652549
Turks and Caicos Islands,TCA,2004,Fuel imports (% of merchandise imports),TM.VAL.FUEL.ZS.UN,7.81339651458034
Turks and Caicos Islands,TCA,2003,Fuel imports (% of merchandise imports),TM.VAL.FUEL.ZS.UN,8.76339376227342
Turks and Caicos Islands,TCA,2002,Fuel imports (% of merchandise imports),TM.VAL.FUEL.ZS.UN,21.9385711668312
Turks and Caicos Islands,TCA,2001,Fuel imports (% of merchandise imports),TM.VAL.FUEL.ZS.UN,10.3296058431952
Turks and Caicos Islands,TCA,2000,Fuel imports (% of merchandise imports),TM.VAL.FUEL.ZS.UN,10.049279739824
Turks and Caicos Islands,TCA,1999,Fuel imports (% of merchandise imports),TM.VAL.FUEL.ZS.UN,7.6236985910483
Turks and Caicos Islands,TCA,2012,Ores and metals imports (% of merchandise imports),TM.VAL.MMTL.ZS.UN,0.54382114143519
Turks and Caicos Islands,TCA,2011,Ores and metals imports (% of merchandise imports),TM.VAL.MMTL.ZS.UN,0.980714410012575
Turks and Caicos Islands,TCA,2004,Ores and metals imports (% of merchandise imports),TM.VAL.MMTL.ZS.UN,1.21423869599282
Turks and Caicos Islands,TCA,2003,Ores and metals imports (% of merchandise imports),TM.VAL.MMTL.ZS.UN,1.55218594789726
Turks and Caicos Islands,TCA,2002,Ores and metals imports (% of merchandise imports),TM.VAL.MMTL.ZS.UN,0.777821360686014
Turks and Caicos Islands,TCA,2001,Ores and metals imports (% of merchandise imports),TM.VAL.MMTL.ZS.UN,0.839799943476139
Turks and Caicos Islands,TCA,2000,Ores and metals imports (% of merchandise imports),TM.VAL.MMTL.ZS.UN,0.86268417398154
Turks and Caicos Islands,TCA,1999,Ores and metals imports (% of merchandise imports),TM.VAL.MMTL.ZS.UN,1.04459153191385
Turks and Caicos Islands,TCA,2012,Fuel exports (% of merchandise exports),TX.VAL.FUEL.ZS.UN,0.0569725336598632
Turks and Caicos Islands,TCA,2011,Fuel exports (% of merchandise exports),TX.VAL.FUEL.ZS.UN,0.0217987202276068
Turks and Caicos Islands,TCA,2004,Fuel exports (% of merchandise exports),TX.VAL.FUEL.ZS.UN,0.0590238567334569
Turks and Caicos Islands,TCA,2003,Fuel exports (% of merchandise exports),TX.VAL.FUEL.ZS.UN,0.00297493036803607
Turks and Caicos Islands,TCA,2002,Fuel exports (% of merchandise exports),TX.VAL.FUEL.ZS.UN,0.24488789238249
Turks and Caicos Islands,TCA,2001,Fuel exports (% of merchandise exports),TX.VAL.FUEL.ZS.UN,0.704603849238058
Turks and Caicos Islands,TCA,2000,Fuel exports (% of merchandise exports),TX.VAL.FUEL.ZS.UN,0.266351535042065
Turks and Caicos Islands,TCA,1999,Fuel exports (% of merchandise exports),TX.VAL.FUEL.ZS.UN,0.0426853921073602
Turks and Caicos Islands,TCA,2012,Ores and metals exports (% of merchandise exports),TX.VAL.MMTL.ZS.UN,0.0994821585523634
Turks and Caicos Islands,TCA,2011,Ores and metals exports (% of merchandise exports),TX.VAL.MMTL.ZS.UN,1.03643538888624
Turks and Caicos Islands,TCA,2004,Ores and metals exports (% of merchandise exports),TX.VAL.MMTL.ZS.UN,0.000916893427995016
Turks and Caicos Islands,TCA,2003,Ores and metals exports (% of merchandise exports),TX.VAL.MMTL.ZS.UN,0.0796856348581091
Turks and Caicos Islands,TCA,2002,Ores and metals exports (% of merchandise exports),TX.VAL.MMTL.ZS.UN,0.0822165275298422
Turks and Caicos Islands,TCA,2001,Ores and metals exports (% of merchandise exports),TX.VAL.MMTL.ZS.UN,0.000211656307971781
Turks and Caicos Islands,TCA,2000,Ores and metals exports (% of merchandise exports),TX.VAL.MMTL.ZS.UN,0.138221592684665
Turks and Caicos Islands,TCA,1999,Ores and metals exports (% of merchandise exports),TX.VAL.MMTL.ZS.UN,0.0172566287481359
