Country Name,Country ISO3,Year,Indicator Name,Indicator Code,Value
#country+name,#country+code,#date+year,#indicator+name,#indicator+code,#indicator+value+num
Malawi,MWI,2015,Energy intensity level of primary energy (MJ/$2011 PPP GDP),EG.EGY.PRIM.PP.KD,4.08477835402939
Malawi,MWI,2014,Energy intensity level of primary energy (MJ/$2011 PPP GDP),EG.EGY.PRIM.PP.KD,5.46140910585647
Malawi,MWI,2013,Energy intensity level of primary energy (MJ/$2011 PPP GDP),EG.EGY.PRIM.PP.KD,5.73289664892671
Malawi,MWI,2012,Energy intensity level of primary energy (MJ/$2011 PPP GDP),EG.EGY.PRIM.PP.KD,5.95591462327377
Malawi,MWI,2011,Energy intensity level of primary energy (MJ/$2011 PPP GDP),EG.EGY.PRIM.PP.KD,6.04492706349486
Malawi,MWI,2010,Energy intensity level of primary energy (MJ/$2011 PPP GDP),EG.EGY.PRIM.PP.KD,6.27178978796873
Malawi,MWI,2009,Energy intensity level of primary energy (MJ/$2011 PPP GDP),EG.EGY.PRIM.PP.KD,6.48283266369188
Malawi,MWI,2008,Energy intensity level of primary energy (MJ/$2011 PPP GDP),EG.EGY.PRIM.PP.KD,7.06586227499185
Malawi,MWI,2007,Energy intensity level of primary energy (MJ/$2011 PPP GDP),EG.EGY.PRIM.PP.KD,7.30170405366637
Malawi,MWI,2006,Energy intensity level of primary energy (MJ/$2011 PPP GDP),EG.EGY.PRIM.PP.KD,7.82272504791989
Malawi,MWI,2005,Energy intensity level of primary energy (MJ/$2011 PPP GDP),EG.EGY.PRIM.PP.KD,8.18330098587162
Malawi,MWI,2004,Energy intensity level of primary energy (MJ/$2011 PPP GDP),EG.EGY.PRIM.PP.KD,8.48849822304275
Malawi,MWI,2003,Energy intensity level of primary energy (MJ/$2011 PPP GDP),EG.EGY.PRIM.PP.KD,8.81385805191382
Malawi,MWI,2002,Energy intensity level of primary energy (MJ/$2011 PPP GDP),EG.EGY.PRIM.PP.KD,9.51226462189883
Malawi,MWI,2001,Energy intensity level of primary energy (MJ/$2011 PPP GDP),EG.EGY.PRIM.PP.KD,9.23304170588388
Malawi,MWI,2000,Energy intensity level of primary energy (MJ/$2011 PPP GDP),EG.EGY.PRIM.PP.KD,8.59050576316999
Malawi,MWI,1999,Energy intensity level of primary energy (MJ/$2011 PPP GDP),EG.EGY.PRIM.PP.KD,8.65047318423288
Malawi,MWI,1998,Energy intensity level of primary energy (MJ/$2011 PPP GDP),EG.EGY.PRIM.PP.KD,6.91407384754445
Malawi,MWI,1997,Energy intensity level of primary energy (MJ/$2011 PPP GDP),EG.EGY.PRIM.PP.KD,7.11648030640967
Malawi,MWI,1996,Energy intensity level of primary energy (MJ/$2011 PPP GDP),EG.EGY.PRIM.PP.KD,7.38107616627708
Malawi,MWI,1995,Energy intensity level of primary energy (MJ/$2011 PPP GDP),EG.EGY.PRIM.PP.KD,8.01688136452401
Malawi,MWI,1994,Energy intensity level of primary energy (MJ/$2011 PPP GDP),EG.EGY.PRIM.PP.KD,9.53164611320447
Malawi,MWI,1993,Energy intensity level of primary energy (MJ/$2011 PPP GDP),EG.EGY.PRIM.PP.KD,8.1223587144936
Malawi,MWI,1992,Energy intensity level of primary energy (MJ/$2011 PPP GDP),EG.EGY.PRIM.PP.KD,9.27736574883937
Malawi,MWI,1991,Energy intensity level of primary energy (MJ/$2011 PPP GDP),EG.EGY.PRIM.PP.KD,8.48032009631058
Malawi,MWI,1990,Energy intensity level of primary energy (MJ/$2011 PPP GDP),EG.EGY.PRIM.PP.KD,9.13607591233821
Malawi,MWI,2017,"Access to electricity, rural (% of rural population)",EG.ELC.ACCS.RU.ZS,3.70944857013131
Malawi,MWI,2016,"Access to electricity, rural (% of rural population)",EG.ELC.ACCS.RU.ZS,4.8715844950607
Malawi,MWI,2015,"Access to electricity, rural (% of rural population)",EG.ELC.ACCS.RU.ZS,3.41219990801549
Malawi,MWI,2014,"Access to electricity, rural (% of rural population)",EG.ELC.ACCS.RU.ZS,5.32163384291191
Malawi,MWI,2013,"Access to electricity, rural (% of rural population)",EG.ELC.ACCS.RU.ZS,3.75615176548623
Malawi,MWI,2012,"Access to electricity, rural (% of rural population)",EG.ELC.ACCS.RU.ZS,1.82181273773707
Malawi,MWI,2011,"Access to electricity, rural (% of rural population)",EG.ELC.ACCS.RU.ZS,2.95385702940359
Malawi,MWI,2010,"Access to electricity, rural (% of rural population)",EG.ELC.ACCS.RU.ZS,3.91473962884798
Malawi,MWI,2009,"Access to electricity, rural (% of rural population)",EG.ELC.ACCS.RU.ZS,2.54923393924849
Malawi,MWI,2008,"Access to electricity, rural (% of rural population)",EG.ELC.ACCS.RU.ZS,2.42139265381958
Malawi,MWI,2007,"Access to electricity, rural (% of rural population)",EG.ELC.ACCS.RU.ZS,2.31387981845161
Malawi,MWI,2006,"Access to electricity, rural (% of rural population)",EG.ELC.ACCS.RU.ZS,0.0991115233177971
Malawi,MWI,2005,"Access to electricity, rural (% of rural population)",EG.ELC.ACCS.RU.ZS,2.10993777798673
Malawi,MWI,2004,"Access to electricity, rural (% of rural population)",EG.ELC.ACCS.RU.ZS,2.79984089722462
Malawi,MWI,2003,"Access to electricity, rural (% of rural population)",EG.ELC.ACCS.RU.ZS,0.792392526959451
Malawi,MWI,2002,"Access to electricity, rural (% of rural population)",EG.ELC.ACCS.RU.ZS,1.62242179487362
Malawi,MWI,2001,"Access to electricity, rural (% of rural population)",EG.ELC.ACCS.RU.ZS,1.40117956104979
Malawi,MWI,2000,"Access to electricity, rural (% of rural population)",EG.ELC.ACCS.RU.ZS,0.710773315072617
Malawi,MWI,1999,"Access to electricity, rural (% of rural population)",EG.ELC.ACCS.RU.ZS,0.910177079934218
Malawi,MWI,1998,"Access to electricity, rural (% of rural population)",EG.ELC.ACCS.RU.ZS,0.667784132692717
Malawi,MWI,1997,"Access to electricity, rural (% of rural population)",EG.ELC.ACCS.RU.ZS,0.490988024475786
Malawi,MWI,1996,"Access to electricity, rural (% of rural population)",EG.ELC.ACCS.RU.ZS,0.312029500203726
Malawi,MWI,1995,"Access to electricity, rural (% of rural population)",EG.ELC.ACCS.RU.ZS,0.131182845344368
Malawi,MWI,1994,"Access to electricity, rural (% of rural population)",EG.ELC.ACCS.RU.ZS,0
Malawi,MWI,1993,"Access to electricity, rural (% of rural population)",EG.ELC.ACCS.RU.ZS,0
Malawi,MWI,1992,"Access to electricity, rural (% of rural population)",EG.ELC.ACCS.RU.ZS,0.889516821333483
Malawi,MWI,2017,"Access to electricity, urban (% of urban population)",EG.ELC.ACCS.UR.ZS,57.5
Malawi,MWI,2016,"Access to electricity, urban (% of urban population)",EG.ELC.ACCS.UR.ZS,42
Malawi,MWI,2015,"Access to electricity, urban (% of urban population)",EG.ELC.ACCS.UR.ZS,48.7
Malawi,MWI,2014,"Access to electricity, urban (% of urban population)",EG.ELC.ACCS.UR.ZS,46.1
Malawi,MWI,2013,"Access to electricity, urban (% of urban population)",EG.ELC.ACCS.UR.ZS,36.6
Malawi,MWI,2012,"Access to electricity, urban (% of urban population)",EG.ELC.ACCS.UR.ZS,37.1
Malawi,MWI,2011,"Access to electricity, urban (% of urban population)",EG.ELC.ACCS.UR.ZS,32.6
Malawi,MWI,2010,"Access to electricity, urban (% of urban population)",EG.ELC.ACCS.UR.ZS,34.7
Malawi,MWI,2009,"Access to electricity, urban (% of urban population)",EG.ELC.ACCS.UR.ZS,36.7473640441895
Malawi,MWI,2008,"Access to electricity, urban (% of urban population)",EG.ELC.ACCS.UR.ZS,35.5764350891113
Malawi,MWI,2007,"Access to electricity, urban (% of urban population)",EG.ELC.ACCS.UR.ZS,34.4184837341309
Malawi,MWI,2006,"Access to electricity, urban (% of urban population)",EG.ELC.ACCS.UR.ZS,23.5679214402619
Malawi,MWI,2005,"Access to electricity, urban (% of urban population)",EG.ELC.ACCS.UR.ZS,32.1418991088867
Malawi,MWI,2004,"Access to electricity, urban (% of urban population)",EG.ELC.ACCS.UR.ZS,30.2
Malawi,MWI,2003,"Access to electricity, urban (% of urban population)",EG.ELC.ACCS.UR.ZS,37.14606
Malawi,MWI,2002,"Access to electricity, urban (% of urban population)",EG.ELC.ACCS.UR.ZS,28.8235931396484
Malawi,MWI,2001,"Access to electricity, urban (% of urban population)",EG.ELC.ACCS.UR.ZS,27.7339916229248
Malawi,MWI,2000,"Access to electricity, urban (% of urban population)",EG.ELC.ACCS.UR.ZS,28.7
Malawi,MWI,1999,"Access to electricity, urban (% of urban population)",EG.ELC.ACCS.UR.ZS,25.5477905273438
Malawi,MWI,1998,"Access to electricity, urban (% of urban population)",EG.ELC.ACCS.UR.ZS,24.4400787353516
Malawi,MWI,1997,"Access to electricity, urban (% of urban population)",EG.ELC.ACCS.UR.ZS,23.3152179718018
Malawi,MWI,1996,"Access to electricity, urban (% of urban population)",EG.ELC.ACCS.UR.ZS,22.1692066192627
Malawi,MWI,1995,"Access to electricity, urban (% of urban population)",EG.ELC.ACCS.UR.ZS,21.0042724609375
Malawi,MWI,1994,"Access to electricity, urban (% of urban population)",EG.ELC.ACCS.UR.ZS,19.8242015838623
Malawi,MWI,1993,"Access to electricity, urban (% of urban population)",EG.ELC.ACCS.UR.ZS,18.6327781677246
Malawi,MWI,1992,"Access to electricity, urban (% of urban population)",EG.ELC.ACCS.UR.ZS,19.8
Malawi,MWI,2017,Access to electricity (% of population),EG.ELC.ACCS.ZS,12.7
Malawi,MWI,2016,Access to electricity (% of population),EG.ELC.ACCS.ZS,11
Malawi,MWI,2015,Access to electricity (% of population),EG.ELC.ACCS.ZS,10.8
Malawi,MWI,2014,Access to electricity (% of population),EG.ELC.ACCS.ZS,11.9
Malawi,MWI,2013,Access to electricity (% of population),EG.ELC.ACCS.ZS,9
Malawi,MWI,2012,Access to electricity (% of population),EG.ELC.ACCS.ZS,7.4
Malawi,MWI,2011,Access to electricity (% of population),EG.ELC.ACCS.ZS,7.6
Malawi,MWI,2010,Access to electricity (% of population),EG.ELC.ACCS.ZS,8.7
Malawi,MWI,2009,Access to electricity (% of population),EG.ELC.ACCS.ZS,7.82566356658936
Malawi,MWI,2008,Access to electricity (% of population),EG.ELC.ACCS.ZS,7.50273370742798
Malawi,MWI,2007,Access to electricity (% of population),EG.ELC.ACCS.ZS,7.20501708984375
Malawi,MWI,2006,Access to electricity (% of population),EG.ELC.ACCS.ZS,3.65322733295476
Malawi,MWI,2005,Access to electricity (% of population),EG.ELC.ACCS.ZS,6.63094902038574
Malawi,MWI,2004,Access to electricity (% of population),EG.ELC.ACCS.ZS,6.9
Malawi,MWI,2003,Access to electricity (% of population),EG.ELC.ACCS.ZS,6.2
Malawi,MWI,2002,Access to electricity (% of population),EG.ELC.ACCS.ZS,5.64438629150391
Malawi,MWI,2001,Access to electricity (% of population),EG.ELC.ACCS.ZS,5.27157640457153
Malawi,MWI,2000,Access to electricity (% of population),EG.ELC.ACCS.ZS,4.8
Malawi,MWI,1999,Access to electricity (% of population),EG.ELC.ACCS.ZS,4.48805046081543
Malawi,MWI,1998,Access to electricity (% of population),EG.ELC.ACCS.ZS,4.0871901512146
Malawi,MWI,1997,Access to electricity (% of population),EG.ELC.ACCS.ZS,3.6868360042572
Malawi,MWI,1996,Access to electricity (% of population),EG.ELC.ACCS.ZS,3.29094386100769
Malawi,MWI,1995,Access to electricity (% of population),EG.ELC.ACCS.ZS,2.89958000183105
Malawi,MWI,1994,Access to electricity (% of population),EG.ELC.ACCS.ZS,2.51183891296387
Malawi,MWI,1993,Access to electricity (% of population),EG.ELC.ACCS.ZS,2.1268150806427
Malawi,MWI,1992,Access to electricity (% of population),EG.ELC.ACCS.ZS,3.2
Malawi,MWI,2015,Renewable electricity output (% of total electricity output),EG.ELC.RNEW.ZS,91.3068289899182
Malawi,MWI,2014,Renewable electricity output (% of total electricity output),EG.ELC.RNEW.ZS,91.3059975696562
Malawi,MWI,2013,Renewable electricity output (% of total electricity output),EG.ELC.RNEW.ZS,91.0347150336056
Malawi,MWI,2012,Renewable electricity output (% of total electricity output),EG.ELC.RNEW.ZS,91.3475557000206
Malawi,MWI,2011,Renewable electricity output (% of total electricity output),EG.ELC.RNEW.ZS,90.8516584875241
Malawi,MWI,2010,Renewable electricity output (% of total electricity output),EG.ELC.RNEW.ZS,91.0552272143267
Malawi,MWI,2009,Renewable electricity output (% of total electricity output),EG.ELC.RNEW.ZS,90.689456520621
Malawi,MWI,2008,Renewable electricity output (% of total electricity output),EG.ELC.RNEW.ZS,89.8722414503044
Malawi,MWI,2007,Renewable electricity output (% of total electricity output),EG.ELC.RNEW.ZS,86.7887184562098
Malawi,MWI,2006,Renewable electricity output (% of total electricity output),EG.ELC.RNEW.ZS,85.7467922381645
Malawi,MWI,2005,Renewable electricity output (% of total electricity output),EG.ELC.RNEW.ZS,85.7892350540838
Malawi,MWI,2004,Renewable electricity output (% of total electricity output),EG.ELC.RNEW.ZS,85.9477789081044
Malawi,MWI,2003,Renewable electricity output (% of total electricity output),EG.ELC.RNEW.ZS,87.334282076249
Malawi,MWI,2002,Renewable electricity output (% of total electricity output),EG.ELC.RNEW.ZS,85.9680012248335
Malawi,MWI,2001,Renewable electricity output (% of total electricity output),EG.ELC.RNEW.ZS,85.956493921945
Malawi,MWI,2000,Renewable electricity output (% of total electricity output),EG.ELC.RNEW.ZS,84.257748776509
Malawi,MWI,1999,Renewable electricity output (% of total electricity output),EG.ELC.RNEW.ZS,82.5168918918919
Malawi,MWI,1998,Renewable electricity output (% of total electricity output),EG.ELC.RNEW.ZS,82.5065274151436
Malawi,MWI,1997,Renewable electricity output (% of total electricity output),EG.ELC.RNEW.ZS,82.5046040515654
Malawi,MWI,1996,Renewable electricity output (% of total electricity output),EG.ELC.RNEW.ZS,81.5602836879433
Malawi,MWI,1995,Renewable electricity output (% of total electricity output),EG.ELC.RNEW.ZS,84.2553191489362
Malawi,MWI,1994,Renewable electricity output (% of total electricity output),EG.ELC.RNEW.ZS,84.1552990556139
Malawi,MWI,1993,Renewable electricity output (% of total electricity output),EG.ELC.RNEW.ZS,84.3648208469055
Malawi,MWI,1992,Renewable electricity output (% of total electricity output),EG.ELC.RNEW.ZS,97.9823455233291
Malawi,MWI,1991,Renewable electricity output (% of total electricity output),EG.ELC.RNEW.ZS,98.0417754569191
Malawi,MWI,1990,Renewable electricity output (% of total electricity output),EG.ELC.RNEW.ZS,98.050139275766
Malawi,MWI,2015,Renewable energy consumption (% of total final energy consumption),EG.FEC.RNEW.ZS,83.649433704296
Malawi,MWI,2014,Renewable energy consumption (% of total final energy consumption),EG.FEC.RNEW.ZS,79.9508790443424
Malawi,MWI,2013,Renewable energy consumption (% of total final energy consumption),EG.FEC.RNEW.ZS,79.8747971011705
Malawi,MWI,2012,Renewable energy consumption (% of total final energy consumption),EG.FEC.RNEW.ZS,80.3729468488993
Malawi,MWI,2011,Renewable energy consumption (% of total final energy consumption),EG.FEC.RNEW.ZS,79.6627064672756
Malawi,MWI,2010,Renewable energy consumption (% of total final energy consumption),EG.FEC.RNEW.ZS,79.4703140300342
Malawi,MWI,2009,Renewable energy consumption (% of total final energy consumption),EG.FEC.RNEW.ZS,83.3620600822143
Malawi,MWI,2008,Renewable energy consumption (% of total final energy consumption),EG.FEC.RNEW.ZS,81.5324044837428
Malawi,MWI,2007,Renewable energy consumption (% of total final energy consumption),EG.FEC.RNEW.ZS,84.0871071446978
Malawi,MWI,2006,Renewable energy consumption (% of total final energy consumption),EG.FEC.RNEW.ZS,83.3401647704838
Malawi,MWI,2005,Renewable energy consumption (% of total final energy consumption),EG.FEC.RNEW.ZS,83.8014215257596
Malawi,MWI,2004,Renewable energy consumption (% of total final energy consumption),EG.FEC.RNEW.ZS,82.2857568589984
Malawi,MWI,2003,Renewable energy consumption (% of total final energy consumption),EG.FEC.RNEW.ZS,81.3410533710623
Malawi,MWI,2002,Renewable energy consumption (% of total final energy consumption),EG.FEC.RNEW.ZS,82.1754278469907
Malawi,MWI,2001,Renewable energy consumption (% of total final energy consumption),EG.FEC.RNEW.ZS,81.2183513777741
Malawi,MWI,2000,Renewable energy consumption (% of total final energy consumption),EG.FEC.RNEW.ZS,82.469206822993
Malawi,MWI,1999,Renewable energy consumption (% of total final energy consumption),EG.FEC.RNEW.ZS,80.4798080596517
Malawi,MWI,1998,Renewable energy consumption (% of total final energy consumption),EG.FEC.RNEW.ZS,81.9250099286501
Malawi,MWI,1997,Renewable energy consumption (% of total final energy consumption),EG.FEC.RNEW.ZS,81.2305076715976
Malawi,MWI,1996,Renewable energy consumption (% of total final energy consumption),EG.FEC.RNEW.ZS,81.4490919363983
Malawi,MWI,1995,Renewable energy consumption (% of total final energy consumption),EG.FEC.RNEW.ZS,81.7010033717561
Malawi,MWI,1994,Renewable energy consumption (% of total final energy consumption),EG.FEC.RNEW.ZS,82.0318893929792
Malawi,MWI,1993,Renewable energy consumption (% of total final energy consumption),EG.FEC.RNEW.ZS,81.34470410332
Malawi,MWI,1992,Renewable energy consumption (% of total final energy consumption),EG.FEC.RNEW.ZS,82.7523159712078
Malawi,MWI,1991,Renewable energy consumption (% of total final energy consumption),EG.FEC.RNEW.ZS,82.6682393778984
Malawi,MWI,1990,Renewable energy consumption (% of total final energy consumption),EG.FEC.RNEW.ZS,84.0309780489549
Malawi,MWI,2014,CO2 emissions from gaseous fuel consumption (% of total),EN.ATM.CO2E.GF.ZS,0
Malawi,MWI,2013,CO2 emissions from gaseous fuel consumption (% of total),EN.ATM.CO2E.GF.ZS,0
Malawi,MWI,2012,CO2 emissions from gaseous fuel consumption (% of total),EN.ATM.CO2E.GF.ZS,0
Malawi,MWI,2011,CO2 emissions from gaseous fuel consumption (% of total),EN.ATM.CO2E.GF.ZS,0
Malawi,MWI,2010,CO2 emissions from gaseous fuel consumption (% of total),EN.ATM.CO2E.GF.ZS,0
Malawi,MWI,2009,CO2 emissions from gaseous fuel consumption (% of total),EN.ATM.CO2E.GF.ZS,0
Malawi,MWI,2008,CO2 emissions from gaseous fuel consumption (% of total),EN.ATM.CO2E.GF.ZS,0
Malawi,MWI,2007,CO2 emissions from gaseous fuel consumption (% of total),EN.ATM.CO2E.GF.ZS,0
Malawi,MWI,2006,CO2 emissions from gaseous fuel consumption (% of total),EN.ATM.CO2E.GF.ZS,0
Malawi,MWI,2005,CO2 emissions from gaseous fuel consumption (% of total),EN.ATM.CO2E.GF.ZS,0
Malawi,MWI,2004,CO2 emissions from gaseous fuel consumption (% of total),EN.ATM.CO2E.GF.ZS,0
Malawi,MWI,2003,CO2 emissions from gaseous fuel consumption (% of total),EN.ATM.CO2E.GF.ZS,0
Malawi,MWI,2002,CO2 emissions from gaseous fuel consumption (% of total),EN.ATM.CO2E.GF.ZS,0
Malawi,MWI,2001,CO2 emissions from gaseous fuel consumption (% of total),EN.ATM.CO2E.GF.ZS,0
Malawi,MWI,2000,CO2 emissions from gaseous fuel consumption (% of total),EN.ATM.CO2E.GF.ZS,0
Malawi,MWI,1999,CO2 emissions from gaseous fuel consumption (% of total),EN.ATM.CO2E.GF.ZS,0
Malawi,MWI,1998,CO2 emissions from gaseous fuel consumption (% of total),EN.ATM.CO2E.GF.ZS,0
Malawi,MWI,1997,CO2 emissions from gaseous fuel consumption (% of total),EN.ATM.CO2E.GF.ZS,0
Malawi,MWI,1996,CO2 emissions from gaseous fuel consumption (% of total),EN.ATM.CO2E.GF.ZS,0
Malawi,MWI,1995,CO2 emissions from gaseous fuel consumption (% of total),EN.ATM.CO2E.GF.ZS,0
Malawi,MWI,1994,CO2 emissions from gaseous fuel consumption (% of total),EN.ATM.CO2E.GF.ZS,0
Malawi,MWI,1993,CO2 emissions from gaseous fuel consumption (% of total),EN.ATM.CO2E.GF.ZS,0
Malawi,MWI,1992,CO2 emissions from gaseous fuel consumption (% of total),EN.ATM.CO2E.GF.ZS,0
Malawi,MWI,1991,CO2 emissions from gaseous fuel consumption (% of total),EN.ATM.CO2E.GF.ZS,0
Malawi,MWI,1990,CO2 emissions from gaseous fuel consumption (% of total),EN.ATM.CO2E.GF.ZS,0
Malawi,MWI,1989,CO2 emissions from gaseous fuel consumption (% of total),EN.ATM.CO2E.GF.ZS,0
Malawi,MWI,1988,CO2 emissions from gaseous fuel consumption (% of total),EN.ATM.CO2E.GF.ZS,0
Malawi,MWI,1987,CO2 emissions from gaseous fuel consumption (% of total),EN.ATM.CO2E.GF.ZS,0
Malawi,MWI,1986,CO2 emissions from gaseous fuel consumption (% of total),EN.ATM.CO2E.GF.ZS,0
Malawi,MWI,1985,CO2 emissions from gaseous fuel consumption (% of total),EN.ATM.CO2E.GF.ZS,0
Malawi,MWI,1984,CO2 emissions from gaseous fuel consumption (% of total),EN.ATM.CO2E.GF.ZS,0
Malawi,MWI,1983,CO2 emissions from gaseous fuel consumption (% of total),EN.ATM.CO2E.GF.ZS,0
Malawi,MWI,1982,CO2 emissions from gaseous fuel consumption (% of total),EN.ATM.CO2E.GF.ZS,0
Malawi,MWI,1981,CO2 emissions from gaseous fuel consumption (% of total),EN.ATM.CO2E.GF.ZS,0
Malawi,MWI,1980,CO2 emissions from gaseous fuel consumption (% of total),EN.ATM.CO2E.GF.ZS,0
Malawi,MWI,1979,CO2 emissions from gaseous fuel consumption (% of total),EN.ATM.CO2E.GF.ZS,0
Malawi,MWI,1978,CO2 emissions from gaseous fuel consumption (% of total),EN.ATM.CO2E.GF.ZS,0
Malawi,MWI,1977,CO2 emissions from gaseous fuel consumption (% of total),EN.ATM.CO2E.GF.ZS,0
Malawi,MWI,1976,CO2 emissions from gaseous fuel consumption (% of total),EN.ATM.CO2E.GF.ZS,0
Malawi,MWI,1975,CO2 emissions from gaseous fuel consumption (% of total),EN.ATM.CO2E.GF.ZS,0
Malawi,MWI,1974,CO2 emissions from gaseous fuel consumption (% of total),EN.ATM.CO2E.GF.ZS,0
Malawi,MWI,1973,CO2 emissions from gaseous fuel consumption (% of total),EN.ATM.CO2E.GF.ZS,0
Malawi,MWI,1972,CO2 emissions from gaseous fuel consumption (% of total),EN.ATM.CO2E.GF.ZS,0
Malawi,MWI,1971,CO2 emissions from gaseous fuel consumption (% of total),EN.ATM.CO2E.GF.ZS,0
Malawi,MWI,1970,CO2 emissions from gaseous fuel consumption (% of total),EN.ATM.CO2E.GF.ZS,0
Malawi,MWI,1969,CO2 emissions from gaseous fuel consumption (% of total),EN.ATM.CO2E.GF.ZS,0
Malawi,MWI,1968,CO2 emissions from gaseous fuel consumption (% of total),EN.ATM.CO2E.GF.ZS,0
Malawi,MWI,1967,CO2 emissions from gaseous fuel consumption (% of total),EN.ATM.CO2E.GF.ZS,0
Malawi,MWI,1966,CO2 emissions from gaseous fuel consumption (% of total),EN.ATM.CO2E.GF.ZS,0
Malawi,MWI,1965,CO2 emissions from gaseous fuel consumption (% of total),EN.ATM.CO2E.GF.ZS,0
Malawi,MWI,1964,CO2 emissions from gaseous fuel consumption (% of total),EN.ATM.CO2E.GF.ZS,0
Malawi,MWI,2014,CO2 emissions from liquid fuel consumption (kt),EN.ATM.CO2E.LF.KT,850.744
Malawi,MWI,2013,CO2 emissions from liquid fuel consumption (kt),EN.ATM.CO2E.LF.KT,839.743
Malawi,MWI,2012,CO2 emissions from liquid fuel consumption (kt),EN.ATM.CO2E.LF.KT,795.739
Malawi,MWI,2011,CO2 emissions from liquid fuel consumption (kt),EN.ATM.CO2E.LF.KT,832.409
Malawi,MWI,2010,CO2 emissions from liquid fuel consumption (kt),EN.ATM.CO2E.LF.KT,880.08
Malawi,MWI,2009,CO2 emissions from liquid fuel consumption (kt),EN.ATM.CO2E.LF.KT,689.396
Malawi,MWI,2008,CO2 emissions from liquid fuel consumption (kt),EN.ATM.CO2E.LF.KT,788.405
Malawi,MWI,2007,CO2 emissions from liquid fuel consumption (kt),EN.ATM.CO2E.LF.KT,634.391
Malawi,MWI,2006,CO2 emissions from liquid fuel consumption (kt),EN.ATM.CO2E.LF.KT,660.06
Malawi,MWI,2005,CO2 emissions from liquid fuel consumption (kt),EN.ATM.CO2E.LF.KT,634.391
Malawi,MWI,2004,CO2 emissions from liquid fuel consumption (kt),EN.ATM.CO2E.LF.KT,711.398
Malawi,MWI,2003,CO2 emissions from liquid fuel consumption (kt),EN.ATM.CO2E.LF.KT,667.394
Malawi,MWI,2002,CO2 emissions from liquid fuel consumption (kt),EN.ATM.CO2E.LF.KT,612.389
Malawi,MWI,2001,CO2 emissions from liquid fuel consumption (kt),EN.ATM.CO2E.LF.KT,649.059
Malawi,MWI,2000,CO2 emissions from liquid fuel consumption (kt),EN.ATM.CO2E.LF.KT,623.39
Malawi,MWI,1999,CO2 emissions from liquid fuel consumption (kt),EN.ATM.CO2E.LF.KT,707.731
Malawi,MWI,1998,CO2 emissions from liquid fuel consumption (kt),EN.ATM.CO2E.LF.KT,685.729
Malawi,MWI,1997,CO2 emissions from liquid fuel consumption (kt),EN.ATM.CO2E.LF.KT,685.729
Malawi,MWI,1996,CO2 emissions from liquid fuel consumption (kt),EN.ATM.CO2E.LF.KT,682.062
Malawi,MWI,1995,CO2 emissions from liquid fuel consumption (kt),EN.ATM.CO2E.LF.KT,674.728
Malawi,MWI,1994,CO2 emissions from liquid fuel consumption (kt),EN.ATM.CO2E.LF.KT,671.061
Malawi,MWI,1993,CO2 emissions from liquid fuel consumption (kt),EN.ATM.CO2E.LF.KT,649.059
Malawi,MWI,1992,CO2 emissions from liquid fuel consumption (kt),EN.ATM.CO2E.LF.KT,572.052
Malawi,MWI,1991,CO2 emissions from liquid fuel consumption (kt),EN.ATM.CO2E.LF.KT,575.719
Malawi,MWI,1990,CO2 emissions from liquid fuel consumption (kt),EN.ATM.CO2E.LF.KT,517.047
Malawi,MWI,1989,CO2 emissions from liquid fuel consumption (kt),EN.ATM.CO2E.LF.KT,498.712
Malawi,MWI,1988,CO2 emissions from liquid fuel consumption (kt),EN.ATM.CO2E.LF.KT,465.709
Malawi,MWI,1987,CO2 emissions from liquid fuel consumption (kt),EN.ATM.CO2E.LF.KT,436.373
Malawi,MWI,1986,CO2 emissions from liquid fuel consumption (kt),EN.ATM.CO2E.LF.KT,443.707
Malawi,MWI,1985,CO2 emissions from liquid fuel consumption (kt),EN.ATM.CO2E.LF.KT,443.707
Malawi,MWI,1984,CO2 emissions from liquid fuel consumption (kt),EN.ATM.CO2E.LF.KT,410.704
Malawi,MWI,1983,CO2 emissions from liquid fuel consumption (kt),EN.ATM.CO2E.LF.KT,421.705
Malawi,MWI,1982,CO2 emissions from liquid fuel consumption (kt),EN.ATM.CO2E.LF.KT,407.037
Malawi,MWI,1981,CO2 emissions from liquid fuel consumption (kt),EN.ATM.CO2E.LF.KT,440.04
Malawi,MWI,1980,CO2 emissions from liquid fuel consumption (kt),EN.ATM.CO2E.LF.KT,495.045
Malawi,MWI,1979,CO2 emissions from liquid fuel consumption (kt),EN.ATM.CO2E.LF.KT,498.712
Malawi,MWI,1978,CO2 emissions from liquid fuel consumption (kt),EN.ATM.CO2E.LF.KT,469.376
Malawi,MWI,1977,CO2 emissions from liquid fuel consumption (kt),EN.ATM.CO2E.LF.KT,440.04
Malawi,MWI,1976,CO2 emissions from liquid fuel consumption (kt),EN.ATM.CO2E.LF.KT,374.034
Malawi,MWI,1975,CO2 emissions from liquid fuel consumption (kt),EN.ATM.CO2E.LF.KT,341.031
Malawi,MWI,1974,CO2 emissions from liquid fuel consumption (kt),EN.ATM.CO2E.LF.KT,366.7
Malawi,MWI,1973,CO2 emissions from liquid fuel consumption (kt),EN.ATM.CO2E.LF.KT,381.368
Malawi,MWI,1972,CO2 emissions from liquid fuel consumption (kt),EN.ATM.CO2E.LF.KT,366.7
Malawi,MWI,1971,CO2 emissions from liquid fuel consumption (kt),EN.ATM.CO2E.LF.KT,348.365
Malawi,MWI,1970,CO2 emissions from liquid fuel consumption (kt),EN.ATM.CO2E.LF.KT,304.361
Malawi,MWI,1969,CO2 emissions from liquid fuel consumption (kt),EN.ATM.CO2E.LF.KT,256.69
Malawi,MWI,1968,CO2 emissions from liquid fuel consumption (kt),EN.ATM.CO2E.LF.KT,234.688
Malawi,MWI,1967,CO2 emissions from liquid fuel consumption (kt),EN.ATM.CO2E.LF.KT,201.685
Malawi,MWI,1966,CO2 emissions from liquid fuel consumption (kt),EN.ATM.CO2E.LF.KT,198.018
Malawi,MWI,1965,CO2 emissions from liquid fuel consumption (kt),EN.ATM.CO2E.LF.KT,154.014
Malawi,MWI,1964,CO2 emissions from liquid fuel consumption (kt),EN.ATM.CO2E.LF.KT,150.347
Malawi,MWI,2008,Methane emissions in energy sector (thousand metric tons of CO2 equivalent),EN.ATM.METH.EG.KT.CE,1357.5254033191
Malawi,MWI,2007,Methane emissions in energy sector (thousand metric tons of CO2 equivalent),EN.ATM.METH.EG.KT.CE,1335.35012237153
Malawi,MWI,2006,Methane emissions in energy sector (thousand metric tons of CO2 equivalent),EN.ATM.METH.EG.KT.CE,1309.24396331244
Malawi,MWI,2005,Methane emissions in energy sector (thousand metric tons of CO2 equivalent),EN.ATM.METH.EG.KT.CE,1285.72428755813
Malawi,MWI,2004,Methane emissions in energy sector (thousand metric tons of CO2 equivalent),EN.ATM.METH.EG.KT.CE,1266.09591904903
Malawi,MWI,2003,Methane emissions in energy sector (thousand metric tons of CO2 equivalent),EN.ATM.METH.EG.KT.CE,1244.59337426814
Malawi,MWI,2002,Methane emissions in energy sector (thousand metric tons of CO2 equivalent),EN.ATM.METH.EG.KT.CE,1219.76001148732
Malawi,MWI,2001,Methane emissions in energy sector (thousand metric tons of CO2 equivalent),EN.ATM.METH.EG.KT.CE,1204.41266616033
Malawi,MWI,2000,Methane emissions in energy sector (thousand metric tons of CO2 equivalent),EN.ATM.METH.EG.KT.CE,1192.23447084221
Malawi,MWI,1999,Methane emissions in energy sector (thousand metric tons of CO2 equivalent),EN.ATM.METH.EG.KT.CE,1168.48984697176
Malawi,MWI,1998,Methane emissions in energy sector (thousand metric tons of CO2 equivalent),EN.ATM.METH.EG.KT.CE,1139.76610207883
Malawi,MWI,1997,Methane emissions in energy sector (thousand metric tons of CO2 equivalent),EN.ATM.METH.EG.KT.CE,1109.31511591848
Malawi,MWI,1996,Methane emissions in energy sector (thousand metric tons of CO2 equivalent),EN.ATM.METH.EG.KT.CE,1097.98620214618
Malawi,MWI,1995,Methane emissions in energy sector (thousand metric tons of CO2 equivalent),EN.ATM.METH.EG.KT.CE,1105.55124706304
Malawi,MWI,1994,Methane emissions in energy sector (thousand metric tons of CO2 equivalent),EN.ATM.METH.EG.KT.CE,1128.92813443588
Malawi,MWI,1993,Methane emissions in energy sector (thousand metric tons of CO2 equivalent),EN.ATM.METH.EG.KT.CE,1083.93601475553
Malawi,MWI,1992,Methane emissions in energy sector (thousand metric tons of CO2 equivalent),EN.ATM.METH.EG.KT.CE,1103.79491599579
Malawi,MWI,1991,Methane emissions in energy sector (thousand metric tons of CO2 equivalent),EN.ATM.METH.EG.KT.CE,1082.72432880881
Malawi,MWI,1990,Methane emissions in energy sector (thousand metric tons of CO2 equivalent),EN.ATM.METH.EG.KT.CE,1074.83697812033
Malawi,MWI,1989,Methane emissions in energy sector (thousand metric tons of CO2 equivalent),EN.ATM.METH.EG.KT.CE,1067.10569632658
Malawi,MWI,1988,Methane emissions in energy sector (thousand metric tons of CO2 equivalent),EN.ATM.METH.EG.KT.CE,1011.21363885484
Malawi,MWI,1987,Methane emissions in energy sector (thousand metric tons of CO2 equivalent),EN.ATM.METH.EG.KT.CE,953.359649412837
Malawi,MWI,1986,Methane emissions in energy sector (thousand metric tons of CO2 equivalent),EN.ATM.METH.EG.KT.CE,895.887875790131
Malawi,MWI,1985,Methane emissions in energy sector (thousand metric tons of CO2 equivalent),EN.ATM.METH.EG.KT.CE,842.722534862479
Malawi,MWI,1984,Methane emissions in energy sector (thousand metric tons of CO2 equivalent),EN.ATM.METH.EG.KT.CE,816.353287519442
Malawi,MWI,1983,Methane emissions in energy sector (thousand metric tons of CO2 equivalent),EN.ATM.METH.EG.KT.CE,801.388906183683
Malawi,MWI,1982,Methane emissions in energy sector (thousand metric tons of CO2 equivalent),EN.ATM.METH.EG.KT.CE,790.375335552153
Malawi,MWI,1981,Methane emissions in energy sector (thousand metric tons of CO2 equivalent),EN.ATM.METH.EG.KT.CE,774.88173304849
Malawi,MWI,1980,Methane emissions in energy sector (thousand metric tons of CO2 equivalent),EN.ATM.METH.EG.KT.CE,741.39599903509
Malawi,MWI,1979,Methane emissions in energy sector (thousand metric tons of CO2 equivalent),EN.ATM.METH.EG.KT.CE,721.685838070305
Malawi,MWI,1978,Methane emissions in energy sector (thousand metric tons of CO2 equivalent),EN.ATM.METH.EG.KT.CE,707.852643011536
Malawi,MWI,1977,Methane emissions in energy sector (thousand metric tons of CO2 equivalent),EN.ATM.METH.EG.KT.CE,703.823089700211
Malawi,MWI,1976,Methane emissions in energy sector (thousand metric tons of CO2 equivalent),EN.ATM.METH.EG.KT.CE,780.252591530928
Malawi,MWI,1975,Methane emissions in energy sector (thousand metric tons of CO2 equivalent),EN.ATM.METH.EG.KT.CE,761.163346277019
Malawi,MWI,1974,Methane emissions in energy sector (thousand metric tons of CO2 equivalent),EN.ATM.METH.EG.KT.CE,669.078742624035
Malawi,MWI,1973,Methane emissions in energy sector (thousand metric tons of CO2 equivalent),EN.ATM.METH.EG.KT.CE,663.09591716362
Malawi,MWI,1972,Methane emissions in energy sector (thousand metric tons of CO2 equivalent),EN.ATM.METH.EG.KT.CE,710.175135354285
Malawi,MWI,1971,Methane emissions in energy sector (thousand metric tons of CO2 equivalent),EN.ATM.METH.EG.KT.CE,694.015243528423
Malawi,MWI,1970,Methane emissions in energy sector (thousand metric tons of CO2 equivalent),EN.ATM.METH.EG.KT.CE,687.256583283165
Malawi,MWI,1969,Methane emissions in energy sector (thousand metric tons of CO2 equivalent),EN.ATM.METH.EG.KT.CE,0
Malawi,MWI,2008,Energy related methane emissions (% of total),EN.ATM.METH.EG.ZS,32.3223412441808
Malawi,MWI,2007,Energy related methane emissions (% of total),EN.ATM.METH.EG.ZS,32.0576868430266
Malawi,MWI,2006,Energy related methane emissions (% of total),EN.ATM.METH.EG.ZS,31.7409404456102
Malawi,MWI,2005,Energy related methane emissions (% of total),EN.ATM.METH.EG.ZS,31.2370758052228
Malawi,MWI,2004,Energy related methane emissions (% of total),EN.ATM.METH.EG.ZS,31.8838749080582
Malawi,MWI,2003,Energy related methane emissions (% of total),EN.ATM.METH.EG.ZS,30.6504041084502
Malawi,MWI,2002,Energy related methane emissions (% of total),EN.ATM.METH.EG.ZS,30.8206997040458
Malawi,MWI,2001,Energy related methane emissions (% of total),EN.ATM.METH.EG.ZS,30.9956293163568
Malawi,MWI,2000,Energy related methane emissions (% of total),EN.ATM.METH.EG.ZS,30.5056616492899
Malawi,MWI,1999,Energy related methane emissions (% of total),EN.ATM.METH.EG.ZS,30.9422260317278
Malawi,MWI,1998,Energy related methane emissions (% of total),EN.ATM.METH.EG.ZS,28.760401973238
Malawi,MWI,1997,Energy related methane emissions (% of total),EN.ATM.METH.EG.ZS,30.6837324474314
Malawi,MWI,1996,Energy related methane emissions (% of total),EN.ATM.METH.EG.ZS,29.7836508527287
Malawi,MWI,1995,Energy related methane emissions (% of total),EN.ATM.METH.EG.ZS,28.5377930005766
Malawi,MWI,1994,Energy related methane emissions (% of total),EN.ATM.METH.EG.ZS,29.7202103565567
Malawi,MWI,1993,Energy related methane emissions (% of total),EN.ATM.METH.EG.ZS,30.2708624285572
Malawi,MWI,1992,Energy related methane emissions (% of total),EN.ATM.METH.EG.ZS,23.7577063526177
Malawi,MWI,1991,Energy related methane emissions (% of total),EN.ATM.METH.EG.ZS,29.0707953090615
Malawi,MWI,1990,Energy related methane emissions (% of total),EN.ATM.METH.EG.ZS,26.5588578730006
Malawi,MWI,1989,Energy related methane emissions (% of total),EN.ATM.METH.EG.ZS,30.6696853241719
Malawi,MWI,1988,Energy related methane emissions (% of total),EN.ATM.METH.EG.ZS,31.1629759394635
Malawi,MWI,1987,Energy related methane emissions (% of total),EN.ATM.METH.EG.ZS,24.743564672689
Malawi,MWI,1986,Energy related methane emissions (% of total),EN.ATM.METH.EG.ZS,27.4547790100986
Malawi,MWI,1985,Energy related methane emissions (% of total),EN.ATM.METH.EG.ZS,26.059500001932
Malawi,MWI,1984,Energy related methane emissions (% of total),EN.ATM.METH.EG.ZS,26.6151532323561
Malawi,MWI,1983,Energy related methane emissions (% of total),EN.ATM.METH.EG.ZS,23.9956195915144
Malawi,MWI,1982,Energy related methane emissions (% of total),EN.ATM.METH.EG.ZS,23.8748745820755
Malawi,MWI,1981,Energy related methane emissions (% of total),EN.ATM.METH.EG.ZS,25.3596459268971
Malawi,MWI,1980,Energy related methane emissions (% of total),EN.ATM.METH.EG.ZS,23.1074624052926
Malawi,MWI,1979,Energy related methane emissions (% of total),EN.ATM.METH.EG.ZS,20.3732536323738
Malawi,MWI,1978,Energy related methane emissions (% of total),EN.ATM.METH.EG.ZS,23.3647120396733
Malawi,MWI,1977,Energy related methane emissions (% of total),EN.ATM.METH.EG.ZS,24.1383326542793
Malawi,MWI,1976,Energy related methane emissions (% of total),EN.ATM.METH.EG.ZS,28.1608471336099
Malawi,MWI,1975,Energy related methane emissions (% of total),EN.ATM.METH.EG.ZS,26.9394486659524
Malawi,MWI,1974,Energy related methane emissions (% of total),EN.ATM.METH.EG.ZS,26.8855326495823
Malawi,MWI,1973,Energy related methane emissions (% of total),EN.ATM.METH.EG.ZS,25.6065091043892
Malawi,MWI,1972,Energy related methane emissions (% of total),EN.ATM.METH.EG.ZS,28.1255251583863
Malawi,MWI,1971,Energy related methane emissions (% of total),EN.ATM.METH.EG.ZS,29.8407486478836
Malawi,MWI,1970,Energy related methane emissions (% of total),EN.ATM.METH.EG.ZS,21.5482815871161
Malawi,MWI,2008,Nitrous oxide emissions in energy sector (thousand metric tons of CO2 equivalent),EN.ATM.NOXE.EG.KT.CE,134.299912905
Malawi,MWI,2007,Nitrous oxide emissions in energy sector (thousand metric tons of CO2 equivalent),EN.ATM.NOXE.EG.KT.CE,132.86797904
Malawi,MWI,2006,Nitrous oxide emissions in energy sector (thousand metric tons of CO2 equivalent),EN.ATM.NOXE.EG.KT.CE,131.131680324
Malawi,MWI,2005,Nitrous oxide emissions in energy sector (thousand metric tons of CO2 equivalent),EN.ATM.NOXE.EG.KT.CE,129.43939795
Malawi,MWI,2004,Nitrous oxide emissions in energy sector (thousand metric tons of CO2 equivalent),EN.ATM.NOXE.EG.KT.CE,128.154054002
Malawi,MWI,2003,Nitrous oxide emissions in energy sector (thousand metric tons of CO2 equivalent),EN.ATM.NOXE.EG.KT.CE,126.647622487
Malawi,MWI,2002,Nitrous oxide emissions in energy sector (thousand metric tons of CO2 equivalent),EN.ATM.NOXE.EG.KT.CE,123.982684454
Malawi,MWI,2001,Nitrous oxide emissions in energy sector (thousand metric tons of CO2 equivalent),EN.ATM.NOXE.EG.KT.CE,123.22509393
Malawi,MWI,2000,Nitrous oxide emissions in energy sector (thousand metric tons of CO2 equivalent),EN.ATM.NOXE.EG.KT.CE,123.025057378
Malawi,MWI,1999,Nitrous oxide emissions in energy sector (thousand metric tons of CO2 equivalent),EN.ATM.NOXE.EG.KT.CE,120.876908968
Malawi,MWI,1998,Nitrous oxide emissions in energy sector (thousand metric tons of CO2 equivalent),EN.ATM.NOXE.EG.KT.CE,117.342588738
Malawi,MWI,1997,Nitrous oxide emissions in energy sector (thousand metric tons of CO2 equivalent),EN.ATM.NOXE.EG.KT.CE,113.753713282
Malawi,MWI,1996,Nitrous oxide emissions in energy sector (thousand metric tons of CO2 equivalent),EN.ATM.NOXE.EG.KT.CE,113.702802416
Malawi,MWI,1995,Nitrous oxide emissions in energy sector (thousand metric tons of CO2 equivalent),EN.ATM.NOXE.EG.KT.CE,114.16474935
Malawi,MWI,1994,Nitrous oxide emissions in energy sector (thousand metric tons of CO2 equivalent),EN.ATM.NOXE.EG.KT.CE,113.786251192
Malawi,MWI,1993,Nitrous oxide emissions in energy sector (thousand metric tons of CO2 equivalent),EN.ATM.NOXE.EG.KT.CE,98.258095597
Malawi,MWI,1992,Nitrous oxide emissions in energy sector (thousand metric tons of CO2 equivalent),EN.ATM.NOXE.EG.KT.CE,99.214600194
Malawi,MWI,1991,Nitrous oxide emissions in energy sector (thousand metric tons of CO2 equivalent),EN.ATM.NOXE.EG.KT.CE,99.780134
Malawi,MWI,1990,Nitrous oxide emissions in energy sector (thousand metric tons of CO2 equivalent),EN.ATM.NOXE.EG.KT.CE,98.836037432
Malawi,MWI,1989,Nitrous oxide emissions in energy sector (thousand metric tons of CO2 equivalent),EN.ATM.NOXE.EG.KT.CE,98.278179195
Malawi,MWI,1988,Nitrous oxide emissions in energy sector (thousand metric tons of CO2 equivalent),EN.ATM.NOXE.EG.KT.CE,93.184235449
Malawi,MWI,1987,Nitrous oxide emissions in energy sector (thousand metric tons of CO2 equivalent),EN.ATM.NOXE.EG.KT.CE,89.60385948
Malawi,MWI,1986,Nitrous oxide emissions in energy sector (thousand metric tons of CO2 equivalent),EN.ATM.NOXE.EG.KT.CE,84.89607858
Malawi,MWI,1985,Nitrous oxide emissions in energy sector (thousand metric tons of CO2 equivalent),EN.ATM.NOXE.EG.KT.CE,80.543258251
Malawi,MWI,1984,Nitrous oxide emissions in energy sector (thousand metric tons of CO2 equivalent),EN.ATM.NOXE.EG.KT.CE,78.025931895
Malawi,MWI,1983,Nitrous oxide emissions in energy sector (thousand metric tons of CO2 equivalent),EN.ATM.NOXE.EG.KT.CE,76.723202031
Malawi,MWI,1982,Nitrous oxide emissions in energy sector (thousand metric tons of CO2 equivalent),EN.ATM.NOXE.EG.KT.CE,76.326602446
Malawi,MWI,1981,Nitrous oxide emissions in energy sector (thousand metric tons of CO2 equivalent),EN.ATM.NOXE.EG.KT.CE,74.382520309
Malawi,MWI,1980,Nitrous oxide emissions in energy sector (thousand metric tons of CO2 equivalent),EN.ATM.NOXE.EG.KT.CE,71.79384023
Malawi,MWI,1979,Nitrous oxide emissions in energy sector (thousand metric tons of CO2 equivalent),EN.ATM.NOXE.EG.KT.CE,70.75072557
Malawi,MWI,1978,Nitrous oxide emissions in energy sector (thousand metric tons of CO2 equivalent),EN.ATM.NOXE.EG.KT.CE,69.38766115
Malawi,MWI,1977,Nitrous oxide emissions in energy sector (thousand metric tons of CO2 equivalent),EN.ATM.NOXE.EG.KT.CE,68.798194755
Malawi,MWI,1976,Nitrous oxide emissions in energy sector (thousand metric tons of CO2 equivalent),EN.ATM.NOXE.EG.KT.CE,85.29543825
Malawi,MWI,1975,Nitrous oxide emissions in energy sector (thousand metric tons of CO2 equivalent),EN.ATM.NOXE.EG.KT.CE,82.2113428
Malawi,MWI,1974,Nitrous oxide emissions in energy sector (thousand metric tons of CO2 equivalent),EN.ATM.NOXE.EG.KT.CE,64.972788028
Malawi,MWI,1973,Nitrous oxide emissions in energy sector (thousand metric tons of CO2 equivalent),EN.ATM.NOXE.EG.KT.CE,64.604189906
Malawi,MWI,1972,Nitrous oxide emissions in energy sector (thousand metric tons of CO2 equivalent),EN.ATM.NOXE.EG.KT.CE,75.50753669
Malawi,MWI,1971,Nitrous oxide emissions in energy sector (thousand metric tons of CO2 equivalent),EN.ATM.NOXE.EG.KT.CE,73.235093036
Malawi,MWI,1970,Nitrous oxide emissions in energy sector (thousand metric tons of CO2 equivalent),EN.ATM.NOXE.EG.KT.CE,70.709658196
Malawi,MWI,1969,Nitrous oxide emissions in energy sector (thousand metric tons of CO2 equivalent),EN.ATM.NOXE.EG.KT.CE,0
Malawi,MWI,2008,Nitrous oxide emissions in energy sector (% of total),EN.ATM.NOXE.EG.ZS,4.94019574315232
Malawi,MWI,2007,Nitrous oxide emissions in energy sector (% of total),EN.ATM.NOXE.EG.ZS,4.90199455367467
Malawi,MWI,2006,Nitrous oxide emissions in energy sector (% of total),EN.ATM.NOXE.EG.ZS,4.87389022941557
Malawi,MWI,2005,Nitrous oxide emissions in energy sector (% of total),EN.ATM.NOXE.EG.ZS,4.81752489835288
Malawi,MWI,2004,Nitrous oxide emissions in energy sector (% of total),EN.ATM.NOXE.EG.ZS,5.073179095173
Malawi,MWI,2003,Nitrous oxide emissions in energy sector (% of total),EN.ATM.NOXE.EG.ZS,4.72092922778611
Malawi,MWI,2002,Nitrous oxide emissions in energy sector (% of total),EN.ATM.NOXE.EG.ZS,4.81096455748582
Malawi,MWI,2001,Nitrous oxide emissions in energy sector (% of total),EN.ATM.NOXE.EG.ZS,6.63044201245021
Malawi,MWI,2000,Nitrous oxide emissions in energy sector (% of total),EN.ATM.NOXE.EG.ZS,5.94453867009389
Malawi,MWI,1999,Nitrous oxide emissions in energy sector (% of total),EN.ATM.NOXE.EG.ZS,6.11504938924079
Malawi,MWI,1998,Nitrous oxide emissions in energy sector (% of total),EN.ATM.NOXE.EG.ZS,5.01206896743491
Malawi,MWI,1997,Nitrous oxide emissions in energy sector (% of total),EN.ATM.NOXE.EG.ZS,5.46525287786017
Malawi,MWI,1996,Nitrous oxide emissions in energy sector (% of total),EN.ATM.NOXE.EG.ZS,5.21567894521296
Malawi,MWI,1995,Nitrous oxide emissions in energy sector (% of total),EN.ATM.NOXE.EG.ZS,4.68875857959689
Malawi,MWI,1994,Nitrous oxide emissions in energy sector (% of total),EN.ATM.NOXE.EG.ZS,5.12176653661749
Malawi,MWI,1993,Nitrous oxide emissions in energy sector (% of total),EN.ATM.NOXE.EG.ZS,4.54115976503457
Malawi,MWI,1992,Nitrous oxide emissions in energy sector (% of total),EN.ATM.NOXE.EG.ZS,2.67550929519064
Malawi,MWI,1991,Nitrous oxide emissions in energy sector (% of total),EN.ATM.NOXE.EG.ZS,4.12701143972284
Malawi,MWI,1990,Nitrous oxide emissions in energy sector (% of total),EN.ATM.NOXE.EG.ZS,3.5411135296633
Malawi,MWI,1989,Nitrous oxide emissions in energy sector (% of total),EN.ATM.NOXE.EG.ZS,4.79609785192032
Malawi,MWI,1988,Nitrous oxide emissions in energy sector (% of total),EN.ATM.NOXE.EG.ZS,5.13938332900199
Malawi,MWI,1987,Nitrous oxide emissions in energy sector (% of total),EN.ATM.NOXE.EG.ZS,3.38839949263928
Malawi,MWI,1986,Nitrous oxide emissions in energy sector (% of total),EN.ATM.NOXE.EG.ZS,4.44955137016348
Malawi,MWI,1985,Nitrous oxide emissions in energy sector (% of total),EN.ATM.NOXE.EG.ZS,4.20817547658768
Malawi,MWI,1984,Nitrous oxide emissions in energy sector (% of total),EN.ATM.NOXE.EG.ZS,4.19376133222476
Malawi,MWI,1983,Nitrous oxide emissions in energy sector (% of total),EN.ATM.NOXE.EG.ZS,3.28213350440612
Malawi,MWI,1982,Nitrous oxide emissions in energy sector (% of total),EN.ATM.NOXE.EG.ZS,3.23854406627172
Malawi,MWI,1981,Nitrous oxide emissions in energy sector (% of total),EN.ATM.NOXE.EG.ZS,3.5744032531734
Malawi,MWI,1980,Nitrous oxide emissions in energy sector (% of total),EN.ATM.NOXE.EG.ZS,3.11573686837499
Malawi,MWI,1979,Nitrous oxide emissions in energy sector (% of total),EN.ATM.NOXE.EG.ZS,2.57803346963673
Malawi,MWI,1978,Nitrous oxide emissions in energy sector (% of total),EN.ATM.NOXE.EG.ZS,3.27367769441154
Malawi,MWI,1977,Nitrous oxide emissions in energy sector (% of total),EN.ATM.NOXE.EG.ZS,3.50077704813043
Malawi,MWI,1976,Nitrous oxide emissions in energy sector (% of total),EN.ATM.NOXE.EG.ZS,4.87401752294439
Malawi,MWI,1975,Nitrous oxide emissions in energy sector (% of total),EN.ATM.NOXE.EG.ZS,4.3576502678366
Malawi,MWI,1974,Nitrous oxide emissions in energy sector (% of total),EN.ATM.NOXE.EG.ZS,4.28550827086733
Malawi,MWI,1973,Nitrous oxide emissions in energy sector (% of total),EN.ATM.NOXE.EG.ZS,3.67078270932559
Malawi,MWI,1972,Nitrous oxide emissions in energy sector (% of total),EN.ATM.NOXE.EG.ZS,4.68600982710225
Malawi,MWI,1971,Nitrous oxide emissions in energy sector (% of total),EN.ATM.NOXE.EG.ZS,5.01668536651144
Malawi,MWI,1970,Nitrous oxide emissions in energy sector (% of total),EN.ATM.NOXE.EG.ZS,2.59084216576252
Malawi,MWI,2016,Pump price for diesel fuel (US$ per liter),EP.PMP.DESL.CD,1.14
Malawi,MWI,2014,Pump price for diesel fuel (US$ per liter),EP.PMP.DESL.CD,1.8
Malawi,MWI,2012,Pump price for diesel fuel (US$ per liter),EP.PMP.DESL.CD,1.9
Malawi,MWI,2010,Pump price for diesel fuel (US$ per liter),EP.PMP.DESL.CD,1.54
Malawi,MWI,2008,Pump price for diesel fuel (US$ per liter),EP.PMP.DESL.CD,1.67
Malawi,MWI,2006,Pump price for diesel fuel (US$ per liter),EP.PMP.DESL.CD,1.12
Malawi,MWI,2004,Pump price for diesel fuel (US$ per liter),EP.PMP.DESL.CD,0.88
Malawi,MWI,2002,Pump price for diesel fuel (US$ per liter),EP.PMP.DESL.CD,0.62
Malawi,MWI,2000,Pump price for diesel fuel (US$ per liter),EP.PMP.DESL.CD,0.68
Malawi,MWI,1998,Pump price for diesel fuel (US$ per liter),EP.PMP.DESL.CD,0.45
Malawi,MWI,1995,Pump price for diesel fuel (US$ per liter),EP.PMP.DESL.CD,0.55
Malawi,MWI,1992,Pump price for diesel fuel (US$ per liter),EP.PMP.DESL.CD,0.67
Malawi,MWI,1991,Pump price for diesel fuel (US$ per liter),EP.PMP.DESL.CD,0.56
Malawi,MWI,2016,Pump price for gasoline (US$ per liter),EP.PMP.SGAS.CD,1.15
Malawi,MWI,2014,Pump price for gasoline (US$ per liter),EP.PMP.SGAS.CD,1.78
Malawi,MWI,2012,Pump price for gasoline (US$ per liter),EP.PMP.SGAS.CD,1.93
Malawi,MWI,2010,Pump price for gasoline (US$ per liter),EP.PMP.SGAS.CD,1.71
Malawi,MWI,2008,Pump price for gasoline (US$ per liter),EP.PMP.SGAS.CD,1.78
Malawi,MWI,2006,Pump price for gasoline (US$ per liter),EP.PMP.SGAS.CD,1.17
Malawi,MWI,2004,Pump price for gasoline (US$ per liter),EP.PMP.SGAS.CD,0.95
Malawi,MWI,2002,Pump price for gasoline (US$ per liter),EP.PMP.SGAS.CD,0.66
Malawi,MWI,2000,Pump price for gasoline (US$ per liter),EP.PMP.SGAS.CD,0.69
Malawi,MWI,1998,Pump price for gasoline (US$ per liter),EP.PMP.SGAS.CD,0.51
Malawi,MWI,1995,Pump price for gasoline (US$ per liter),EP.PMP.SGAS.CD,0.65
Malawi,MWI,1992,Pump price for gasoline (US$ per liter),EP.PMP.SGAS.CD,0.71
Malawi,MWI,1991,Pump price for gasoline (US$ per liter),EP.PMP.SGAS.CD,0.64
Malawi,MWI,2014,Time to obtain an electrical connection (days),IC.ELC.DURS,50.4
Malawi,MWI,2009,Time to obtain an electrical connection (days),IC.ELC.DURS,59.2
Malawi,MWI,2019,Time required to get electricity (days),IC.ELC.TIME,127
Malawi,MWI,2018,Time required to get electricity (days),IC.ELC.TIME,127
Malawi,MWI,2017,Time required to get electricity (days),IC.ELC.TIME,127
Malawi,MWI,2016,Time required to get electricity (days),IC.ELC.TIME,127
Malawi,MWI,2015,Time required to get electricity (days),IC.ELC.TIME,127
Malawi,MWI,2014,Time required to get electricity (days),IC.ELC.TIME,172
Malawi,MWI,2013,Time required to get electricity (days),IC.ELC.TIME,222
Malawi,MWI,2012,Time required to get electricity (days),IC.ELC.TIME,222
Malawi,MWI,2011,Time required to get electricity (days),IC.ELC.TIME,222
Malawi,MWI,2010,Time required to get electricity (days),IC.ELC.TIME,222
Malawi,MWI,2009,Time required to get electricity (days),IC.ELC.TIME,222
Malawi,MWI,2014,Firms using banks to finance investment (% of firms),IC.FRM.BNKS.ZS,30.3
Malawi,MWI,2009,Firms using banks to finance investment (% of firms),IC.FRM.BNKS.ZS,20.6
Malawi,MWI,2014,Value lost due to electrical outages (% of sales for affected firms),IC.FRM.OUTG.ZS,7.2
Malawi,MWI,2009,Value lost due to electrical outages (% of sales for affected firms),IC.FRM.OUTG.ZS,13.3
Malawi,MWI,2017,Adjusted savings: mineral depletion (current US$),NY.ADJ.DMIN.CD,48303.2444227694
Malawi,MWI,2016,Adjusted savings: mineral depletion (current US$),NY.ADJ.DMIN.CD,69291.7977673927
Malawi,MWI,2015,Adjusted savings: mineral depletion (current US$),NY.ADJ.DMIN.CD,239859.347895184
Malawi,MWI,2014,Adjusted savings: mineral depletion (current US$),NY.ADJ.DMIN.CD,171582.309345286
Malawi,MWI,2013,Adjusted savings: mineral depletion (current US$),NY.ADJ.DMIN.CD,228421.408853307
Malawi,MWI,2012,Adjusted savings: mineral depletion (current US$),NY.ADJ.DMIN.CD,434638.810518535
Malawi,MWI,2011,Adjusted savings: mineral depletion (current US$),NY.ADJ.DMIN.CD,0
Malawi,MWI,2010,Adjusted savings: mineral depletion (current US$),NY.ADJ.DMIN.CD,0
Malawi,MWI,2009,Adjusted savings: mineral depletion (current US$),NY.ADJ.DMIN.CD,0
Malawi,MWI,2008,Adjusted savings: mineral depletion (current US$),NY.ADJ.DMIN.CD,0
Malawi,MWI,2007,Adjusted savings: mineral depletion (current US$),NY.ADJ.DMIN.CD,0
Malawi,MWI,2006,Adjusted savings: mineral depletion (current US$),NY.ADJ.DMIN.CD,0
Malawi,MWI,2005,Adjusted savings: mineral depletion (current US$),NY.ADJ.DMIN.CD,0
Malawi,MWI,2004,Adjusted savings: mineral depletion (current US$),NY.ADJ.DMIN.CD,0
Malawi,MWI,2003,Adjusted savings: mineral depletion (current US$),NY.ADJ.DMIN.CD,0
Malawi,MWI,2002,Adjusted savings: mineral depletion (current US$),NY.ADJ.DMIN.CD,0
Malawi,MWI,2001,Adjusted savings: mineral depletion (current US$),NY.ADJ.DMIN.CD,0
Malawi,MWI,2000,Adjusted savings: mineral depletion (current US$),NY.ADJ.DMIN.CD,0
Malawi,MWI,1999,Adjusted savings: mineral depletion (current US$),NY.ADJ.DMIN.CD,0
Malawi,MWI,1998,Adjusted savings: mineral depletion (current US$),NY.ADJ.DMIN.CD,0
Malawi,MWI,1997,Adjusted savings: mineral depletion (current US$),NY.ADJ.DMIN.CD,0
Malawi,MWI,1996,Adjusted savings: mineral depletion (current US$),NY.ADJ.DMIN.CD,0
Malawi,MWI,1995,Adjusted savings: mineral depletion (current US$),NY.ADJ.DMIN.CD,0
Malawi,MWI,1994,Adjusted savings: mineral depletion (current US$),NY.ADJ.DMIN.CD,0
Malawi,MWI,1993,Adjusted savings: mineral depletion (current US$),NY.ADJ.DMIN.CD,0
Malawi,MWI,1992,Adjusted savings: mineral depletion (current US$),NY.ADJ.DMIN.CD,0
Malawi,MWI,1991,Adjusted savings: mineral depletion (current US$),NY.ADJ.DMIN.CD,0
Malawi,MWI,1990,Adjusted savings: mineral depletion (current US$),NY.ADJ.DMIN.CD,0
Malawi,MWI,1989,Adjusted savings: mineral depletion (current US$),NY.ADJ.DMIN.CD,0
Malawi,MWI,1988,Adjusted savings: mineral depletion (current US$),NY.ADJ.DMIN.CD,0
Malawi,MWI,1987,Adjusted savings: mineral depletion (current US$),NY.ADJ.DMIN.CD,0
Malawi,MWI,1986,Adjusted savings: mineral depletion (current US$),NY.ADJ.DMIN.CD,0
Malawi,MWI,1985,Adjusted savings: mineral depletion (current US$),NY.ADJ.DMIN.CD,0
Malawi,MWI,1984,Adjusted savings: mineral depletion (current US$),NY.ADJ.DMIN.CD,0
Malawi,MWI,1983,Adjusted savings: mineral depletion (current US$),NY.ADJ.DMIN.CD,0
Malawi,MWI,1982,Adjusted savings: mineral depletion (current US$),NY.ADJ.DMIN.CD,0
Malawi,MWI,1981,Adjusted savings: mineral depletion (current US$),NY.ADJ.DMIN.CD,0
Malawi,MWI,1980,Adjusted savings: mineral depletion (current US$),NY.ADJ.DMIN.CD,0
Malawi,MWI,1979,Adjusted savings: mineral depletion (current US$),NY.ADJ.DMIN.CD,0
Malawi,MWI,1978,Adjusted savings: mineral depletion (current US$),NY.ADJ.DMIN.CD,0
Malawi,MWI,1977,Adjusted savings: mineral depletion (current US$),NY.ADJ.DMIN.CD,0
Malawi,MWI,1976,Adjusted savings: mineral depletion (current US$),NY.ADJ.DMIN.CD,0
Malawi,MWI,1975,Adjusted savings: mineral depletion (current US$),NY.ADJ.DMIN.CD,0
Malawi,MWI,1974,Adjusted savings: mineral depletion (current US$),NY.ADJ.DMIN.CD,0
Malawi,MWI,1973,Adjusted savings: mineral depletion (current US$),NY.ADJ.DMIN.CD,0
Malawi,MWI,1972,Adjusted savings: mineral depletion (current US$),NY.ADJ.DMIN.CD,0
Malawi,MWI,1971,Adjusted savings: mineral depletion (current US$),NY.ADJ.DMIN.CD,0
Malawi,MWI,1970,Adjusted savings: mineral depletion (current US$),NY.ADJ.DMIN.CD,0
Malawi,MWI,2017,Adjusted savings: mineral depletion (% of GNI),NY.ADJ.DMIN.GN.ZS,0.000784030184235264
Malawi,MWI,2016,Adjusted savings: mineral depletion (% of GNI),NY.ADJ.DMIN.GN.ZS,0.00130916171979775
Malawi,MWI,2015,Adjusted savings: mineral depletion (% of GNI),NY.ADJ.DMIN.GN.ZS,0.00388726270742169
Malawi,MWI,2014,Adjusted savings: mineral depletion (% of GNI),NY.ADJ.DMIN.GN.ZS,0.00291910411577324
Malawi,MWI,2013,Adjusted savings: mineral depletion (% of GNI),NY.ADJ.DMIN.GN.ZS,0.00426406054667933
Malawi,MWI,2012,Adjusted savings: mineral depletion (% of GNI),NY.ADJ.DMIN.GN.ZS,0.00737589988797639
Malawi,MWI,2011,Adjusted savings: mineral depletion (% of GNI),NY.ADJ.DMIN.GN.ZS,0
Malawi,MWI,2010,Adjusted savings: mineral depletion (% of GNI),NY.ADJ.DMIN.GN.ZS,0
Malawi,MWI,2009,Adjusted savings: mineral depletion (% of GNI),NY.ADJ.DMIN.GN.ZS,0
Malawi,MWI,2008,Adjusted savings: mineral depletion (% of GNI),NY.ADJ.DMIN.GN.ZS,0
Malawi,MWI,2007,Adjusted savings: mineral depletion (% of GNI),NY.ADJ.DMIN.GN.ZS,0
Malawi,MWI,2006,Adjusted savings: mineral depletion (% of GNI),NY.ADJ.DMIN.GN.ZS,0
Malawi,MWI,2005,Adjusted savings: mineral depletion (% of GNI),NY.ADJ.DMIN.GN.ZS,0
Malawi,MWI,2004,Adjusted savings: mineral depletion (% of GNI),NY.ADJ.DMIN.GN.ZS,0
Malawi,MWI,2003,Adjusted savings: mineral depletion (% of GNI),NY.ADJ.DMIN.GN.ZS,0
Malawi,MWI,2002,Adjusted savings: mineral depletion (% of GNI),NY.ADJ.DMIN.GN.ZS,0
Malawi,MWI,2001,Adjusted savings: mineral depletion (% of GNI),NY.ADJ.DMIN.GN.ZS,0
Malawi,MWI,2000,Adjusted savings: mineral depletion (% of GNI),NY.ADJ.DMIN.GN.ZS,0
Malawi,MWI,1999,Adjusted savings: mineral depletion (% of GNI),NY.ADJ.DMIN.GN.ZS,0
Malawi,MWI,1998,Adjusted savings: mineral depletion (% of GNI),NY.ADJ.DMIN.GN.ZS,0
Malawi,MWI,1997,Adjusted savings: mineral depletion (% of GNI),NY.ADJ.DMIN.GN.ZS,0
Malawi,MWI,1996,Adjusted savings: mineral depletion (% of GNI),NY.ADJ.DMIN.GN.ZS,0
Malawi,MWI,1995,Adjusted savings: mineral depletion (% of GNI),NY.ADJ.DMIN.GN.ZS,0
Malawi,MWI,1994,Adjusted savings: mineral depletion (% of GNI),NY.ADJ.DMIN.GN.ZS,0
Malawi,MWI,1993,Adjusted savings: mineral depletion (% of GNI),NY.ADJ.DMIN.GN.ZS,0
Malawi,MWI,1992,Adjusted savings: mineral depletion (% of GNI),NY.ADJ.DMIN.GN.ZS,0
Malawi,MWI,1991,Adjusted savings: mineral depletion (% of GNI),NY.ADJ.DMIN.GN.ZS,0
Malawi,MWI,1990,Adjusted savings: mineral depletion (% of GNI),NY.ADJ.DMIN.GN.ZS,0
Malawi,MWI,1989,Adjusted savings: mineral depletion (% of GNI),NY.ADJ.DMIN.GN.ZS,0
Malawi,MWI,1988,Adjusted savings: mineral depletion (% of GNI),NY.ADJ.DMIN.GN.ZS,0
Malawi,MWI,1987,Adjusted savings: mineral depletion (% of GNI),NY.ADJ.DMIN.GN.ZS,0
Malawi,MWI,1986,Adjusted savings: mineral depletion (% of GNI),NY.ADJ.DMIN.GN.ZS,0
Malawi,MWI,1985,Adjusted savings: mineral depletion (% of GNI),NY.ADJ.DMIN.GN.ZS,0
Malawi,MWI,1984,Adjusted savings: mineral depletion (% of GNI),NY.ADJ.DMIN.GN.ZS,0
Malawi,MWI,1983,Adjusted savings: mineral depletion (% of GNI),NY.ADJ.DMIN.GN.ZS,0
Malawi,MWI,1982,Adjusted savings: mineral depletion (% of GNI),NY.ADJ.DMIN.GN.ZS,0
Malawi,MWI,1981,Adjusted savings: mineral depletion (% of GNI),NY.ADJ.DMIN.GN.ZS,0
Malawi,MWI,1980,Adjusted savings: mineral depletion (% of GNI),NY.ADJ.DMIN.GN.ZS,0
Malawi,MWI,1979,Adjusted savings: mineral depletion (% of GNI),NY.ADJ.DMIN.GN.ZS,0
Malawi,MWI,1978,Adjusted savings: mineral depletion (% of GNI),NY.ADJ.DMIN.GN.ZS,0
Malawi,MWI,1977,Adjusted savings: mineral depletion (% of GNI),NY.ADJ.DMIN.GN.ZS,0
Malawi,MWI,1976,Adjusted savings: mineral depletion (% of GNI),NY.ADJ.DMIN.GN.ZS,0
Malawi,MWI,1975,Adjusted savings: mineral depletion (% of GNI),NY.ADJ.DMIN.GN.ZS,0
Malawi,MWI,1974,Adjusted savings: mineral depletion (% of GNI),NY.ADJ.DMIN.GN.ZS,0
Malawi,MWI,1973,Adjusted savings: mineral depletion (% of GNI),NY.ADJ.DMIN.GN.ZS,0
Malawi,MWI,1972,Adjusted savings: mineral depletion (% of GNI),NY.ADJ.DMIN.GN.ZS,0
Malawi,MWI,1971,Adjusted savings: mineral depletion (% of GNI),NY.ADJ.DMIN.GN.ZS,0
Malawi,MWI,1970,Adjusted savings: mineral depletion (% of GNI),NY.ADJ.DMIN.GN.ZS,0
Malawi,MWI,2017,Adjusted savings: energy depletion (current US$),NY.ADJ.DNGY.CD,859206.886093516
Malawi,MWI,2016,Adjusted savings: energy depletion (current US$),NY.ADJ.DNGY.CD,642739.140087446
Malawi,MWI,2015,Adjusted savings: energy depletion (current US$),NY.ADJ.DNGY.CD,785135.018852685
Malawi,MWI,2014,Adjusted savings: energy depletion (current US$),NY.ADJ.DNGY.CD,1127081.3540115
Malawi,MWI,2013,Adjusted savings: energy depletion (current US$),NY.ADJ.DNGY.CD,1589393.00644966
Malawi,MWI,2012,Adjusted savings: energy depletion (current US$),NY.ADJ.DNGY.CD,2138856.14305516
Malawi,MWI,2011,Adjusted savings: energy depletion (current US$),NY.ADJ.DNGY.CD,3595266.29835226
Malawi,MWI,2010,Adjusted savings: energy depletion (current US$),NY.ADJ.DNGY.CD,2720128.98373125
Malawi,MWI,2009,Adjusted savings: energy depletion (current US$),NY.ADJ.DNGY.CD,1171390.9614174
Malawi,MWI,2008,Adjusted savings: energy depletion (current US$),NY.ADJ.DNGY.CD,3801888.22467514
Malawi,MWI,2007,Adjusted savings: energy depletion (current US$),NY.ADJ.DNGY.CD,1697851.73173092
Malawi,MWI,2006,Adjusted savings: energy depletion (current US$),NY.ADJ.DNGY.CD,1263143.8408359
Malawi,MWI,2005,Adjusted savings: energy depletion (current US$),NY.ADJ.DNGY.CD,1029067.48471763
Malawi,MWI,2004,Adjusted savings: energy depletion (current US$),NY.ADJ.DNGY.CD,1310111.08609236
Malawi,MWI,2003,Adjusted savings: energy depletion (current US$),NY.ADJ.DNGY.CD,725176.895450705
Malawi,MWI,2002,Adjusted savings: energy depletion (current US$),NY.ADJ.DNGY.CD,459941.901121519
Malawi,MWI,2001,Adjusted savings: energy depletion (current US$),NY.ADJ.DNGY.CD,547694.500811956
Malawi,MWI,2000,Adjusted savings: energy depletion (current US$),NY.ADJ.DNGY.CD,480084.82987732
Malawi,MWI,1999,Adjusted savings: energy depletion (current US$),NY.ADJ.DNGY.CD,262689.114834781
Malawi,MWI,1998,Adjusted savings: energy depletion (current US$),NY.ADJ.DNGY.CD,344335.309894998
Malawi,MWI,1997,Adjusted savings: energy depletion (current US$),NY.ADJ.DNGY.CD,461730.925644579
Malawi,MWI,1996,Adjusted savings: energy depletion (current US$),NY.ADJ.DNGY.CD,557569.434097438
Malawi,MWI,1995,Adjusted savings: energy depletion (current US$),NY.ADJ.DNGY.CD,591829.761348221
Malawi,MWI,1994,Adjusted savings: energy depletion (current US$),NY.ADJ.DNGY.CD,428481.728513376
Malawi,MWI,1993,Adjusted savings: energy depletion (current US$),NY.ADJ.DNGY.CD,411922.347592111
Malawi,MWI,1992,Adjusted savings: energy depletion (current US$),NY.ADJ.DNGY.CD,572804.89252068
Malawi,MWI,1991,Adjusted savings: energy depletion (current US$),NY.ADJ.DNGY.CD,630197.05739597
Malawi,MWI,1990,Adjusted savings: energy depletion (current US$),NY.ADJ.DNGY.CD,636333.854613042
Malawi,MWI,1989,Adjusted savings: energy depletion (current US$),NY.ADJ.DNGY.CD,633545.307221938
Malawi,MWI,1988,Adjusted savings: energy depletion (current US$),NY.ADJ.DNGY.CD,462501.999683785
Malawi,MWI,1987,Adjusted savings: energy depletion (current US$),NY.ADJ.DNGY.CD,253359.192952717
Malawi,MWI,1986,Adjusted savings: energy depletion (current US$),NY.ADJ.DNGY.CD,339334.930852008
Malawi,MWI,1985,Adjusted savings: energy depletion (current US$),NY.ADJ.DNGY.CD,404073.663768254
Malawi,MWI,1984,Adjusted savings: energy depletion (current US$),NY.ADJ.DNGY.CD,138905.784670549
Malawi,MWI,1983,Adjusted savings: energy depletion (current US$),NY.ADJ.DNGY.CD,158038.608541238
Malawi,MWI,1982,Adjusted savings: energy depletion (current US$),NY.ADJ.DNGY.CD,0
Malawi,MWI,1981,Adjusted savings: energy depletion (current US$),NY.ADJ.DNGY.CD,0
Malawi,MWI,1980,Adjusted savings: energy depletion (current US$),NY.ADJ.DNGY.CD,0
Malawi,MWI,2017,Adjusted savings: energy depletion (% of GNI),NY.ADJ.DNGY.GN.ZS,0.0139461467081611
Malawi,MWI,2016,Adjusted savings: energy depletion (% of GNI),NY.ADJ.DNGY.GN.ZS,0.0121435654021113
Malawi,MWI,2015,Adjusted savings: energy depletion (% of GNI),NY.ADJ.DNGY.GN.ZS,0.0127242323714253
Malawi,MWI,2014,Adjusted savings: energy depletion (% of GNI),NY.ADJ.DNGY.GN.ZS,0.0191748661727441
Malawi,MWI,2013,Adjusted savings: energy depletion (% of GNI),NY.ADJ.DNGY.GN.ZS,0.0296700210632289
Malawi,MWI,2012,Adjusted savings: energy depletion (% of GNI),NY.ADJ.DNGY.GN.ZS,0.0362967788521624
Malawi,MWI,2011,Adjusted savings: energy depletion (% of GNI),NY.ADJ.DNGY.GN.ZS,0.0455764826626549
Malawi,MWI,2010,Adjusted savings: energy depletion (% of GNI),NY.ADJ.DNGY.GN.ZS,0.039703203436931
Malawi,MWI,2009,Adjusted savings: energy depletion (% of GNI),NY.ADJ.DNGY.GN.ZS,0.0191021558926903
Malawi,MWI,2008,Adjusted savings: energy depletion (% of GNI),NY.ADJ.DNGY.GN.ZS,0.071752115561319
Malawi,MWI,2007,Adjusted savings: energy depletion (% of GNI),NY.ADJ.DNGY.GN.ZS,0.0384825929796816
Malawi,MWI,2006,Adjusted savings: energy depletion (% of GNI),NY.ADJ.DNGY.GN.ZS,0.0318958315951406
Malawi,MWI,2005,Adjusted savings: energy depletion (% of GNI),NY.ADJ.DNGY.GN.ZS,0.0284580120493125
Malawi,MWI,2004,Adjusted savings: energy depletion (% of GNI),NY.ADJ.DNGY.GN.ZS,0.038192932491155
Malawi,MWI,2003,Adjusted savings: energy depletion (% of GNI),NY.ADJ.DNGY.GN.ZS,0.0228953690877924
Malawi,MWI,2002,Adjusted savings: energy depletion (% of GNI),NY.ADJ.DNGY.GN.ZS,0.0133263184869101
Malawi,MWI,2001,Adjusted savings: energy depletion (% of GNI),NY.ADJ.DNGY.GN.ZS,0.0325357975714218
Malawi,MWI,2000,Adjusted savings: energy depletion (% of GNI),NY.ADJ.DNGY.GN.ZS,0.0281218941782292
Malawi,MWI,1999,Adjusted savings: energy depletion (% of GNI),NY.ADJ.DNGY.GN.ZS,0.0151476827632559
Malawi,MWI,1998,Adjusted savings: energy depletion (% of GNI),NY.ADJ.DNGY.GN.ZS,0.0201467580485561
Malawi,MWI,1997,Adjusted savings: energy depletion (% of GNI),NY.ADJ.DNGY.GN.ZS,0.0176097784877823
Malawi,MWI,1996,Adjusted savings: energy depletion (% of GNI),NY.ADJ.DNGY.GN.ZS,0.0248689088377609
Malawi,MWI,1995,Adjusted savings: energy depletion (% of GNI),NY.ADJ.DNGY.GN.ZS,0.043837103369807
Malawi,MWI,1994,Adjusted savings: energy depletion (% of GNI),NY.ADJ.DNGY.GN.ZS,0.0376324286865588
Malawi,MWI,1993,Adjusted savings: energy depletion (% of GNI),NY.ADJ.DNGY.GN.ZS,0.0203032885109961
Malawi,MWI,1992,Adjusted savings: energy depletion (% of GNI),NY.ADJ.DNGY.GN.ZS,0.0325360206753035
Malawi,MWI,1991,Adjusted savings: energy depletion (% of GNI),NY.ADJ.DNGY.GN.ZS,0.0292159727480353
Malawi,MWI,1990,Adjusted savings: energy depletion (% of GNI),NY.ADJ.DNGY.GN.ZS,0.0346312153406083
Malawi,MWI,1989,Adjusted savings: energy depletion (% of GNI),NY.ADJ.DNGY.GN.ZS,0.0411299185076795
Malawi,MWI,1988,Adjusted savings: energy depletion (% of GNI),NY.ADJ.DNGY.GN.ZS,0.034877266951942
Malawi,MWI,1987,Adjusted savings: energy depletion (% of GNI),NY.ADJ.DNGY.GN.ZS,0.0224971645923792
Malawi,MWI,1986,Adjusted savings: energy depletion (% of GNI),NY.ADJ.DNGY.GN.ZS,0.0302170449684127
Malawi,MWI,1985,Adjusted savings: energy depletion (% of GNI),NY.ADJ.DNGY.GN.ZS,0.037467261891064
Malawi,MWI,1984,Adjusted savings: energy depletion (% of GNI),NY.ADJ.DNGY.GN.ZS,0.0120551040131244
Malawi,MWI,1983,Adjusted savings: energy depletion (% of GNI),NY.ADJ.DNGY.GN.ZS,0.0137152808873631
Malawi,MWI,1982,Adjusted savings: energy depletion (% of GNI),NY.ADJ.DNGY.GN.ZS,0
Malawi,MWI,1981,Adjusted savings: energy depletion (% of GNI),NY.ADJ.DNGY.GN.ZS,0
Malawi,MWI,1980,Adjusted savings: energy depletion (% of GNI),NY.ADJ.DNGY.GN.ZS,0
Malawi,MWI,2017,Adjusted savings: natural resources depletion (% of GNI),NY.ADJ.DRES.GN.ZS,8.17328567243289
Malawi,MWI,2016,Adjusted savings: natural resources depletion (% of GNI),NY.ADJ.DRES.GN.ZS,9.43015853849734
Malawi,MWI,2015,Adjusted savings: natural resources depletion (% of GNI),NY.ADJ.DRES.GN.ZS,8.02145162374154
Malawi,MWI,2014,Adjusted savings: natural resources depletion (% of GNI),NY.ADJ.DRES.GN.ZS,7.9414447400445
Malawi,MWI,2013,Adjusted savings: natural resources depletion (% of GNI),NY.ADJ.DRES.GN.ZS,8.3389647746446
Malawi,MWI,2012,Adjusted savings: natural resources depletion (% of GNI),NY.ADJ.DRES.GN.ZS,7.4341235891788
Malawi,MWI,2011,Adjusted savings: natural resources depletion (% of GNI),NY.ADJ.DRES.GN.ZS,4.91439250844933
Malawi,MWI,2010,Adjusted savings: natural resources depletion (% of GNI),NY.ADJ.DRES.GN.ZS,4.9787297796414
Malawi,MWI,2009,Adjusted savings: natural resources depletion (% of GNI),NY.ADJ.DRES.GN.ZS,5.84690253270282
Malawi,MWI,2008,Adjusted savings: natural resources depletion (% of GNI),NY.ADJ.DRES.GN.ZS,7.15472186573651
Malawi,MWI,2007,Adjusted savings: natural resources depletion (% of GNI),NY.ADJ.DRES.GN.ZS,6.53392945974643
Malawi,MWI,2006,Adjusted savings: natural resources depletion (% of GNI),NY.ADJ.DRES.GN.ZS,5.60132040301365
Malawi,MWI,2005,Adjusted savings: natural resources depletion (% of GNI),NY.ADJ.DRES.GN.ZS,5.58237127761218
Malawi,MWI,2004,Adjusted savings: natural resources depletion (% of GNI),NY.ADJ.DRES.GN.ZS,5.34926681429168
Malawi,MWI,2003,Adjusted savings: natural resources depletion (% of GNI),NY.ADJ.DRES.GN.ZS,7.2707836169037
Malawi,MWI,2002,Adjusted savings: natural resources depletion (% of GNI),NY.ADJ.DRES.GN.ZS,4.84806290581116
Malawi,MWI,2001,Adjusted savings: natural resources depletion (% of GNI),NY.ADJ.DRES.GN.ZS,8.36178381115809
Malawi,MWI,2000,Adjusted savings: natural resources depletion (% of GNI),NY.ADJ.DRES.GN.ZS,8.61293313087967
Malawi,MWI,1999,Adjusted savings: natural resources depletion (% of GNI),NY.ADJ.DRES.GN.ZS,8.49768414091444
Malawi,MWI,1998,Adjusted savings: natural resources depletion (% of GNI),NY.ADJ.DRES.GN.ZS,11.0703707369226
Malawi,MWI,1997,Adjusted savings: natural resources depletion (% of GNI),NY.ADJ.DRES.GN.ZS,7.06601019738666
Malawi,MWI,1996,Adjusted savings: natural resources depletion (% of GNI),NY.ADJ.DRES.GN.ZS,9.07372172763047
Malawi,MWI,1995,Adjusted savings: natural resources depletion (% of GNI),NY.ADJ.DRES.GN.ZS,15.9542631302229
Malawi,MWI,1994,Adjusted savings: natural resources depletion (% of GNI),NY.ADJ.DRES.GN.ZS,11.8770251909547
Malawi,MWI,1993,Adjusted savings: natural resources depletion (% of GNI),NY.ADJ.DRES.GN.ZS,5.94062085297929
Malawi,MWI,1992,Adjusted savings: natural resources depletion (% of GNI),NY.ADJ.DRES.GN.ZS,7.81593340235362
Malawi,MWI,1991,Adjusted savings: natural resources depletion (% of GNI),NY.ADJ.DRES.GN.ZS,6.12802944781516
Malawi,MWI,1990,Adjusted savings: natural resources depletion (% of GNI),NY.ADJ.DRES.GN.ZS,7.595347713935
Malawi,MWI,1989,Adjusted savings: natural resources depletion (% of GNI),NY.ADJ.DRES.GN.ZS,7.05183922693544
Malawi,MWI,1988,Adjusted savings: natural resources depletion (% of GNI),NY.ADJ.DRES.GN.ZS,5.90277693951905
Malawi,MWI,1987,Adjusted savings: natural resources depletion (% of GNI),NY.ADJ.DRES.GN.ZS,6.07396683246727
Malawi,MWI,1986,Adjusted savings: natural resources depletion (% of GNI),NY.ADJ.DRES.GN.ZS,5.83957326496088
Malawi,MWI,1985,Adjusted savings: natural resources depletion (% of GNI),NY.ADJ.DRES.GN.ZS,3.72151009796478
Malawi,MWI,1984,Adjusted savings: natural resources depletion (% of GNI),NY.ADJ.DRES.GN.ZS,4.39761705898131
Malawi,MWI,1983,Adjusted savings: natural resources depletion (% of GNI),NY.ADJ.DRES.GN.ZS,4.83682715039281
Malawi,MWI,1982,Adjusted savings: natural resources depletion (% of GNI),NY.ADJ.DRES.GN.ZS,7.52529280185381
Malawi,MWI,1981,Adjusted savings: natural resources depletion (% of GNI),NY.ADJ.DRES.GN.ZS,5.41799284794375
Malawi,MWI,1980,Adjusted savings: natural resources depletion (% of GNI),NY.ADJ.DRES.GN.ZS,6.18447189220181
Malawi,MWI,2017,Mineral rents (% of GDP),NY.GDP.MINR.RT.ZS,0.00411617899992062
Malawi,MWI,2016,Mineral rents (% of GDP),NY.GDP.MINR.RT.ZS,0.00567311568126558
Malawi,MWI,2015,Mineral rents (% of GDP),NY.GDP.MINR.RT.ZS,0.0140297054127424
Malawi,MWI,2014,Mineral rents (% of GDP),NY.GDP.MINR.RT.ZS,0.0105760728944453
Malawi,MWI,2013,Mineral rents (% of GDP),NY.GDP.MINR.RT.ZS,0.0154289405829522
Malawi,MWI,2012,Mineral rents (% of GDP),NY.GDP.MINR.RT.ZS,0.026876358172114
Malawi,MWI,2011,Mineral rents (% of GDP),NY.GDP.MINR.RT.ZS,0
Malawi,MWI,2010,Mineral rents (% of GDP),NY.GDP.MINR.RT.ZS,0
Malawi,MWI,2009,Mineral rents (% of GDP),NY.GDP.MINR.RT.ZS,0
Malawi,MWI,2008,Mineral rents (% of GDP),NY.GDP.MINR.RT.ZS,0
Malawi,MWI,2007,Mineral rents (% of GDP),NY.GDP.MINR.RT.ZS,0
Malawi,MWI,2006,Mineral rents (% of GDP),NY.GDP.MINR.RT.ZS,0
Malawi,MWI,2005,Mineral rents (% of GDP),NY.GDP.MINR.RT.ZS,0
Malawi,MWI,2004,Mineral rents (% of GDP),NY.GDP.MINR.RT.ZS,0
Malawi,MWI,2003,Mineral rents (% of GDP),NY.GDP.MINR.RT.ZS,0
Malawi,MWI,2002,Mineral rents (% of GDP),NY.GDP.MINR.RT.ZS,0
Malawi,MWI,2001,Mineral rents (% of GDP),NY.GDP.MINR.RT.ZS,0
Malawi,MWI,2000,Mineral rents (% of GDP),NY.GDP.MINR.RT.ZS,0
Malawi,MWI,1999,Mineral rents (% of GDP),NY.GDP.MINR.RT.ZS,0
Malawi,MWI,1998,Mineral rents (% of GDP),NY.GDP.MINR.RT.ZS,0
Malawi,MWI,1997,Mineral rents (% of GDP),NY.GDP.MINR.RT.ZS,0
Malawi,MWI,1996,Mineral rents (% of GDP),NY.GDP.MINR.RT.ZS,0
Malawi,MWI,1995,Mineral rents (% of GDP),NY.GDP.MINR.RT.ZS,0
Malawi,MWI,1994,Mineral rents (% of GDP),NY.GDP.MINR.RT.ZS,0
Malawi,MWI,1993,Mineral rents (% of GDP),NY.GDP.MINR.RT.ZS,0
Malawi,MWI,1992,Mineral rents (% of GDP),NY.GDP.MINR.RT.ZS,0
Malawi,MWI,1991,Mineral rents (% of GDP),NY.GDP.MINR.RT.ZS,0
Malawi,MWI,1990,Mineral rents (% of GDP),NY.GDP.MINR.RT.ZS,0
Malawi,MWI,1989,Mineral rents (% of GDP),NY.GDP.MINR.RT.ZS,0
Malawi,MWI,1988,Mineral rents (% of GDP),NY.GDP.MINR.RT.ZS,0
Malawi,MWI,1987,Mineral rents (% of GDP),NY.GDP.MINR.RT.ZS,0
Malawi,MWI,1986,Mineral rents (% of GDP),NY.GDP.MINR.RT.ZS,0
Malawi,MWI,1985,Mineral rents (% of GDP),NY.GDP.MINR.RT.ZS,0
Malawi,MWI,1984,Mineral rents (% of GDP),NY.GDP.MINR.RT.ZS,0
Malawi,MWI,1983,Mineral rents (% of GDP),NY.GDP.MINR.RT.ZS,0
Malawi,MWI,1982,Mineral rents (% of GDP),NY.GDP.MINR.RT.ZS,0
Malawi,MWI,1981,Mineral rents (% of GDP),NY.GDP.MINR.RT.ZS,0
Malawi,MWI,1980,Mineral rents (% of GDP),NY.GDP.MINR.RT.ZS,0
Malawi,MWI,1979,Mineral rents (% of GDP),NY.GDP.MINR.RT.ZS,0
Malawi,MWI,1978,Mineral rents (% of GDP),NY.GDP.MINR.RT.ZS,0
Malawi,MWI,1977,Mineral rents (% of GDP),NY.GDP.MINR.RT.ZS,0
Malawi,MWI,1976,Mineral rents (% of GDP),NY.GDP.MINR.RT.ZS,0
Malawi,MWI,1975,Mineral rents (% of GDP),NY.GDP.MINR.RT.ZS,0
Malawi,MWI,1974,Mineral rents (% of GDP),NY.GDP.MINR.RT.ZS,0
Malawi,MWI,1973,Mineral rents (% of GDP),NY.GDP.MINR.RT.ZS,0
Malawi,MWI,1972,Mineral rents (% of GDP),NY.GDP.MINR.RT.ZS,0
Malawi,MWI,1971,Mineral rents (% of GDP),NY.GDP.MINR.RT.ZS,0
Malawi,MWI,1970,Mineral rents (% of GDP),NY.GDP.MINR.RT.ZS,0
Malawi,MWI,2017,Natural gas rents (% of GDP),NY.GDP.NGAS.RT.ZS,0
Malawi,MWI,2016,Natural gas rents (% of GDP),NY.GDP.NGAS.RT.ZS,0
Malawi,MWI,2015,Natural gas rents (% of GDP),NY.GDP.NGAS.RT.ZS,0
Malawi,MWI,2014,Natural gas rents (% of GDP),NY.GDP.NGAS.RT.ZS,0
Malawi,MWI,2013,Natural gas rents (% of GDP),NY.GDP.NGAS.RT.ZS,0
Malawi,MWI,2012,Natural gas rents (% of GDP),NY.GDP.NGAS.RT.ZS,0
Malawi,MWI,2011,Natural gas rents (% of GDP),NY.GDP.NGAS.RT.ZS,0
Malawi,MWI,2010,Natural gas rents (% of GDP),NY.GDP.NGAS.RT.ZS,0
Malawi,MWI,2009,Natural gas rents (% of GDP),NY.GDP.NGAS.RT.ZS,0
Malawi,MWI,2008,Natural gas rents (% of GDP),NY.GDP.NGAS.RT.ZS,0
Malawi,MWI,2007,Natural gas rents (% of GDP),NY.GDP.NGAS.RT.ZS,0
Malawi,MWI,2006,Natural gas rents (% of GDP),NY.GDP.NGAS.RT.ZS,0
Malawi,MWI,2005,Natural gas rents (% of GDP),NY.GDP.NGAS.RT.ZS,0
Malawi,MWI,2004,Natural gas rents (% of GDP),NY.GDP.NGAS.RT.ZS,0
Malawi,MWI,2003,Natural gas rents (% of GDP),NY.GDP.NGAS.RT.ZS,0
Malawi,MWI,2002,Natural gas rents (% of GDP),NY.GDP.NGAS.RT.ZS,0
Malawi,MWI,2001,Natural gas rents (% of GDP),NY.GDP.NGAS.RT.ZS,0
Malawi,MWI,2000,Natural gas rents (% of GDP),NY.GDP.NGAS.RT.ZS,0
Malawi,MWI,1999,Natural gas rents (% of GDP),NY.GDP.NGAS.RT.ZS,0
Malawi,MWI,1998,Natural gas rents (% of GDP),NY.GDP.NGAS.RT.ZS,0
Malawi,MWI,1997,Natural gas rents (% of GDP),NY.GDP.NGAS.RT.ZS,0
Malawi,MWI,1996,Natural gas rents (% of GDP),NY.GDP.NGAS.RT.ZS,0
Malawi,MWI,1995,Natural gas rents (% of GDP),NY.GDP.NGAS.RT.ZS,0
Malawi,MWI,1994,Natural gas rents (% of GDP),NY.GDP.NGAS.RT.ZS,0
Malawi,MWI,1993,Natural gas rents (% of GDP),NY.GDP.NGAS.RT.ZS,0
Malawi,MWI,1992,Natural gas rents (% of GDP),NY.GDP.NGAS.RT.ZS,0
Malawi,MWI,1991,Natural gas rents (% of GDP),NY.GDP.NGAS.RT.ZS,0
Malawi,MWI,1990,Natural gas rents (% of GDP),NY.GDP.NGAS.RT.ZS,0
Malawi,MWI,1989,Natural gas rents (% of GDP),NY.GDP.NGAS.RT.ZS,0
Malawi,MWI,1988,Natural gas rents (% of GDP),NY.GDP.NGAS.RT.ZS,0
Malawi,MWI,1987,Natural gas rents (% of GDP),NY.GDP.NGAS.RT.ZS,0
Malawi,MWI,1986,Natural gas rents (% of GDP),NY.GDP.NGAS.RT.ZS,0
Malawi,MWI,1985,Natural gas rents (% of GDP),NY.GDP.NGAS.RT.ZS,0
Malawi,MWI,1984,Natural gas rents (% of GDP),NY.GDP.NGAS.RT.ZS,0
Malawi,MWI,1983,Natural gas rents (% of GDP),NY.GDP.NGAS.RT.ZS,0
Malawi,MWI,1982,Natural gas rents (% of GDP),NY.GDP.NGAS.RT.ZS,0
Malawi,MWI,1981,Natural gas rents (% of GDP),NY.GDP.NGAS.RT.ZS,0
Malawi,MWI,1980,Natural gas rents (% of GDP),NY.GDP.NGAS.RT.ZS,0
Malawi,MWI,2017,Oil rents (% of GDP),NY.GDP.PETR.RT.ZS,0
Malawi,MWI,2016,Oil rents (% of GDP),NY.GDP.PETR.RT.ZS,0
Malawi,MWI,2015,Oil rents (% of GDP),NY.GDP.PETR.RT.ZS,0
Malawi,MWI,2014,Oil rents (% of GDP),NY.GDP.PETR.RT.ZS,0
Malawi,MWI,2013,Oil rents (% of GDP),NY.GDP.PETR.RT.ZS,0
Malawi,MWI,2012,Oil rents (% of GDP),NY.GDP.PETR.RT.ZS,0
Malawi,MWI,2011,Oil rents (% of GDP),NY.GDP.PETR.RT.ZS,0
Malawi,MWI,2010,Oil rents (% of GDP),NY.GDP.PETR.RT.ZS,0
Malawi,MWI,2009,Oil rents (% of GDP),NY.GDP.PETR.RT.ZS,0
Malawi,MWI,2008,Oil rents (% of GDP),NY.GDP.PETR.RT.ZS,0
Malawi,MWI,2007,Oil rents (% of GDP),NY.GDP.PETR.RT.ZS,0
Malawi,MWI,2006,Oil rents (% of GDP),NY.GDP.PETR.RT.ZS,0
Malawi,MWI,2005,Oil rents (% of GDP),NY.GDP.PETR.RT.ZS,0
Malawi,MWI,2004,Oil rents (% of GDP),NY.GDP.PETR.RT.ZS,0
Malawi,MWI,2003,Oil rents (% of GDP),NY.GDP.PETR.RT.ZS,0
Malawi,MWI,2002,Oil rents (% of GDP),NY.GDP.PETR.RT.ZS,0
Malawi,MWI,2001,Oil rents (% of GDP),NY.GDP.PETR.RT.ZS,0
Malawi,MWI,2000,Oil rents (% of GDP),NY.GDP.PETR.RT.ZS,0
Malawi,MWI,1999,Oil rents (% of GDP),NY.GDP.PETR.RT.ZS,0
Malawi,MWI,1998,Oil rents (% of GDP),NY.GDP.PETR.RT.ZS,0
Malawi,MWI,1997,Oil rents (% of GDP),NY.GDP.PETR.RT.ZS,0
Malawi,MWI,1996,Oil rents (% of GDP),NY.GDP.PETR.RT.ZS,0
Malawi,MWI,1995,Oil rents (% of GDP),NY.GDP.PETR.RT.ZS,0
Malawi,MWI,1994,Oil rents (% of GDP),NY.GDP.PETR.RT.ZS,0
Malawi,MWI,1993,Oil rents (% of GDP),NY.GDP.PETR.RT.ZS,0
Malawi,MWI,1992,Oil rents (% of GDP),NY.GDP.PETR.RT.ZS,0
Malawi,MWI,1991,Oil rents (% of GDP),NY.GDP.PETR.RT.ZS,0
Malawi,MWI,1990,Oil rents (% of GDP),NY.GDP.PETR.RT.ZS,0
Malawi,MWI,1989,Oil rents (% of GDP),NY.GDP.PETR.RT.ZS,0
Malawi,MWI,1988,Oil rents (% of GDP),NY.GDP.PETR.RT.ZS,0
Malawi,MWI,1987,Oil rents (% of GDP),NY.GDP.PETR.RT.ZS,0
Malawi,MWI,1986,Oil rents (% of GDP),NY.GDP.PETR.RT.ZS,0
Malawi,MWI,1985,Oil rents (% of GDP),NY.GDP.PETR.RT.ZS,0
Malawi,MWI,1984,Oil rents (% of GDP),NY.GDP.PETR.RT.ZS,0
Malawi,MWI,1983,Oil rents (% of GDP),NY.GDP.PETR.RT.ZS,0
Malawi,MWI,1982,Oil rents (% of GDP),NY.GDP.PETR.RT.ZS,0
Malawi,MWI,1981,Oil rents (% of GDP),NY.GDP.PETR.RT.ZS,0
Malawi,MWI,1980,Oil rents (% of GDP),NY.GDP.PETR.RT.ZS,0
Malawi,MWI,2017,Total natural resources rents (% of GDP),NY.GDP.TOTL.RT.ZS,9.60402492058353
Malawi,MWI,2016,Total natural resources rents (% of GDP),NY.GDP.TOTL.RT.ZS,11.0400871594904
Malawi,MWI,2015,Total natural resources rents (% of GDP),NY.GDP.TOTL.RT.ZS,9.35118817731634
Malawi,MWI,2014,Total natural resources rents (% of GDP),NY.GDP.TOTL.RT.ZS,9.30372501273858
Malawi,MWI,2013,Total natural resources rents (% of GDP),NY.GDP.TOTL.RT.ZS,9.76715210320023
Malawi,MWI,2012,Total natural resources rents (% of GDP),NY.GDP.TOTL.RT.ZS,8.79264756284312
Malawi,MWI,2011,Total natural resources rents (% of GDP),NY.GDP.TOTL.RT.ZS,5.86144138421219
Malawi,MWI,2010,Total natural resources rents (% of GDP),NY.GDP.TOTL.RT.ZS,5.93838532190074
Malawi,MWI,2009,Total natural resources rents (% of GDP),NY.GDP.TOTL.RT.ZS,7.00816120952993
Malawi,MWI,2008,Total natural resources rents (% of GDP),NY.GDP.TOTL.RT.ZS,8.63763658542897
Malawi,MWI,2007,Total natural resources rents (% of GDP),NY.GDP.TOTL.RT.ZS,7.86885575090389
Malawi,MWI,2006,Total natural resources rents (% of GDP),NY.GDP.TOTL.RT.ZS,6.70457223695151
Malawi,MWI,2005,Total natural resources rents (% of GDP),NY.GDP.TOTL.RT.ZS,6.66216059131932
Malawi,MWI,2004,Total natural resources rents (% of GDP),NY.GDP.TOTL.RT.ZS,6.35860556592478
Malawi,MWI,2003,Total natural resources rents (% of GDP),NY.GDP.TOTL.RT.ZS,8.62081359197842
Malawi,MWI,2002,Total natural resources rents (% of GDP),NY.GDP.TOTL.RT.ZS,5.73671972009142
Malawi,MWI,2001,Total natural resources rents (% of GDP),NY.GDP.TOTL.RT.ZS,9.80816056051212
Malawi,MWI,2000,Total natural resources rents (% of GDP),NY.GDP.TOTL.RT.ZS,10.0623062380295
Malawi,MWI,1999,Total natural resources rents (% of GDP),NY.GDP.TOTL.RT.ZS,9.89866295931224
Malawi,MWI,1998,Total natural resources rents (% of GDP),NY.GDP.TOTL.RT.ZS,12.8933110806411
Malawi,MWI,1997,Total natural resources rents (% of GDP),NY.GDP.TOTL.RT.ZS,8.30329345335671
Malawi,MWI,1996,Total natural resources rents (% of GDP),NY.GDP.TOTL.RT.ZS,10.6406035607508
Malawi,MWI,1995,Total natural resources rents (% of GDP),NY.GDP.TOTL.RT.ZS,18.314022414059
Malawi,MWI,1994,Total natural resources rents (% of GDP),NY.GDP.TOTL.RT.ZS,13.6924313826225
Malawi,MWI,1993,Total natural resources rents (% of GDP),NY.GDP.TOTL.RT.ZS,6.98216308598727
Malawi,MWI,1992,Total natural resources rents (% of GDP),NY.GDP.TOTL.RT.ZS,9.09942094304947
Malawi,MWI,1991,Total natural resources rents (% of GDP),NY.GDP.TOTL.RT.ZS,7.15922834430616
Malawi,MWI,1990,Total natural resources rents (% of GDP),NY.GDP.TOTL.RT.ZS,8.83259674937844
Malawi,MWI,1989,Total natural resources rents (% of GDP),NY.GDP.TOTL.RT.ZS,8.13612940396038
Malawi,MWI,1988,Total natural resources rents (% of GDP),NY.GDP.TOTL.RT.ZS,6.92737258499706
Malawi,MWI,1987,Total natural resources rents (% of GDP),NY.GDP.TOTL.RT.ZS,7.13186116579324
Malawi,MWI,1986,Total natural resources rents (% of GDP),NY.GDP.TOTL.RT.ZS,6.92112332127475
Malawi,MWI,1985,Total natural resources rents (% of GDP),NY.GDP.TOTL.RT.ZS,4.49080937050757
Malawi,MWI,1984,Total natural resources rents (% of GDP),NY.GDP.TOTL.RT.ZS,5.33663521044719
Malawi,MWI,1983,Total natural resources rents (% of GDP),NY.GDP.TOTL.RT.ZS,5.79986568176918
Malawi,MWI,1982,Total natural resources rents (% of GDP),NY.GDP.TOTL.RT.ZS,9.0006590470609
Malawi,MWI,1981,Total natural resources rents (% of GDP),NY.GDP.TOTL.RT.ZS,6.42223411499014
Malawi,MWI,1980,Total natural resources rents (% of GDP),NY.GDP.TOTL.RT.ZS,7.27306570920121
Malawi,MWI,1979,Total natural resources rents (% of GDP),NY.GDP.TOTL.RT.ZS,6.70942759922517
Malawi,MWI,1978,Total natural resources rents (% of GDP),NY.GDP.TOTL.RT.ZS,7.57763464975229
Malawi,MWI,1977,Total natural resources rents (% of GDP),NY.GDP.TOTL.RT.ZS,8.6097512108764
Malawi,MWI,1976,Total natural resources rents (% of GDP),NY.GDP.TOTL.RT.ZS,7.62753889739195
Malawi,MWI,1975,Total natural resources rents (% of GDP),NY.GDP.TOTL.RT.ZS,8.97343845294427
Malawi,MWI,1974,Total natural resources rents (% of GDP),NY.GDP.TOTL.RT.ZS,5.87192009414357
Malawi,MWI,1973,Total natural resources rents (% of GDP),NY.GDP.TOTL.RT.ZS,6.38851123107861
Malawi,MWI,1972,Total natural resources rents (% of GDP),NY.GDP.TOTL.RT.ZS,5.04334443182849
Malawi,MWI,1971,Total natural resources rents (% of GDP),NY.GDP.TOTL.RT.ZS,4.84114888833716
Malawi,MWI,1970,Total natural resources rents (% of GDP),NY.GDP.TOTL.RT.ZS,6.70998624060597
Malawi,MWI,2017,Fuel imports (% of merchandise imports),TM.VAL.FUEL.ZS.UN,9.85107847446051
Malawi,MWI,2016,Fuel imports (% of merchandise imports),TM.VAL.FUEL.ZS.UN,12.5880173181512
Malawi,MWI,2015,Fuel imports (% of merchandise imports),TM.VAL.FUEL.ZS.UN,10.78563697012
Malawi,MWI,2014,Fuel imports (% of merchandise imports),TM.VAL.FUEL.ZS.UN,13.4958815603137
Malawi,MWI,2013,Fuel imports (% of merchandise imports),TM.VAL.FUEL.ZS.UN,14.4744043995754
Malawi,MWI,2012,Fuel imports (% of merchandise imports),TM.VAL.FUEL.ZS.UN,14.128798163652
Malawi,MWI,2011,Fuel imports (% of merchandise imports),TM.VAL.FUEL.ZS.UN,8.72195233630035
Malawi,MWI,2010,Fuel imports (% of merchandise imports),TM.VAL.FUEL.ZS.UN,9.97596739299211
Malawi,MWI,2009,Fuel imports (% of merchandise imports),TM.VAL.FUEL.ZS.UN,10.4291523926733
Malawi,MWI,2008,Fuel imports (% of merchandise imports),TM.VAL.FUEL.ZS.UN,9.74230674362135
Malawi,MWI,2007,Fuel imports (% of merchandise imports),TM.VAL.FUEL.ZS.UN,13.7957327485106
Malawi,MWI,2006,Fuel imports (% of merchandise imports),TM.VAL.FUEL.ZS.UN,11.4213864840691
Malawi,MWI,2005,Fuel imports (% of merchandise imports),TM.VAL.FUEL.ZS.UN,10.5178212059855
Malawi,MWI,2004,Fuel imports (% of merchandise imports),TM.VAL.FUEL.ZS.UN,11.8227081910963
Malawi,MWI,2003,Fuel imports (% of merchandise imports),TM.VAL.FUEL.ZS.UN,11.5327862525529
Malawi,MWI,2002,Fuel imports (% of merchandise imports),TM.VAL.FUEL.ZS.UN,11.0842646682854
Malawi,MWI,2001,Fuel imports (% of merchandise imports),TM.VAL.FUEL.ZS.UN,16.746942729567
Malawi,MWI,2000,Fuel imports (% of merchandise imports),TM.VAL.FUEL.ZS.UN,15.7183211732871
Malawi,MWI,1999,Fuel imports (% of merchandise imports),TM.VAL.FUEL.ZS.UN,11.6336876178776
Malawi,MWI,1995,Fuel imports (% of merchandise imports),TM.VAL.FUEL.ZS.UN,11.1323656612459
Malawi,MWI,1994,Fuel imports (% of merchandise imports),TM.VAL.FUEL.ZS.UN,7.55583024879521
Malawi,MWI,1991,Fuel imports (% of merchandise imports),TM.VAL.FUEL.ZS.UN,10.7698069568453
Malawi,MWI,1990,Fuel imports (% of merchandise imports),TM.VAL.FUEL.ZS.UN,10.6715217806321
Malawi,MWI,1988,Fuel imports (% of merchandise imports),TM.VAL.FUEL.ZS.UN,12.1756942570676
Malawi,MWI,1987,Fuel imports (% of merchandise imports),TM.VAL.FUEL.ZS.UN,14.7738839982062
Malawi,MWI,1986,Fuel imports (% of merchandise imports),TM.VAL.FUEL.ZS.UN,13.8275292361154
Malawi,MWI,1985,Fuel imports (% of merchandise imports),TM.VAL.FUEL.ZS.UN,13.2440863045363
Malawi,MWI,1984,Fuel imports (% of merchandise imports),TM.VAL.FUEL.ZS.UN,16.5282275061512
Malawi,MWI,1983,Fuel imports (% of merchandise imports),TM.VAL.FUEL.ZS.UN,17.9961583573753
Malawi,MWI,1982,Fuel imports (% of merchandise imports),TM.VAL.FUEL.ZS.UN,17.106102235956
Malawi,MWI,1981,Fuel imports (% of merchandise imports),TM.VAL.FUEL.ZS.UN,16.9329136591689
Malawi,MWI,1980,Fuel imports (% of merchandise imports),TM.VAL.FUEL.ZS.UN,15.3256267520024
Malawi,MWI,1979,Fuel imports (% of merchandise imports),TM.VAL.FUEL.ZS.UN,14.5770879797047
Malawi,MWI,1978,Fuel imports (% of merchandise imports),TM.VAL.FUEL.ZS.UN,11.9070522569116
Malawi,MWI,1977,Fuel imports (% of merchandise imports),TM.VAL.FUEL.ZS.UN,13.0005508955995
Malawi,MWI,1976,Fuel imports (% of merchandise imports),TM.VAL.FUEL.ZS.UN,13.5133919681533
Malawi,MWI,1975,Fuel imports (% of merchandise imports),TM.VAL.FUEL.ZS.UN,9.94634061142344
Malawi,MWI,1974,Fuel imports (% of merchandise imports),TM.VAL.FUEL.ZS.UN,10.4113221903512
Malawi,MWI,1973,Fuel imports (% of merchandise imports),TM.VAL.FUEL.ZS.UN,8.94219057667954
Malawi,MWI,1972,Fuel imports (% of merchandise imports),TM.VAL.FUEL.ZS.UN,8.91172910779203
Malawi,MWI,1971,Fuel imports (% of merchandise imports),TM.VAL.FUEL.ZS.UN,9.31068375008457
Malawi,MWI,1970,Fuel imports (% of merchandise imports),TM.VAL.FUEL.ZS.UN,5.49696146854894
Malawi,MWI,1969,Fuel imports (% of merchandise imports),TM.VAL.FUEL.ZS.UN,5.82254311113176
Malawi,MWI,1968,Fuel imports (% of merchandise imports),TM.VAL.FUEL.ZS.UN,5.8504267451687
Malawi,MWI,1967,Fuel imports (% of merchandise imports),TM.VAL.FUEL.ZS.UN,5.20646639296823
Malawi,MWI,1966,Fuel imports (% of merchandise imports),TM.VAL.FUEL.ZS.UN,4.82150889384369
Malawi,MWI,2017,Ores and metals imports (% of merchandise imports),TM.VAL.MMTL.ZS.UN,0.906465114707949
Malawi,MWI,2016,Ores and metals imports (% of merchandise imports),TM.VAL.MMTL.ZS.UN,1.01740412123219
Malawi,MWI,2015,Ores and metals imports (% of merchandise imports),TM.VAL.MMTL.ZS.UN,0.975773900538899
Malawi,MWI,2014,Ores and metals imports (% of merchandise imports),TM.VAL.MMTL.ZS.UN,1.01624021902479
Malawi,MWI,2013,Ores and metals imports (% of merchandise imports),TM.VAL.MMTL.ZS.UN,1.06864223535018
Malawi,MWI,2012,Ores and metals imports (% of merchandise imports),TM.VAL.MMTL.ZS.UN,1.13205630645342
Malawi,MWI,2011,Ores and metals imports (% of merchandise imports),TM.VAL.MMTL.ZS.UN,2.7795392769362
Malawi,MWI,2010,Ores and metals imports (% of merchandise imports),TM.VAL.MMTL.ZS.UN,1.0154689652557
Malawi,MWI,2009,Ores and metals imports (% of merchandise imports),TM.VAL.MMTL.ZS.UN,0.950100132303723
Malawi,MWI,2008,Ores and metals imports (% of merchandise imports),TM.VAL.MMTL.ZS.UN,0.563222926703518
Malawi,MWI,2007,Ores and metals imports (% of merchandise imports),TM.VAL.MMTL.ZS.UN,0.692101138919008
Malawi,MWI,2006,Ores and metals imports (% of merchandise imports),TM.VAL.MMTL.ZS.UN,0.721715240477288
Malawi,MWI,2005,Ores and metals imports (% of merchandise imports),TM.VAL.MMTL.ZS.UN,0.849084765256606
Malawi,MWI,2004,Ores and metals imports (% of merchandise imports),TM.VAL.MMTL.ZS.UN,1.05136078713631
Malawi,MWI,2003,Ores and metals imports (% of merchandise imports),TM.VAL.MMTL.ZS.UN,0.893188492527879
Malawi,MWI,2002,Ores and metals imports (% of merchandise imports),TM.VAL.MMTL.ZS.UN,0.895227259997947
Malawi,MWI,2001,Ores and metals imports (% of merchandise imports),TM.VAL.MMTL.ZS.UN,0.537925301489672
Malawi,MWI,2000,Ores and metals imports (% of merchandise imports),TM.VAL.MMTL.ZS.UN,0.737394563541324
Malawi,MWI,1999,Ores and metals imports (% of merchandise imports),TM.VAL.MMTL.ZS.UN,0.899266246823334
Malawi,MWI,1995,Ores and metals imports (% of merchandise imports),TM.VAL.MMTL.ZS.UN,0.861945961511308
Malawi,MWI,1994,Ores and metals imports (% of merchandise imports),TM.VAL.MMTL.ZS.UN,1.02509428367608
Malawi,MWI,1991,Ores and metals imports (% of merchandise imports),TM.VAL.MMTL.ZS.UN,1.51472382972889
Malawi,MWI,1990,Ores and metals imports (% of merchandise imports),TM.VAL.MMTL.ZS.UN,1.45858549363076
Malawi,MWI,1988,Ores and metals imports (% of merchandise imports),TM.VAL.MMTL.ZS.UN,1.54861295552529
Malawi,MWI,1987,Ores and metals imports (% of merchandise imports),TM.VAL.MMTL.ZS.UN,1.55714922720658
Malawi,MWI,1986,Ores and metals imports (% of merchandise imports),TM.VAL.MMTL.ZS.UN,1.29318132590783
Malawi,MWI,1985,Ores and metals imports (% of merchandise imports),TM.VAL.MMTL.ZS.UN,1.58134126877954
Malawi,MWI,1984,Ores and metals imports (% of merchandise imports),TM.VAL.MMTL.ZS.UN,1.61580244715724
Malawi,MWI,1983,Ores and metals imports (% of merchandise imports),TM.VAL.MMTL.ZS.UN,1.16238982702481
Malawi,MWI,1982,Ores and metals imports (% of merchandise imports),TM.VAL.MMTL.ZS.UN,1.43645301831688
Malawi,MWI,1981,Ores and metals imports (% of merchandise imports),TM.VAL.MMTL.ZS.UN,1.37516536020603
Malawi,MWI,1980,Ores and metals imports (% of merchandise imports),TM.VAL.MMTL.ZS.UN,1.37891932618726
Malawi,MWI,1979,Ores and metals imports (% of merchandise imports),TM.VAL.MMTL.ZS.UN,1.38237228733067
Malawi,MWI,1978,Ores and metals imports (% of merchandise imports),TM.VAL.MMTL.ZS.UN,1.25835407241799
Malawi,MWI,1977,Ores and metals imports (% of merchandise imports),TM.VAL.MMTL.ZS.UN,1.74380602209242
Malawi,MWI,1976,Ores and metals imports (% of merchandise imports),TM.VAL.MMTL.ZS.UN,1.48648329667666
Malawi,MWI,1975,Ores and metals imports (% of merchandise imports),TM.VAL.MMTL.ZS.UN,1.31709963601232
Malawi,MWI,1974,Ores and metals imports (% of merchandise imports),TM.VAL.MMTL.ZS.UN,1.85417084529163
Malawi,MWI,1973,Ores and metals imports (% of merchandise imports),TM.VAL.MMTL.ZS.UN,1.75225670778017
Malawi,MWI,1972,Ores and metals imports (% of merchandise imports),TM.VAL.MMTL.ZS.UN,1.36387082404852
Malawi,MWI,1971,Ores and metals imports (% of merchandise imports),TM.VAL.MMTL.ZS.UN,1.28207268426462
Malawi,MWI,1970,Ores and metals imports (% of merchandise imports),TM.VAL.MMTL.ZS.UN,1.0828940849946
Malawi,MWI,1969,Ores and metals imports (% of merchandise imports),TM.VAL.MMTL.ZS.UN,1.31774385420889
Malawi,MWI,1968,Ores and metals imports (% of merchandise imports),TM.VAL.MMTL.ZS.UN,1.14525897554762
Malawi,MWI,1967,Ores and metals imports (% of merchandise imports),TM.VAL.MMTL.ZS.UN,1.32676090668695
Malawi,MWI,1966,Ores and metals imports (% of merchandise imports),TM.VAL.MMTL.ZS.UN,1.44910697339621
Malawi,MWI,2017,Fuel exports (% of merchandise exports),TX.VAL.FUEL.ZS.UN,0.0795902246363225
Malawi,MWI,2016,Fuel exports (% of merchandise exports),TX.VAL.FUEL.ZS.UN,0.0238739853370344
Malawi,MWI,2015,Fuel exports (% of merchandise exports),TX.VAL.FUEL.ZS.UN,0.0202459803518657
Malawi,MWI,2014,Fuel exports (% of merchandise exports),TX.VAL.FUEL.ZS.UN,0.044931583233135
Malawi,MWI,2013,Fuel exports (% of merchandise exports),TX.VAL.FUEL.ZS.UN,0.0365608401334633
Malawi,MWI,2012,Fuel exports (% of merchandise exports),TX.VAL.FUEL.ZS.UN,0.0940928424624149
Malawi,MWI,2011,Fuel exports (% of merchandise exports),TX.VAL.FUEL.ZS.UN,0.0986102718801639
Malawi,MWI,2010,Fuel exports (% of merchandise exports),TX.VAL.FUEL.ZS.UN,0.185685950529989
Malawi,MWI,2009,Fuel exports (% of merchandise exports),TX.VAL.FUEL.ZS.UN,0.11377631575548
Malawi,MWI,2008,Fuel exports (% of merchandise exports),TX.VAL.FUEL.ZS.UN,0.0269779596323369
Malawi,MWI,2007,Fuel exports (% of merchandise exports),TX.VAL.FUEL.ZS.UN,0.0357755839490915
Malawi,MWI,2006,Fuel exports (% of merchandise exports),TX.VAL.FUEL.ZS.UN,0.139382676537431
Malawi,MWI,2005,Fuel exports (% of merchandise exports),TX.VAL.FUEL.ZS.UN,0.0204656347271019
Malawi,MWI,2004,Fuel exports (% of merchandise exports),TX.VAL.FUEL.ZS.UN,0.29959537807962
Malawi,MWI,2003,Fuel exports (% of merchandise exports),TX.VAL.FUEL.ZS.UN,0.112164542847568
Malawi,MWI,2002,Fuel exports (% of merchandise exports),TX.VAL.FUEL.ZS.UN,0.0180397019820995
Malawi,MWI,2001,Fuel exports (% of merchandise exports),TX.VAL.FUEL.ZS.UN,0.136232094333856
Malawi,MWI,2000,Fuel exports (% of merchandise exports),TX.VAL.FUEL.ZS.UN,0.175344633661665
Malawi,MWI,1999,Fuel exports (% of merchandise exports),TX.VAL.FUEL.ZS.UN,0.274329984796592
Malawi,MWI,1998,Fuel exports (% of merchandise exports),TX.VAL.FUEL.ZS.UN,0.1161342253101
Malawi,MWI,1997,Fuel exports (% of merchandise exports),TX.VAL.FUEL.ZS.UN,0.660950302149252
Malawi,MWI,1996,Fuel exports (% of merchandise exports),TX.VAL.FUEL.ZS.UN,0.371911248811619
Malawi,MWI,1995,Fuel exports (% of merchandise exports),TX.VAL.FUEL.ZS.UN,0.079504643346318
Malawi,MWI,1994,Fuel exports (% of merchandise exports),TX.VAL.FUEL.ZS.UN,0.0203903138247864
Malawi,MWI,1991,Fuel exports (% of merchandise exports),TX.VAL.FUEL.ZS.UN,0.00251148776517675
Malawi,MWI,1990,Fuel exports (% of merchandise exports),TX.VAL.FUEL.ZS.UN,0.00263595058736833
Malawi,MWI,1988,Fuel exports (% of merchandise exports),TX.VAL.FUEL.ZS.UN,0.000900858802580704
Malawi,MWI,1987,Fuel exports (% of merchandise exports),TX.VAL.FUEL.ZS.UN,0.000431258598011844
Malawi,MWI,1986,Fuel exports (% of merchandise exports),TX.VAL.FUEL.ZS.UN,0.0247383189680903
Malawi,MWI,1985,Fuel exports (% of merchandise exports),TX.VAL.FUEL.ZS.UN,0.0201292640601528
Malawi,MWI,1984,Fuel exports (% of merchandise exports),TX.VAL.FUEL.ZS.UN,0.0289347878021246
Malawi,MWI,1983,Fuel exports (% of merchandise exports),TX.VAL.FUEL.ZS.UN,0.0402427913601757
Malawi,MWI,1982,Fuel exports (% of merchandise exports),TX.VAL.FUEL.ZS.UN,0.0256728332853842
Malawi,MWI,1981,Fuel exports (% of merchandise exports),TX.VAL.FUEL.ZS.UN,0.0343051233641679
Malawi,MWI,1980,Fuel exports (% of merchandise exports),TX.VAL.FUEL.ZS.UN,0.0210957631530833
Malawi,MWI,1979,Fuel exports (% of merchandise exports),TX.VAL.FUEL.ZS.UN,0.0279792285730151
Malawi,MWI,1978,Fuel exports (% of merchandise exports),TX.VAL.FUEL.ZS.UN,0.0413746809020581
Malawi,MWI,1977,Fuel exports (% of merchandise exports),TX.VAL.FUEL.ZS.UN,0.0260438744979646
Malawi,MWI,1976,Fuel exports (% of merchandise exports),TX.VAL.FUEL.ZS.UN,0.0345121110474435
Malawi,MWI,1975,Fuel exports (% of merchandise exports),TX.VAL.FUEL.ZS.UN,0.0319657678719042
Malawi,MWI,1974,Fuel exports (% of merchandise exports),TX.VAL.FUEL.ZS.UN,0.0385296887047705
Malawi,MWI,1973,Fuel exports (% of merchandise exports),TX.VAL.FUEL.ZS.UN,0.0598955866833433
Malawi,MWI,1972,Fuel exports (% of merchandise exports),TX.VAL.FUEL.ZS.UN,0.0652083448213441
Malawi,MWI,1971,Fuel exports (% of merchandise exports),TX.VAL.FUEL.ZS.UN,0.0566802775003726
Malawi,MWI,1970,Fuel exports (% of merchandise exports),TX.VAL.FUEL.ZS.UN,0.0565137107670549
Malawi,MWI,1969,Fuel exports (% of merchandise exports),TX.VAL.FUEL.ZS.UN,0.0494993754127702
Malawi,MWI,1968,Fuel exports (% of merchandise exports),TX.VAL.FUEL.ZS.UN,0.0122521327004803
Malawi,MWI,1967,Fuel exports (% of merchandise exports),TX.VAL.FUEL.ZS.UN,0
Malawi,MWI,1966,Fuel exports (% of merchandise exports),TX.VAL.FUEL.ZS.UN,0
Malawi,MWI,2017,Ores and metals exports (% of merchandise exports),TX.VAL.MMTL.ZS.UN,0.20336190185097
Malawi,MWI,2016,Ores and metals exports (% of merchandise exports),TX.VAL.MMTL.ZS.UN,0.967711524966861
Malawi,MWI,2015,Ores and metals exports (% of merchandise exports),TX.VAL.MMTL.ZS.UN,0.179112260854397
Malawi,MWI,2014,Ores and metals exports (% of merchandise exports),TX.VAL.MMTL.ZS.UN,3.19977870766333
Malawi,MWI,2013,Ores and metals exports (% of merchandise exports),TX.VAL.MMTL.ZS.UN,11.3763558571768
Malawi,MWI,2012,Ores and metals exports (% of merchandise exports),TX.VAL.MMTL.ZS.UN,11.2073265848967
Malawi,MWI,2011,Ores and metals exports (% of merchandise exports),TX.VAL.MMTL.ZS.UN,8.81717721640041
Malawi,MWI,2010,Ores and metals exports (% of merchandise exports),TX.VAL.MMTL.ZS.UN,11.0748327655557
Malawi,MWI,2009,Ores and metals exports (% of merchandise exports),TX.VAL.MMTL.ZS.UN,0.78776457975033
Malawi,MWI,2008,Ores and metals exports (% of merchandise exports),TX.VAL.MMTL.ZS.UN,0.0216178747544671
Malawi,MWI,2007,Ores and metals exports (% of merchandise exports),TX.VAL.MMTL.ZS.UN,0.0160707414029478
Malawi,MWI,2006,Ores and metals exports (% of merchandise exports),TX.VAL.MMTL.ZS.UN,0.103526904930169
Malawi,MWI,2005,Ores and metals exports (% of merchandise exports),TX.VAL.MMTL.ZS.UN,0.19562582284447
Malawi,MWI,2004,Ores and metals exports (% of merchandise exports),TX.VAL.MMTL.ZS.UN,0.322067268476106
Malawi,MWI,2003,Ores and metals exports (% of merchandise exports),TX.VAL.MMTL.ZS.UN,0.106849811767336
Malawi,MWI,2002,Ores and metals exports (% of merchandise exports),TX.VAL.MMTL.ZS.UN,0.269744707847486
Malawi,MWI,2001,Ores and metals exports (% of merchandise exports),TX.VAL.MMTL.ZS.UN,0.242545939230887
Malawi,MWI,2000,Ores and metals exports (% of merchandise exports),TX.VAL.MMTL.ZS.UN,0.215673664483747
Malawi,MWI,1999,Ores and metals exports (% of merchandise exports),TX.VAL.MMTL.ZS.UN,0.0534833173955742
Malawi,MWI,1998,Ores and metals exports (% of merchandise exports),TX.VAL.MMTL.ZS.UN,0.029125873106814
Malawi,MWI,1997,Ores and metals exports (% of merchandise exports),TX.VAL.MMTL.ZS.UN,0.13053670879051
Malawi,MWI,1996,Ores and metals exports (% of merchandise exports),TX.VAL.MMTL.ZS.UN,0.0626081690272316
Malawi,MWI,1995,Ores and metals exports (% of merchandise exports),TX.VAL.MMTL.ZS.UN,0.126760791134715
Malawi,MWI,1994,Ores and metals exports (% of merchandise exports),TX.VAL.MMTL.ZS.UN,0.196309510528951
Malawi,MWI,1991,Ores and metals exports (% of merchandise exports),TX.VAL.MMTL.ZS.UN,0.0223716090941029
Malawi,MWI,1990,Ores and metals exports (% of merchandise exports),TX.VAL.MMTL.ZS.UN,0.030359179246537
Malawi,MWI,1988,Ores and metals exports (% of merchandise exports),TX.VAL.MMTL.ZS.UN,0.041251153317217
Malawi,MWI,1987,Ores and metals exports (% of merchandise exports),TX.VAL.MMTL.ZS.UN,0.0255866643771912
Malawi,MWI,1986,Ores and metals exports (% of merchandise exports),TX.VAL.MMTL.ZS.UN,0.0423831966027664
Malawi,MWI,1985,Ores and metals exports (% of merchandise exports),TX.VAL.MMTL.ZS.UN,0.00467254032357482
Malawi,MWI,1984,Ores and metals exports (% of merchandise exports),TX.VAL.MMTL.ZS.UN,0.0167711569854621
Malawi,MWI,1983,Ores and metals exports (% of merchandise exports),TX.VAL.MMTL.ZS.UN,0.0222449271072911
Malawi,MWI,1982,Ores and metals exports (% of merchandise exports),TX.VAL.MMTL.ZS.UN,0.0190139958404621
Malawi,MWI,1981,Ores and metals exports (% of merchandise exports),TX.VAL.MMTL.ZS.UN,0.0417576895009712
Malawi,MWI,1980,Ores and metals exports (% of merchandise exports),TX.VAL.MMTL.ZS.UN,0.0238511599446755
Malawi,MWI,1979,Ores and metals exports (% of merchandise exports),TX.VAL.MMTL.ZS.UN,0.0275624359510938
Malawi,MWI,1978,Ores and metals exports (% of merchandise exports),TX.VAL.MMTL.ZS.UN,0.0267082427878088
Malawi,MWI,1977,Ores and metals exports (% of merchandise exports),TX.VAL.MMTL.ZS.UN,0.0122702179939185
Malawi,MWI,1976,Ores and metals exports (% of merchandise exports),TX.VAL.MMTL.ZS.UN,0.0209665149721828
Malawi,MWI,1975,Ores and metals exports (% of merchandise exports),TX.VAL.MMTL.ZS.UN,0.102170542202882
Malawi,MWI,1974,Ores and metals exports (% of merchandise exports),TX.VAL.MMTL.ZS.UN,0.12643175174836
Malawi,MWI,1973,Ores and metals exports (% of merchandise exports),TX.VAL.MMTL.ZS.UN,0.0881131254700583
Malawi,MWI,1972,Ores and metals exports (% of merchandise exports),TX.VAL.MMTL.ZS.UN,0.0999460568021844
Malawi,MWI,1971,Ores and metals exports (% of merchandise exports),TX.VAL.MMTL.ZS.UN,0.220717208959321
Malawi,MWI,1970,Ores and metals exports (% of merchandise exports),TX.VAL.MMTL.ZS.UN,0.379133725813415
Malawi,MWI,1969,Ores and metals exports (% of merchandise exports),TX.VAL.MMTL.ZS.UN,0.221840240116407
Malawi,MWI,1968,Ores and metals exports (% of merchandise exports),TX.VAL.MMTL.ZS.UN,0.261595697499959
Malawi,MWI,1967,Ores and metals exports (% of merchandise exports),TX.VAL.MMTL.ZS.UN,0.111341672295224
Malawi,MWI,1966,Ores and metals exports (% of merchandise exports),TX.VAL.MMTL.ZS.UN,0.203366554577602
