Country Name,Country ISO3,Year,Indicator Name,Indicator Code,Value
#country+name,#country+code,#date+year,#indicator+name,#indicator+code,#indicator+value+num
St. Lucia,LCA,2015,Energy intensity level of primary energy (MJ/$2011 PPP GDP),EG.EGY.PRIM.PP.KD,3.18626739415913
St. Lucia,LCA,2014,Energy intensity level of primary energy (MJ/$2011 PPP GDP),EG.EGY.PRIM.PP.KD,3.18699699292382
St. Lucia,LCA,2013,Energy intensity level of primary energy (MJ/$2011 PPP GDP),EG.EGY.PRIM.PP.KD,3.17244454501202
St. Lucia,LCA,2012,Energy intensity level of primary energy (MJ/$2011 PPP GDP),EG.EGY.PRIM.PP.KD,3.18525048710147
St. Lucia,LCA,2011,Energy intensity level of primary energy (MJ/$2011 PPP GDP),EG.EGY.PRIM.PP.KD,3.16691305176071
St. Lucia,LCA,2010,Energy intensity level of primary energy (MJ/$2011 PPP GDP),EG.EGY.PRIM.PP.KD,3.14066087551993
St. Lucia,LCA,2009,Energy intensity level of primary energy (MJ/$2011 PPP GDP),EG.EGY.PRIM.PP.KD,2.94908603814959
St. Lucia,LCA,2008,Energy intensity level of primary energy (MJ/$2011 PPP GDP),EG.EGY.PRIM.PP.KD,3.01771262223084
St. Lucia,LCA,2007,Energy intensity level of primary energy (MJ/$2011 PPP GDP),EG.EGY.PRIM.PP.KD,3.01777473185114
St. Lucia,LCA,2006,Energy intensity level of primary energy (MJ/$2011 PPP GDP),EG.EGY.PRIM.PP.KD,2.93170796977049
St. Lucia,LCA,2005,Energy intensity level of primary energy (MJ/$2011 PPP GDP),EG.EGY.PRIM.PP.KD,3.14419744325568
St. Lucia,LCA,2004,Energy intensity level of primary energy (MJ/$2011 PPP GDP),EG.EGY.PRIM.PP.KD,3.04472479774625
St. Lucia,LCA,2003,Energy intensity level of primary energy (MJ/$2011 PPP GDP),EG.EGY.PRIM.PP.KD,3.28247370006174
St. Lucia,LCA,2002,Energy intensity level of primary energy (MJ/$2011 PPP GDP),EG.EGY.PRIM.PP.KD,3.12742313543483
St. Lucia,LCA,2001,Energy intensity level of primary energy (MJ/$2011 PPP GDP),EG.EGY.PRIM.PP.KD,3.49510311638148
St. Lucia,LCA,2000,Energy intensity level of primary energy (MJ/$2011 PPP GDP),EG.EGY.PRIM.PP.KD,3.11821699317465
St. Lucia,LCA,1999,Energy intensity level of primary energy (MJ/$2011 PPP GDP),EG.EGY.PRIM.PP.KD,3.15358730780194
St. Lucia,LCA,1998,Energy intensity level of primary energy (MJ/$2011 PPP GDP),EG.EGY.PRIM.PP.KD,3.05791558126225
St. Lucia,LCA,1997,Energy intensity level of primary energy (MJ/$2011 PPP GDP),EG.EGY.PRIM.PP.KD,3.26522032331162
St. Lucia,LCA,1996,Energy intensity level of primary energy (MJ/$2011 PPP GDP),EG.EGY.PRIM.PP.KD,3.48277133051914
St. Lucia,LCA,1995,Energy intensity level of primary energy (MJ/$2011 PPP GDP),EG.EGY.PRIM.PP.KD,3.48674278989951
St. Lucia,LCA,1994,Energy intensity level of primary energy (MJ/$2011 PPP GDP),EG.EGY.PRIM.PP.KD,3.06184185654705
St. Lucia,LCA,1993,Energy intensity level of primary energy (MJ/$2011 PPP GDP),EG.EGY.PRIM.PP.KD,2.69769319798135
St. Lucia,LCA,1992,Energy intensity level of primary energy (MJ/$2011 PPP GDP),EG.EGY.PRIM.PP.KD,2.50375017119373
St. Lucia,LCA,1991,Energy intensity level of primary energy (MJ/$2011 PPP GDP),EG.EGY.PRIM.PP.KD,2.26499528464064
St. Lucia,LCA,1990,Energy intensity level of primary energy (MJ/$2011 PPP GDP),EG.EGY.PRIM.PP.KD,2.2371797226775
St. Lucia,LCA,2017,"Access to electricity, rural (% of rural population)",EG.ELC.ACCS.RU.ZS,99.0957404656233
St. Lucia,LCA,2016,"Access to electricity, rural (% of rural population)",EG.ELC.ACCS.RU.ZS,98.3999723892633
St. Lucia,LCA,2015,"Access to electricity, rural (% of rural population)",EG.ELC.ACCS.RU.ZS,97.7161660877178
St. Lucia,LCA,2014,"Access to electricity, rural (% of rural population)",EG.ELC.ACCS.RU.ZS,97.0470791298445
St. Lucia,LCA,2013,"Access to electricity, rural (% of rural population)",EG.ELC.ACCS.RU.ZS,96.2959390108088
St. Lucia,LCA,2012,"Access to electricity, rural (% of rural population)",EG.ELC.ACCS.RU.ZS,95.62074335709
St. Lucia,LCA,2011,"Access to electricity, rural (% of rural population)",EG.ELC.ACCS.RU.ZS,94.8849204397094
St. Lucia,LCA,2010,"Access to electricity, rural (% of rural population)",EG.ELC.ACCS.RU.ZS,94.0767461010631
St. Lucia,LCA,2009,"Access to electricity, rural (% of rural population)",EG.ELC.ACCS.RU.ZS,93.4033440258889
St. Lucia,LCA,2008,"Access to electricity, rural (% of rural population)",EG.ELC.ACCS.RU.ZS,92.7772290025605
St. Lucia,LCA,2007,"Access to electricity, rural (% of rural population)",EG.ELC.ACCS.RU.ZS,92.1628231458698
St. Lucia,LCA,2006,"Access to electricity, rural (% of rural population)",EG.ELC.ACCS.RU.ZS,91.541912174887
St. Lucia,LCA,2005,"Access to electricity, rural (% of rural population)",EG.ELC.ACCS.RU.ZS,90.8951267605934
St. Lucia,LCA,2004,"Access to electricity, rural (% of rural population)",EG.ELC.ACCS.RU.ZS,90.2021342957716
St. Lucia,LCA,2003,"Access to electricity, rural (% of rural population)",EG.ELC.ACCS.RU.ZS,89.4451743204487
St. Lucia,LCA,2002,"Access to electricity, rural (% of rural population)",EG.ELC.ACCS.RU.ZS,88.6235212721249
St. Lucia,LCA,2001,"Access to electricity, rural (% of rural population)",EG.ELC.ACCS.RU.ZS,87.6272054920864
St. Lucia,LCA,2017,"Access to electricity, urban (% of urban population)",EG.ELC.ACCS.UR.ZS,97.2906875610352
St. Lucia,LCA,2016,"Access to electricity, urban (% of urban population)",EG.ELC.ACCS.UR.ZS,96.5750427246094
St. Lucia,LCA,2015,"Access to electricity, urban (% of urban population)",EG.ELC.ACCS.UR.ZS,95.815559387207
St. Lucia,LCA,2014,"Access to electricity, urban (% of urban population)",EG.ELC.ACCS.UR.ZS,95.0390090942383
St. Lucia,LCA,2013,"Access to electricity, urban (% of urban population)",EG.ELC.ACCS.UR.ZS,94.7204742431641
St. Lucia,LCA,2012,"Access to electricity, urban (% of urban population)",EG.ELC.ACCS.UR.ZS,94.1176470588235
St. Lucia,LCA,2011,"Access to electricity, urban (% of urban population)",EG.ELC.ACCS.UR.ZS,94.7267379760742
St. Lucia,LCA,2010,"Access to electricity, urban (% of urban population)",EG.ELC.ACCS.UR.ZS,94.7447891235352
St. Lucia,LCA,2009,"Access to electricity, urban (% of urban population)",EG.ELC.ACCS.UR.ZS,94.7752838134766
St. Lucia,LCA,2008,"Access to electricity, urban (% of urban population)",EG.ELC.ACCS.UR.ZS,94.8186645507813
St. Lucia,LCA,2007,"Access to electricity, urban (% of urban population)",EG.ELC.ACCS.UR.ZS,94.8750305175781
St. Lucia,LCA,2006,"Access to electricity, urban (% of urban population)",EG.ELC.ACCS.UR.ZS,94.9444580078125
St. Lucia,LCA,2005,"Access to electricity, urban (% of urban population)",EG.ELC.ACCS.UR.ZS,95.0270690917969
St. Lucia,LCA,2004,"Access to electricity, urban (% of urban population)",EG.ELC.ACCS.UR.ZS,95.1229400634766
St. Lucia,LCA,2003,"Access to electricity, urban (% of urban population)",EG.ELC.ACCS.UR.ZS,95.2320556640625
St. Lucia,LCA,2002,"Access to electricity, urban (% of urban population)",EG.ELC.ACCS.UR.ZS,95.351692199707
St. Lucia,LCA,2001,"Access to electricity, urban (% of urban population)",EG.ELC.ACCS.UR.ZS,95.9
St. Lucia,LCA,2017,Access to electricity (% of population),EG.ELC.ACCS.ZS,98.7597885131836
St. Lucia,LCA,2016,Access to electricity (% of population),EG.ELC.ACCS.ZS,98.0613021850586
St. Lucia,LCA,2015,Access to electricity (% of population),EG.ELC.ACCS.ZS,97.3642654418945
St. Lucia,LCA,2014,Access to electricity (% of population),EG.ELC.ACCS.ZS,96.6759490966797
St. Lucia,LCA,2013,Access to electricity (% of population),EG.ELC.ACCS.ZS,96.0050888061523
St. Lucia,LCA,2012,Access to electricity (% of population),EG.ELC.ACCS.ZS,95.3434225844005
St. Lucia,LCA,2011,Access to electricity (% of population),EG.ELC.ACCS.ZS,94.8557357788086
St. Lucia,LCA,2010,Access to electricity (% of population),EG.ELC.ACCS.ZS,94.2
St. Lucia,LCA,2009,Access to electricity (% of population),EG.ELC.ACCS.ZS,93.6669311523438
St. Lucia,LCA,2008,Access to electricity (% of population),EG.ELC.ACCS.ZS,93.1881942749023
St. Lucia,LCA,2007,Access to electricity (% of population),EG.ELC.ACCS.ZS,92.7346649169922
St. Lucia,LCA,2006,Access to electricity (% of population),EG.ELC.ACCS.ZS,92.2927856445313
St. Lucia,LCA,2005,Access to electricity (% of population),EG.ELC.ACCS.ZS,91.8489761352539
St. Lucia,LCA,2004,Access to electricity (% of population),EG.ELC.ACCS.ZS,91.3896713256836
St. Lucia,LCA,2003,Access to electricity (% of population),EG.ELC.ACCS.ZS,90.9043960571289
St. Lucia,LCA,2002,Access to electricity (% of population),EG.ELC.ACCS.ZS,90.3949813842773
St. Lucia,LCA,2001,Access to electricity (% of population),EG.ELC.ACCS.ZS,89.9
St. Lucia,LCA,2015,Renewable electricity output (% of total electricity output),EG.ELC.RNEW.ZS,0
St. Lucia,LCA,2014,Renewable electricity output (% of total electricity output),EG.ELC.RNEW.ZS,0
St. Lucia,LCA,2013,Renewable electricity output (% of total electricity output),EG.ELC.RNEW.ZS,0
St. Lucia,LCA,2012,Renewable electricity output (% of total electricity output),EG.ELC.RNEW.ZS,0
St. Lucia,LCA,2011,Renewable electricity output (% of total electricity output),EG.ELC.RNEW.ZS,0
St. Lucia,LCA,2010,Renewable electricity output (% of total electricity output),EG.ELC.RNEW.ZS,0
St. Lucia,LCA,2009,Renewable electricity output (% of total electricity output),EG.ELC.RNEW.ZS,0
St. Lucia,LCA,2008,Renewable electricity output (% of total electricity output),EG.ELC.RNEW.ZS,0
St. Lucia,LCA,2007,Renewable electricity output (% of total electricity output),EG.ELC.RNEW.ZS,0
St. Lucia,LCA,2006,Renewable electricity output (% of total electricity output),EG.ELC.RNEW.ZS,0
St. Lucia,LCA,2005,Renewable electricity output (% of total electricity output),EG.ELC.RNEW.ZS,0
St. Lucia,LCA,2004,Renewable electricity output (% of total electricity output),EG.ELC.RNEW.ZS,0
St. Lucia,LCA,2003,Renewable electricity output (% of total electricity output),EG.ELC.RNEW.ZS,0
St. Lucia,LCA,2002,Renewable electricity output (% of total electricity output),EG.ELC.RNEW.ZS,0
St. Lucia,LCA,2001,Renewable electricity output (% of total electricity output),EG.ELC.RNEW.ZS,0
St. Lucia,LCA,2000,Renewable electricity output (% of total electricity output),EG.ELC.RNEW.ZS,0
St. Lucia,LCA,1999,Renewable electricity output (% of total electricity output),EG.ELC.RNEW.ZS,0
St. Lucia,LCA,1998,Renewable electricity output (% of total electricity output),EG.ELC.RNEW.ZS,0
St. Lucia,LCA,1997,Renewable electricity output (% of total electricity output),EG.ELC.RNEW.ZS,0
St. Lucia,LCA,1996,Renewable electricity output (% of total electricity output),EG.ELC.RNEW.ZS,0
St. Lucia,LCA,1995,Renewable electricity output (% of total electricity output),EG.ELC.RNEW.ZS,0
St. Lucia,LCA,1994,Renewable electricity output (% of total electricity output),EG.ELC.RNEW.ZS,0
St. Lucia,LCA,1993,Renewable electricity output (% of total electricity output),EG.ELC.RNEW.ZS,0
St. Lucia,LCA,1992,Renewable electricity output (% of total electricity output),EG.ELC.RNEW.ZS,0
St. Lucia,LCA,1991,Renewable electricity output (% of total electricity output),EG.ELC.RNEW.ZS,0
St. Lucia,LCA,1990,Renewable electricity output (% of total electricity output),EG.ELC.RNEW.ZS,0
St. Lucia,LCA,2015,Renewable energy consumption (% of total final energy consumption),EG.FEC.RNEW.ZS,2.13262353619368
St. Lucia,LCA,2014,Renewable energy consumption (% of total final energy consumption),EG.FEC.RNEW.ZS,2.14586618116292
St. Lucia,LCA,2013,Renewable energy consumption (% of total final energy consumption),EG.FEC.RNEW.ZS,2.17372969819363
St. Lucia,LCA,2012,Renewable energy consumption (% of total final energy consumption),EG.FEC.RNEW.ZS,2.17807802193903
St. Lucia,LCA,2011,Renewable energy consumption (% of total final energy consumption),EG.FEC.RNEW.ZS,2.17775191226221
St. Lucia,LCA,2010,Renewable energy consumption (% of total final energy consumption),EG.FEC.RNEW.ZS,2.20403552348605
St. Lucia,LCA,2009,Renewable energy consumption (% of total final energy consumption),EG.FEC.RNEW.ZS,2.25549471747488
St. Lucia,LCA,2008,Renewable energy consumption (% of total final energy consumption),EG.FEC.RNEW.ZS,2.39111466254334
St. Lucia,LCA,2007,Renewable energy consumption (% of total final energy consumption),EG.FEC.RNEW.ZS,2.41936000902561
St. Lucia,LCA,2006,Renewable energy consumption (% of total final energy consumption),EG.FEC.RNEW.ZS,2.47581055148873
St. Lucia,LCA,2005,Renewable energy consumption (% of total final energy consumption),EG.FEC.RNEW.ZS,2.49873579472334
St. Lucia,LCA,2004,Renewable energy consumption (% of total final energy consumption),EG.FEC.RNEW.ZS,2.53866682293271
St. Lucia,LCA,2003,Renewable energy consumption (% of total final energy consumption),EG.FEC.RNEW.ZS,2.44286230487433
St. Lucia,LCA,2002,Renewable energy consumption (% of total final energy consumption),EG.FEC.RNEW.ZS,2.76737060625866
St. Lucia,LCA,2001,Renewable energy consumption (% of total final energy consumption),EG.FEC.RNEW.ZS,2.31380966172007
St. Lucia,LCA,2000,Renewable energy consumption (% of total final energy consumption),EG.FEC.RNEW.ZS,2.61592834205759
St. Lucia,LCA,1999,Renewable energy consumption (% of total final energy consumption),EG.FEC.RNEW.ZS,2.52715562451224
St. Lucia,LCA,1998,Renewable energy consumption (% of total final energy consumption),EG.FEC.RNEW.ZS,2.64850746365937
St. Lucia,LCA,1997,Renewable energy consumption (% of total final energy consumption),EG.FEC.RNEW.ZS,3.00078398731882
St. Lucia,LCA,1996,Renewable energy consumption (% of total final energy consumption),EG.FEC.RNEW.ZS,2.85827895226215
St. Lucia,LCA,1995,Renewable energy consumption (% of total final energy consumption),EG.FEC.RNEW.ZS,3.09786621446124
St. Lucia,LCA,1994,Renewable energy consumption (% of total final energy consumption),EG.FEC.RNEW.ZS,3.2766197054487
St. Lucia,LCA,1993,Renewable energy consumption (% of total final energy consumption),EG.FEC.RNEW.ZS,3.61681850798227
St. Lucia,LCA,1992,Renewable energy consumption (% of total final energy consumption),EG.FEC.RNEW.ZS,4.24843329616169
St. Lucia,LCA,1991,Renewable energy consumption (% of total final energy consumption),EG.FEC.RNEW.ZS,5.11427318045643
St. Lucia,LCA,1990,Renewable energy consumption (% of total final energy consumption),EG.FEC.RNEW.ZS,5.46745938496603
St. Lucia,LCA,2007,GDP per unit of energy use (PPP $ per kg of oil equivalent),EG.GDP.PUSE.KO.PP,14.4143210862764
St. Lucia,LCA,2006,GDP per unit of energy use (PPP $ per kg of oil equivalent),EG.GDP.PUSE.KO.PP,14.792989439032
St. Lucia,LCA,2005,GDP per unit of energy use (PPP $ per kg of oil equivalent),EG.GDP.PUSE.KO.PP,13.0811214867187
St. Lucia,LCA,2004,GDP per unit of energy use (PPP $ per kg of oil equivalent),EG.GDP.PUSE.KO.PP,13.0566822288598
St. Lucia,LCA,1990,GDP per unit of energy use (PPP $ per kg of oil equivalent),EG.GDP.PUSE.KO.PP,15.4285566688321
St. Lucia,LCA,2007,GDP per unit of energy use (constant 2011 PPP $ per kg of oil equivalent),EG.GDP.PUSE.KO.PP.KD,15.2921613917526
St. Lucia,LCA,2006,GDP per unit of energy use (constant 2011 PPP $ per kg of oil equivalent),EG.GDP.PUSE.KO.PP.KD,16.1154725342746
St. Lucia,LCA,2005,GDP per unit of energy use (constant 2011 PPP $ per kg of oil equivalent),EG.GDP.PUSE.KO.PP.KD,14.6818160164451
St. Lucia,LCA,2004,GDP per unit of energy use (constant 2011 PPP $ per kg of oil equivalent),EG.GDP.PUSE.KO.PP.KD,15.1108618865819
St. Lucia,LCA,1990,GDP per unit of energy use (constant 2011 PPP $ per kg of oil equivalent),EG.GDP.PUSE.KO.PP.KD,23.775543478329
St. Lucia,LCA,2007,Fossil fuel energy consumption (% of total),EG.USE.COMM.FO.ZS,0
St. Lucia,LCA,2006,Fossil fuel energy consumption (% of total),EG.USE.COMM.FO.ZS,0
St. Lucia,LCA,2005,Fossil fuel energy consumption (% of total),EG.USE.COMM.FO.ZS,0
St. Lucia,LCA,2004,Fossil fuel energy consumption (% of total),EG.USE.COMM.FO.ZS,0
St. Lucia,LCA,1990,Fossil fuel energy consumption (% of total),EG.USE.COMM.FO.ZS,0
St. Lucia,LCA,2007,"Energy use (kg of oil equivalent) per $1,000 GDP (constant 2011 PPP)",EG.USE.COMM.GD.PP.KD,65.3929797353123
St. Lucia,LCA,2006,"Energy use (kg of oil equivalent) per $1,000 GDP (constant 2011 PPP)",EG.USE.COMM.GD.PP.KD,62.0521674355617
St. Lucia,LCA,2005,"Energy use (kg of oil equivalent) per $1,000 GDP (constant 2011 PPP)",EG.USE.COMM.GD.PP.KD,68.1114651538954
St. Lucia,LCA,2004,"Energy use (kg of oil equivalent) per $1,000 GDP (constant 2011 PPP)",EG.USE.COMM.GD.PP.KD,66.1775620415123
St. Lucia,LCA,1990,"Energy use (kg of oil equivalent) per $1,000 GDP (constant 2011 PPP)",EG.USE.COMM.GD.PP.KD,42.0600269731576
St. Lucia,LCA,2007,Energy use (kg of oil equivalent per capita),EG.USE.PCAP.KG.OE,763.545475694797
St. Lucia,LCA,2006,Energy use (kg of oil equivalent per capita),EG.USE.PCAP.KG.OE,719.550613432015
St. Lucia,LCA,2005,Energy use (kg of oil equivalent per capita),EG.USE.PCAP.KG.OE,752.675670217909
St. Lucia,LCA,2004,Energy use (kg of oil equivalent per capita),EG.USE.PCAP.KG.OE,741.583032580215
St. Lucia,LCA,1990,Energy use (kg of oil equivalent per capita),EG.USE.PCAP.KG.OE,405.156499058108
St. Lucia,LCA,2014,CO2 emissions from gaseous fuel consumption (% of total),EN.ATM.CO2E.GF.ZS,0
St. Lucia,LCA,2013,CO2 emissions from gaseous fuel consumption (% of total),EN.ATM.CO2E.GF.ZS,0
St. Lucia,LCA,2012,CO2 emissions from gaseous fuel consumption (% of total),EN.ATM.CO2E.GF.ZS,0
St. Lucia,LCA,2011,CO2 emissions from gaseous fuel consumption (% of total),EN.ATM.CO2E.GF.ZS,0
St. Lucia,LCA,2010,CO2 emissions from gaseous fuel consumption (% of total),EN.ATM.CO2E.GF.ZS,0
St. Lucia,LCA,2009,CO2 emissions from gaseous fuel consumption (% of total),EN.ATM.CO2E.GF.ZS,0
St. Lucia,LCA,2008,CO2 emissions from gaseous fuel consumption (% of total),EN.ATM.CO2E.GF.ZS,0
St. Lucia,LCA,2007,CO2 emissions from gaseous fuel consumption (% of total),EN.ATM.CO2E.GF.ZS,0
St. Lucia,LCA,2006,CO2 emissions from gaseous fuel consumption (% of total),EN.ATM.CO2E.GF.ZS,0
St. Lucia,LCA,2005,CO2 emissions from gaseous fuel consumption (% of total),EN.ATM.CO2E.GF.ZS,0
St. Lucia,LCA,2004,CO2 emissions from gaseous fuel consumption (% of total),EN.ATM.CO2E.GF.ZS,0
St. Lucia,LCA,2003,CO2 emissions from gaseous fuel consumption (% of total),EN.ATM.CO2E.GF.ZS,0
St. Lucia,LCA,2002,CO2 emissions from gaseous fuel consumption (% of total),EN.ATM.CO2E.GF.ZS,0
St. Lucia,LCA,2001,CO2 emissions from gaseous fuel consumption (% of total),EN.ATM.CO2E.GF.ZS,0
St. Lucia,LCA,2000,CO2 emissions from gaseous fuel consumption (% of total),EN.ATM.CO2E.GF.ZS,0
St. Lucia,LCA,1999,CO2 emissions from gaseous fuel consumption (% of total),EN.ATM.CO2E.GF.ZS,0
St. Lucia,LCA,1998,CO2 emissions from gaseous fuel consumption (% of total),EN.ATM.CO2E.GF.ZS,0
St. Lucia,LCA,1997,CO2 emissions from gaseous fuel consumption (% of total),EN.ATM.CO2E.GF.ZS,0
St. Lucia,LCA,1996,CO2 emissions from gaseous fuel consumption (% of total),EN.ATM.CO2E.GF.ZS,0
St. Lucia,LCA,1995,CO2 emissions from gaseous fuel consumption (% of total),EN.ATM.CO2E.GF.ZS,0
St. Lucia,LCA,1994,CO2 emissions from gaseous fuel consumption (% of total),EN.ATM.CO2E.GF.ZS,0
St. Lucia,LCA,1993,CO2 emissions from gaseous fuel consumption (% of total),EN.ATM.CO2E.GF.ZS,0
St. Lucia,LCA,1992,CO2 emissions from gaseous fuel consumption (% of total),EN.ATM.CO2E.GF.ZS,0
St. Lucia,LCA,1991,CO2 emissions from gaseous fuel consumption (% of total),EN.ATM.CO2E.GF.ZS,0
St. Lucia,LCA,1990,CO2 emissions from gaseous fuel consumption (% of total),EN.ATM.CO2E.GF.ZS,0
St. Lucia,LCA,1989,CO2 emissions from gaseous fuel consumption (% of total),EN.ATM.CO2E.GF.ZS,0
St. Lucia,LCA,1988,CO2 emissions from gaseous fuel consumption (% of total),EN.ATM.CO2E.GF.ZS,0
St. Lucia,LCA,1987,CO2 emissions from gaseous fuel consumption (% of total),EN.ATM.CO2E.GF.ZS,0
St. Lucia,LCA,1986,CO2 emissions from gaseous fuel consumption (% of total),EN.ATM.CO2E.GF.ZS,0
St. Lucia,LCA,1985,CO2 emissions from gaseous fuel consumption (% of total),EN.ATM.CO2E.GF.ZS,0
St. Lucia,LCA,1984,CO2 emissions from gaseous fuel consumption (% of total),EN.ATM.CO2E.GF.ZS,0
St. Lucia,LCA,1983,CO2 emissions from gaseous fuel consumption (% of total),EN.ATM.CO2E.GF.ZS,0
St. Lucia,LCA,1982,CO2 emissions from gaseous fuel consumption (% of total),EN.ATM.CO2E.GF.ZS,0
St. Lucia,LCA,1981,CO2 emissions from gaseous fuel consumption (% of total),EN.ATM.CO2E.GF.ZS,0
St. Lucia,LCA,1980,CO2 emissions from gaseous fuel consumption (% of total),EN.ATM.CO2E.GF.ZS,0
St. Lucia,LCA,1979,CO2 emissions from gaseous fuel consumption (% of total),EN.ATM.CO2E.GF.ZS,0
St. Lucia,LCA,1978,CO2 emissions from gaseous fuel consumption (% of total),EN.ATM.CO2E.GF.ZS,0
St. Lucia,LCA,1977,CO2 emissions from gaseous fuel consumption (% of total),EN.ATM.CO2E.GF.ZS,0
St. Lucia,LCA,1976,CO2 emissions from gaseous fuel consumption (% of total),EN.ATM.CO2E.GF.ZS,0
St. Lucia,LCA,1975,CO2 emissions from gaseous fuel consumption (% of total),EN.ATM.CO2E.GF.ZS,0
St. Lucia,LCA,1974,CO2 emissions from gaseous fuel consumption (% of total),EN.ATM.CO2E.GF.ZS,0
St. Lucia,LCA,1973,CO2 emissions from gaseous fuel consumption (% of total),EN.ATM.CO2E.GF.ZS,0
St. Lucia,LCA,1972,CO2 emissions from gaseous fuel consumption (% of total),EN.ATM.CO2E.GF.ZS,0
St. Lucia,LCA,1971,CO2 emissions from gaseous fuel consumption (% of total),EN.ATM.CO2E.GF.ZS,0
St. Lucia,LCA,1970,CO2 emissions from gaseous fuel consumption (% of total),EN.ATM.CO2E.GF.ZS,0
St. Lucia,LCA,1969,CO2 emissions from gaseous fuel consumption (% of total),EN.ATM.CO2E.GF.ZS,0
St. Lucia,LCA,1968,CO2 emissions from gaseous fuel consumption (% of total),EN.ATM.CO2E.GF.ZS,0
St. Lucia,LCA,1967,CO2 emissions from gaseous fuel consumption (% of total),EN.ATM.CO2E.GF.ZS,0
St. Lucia,LCA,1966,CO2 emissions from gaseous fuel consumption (% of total),EN.ATM.CO2E.GF.ZS,0
St. Lucia,LCA,1965,CO2 emissions from gaseous fuel consumption (% of total),EN.ATM.CO2E.GF.ZS,0
St. Lucia,LCA,1964,CO2 emissions from gaseous fuel consumption (% of total),EN.ATM.CO2E.GF.ZS,0
St. Lucia,LCA,1963,CO2 emissions from gaseous fuel consumption (% of total),EN.ATM.CO2E.GF.ZS,0
St. Lucia,LCA,1962,CO2 emissions from gaseous fuel consumption (% of total),EN.ATM.CO2E.GF.ZS,0
St. Lucia,LCA,1961,CO2 emissions from gaseous fuel consumption (% of total),EN.ATM.CO2E.GF.ZS,0
St. Lucia,LCA,1960,CO2 emissions from gaseous fuel consumption (% of total),EN.ATM.CO2E.GF.ZS,0
St. Lucia,LCA,2014,CO2 emissions from liquid fuel consumption (kt),EN.ATM.CO2E.LF.KT,407.037
St. Lucia,LCA,2013,CO2 emissions from liquid fuel consumption (kt),EN.ATM.CO2E.LF.KT,407.037
St. Lucia,LCA,2012,CO2 emissions from liquid fuel consumption (kt),EN.ATM.CO2E.LF.KT,407.037
St. Lucia,LCA,2011,CO2 emissions from liquid fuel consumption (kt),EN.ATM.CO2E.LF.KT,407.037
St. Lucia,LCA,2010,CO2 emissions from liquid fuel consumption (kt),EN.ATM.CO2E.LF.KT,403.37
St. Lucia,LCA,2009,CO2 emissions from liquid fuel consumption (kt),EN.ATM.CO2E.LF.KT,385.035
St. Lucia,LCA,2008,CO2 emissions from liquid fuel consumption (kt),EN.ATM.CO2E.LF.KT,396.036
St. Lucia,LCA,2007,CO2 emissions from liquid fuel consumption (kt),EN.ATM.CO2E.LF.KT,385.035
St. Lucia,LCA,2006,CO2 emissions from liquid fuel consumption (kt),EN.ATM.CO2E.LF.KT,366.7
St. Lucia,LCA,2005,CO2 emissions from liquid fuel consumption (kt),EN.ATM.CO2E.LF.KT,366.7
St. Lucia,LCA,2004,CO2 emissions from liquid fuel consumption (kt),EN.ATM.CO2E.LF.KT,355.699
St. Lucia,LCA,2003,CO2 emissions from liquid fuel consumption (kt),EN.ATM.CO2E.LF.KT,359.366
St. Lucia,LCA,2002,CO2 emissions from liquid fuel consumption (kt),EN.ATM.CO2E.LF.KT,326.363
St. Lucia,LCA,2001,CO2 emissions from liquid fuel consumption (kt),EN.ATM.CO2E.LF.KT,363.033
St. Lucia,LCA,2000,CO2 emissions from liquid fuel consumption (kt),EN.ATM.CO2E.LF.KT,330.03
St. Lucia,LCA,1999,CO2 emissions from liquid fuel consumption (kt),EN.ATM.CO2E.LF.KT,319.029
St. Lucia,LCA,1998,CO2 emissions from liquid fuel consumption (kt),EN.ATM.CO2E.LF.KT,308.028
St. Lucia,LCA,1997,CO2 emissions from liquid fuel consumption (kt),EN.ATM.CO2E.LF.KT,308.028
St. Lucia,LCA,1996,CO2 emissions from liquid fuel consumption (kt),EN.ATM.CO2E.LF.KT,326.363
St. Lucia,LCA,1995,CO2 emissions from liquid fuel consumption (kt),EN.ATM.CO2E.LF.KT,311.695
St. Lucia,LCA,1994,CO2 emissions from liquid fuel consumption (kt),EN.ATM.CO2E.LF.KT,260.357
St. Lucia,LCA,1993,CO2 emissions from liquid fuel consumption (kt),EN.ATM.CO2E.LF.KT,223.687
St. Lucia,LCA,1992,CO2 emissions from liquid fuel consumption (kt),EN.ATM.CO2E.LF.KT,201.685
St. Lucia,LCA,1991,CO2 emissions from liquid fuel consumption (kt),EN.ATM.CO2E.LF.KT,168.682
St. Lucia,LCA,1990,CO2 emissions from liquid fuel consumption (kt),EN.ATM.CO2E.LF.KT,161.348
St. Lucia,LCA,1989,CO2 emissions from liquid fuel consumption (kt),EN.ATM.CO2E.LF.KT,165.015
St. Lucia,LCA,1988,CO2 emissions from liquid fuel consumption (kt),EN.ATM.CO2E.LF.KT,165.015
St. Lucia,LCA,1987,CO2 emissions from liquid fuel consumption (kt),EN.ATM.CO2E.LF.KT,146.68
St. Lucia,LCA,1986,CO2 emissions from liquid fuel consumption (kt),EN.ATM.CO2E.LF.KT,132.012
St. Lucia,LCA,1985,CO2 emissions from liquid fuel consumption (kt),EN.ATM.CO2E.LF.KT,128.345
St. Lucia,LCA,1984,CO2 emissions from liquid fuel consumption (kt),EN.ATM.CO2E.LF.KT,113.677
St. Lucia,LCA,1983,CO2 emissions from liquid fuel consumption (kt),EN.ATM.CO2E.LF.KT,102.676
St. Lucia,LCA,1982,CO2 emissions from liquid fuel consumption (kt),EN.ATM.CO2E.LF.KT,113.677
St. Lucia,LCA,1981,CO2 emissions from liquid fuel consumption (kt),EN.ATM.CO2E.LF.KT,95.342
St. Lucia,LCA,1980,CO2 emissions from liquid fuel consumption (kt),EN.ATM.CO2E.LF.KT,113.677
St. Lucia,LCA,1979,CO2 emissions from liquid fuel consumption (kt),EN.ATM.CO2E.LF.KT,150.347
St. Lucia,LCA,1978,CO2 emissions from liquid fuel consumption (kt),EN.ATM.CO2E.LF.KT,99.009
St. Lucia,LCA,1977,CO2 emissions from liquid fuel consumption (kt),EN.ATM.CO2E.LF.KT,69.673
St. Lucia,LCA,1976,CO2 emissions from liquid fuel consumption (kt),EN.ATM.CO2E.LF.KT,84.341
St. Lucia,LCA,1975,CO2 emissions from liquid fuel consumption (kt),EN.ATM.CO2E.LF.KT,77.007
St. Lucia,LCA,1974,CO2 emissions from liquid fuel consumption (kt),EN.ATM.CO2E.LF.KT,73.34
St. Lucia,LCA,1973,CO2 emissions from liquid fuel consumption (kt),EN.ATM.CO2E.LF.KT,80.674
St. Lucia,LCA,1972,CO2 emissions from liquid fuel consumption (kt),EN.ATM.CO2E.LF.KT,77.007
St. Lucia,LCA,1971,CO2 emissions from liquid fuel consumption (kt),EN.ATM.CO2E.LF.KT,69.673
St. Lucia,LCA,1970,CO2 emissions from liquid fuel consumption (kt),EN.ATM.CO2E.LF.KT,66.006
St. Lucia,LCA,1969,CO2 emissions from liquid fuel consumption (kt),EN.ATM.CO2E.LF.KT,62.339
St. Lucia,LCA,1968,CO2 emissions from liquid fuel consumption (kt),EN.ATM.CO2E.LF.KT,36.67
St. Lucia,LCA,1967,CO2 emissions from liquid fuel consumption (kt),EN.ATM.CO2E.LF.KT,33.003
St. Lucia,LCA,1966,CO2 emissions from liquid fuel consumption (kt),EN.ATM.CO2E.LF.KT,29.336
St. Lucia,LCA,1965,CO2 emissions from liquid fuel consumption (kt),EN.ATM.CO2E.LF.KT,25.669
St. Lucia,LCA,1964,CO2 emissions from liquid fuel consumption (kt),EN.ATM.CO2E.LF.KT,22.002
St. Lucia,LCA,1963,CO2 emissions from liquid fuel consumption (kt),EN.ATM.CO2E.LF.KT,22.002
St. Lucia,LCA,1962,CO2 emissions from liquid fuel consumption (kt),EN.ATM.CO2E.LF.KT,18.335
St. Lucia,LCA,1961,CO2 emissions from liquid fuel consumption (kt),EN.ATM.CO2E.LF.KT,18.335
St. Lucia,LCA,1960,CO2 emissions from liquid fuel consumption (kt),EN.ATM.CO2E.LF.KT,14.668
St. Lucia,LCA,2008,Methane emissions in energy sector (thousand metric tons of CO2 equivalent),EN.ATM.METH.EG.KT.CE,2.28855608997893
St. Lucia,LCA,2007,Methane emissions in energy sector (thousand metric tons of CO2 equivalent),EN.ATM.METH.EG.KT.CE,2.23274475283732
St. Lucia,LCA,2006,Methane emissions in energy sector (thousand metric tons of CO2 equivalent),EN.ATM.METH.EG.KT.CE,2.18277886983768
St. Lucia,LCA,2005,Methane emissions in energy sector (thousand metric tons of CO2 equivalent),EN.ATM.METH.EG.KT.CE,2.12884188392431
St. Lucia,LCA,2004,Methane emissions in energy sector (thousand metric tons of CO2 equivalent),EN.ATM.METH.EG.KT.CE,2.12798000772433
St. Lucia,LCA,2003,Methane emissions in energy sector (thousand metric tons of CO2 equivalent),EN.ATM.METH.EG.KT.CE,2.04725294834859
St. Lucia,LCA,2002,Methane emissions in energy sector (thousand metric tons of CO2 equivalent),EN.ATM.METH.EG.KT.CE,2.02984639924534
St. Lucia,LCA,2001,Methane emissions in energy sector (thousand metric tons of CO2 equivalent),EN.ATM.METH.EG.KT.CE,2.0107778981081
St. Lucia,LCA,2000,Methane emissions in energy sector (thousand metric tons of CO2 equivalent),EN.ATM.METH.EG.KT.CE,2.0461911647143
St. Lucia,LCA,1999,Methane emissions in energy sector (thousand metric tons of CO2 equivalent),EN.ATM.METH.EG.KT.CE,1.81720877192431
St. Lucia,LCA,1998,Methane emissions in energy sector (thousand metric tons of CO2 equivalent),EN.ATM.METH.EG.KT.CE,1.79191172410491
St. Lucia,LCA,1997,Methane emissions in energy sector (thousand metric tons of CO2 equivalent),EN.ATM.METH.EG.KT.CE,1.81656783334537
St. Lucia,LCA,1996,Methane emissions in energy sector (thousand metric tons of CO2 equivalent),EN.ATM.METH.EG.KT.CE,1.91811004568296
St. Lucia,LCA,1995,Methane emissions in energy sector (thousand metric tons of CO2 equivalent),EN.ATM.METH.EG.KT.CE,1.93304274682375
St. Lucia,LCA,1994,Methane emissions in energy sector (thousand metric tons of CO2 equivalent),EN.ATM.METH.EG.KT.CE,1.8766976046892
St. Lucia,LCA,1993,Methane emissions in energy sector (thousand metric tons of CO2 equivalent),EN.ATM.METH.EG.KT.CE,1.77781453030786
St. Lucia,LCA,1992,Methane emissions in energy sector (thousand metric tons of CO2 equivalent),EN.ATM.METH.EG.KT.CE,1.83401582534349
St. Lucia,LCA,1991,Methane emissions in energy sector (thousand metric tons of CO2 equivalent),EN.ATM.METH.EG.KT.CE,1.83735478811814
St. Lucia,LCA,1990,Methane emissions in energy sector (thousand metric tons of CO2 equivalent),EN.ATM.METH.EG.KT.CE,1.84827330125131
St. Lucia,LCA,1989,Methane emissions in energy sector (thousand metric tons of CO2 equivalent),EN.ATM.METH.EG.KT.CE,1.84186109039229
St. Lucia,LCA,1988,Methane emissions in energy sector (thousand metric tons of CO2 equivalent),EN.ATM.METH.EG.KT.CE,1.8506952978141
St. Lucia,LCA,1987,Methane emissions in energy sector (thousand metric tons of CO2 equivalent),EN.ATM.METH.EG.KT.CE,1.81598848510567
St. Lucia,LCA,1986,Methane emissions in energy sector (thousand metric tons of CO2 equivalent),EN.ATM.METH.EG.KT.CE,1.80782915658273
St. Lucia,LCA,1985,Methane emissions in energy sector (thousand metric tons of CO2 equivalent),EN.ATM.METH.EG.KT.CE,1.93598517954788
St. Lucia,LCA,1984,Methane emissions in energy sector (thousand metric tons of CO2 equivalent),EN.ATM.METH.EG.KT.CE,2.28433700892243
St. Lucia,LCA,1983,Methane emissions in energy sector (thousand metric tons of CO2 equivalent),EN.ATM.METH.EG.KT.CE,2.37340244671065
St. Lucia,LCA,1982,Methane emissions in energy sector (thousand metric tons of CO2 equivalent),EN.ATM.METH.EG.KT.CE,2.34737677415157
St. Lucia,LCA,1981,Methane emissions in energy sector (thousand metric tons of CO2 equivalent),EN.ATM.METH.EG.KT.CE,2.12802248164043
St. Lucia,LCA,1980,Methane emissions in energy sector (thousand metric tons of CO2 equivalent),EN.ATM.METH.EG.KT.CE,2.15267200654284
St. Lucia,LCA,1979,Methane emissions in energy sector (thousand metric tons of CO2 equivalent),EN.ATM.METH.EG.KT.CE,2.05237387705266
St. Lucia,LCA,1978,Methane emissions in energy sector (thousand metric tons of CO2 equivalent),EN.ATM.METH.EG.KT.CE,2.1236443483897
St. Lucia,LCA,1977,Methane emissions in energy sector (thousand metric tons of CO2 equivalent),EN.ATM.METH.EG.KT.CE,2.38394328935376
St. Lucia,LCA,1976,Methane emissions in energy sector (thousand metric tons of CO2 equivalent),EN.ATM.METH.EG.KT.CE,2.08532560116264
St. Lucia,LCA,1975,Methane emissions in energy sector (thousand metric tons of CO2 equivalent),EN.ATM.METH.EG.KT.CE,2.25455464070947
St. Lucia,LCA,1974,Methane emissions in energy sector (thousand metric tons of CO2 equivalent),EN.ATM.METH.EG.KT.CE,2.20803455961302
St. Lucia,LCA,1973,Methane emissions in energy sector (thousand metric tons of CO2 equivalent),EN.ATM.METH.EG.KT.CE,2.37776892347774
St. Lucia,LCA,1972,Methane emissions in energy sector (thousand metric tons of CO2 equivalent),EN.ATM.METH.EG.KT.CE,2.17614305044766
St. Lucia,LCA,1971,Methane emissions in energy sector (thousand metric tons of CO2 equivalent),EN.ATM.METH.EG.KT.CE,2.07694280419655
St. Lucia,LCA,1970,Methane emissions in energy sector (thousand metric tons of CO2 equivalent),EN.ATM.METH.EG.KT.CE,2.07062730035643
St. Lucia,LCA,1969,Methane emissions in energy sector (thousand metric tons of CO2 equivalent),EN.ATM.METH.EG.KT.CE,0
St. Lucia,LCA,2008,Energy related methane emissions (% of total),EN.ATM.METH.EG.ZS,5.41064344527649
St. Lucia,LCA,2007,Energy related methane emissions (% of total),EN.ATM.METH.EG.ZS,5.32756393649456
St. Lucia,LCA,2006,Energy related methane emissions (% of total),EN.ATM.METH.EG.ZS,5.25540248913584
St. Lucia,LCA,2005,Energy related methane emissions (% of total),EN.ATM.METH.EG.ZS,5.17076922161711
St. Lucia,LCA,2004,Energy related methane emissions (% of total),EN.ATM.METH.EG.ZS,5.20549421525295
St. Lucia,LCA,2003,Energy related methane emissions (% of total),EN.ATM.METH.EG.ZS,5.05287449674601
St. Lucia,LCA,2002,Energy related methane emissions (% of total),EN.ATM.METH.EG.ZS,5.04764893368515
St. Lucia,LCA,2001,Energy related methane emissions (% of total),EN.ATM.METH.EG.ZS,5.04055424172291
St. Lucia,LCA,2000,Energy related methane emissions (% of total),EN.ATM.METH.EG.ZS,5.16969508903198
St. Lucia,LCA,1999,Energy related methane emissions (% of total),EN.ATM.METH.EG.ZS,4.6404125890229
St. Lucia,LCA,1998,Energy related methane emissions (% of total),EN.ATM.METH.EG.ZS,4.61473730267911
St. Lucia,LCA,1997,Energy related methane emissions (% of total),EN.ATM.METH.EG.ZS,4.71056416615981
St. Lucia,LCA,1996,Energy related methane emissions (% of total),EN.ATM.METH.EG.ZS,4.99496117456351
St. Lucia,LCA,1995,Energy related methane emissions (% of total),EN.ATM.METH.EG.ZS,5.0536272550594
St. Lucia,LCA,1994,Energy related methane emissions (% of total),EN.ATM.METH.EG.ZS,4.93986087375976
St. Lucia,LCA,1993,Energy related methane emissions (% of total),EN.ATM.METH.EG.ZS,4.71473795815129
St. Lucia,LCA,1992,Energy related methane emissions (% of total),EN.ATM.METH.EG.ZS,4.88772409740049
St. Lucia,LCA,1991,Energy related methane emissions (% of total),EN.ATM.METH.EG.ZS,4.93231070004924
St. Lucia,LCA,1990,Energy related methane emissions (% of total),EN.ATM.METH.EG.ZS,4.99914340457136
St. Lucia,LCA,1989,Energy related methane emissions (% of total),EN.ATM.METH.EG.ZS,5.02204766231486
St. Lucia,LCA,1988,Energy related methane emissions (% of total),EN.ATM.METH.EG.ZS,5.08867548321259
St. Lucia,LCA,1987,Energy related methane emissions (% of total),EN.ATM.METH.EG.ZS,5.03477645590985
St. Lucia,LCA,1986,Energy related methane emissions (% of total),EN.ATM.METH.EG.ZS,5.06396140208442
St. Lucia,LCA,1985,Energy related methane emissions (% of total),EN.ATM.METH.EG.ZS,5.44790870053406
St. Lucia,LCA,1984,Energy related methane emissions (% of total),EN.ATM.METH.EG.ZS,6.40376153971046
St. Lucia,LCA,1983,Energy related methane emissions (% of total),EN.ATM.METH.EG.ZS,6.82416156319734
St. Lucia,LCA,1982,Energy related methane emissions (% of total),EN.ATM.METH.EG.ZS,6.94342262639783
St. Lucia,LCA,1981,Energy related methane emissions (% of total),EN.ATM.METH.EG.ZS,6.51564436727402
St. Lucia,LCA,1980,Energy related methane emissions (% of total),EN.ATM.METH.EG.ZS,6.77516132106769
St. Lucia,LCA,1979,Energy related methane emissions (% of total),EN.ATM.METH.EG.ZS,6.66876964460067
St. Lucia,LCA,1978,Energy related methane emissions (% of total),EN.ATM.METH.EG.ZS,7.08469479130911
St. Lucia,LCA,1977,Energy related methane emissions (% of total),EN.ATM.METH.EG.ZS,8.1119064432451
St. Lucia,LCA,1976,Energy related methane emissions (% of total),EN.ATM.METH.EG.ZS,7.37755733488046
St. Lucia,LCA,1975,Energy related methane emissions (% of total),EN.ATM.METH.EG.ZS,8.1185822288901
St. Lucia,LCA,1974,Energy related methane emissions (% of total),EN.ATM.METH.EG.ZS,8.0281364311457
St. Lucia,LCA,1973,Energy related methane emissions (% of total),EN.ATM.METH.EG.ZS,8.5723671964328
St. Lucia,LCA,1972,Energy related methane emissions (% of total),EN.ATM.METH.EG.ZS,7.90218439801609
St. Lucia,LCA,1971,Energy related methane emissions (% of total),EN.ATM.METH.EG.ZS,7.50245743564414
St. Lucia,LCA,1970,Energy related methane emissions (% of total),EN.ATM.METH.EG.ZS,7.49361173265838
St. Lucia,LCA,2008,Nitrous oxide emissions in energy sector (thousand metric tons of CO2 equivalent),EN.ATM.NOXE.EG.KT.CE,3.436466157
St. Lucia,LCA,2007,Nitrous oxide emissions in energy sector (thousand metric tons of CO2 equivalent),EN.ATM.NOXE.EG.KT.CE,3.308972674
St. Lucia,LCA,2006,Nitrous oxide emissions in energy sector (thousand metric tons of CO2 equivalent),EN.ATM.NOXE.EG.KT.CE,3.226905382
St. Lucia,LCA,2005,Nitrous oxide emissions in energy sector (thousand metric tons of CO2 equivalent),EN.ATM.NOXE.EG.KT.CE,3.0918154234
St. Lucia,LCA,2004,Nitrous oxide emissions in energy sector (thousand metric tons of CO2 equivalent),EN.ATM.NOXE.EG.KT.CE,3.105461456
St. Lucia,LCA,2003,Nitrous oxide emissions in energy sector (thousand metric tons of CO2 equivalent),EN.ATM.NOXE.EG.KT.CE,2.915491658
St. Lucia,LCA,2002,Nitrous oxide emissions in energy sector (thousand metric tons of CO2 equivalent),EN.ATM.NOXE.EG.KT.CE,2.830420404
St. Lucia,LCA,2001,Nitrous oxide emissions in energy sector (thousand metric tons of CO2 equivalent),EN.ATM.NOXE.EG.KT.CE,2.81475164
St. Lucia,LCA,2000,Nitrous oxide emissions in energy sector (thousand metric tons of CO2 equivalent),EN.ATM.NOXE.EG.KT.CE,2.727453718
St. Lucia,LCA,1999,Nitrous oxide emissions in energy sector (thousand metric tons of CO2 equivalent),EN.ATM.NOXE.EG.KT.CE,2.383621434
St. Lucia,LCA,1998,Nitrous oxide emissions in energy sector (thousand metric tons of CO2 equivalent),EN.ATM.NOXE.EG.KT.CE,2.320697944
St. Lucia,LCA,1997,Nitrous oxide emissions in energy sector (thousand metric tons of CO2 equivalent),EN.ATM.NOXE.EG.KT.CE,2.101510154216
St. Lucia,LCA,1996,Nitrous oxide emissions in energy sector (thousand metric tons of CO2 equivalent),EN.ATM.NOXE.EG.KT.CE,2.06986099295
St. Lucia,LCA,1995,Nitrous oxide emissions in energy sector (thousand metric tons of CO2 equivalent),EN.ATM.NOXE.EG.KT.CE,2.067733610355
St. Lucia,LCA,1994,Nitrous oxide emissions in energy sector (thousand metric tons of CO2 equivalent),EN.ATM.NOXE.EG.KT.CE,2.019541286193
St. Lucia,LCA,1993,Nitrous oxide emissions in energy sector (thousand metric tons of CO2 equivalent),EN.ATM.NOXE.EG.KT.CE,1.798511851168
St. Lucia,LCA,1992,Nitrous oxide emissions in energy sector (thousand metric tons of CO2 equivalent),EN.ATM.NOXE.EG.KT.CE,1.927973093454
St. Lucia,LCA,1991,Nitrous oxide emissions in energy sector (thousand metric tons of CO2 equivalent),EN.ATM.NOXE.EG.KT.CE,1.871996013642
St. Lucia,LCA,1990,Nitrous oxide emissions in energy sector (thousand metric tons of CO2 equivalent),EN.ATM.NOXE.EG.KT.CE,1.8465847748
St. Lucia,LCA,1989,Nitrous oxide emissions in energy sector (thousand metric tons of CO2 equivalent),EN.ATM.NOXE.EG.KT.CE,1.871830748674
St. Lucia,LCA,1988,Nitrous oxide emissions in energy sector (thousand metric tons of CO2 equivalent),EN.ATM.NOXE.EG.KT.CE,1.865804864576
St. Lucia,LCA,1987,Nitrous oxide emissions in energy sector (thousand metric tons of CO2 equivalent),EN.ATM.NOXE.EG.KT.CE,1.719173746034
St. Lucia,LCA,1986,Nitrous oxide emissions in energy sector (thousand metric tons of CO2 equivalent),EN.ATM.NOXE.EG.KT.CE,1.718606244565
St. Lucia,LCA,1985,Nitrous oxide emissions in energy sector (thousand metric tons of CO2 equivalent),EN.ATM.NOXE.EG.KT.CE,1.709858455129
St. Lucia,LCA,1984,Nitrous oxide emissions in energy sector (thousand metric tons of CO2 equivalent),EN.ATM.NOXE.EG.KT.CE,1.683143741896
St. Lucia,LCA,1983,Nitrous oxide emissions in energy sector (thousand metric tons of CO2 equivalent),EN.ATM.NOXE.EG.KT.CE,1.4454043117865
St. Lucia,LCA,1982,Nitrous oxide emissions in energy sector (thousand metric tons of CO2 equivalent),EN.ATM.NOXE.EG.KT.CE,1.4212774640238
St. Lucia,LCA,1981,Nitrous oxide emissions in energy sector (thousand metric tons of CO2 equivalent),EN.ATM.NOXE.EG.KT.CE,1.3458315856921
St. Lucia,LCA,1980,Nitrous oxide emissions in energy sector (thousand metric tons of CO2 equivalent),EN.ATM.NOXE.EG.KT.CE,1.2662798478928
St. Lucia,LCA,1979,Nitrous oxide emissions in energy sector (thousand metric tons of CO2 equivalent),EN.ATM.NOXE.EG.KT.CE,1.2412030138814
St. Lucia,LCA,1978,Nitrous oxide emissions in energy sector (thousand metric tons of CO2 equivalent),EN.ATM.NOXE.EG.KT.CE,1.2543086398928
St. Lucia,LCA,1977,Nitrous oxide emissions in energy sector (thousand metric tons of CO2 equivalent),EN.ATM.NOXE.EG.KT.CE,1.139790144
St. Lucia,LCA,1976,Nitrous oxide emissions in energy sector (thousand metric tons of CO2 equivalent),EN.ATM.NOXE.EG.KT.CE,1.1448176
St. Lucia,LCA,1975,Nitrous oxide emissions in energy sector (thousand metric tons of CO2 equivalent),EN.ATM.NOXE.EG.KT.CE,1.14209611
St. Lucia,LCA,1974,Nitrous oxide emissions in energy sector (thousand metric tons of CO2 equivalent),EN.ATM.NOXE.EG.KT.CE,1.057411054
St. Lucia,LCA,1973,Nitrous oxide emissions in energy sector (thousand metric tons of CO2 equivalent),EN.ATM.NOXE.EG.KT.CE,1.09639591
St. Lucia,LCA,1972,Nitrous oxide emissions in energy sector (thousand metric tons of CO2 equivalent),EN.ATM.NOXE.EG.KT.CE,1.057162682
St. Lucia,LCA,1971,Nitrous oxide emissions in energy sector (thousand metric tons of CO2 equivalent),EN.ATM.NOXE.EG.KT.CE,0.995632828
St. Lucia,LCA,1970,Nitrous oxide emissions in energy sector (thousand metric tons of CO2 equivalent),EN.ATM.NOXE.EG.KT.CE,0.99535637
St. Lucia,LCA,1969,Nitrous oxide emissions in energy sector (thousand metric tons of CO2 equivalent),EN.ATM.NOXE.EG.KT.CE,0
St. Lucia,LCA,2008,Nitrous oxide emissions in energy sector (% of total),EN.ATM.NOXE.EG.ZS,10.4868880017407
St. Lucia,LCA,2007,Nitrous oxide emissions in energy sector (% of total),EN.ATM.NOXE.EG.ZS,10.241700792539
St. Lucia,LCA,2006,Nitrous oxide emissions in energy sector (% of total),EN.ATM.NOXE.EG.ZS,10.1149266842223
St. Lucia,LCA,2005,Nitrous oxide emissions in energy sector (% of total),EN.ATM.NOXE.EG.ZS,9.82068999675059
St. Lucia,LCA,2004,Nitrous oxide emissions in energy sector (% of total),EN.ATM.NOXE.EG.ZS,9.63918326501549
St. Lucia,LCA,2003,Nitrous oxide emissions in energy sector (% of total),EN.ATM.NOXE.EG.ZS,9.32878222486733
St. Lucia,LCA,2002,Nitrous oxide emissions in energy sector (% of total),EN.ATM.NOXE.EG.ZS,9.18661045599066
St. Lucia,LCA,2001,Nitrous oxide emissions in energy sector (% of total),EN.ATM.NOXE.EG.ZS,7.5629442681393
St. Lucia,LCA,2000,Nitrous oxide emissions in energy sector (% of total),EN.ATM.NOXE.EG.ZS,7.2901892514459
St. Lucia,LCA,1999,Nitrous oxide emissions in energy sector (% of total),EN.ATM.NOXE.EG.ZS,6.91584119588779
St. Lucia,LCA,1998,Nitrous oxide emissions in energy sector (% of total),EN.ATM.NOXE.EG.ZS,6.69701332045123
St. Lucia,LCA,1997,Nitrous oxide emissions in energy sector (% of total),EN.ATM.NOXE.EG.ZS,2.53107907300445
St. Lucia,LCA,1996,Nitrous oxide emissions in energy sector (% of total),EN.ATM.NOXE.EG.ZS,2.70190349869093
St. Lucia,LCA,1995,Nitrous oxide emissions in energy sector (% of total),EN.ATM.NOXE.EG.ZS,3.225328533539
St. Lucia,LCA,1994,Nitrous oxide emissions in energy sector (% of total),EN.ATM.NOXE.EG.ZS,3.9334444157781
St. Lucia,LCA,1993,Nitrous oxide emissions in energy sector (% of total),EN.ATM.NOXE.EG.ZS,4.82361496291862
St. Lucia,LCA,1992,Nitrous oxide emissions in energy sector (% of total),EN.ATM.NOXE.EG.ZS,5.1385319943486
St. Lucia,LCA,1991,Nitrous oxide emissions in energy sector (% of total),EN.ATM.NOXE.EG.ZS,5.03128301925464
St. Lucia,LCA,1990,Nitrous oxide emissions in energy sector (% of total),EN.ATM.NOXE.EG.ZS,6.00364960531514
St. Lucia,LCA,1989,Nitrous oxide emissions in energy sector (% of total),EN.ATM.NOXE.EG.ZS,5.06183665196835
St. Lucia,LCA,1988,Nitrous oxide emissions in energy sector (% of total),EN.ATM.NOXE.EG.ZS,6.13180817598145
St. Lucia,LCA,1987,Nitrous oxide emissions in energy sector (% of total),EN.ATM.NOXE.EG.ZS,5.96136608924009
St. Lucia,LCA,1986,Nitrous oxide emissions in energy sector (% of total),EN.ATM.NOXE.EG.ZS,6.02116475713941
St. Lucia,LCA,1985,Nitrous oxide emissions in energy sector (% of total),EN.ATM.NOXE.EG.ZS,6.0013692507309
St. Lucia,LCA,1984,Nitrous oxide emissions in energy sector (% of total),EN.ATM.NOXE.EG.ZS,6.60268794672608
St. Lucia,LCA,1983,Nitrous oxide emissions in energy sector (% of total),EN.ATM.NOXE.EG.ZS,6.36404833186832
St. Lucia,LCA,1982,Nitrous oxide emissions in energy sector (% of total),EN.ATM.NOXE.EG.ZS,6.12474001987803
St. Lucia,LCA,1981,Nitrous oxide emissions in energy sector (% of total),EN.ATM.NOXE.EG.ZS,6.90787501696183
St. Lucia,LCA,1980,Nitrous oxide emissions in energy sector (% of total),EN.ATM.NOXE.EG.ZS,7.10031149737091
St. Lucia,LCA,1979,Nitrous oxide emissions in energy sector (% of total),EN.ATM.NOXE.EG.ZS,5.84839396612972
St. Lucia,LCA,1978,Nitrous oxide emissions in energy sector (% of total),EN.ATM.NOXE.EG.ZS,6.5960951569324
St. Lucia,LCA,1977,Nitrous oxide emissions in energy sector (% of total),EN.ATM.NOXE.EG.ZS,4.72280618824726
St. Lucia,LCA,1976,Nitrous oxide emissions in energy sector (% of total),EN.ATM.NOXE.EG.ZS,5.42488009460224
St. Lucia,LCA,1975,Nitrous oxide emissions in energy sector (% of total),EN.ATM.NOXE.EG.ZS,5.52702317515182
St. Lucia,LCA,1974,Nitrous oxide emissions in energy sector (% of total),EN.ATM.NOXE.EG.ZS,5.37499393324362
St. Lucia,LCA,1973,Nitrous oxide emissions in energy sector (% of total),EN.ATM.NOXE.EG.ZS,5.60231933002061
St. Lucia,LCA,1972,Nitrous oxide emissions in energy sector (% of total),EN.ATM.NOXE.EG.ZS,5.74261831028844
St. Lucia,LCA,1971,Nitrous oxide emissions in energy sector (% of total),EN.ATM.NOXE.EG.ZS,5.56159118379447
St. Lucia,LCA,1970,Nitrous oxide emissions in energy sector (% of total),EN.ATM.NOXE.EG.ZS,5.49633500862754
St. Lucia,LCA,2014,Pump price for gasoline (US$ per liter),EP.PMP.SGAS.CD,1.3
St. Lucia,LCA,2010,Time to obtain an electrical connection (days),IC.ELC.DURS,6.3
St. Lucia,LCA,2019,Time required to get electricity (days),IC.ELC.TIME,26
St. Lucia,LCA,2018,Time required to get electricity (days),IC.ELC.TIME,26
St. Lucia,LCA,2017,Time required to get electricity (days),IC.ELC.TIME,26
St. Lucia,LCA,2016,Time required to get electricity (days),IC.ELC.TIME,26
St. Lucia,LCA,2015,Time required to get electricity (days),IC.ELC.TIME,26
St. Lucia,LCA,2014,Time required to get electricity (days),IC.ELC.TIME,26
St. Lucia,LCA,2013,Time required to get electricity (days),IC.ELC.TIME,26
St. Lucia,LCA,2012,Time required to get electricity (days),IC.ELC.TIME,26
St. Lucia,LCA,2011,Time required to get electricity (days),IC.ELC.TIME,26
St. Lucia,LCA,2010,Time required to get electricity (days),IC.ELC.TIME,26
St. Lucia,LCA,2009,Time required to get electricity (days),IC.ELC.TIME,26
St. Lucia,LCA,2010,Firms using banks to finance investment (% of firms),IC.FRM.BNKS.ZS,52.2
St. Lucia,LCA,2010,Value lost due to electrical outages (% of sales for affected firms),IC.FRM.OUTG.ZS,0
St. Lucia,LCA,2017,Investment in energy with private participation (current US$),IE.PPI.ENGY.CD,20000000
St. Lucia,LCA,2009,Investment in energy with private participation (current US$),IE.PPI.ENGY.CD,11200000
St. Lucia,LCA,2008,Investment in energy with private participation (current US$),IE.PPI.ENGY.CD,10500000
St. Lucia,LCA,2007,Investment in energy with private participation (current US$),IE.PPI.ENGY.CD,19000000
St. Lucia,LCA,2006,Investment in energy with private participation (current US$),IE.PPI.ENGY.CD,9700000
St. Lucia,LCA,2005,Investment in energy with private participation (current US$),IE.PPI.ENGY.CD,10000000
St. Lucia,LCA,2004,Investment in energy with private participation (current US$),IE.PPI.ENGY.CD,15900000
St. Lucia,LCA,2003,Investment in energy with private participation (current US$),IE.PPI.ENGY.CD,6400000
St. Lucia,LCA,2002,Investment in energy with private participation (current US$),IE.PPI.ENGY.CD,4700000
St. Lucia,LCA,2001,Investment in energy with private participation (current US$),IE.PPI.ENGY.CD,7500000
St. Lucia,LCA,2000,Investment in energy with private participation (current US$),IE.PPI.ENGY.CD,15300000
St. Lucia,LCA,2017,Adjusted savings: mineral depletion (current US$),NY.ADJ.DMIN.CD,0
St. Lucia,LCA,2016,Adjusted savings: mineral depletion (current US$),NY.ADJ.DMIN.CD,0
St. Lucia,LCA,2015,Adjusted savings: mineral depletion (current US$),NY.ADJ.DMIN.CD,0
St. Lucia,LCA,2014,Adjusted savings: mineral depletion (current US$),NY.ADJ.DMIN.CD,0
St. Lucia,LCA,2013,Adjusted savings: mineral depletion (current US$),NY.ADJ.DMIN.CD,0
St. Lucia,LCA,2012,Adjusted savings: mineral depletion (current US$),NY.ADJ.DMIN.CD,0
St. Lucia,LCA,2011,Adjusted savings: mineral depletion (current US$),NY.ADJ.DMIN.CD,0
St. Lucia,LCA,2010,Adjusted savings: mineral depletion (current US$),NY.ADJ.DMIN.CD,0
St. Lucia,LCA,2009,Adjusted savings: mineral depletion (current US$),NY.ADJ.DMIN.CD,0
St. Lucia,LCA,2008,Adjusted savings: mineral depletion (current US$),NY.ADJ.DMIN.CD,0
St. Lucia,LCA,2007,Adjusted savings: mineral depletion (current US$),NY.ADJ.DMIN.CD,0
St. Lucia,LCA,2006,Adjusted savings: mineral depletion (current US$),NY.ADJ.DMIN.CD,0
St. Lucia,LCA,2005,Adjusted savings: mineral depletion (current US$),NY.ADJ.DMIN.CD,0
St. Lucia,LCA,2004,Adjusted savings: mineral depletion (current US$),NY.ADJ.DMIN.CD,0
St. Lucia,LCA,2003,Adjusted savings: mineral depletion (current US$),NY.ADJ.DMIN.CD,0
St. Lucia,LCA,2002,Adjusted savings: mineral depletion (current US$),NY.ADJ.DMIN.CD,0
St. Lucia,LCA,2001,Adjusted savings: mineral depletion (current US$),NY.ADJ.DMIN.CD,0
St. Lucia,LCA,2000,Adjusted savings: mineral depletion (current US$),NY.ADJ.DMIN.CD,0
St. Lucia,LCA,1999,Adjusted savings: mineral depletion (current US$),NY.ADJ.DMIN.CD,0
St. Lucia,LCA,1998,Adjusted savings: mineral depletion (current US$),NY.ADJ.DMIN.CD,0
St. Lucia,LCA,1997,Adjusted savings: mineral depletion (current US$),NY.ADJ.DMIN.CD,0
St. Lucia,LCA,1996,Adjusted savings: mineral depletion (current US$),NY.ADJ.DMIN.CD,0
St. Lucia,LCA,1995,Adjusted savings: mineral depletion (current US$),NY.ADJ.DMIN.CD,0
St. Lucia,LCA,1994,Adjusted savings: mineral depletion (current US$),NY.ADJ.DMIN.CD,0
St. Lucia,LCA,1993,Adjusted savings: mineral depletion (current US$),NY.ADJ.DMIN.CD,0
St. Lucia,LCA,1992,Adjusted savings: mineral depletion (current US$),NY.ADJ.DMIN.CD,0
St. Lucia,LCA,1991,Adjusted savings: mineral depletion (current US$),NY.ADJ.DMIN.CD,0
St. Lucia,LCA,1990,Adjusted savings: mineral depletion (current US$),NY.ADJ.DMIN.CD,0
St. Lucia,LCA,1989,Adjusted savings: mineral depletion (current US$),NY.ADJ.DMIN.CD,0
St. Lucia,LCA,1988,Adjusted savings: mineral depletion (current US$),NY.ADJ.DMIN.CD,0
St. Lucia,LCA,1987,Adjusted savings: mineral depletion (current US$),NY.ADJ.DMIN.CD,0
St. Lucia,LCA,1986,Adjusted savings: mineral depletion (current US$),NY.ADJ.DMIN.CD,0
St. Lucia,LCA,1985,Adjusted savings: mineral depletion (current US$),NY.ADJ.DMIN.CD,0
St. Lucia,LCA,1984,Adjusted savings: mineral depletion (current US$),NY.ADJ.DMIN.CD,0
St. Lucia,LCA,1983,Adjusted savings: mineral depletion (current US$),NY.ADJ.DMIN.CD,0
St. Lucia,LCA,1982,Adjusted savings: mineral depletion (current US$),NY.ADJ.DMIN.CD,0
St. Lucia,LCA,1981,Adjusted savings: mineral depletion (current US$),NY.ADJ.DMIN.CD,0
St. Lucia,LCA,1980,Adjusted savings: mineral depletion (current US$),NY.ADJ.DMIN.CD,0
St. Lucia,LCA,1979,Adjusted savings: mineral depletion (current US$),NY.ADJ.DMIN.CD,0
St. Lucia,LCA,1978,Adjusted savings: mineral depletion (current US$),NY.ADJ.DMIN.CD,0
St. Lucia,LCA,1977,Adjusted savings: mineral depletion (current US$),NY.ADJ.DMIN.CD,0
St. Lucia,LCA,1976,Adjusted savings: mineral depletion (current US$),NY.ADJ.DMIN.CD,0
St. Lucia,LCA,1975,Adjusted savings: mineral depletion (current US$),NY.ADJ.DMIN.CD,0
St. Lucia,LCA,1974,Adjusted savings: mineral depletion (current US$),NY.ADJ.DMIN.CD,0
St. Lucia,LCA,1973,Adjusted savings: mineral depletion (current US$),NY.ADJ.DMIN.CD,0
St. Lucia,LCA,1972,Adjusted savings: mineral depletion (current US$),NY.ADJ.DMIN.CD,0
St. Lucia,LCA,1971,Adjusted savings: mineral depletion (current US$),NY.ADJ.DMIN.CD,0
St. Lucia,LCA,1970,Adjusted savings: mineral depletion (current US$),NY.ADJ.DMIN.CD,0
St. Lucia,LCA,2017,Adjusted savings: mineral depletion (% of GNI),NY.ADJ.DMIN.GN.ZS,0
St. Lucia,LCA,2016,Adjusted savings: mineral depletion (% of GNI),NY.ADJ.DMIN.GN.ZS,0
St. Lucia,LCA,2015,Adjusted savings: mineral depletion (% of GNI),NY.ADJ.DMIN.GN.ZS,0
St. Lucia,LCA,2014,Adjusted savings: mineral depletion (% of GNI),NY.ADJ.DMIN.GN.ZS,0
St. Lucia,LCA,2013,Adjusted savings: mineral depletion (% of GNI),NY.ADJ.DMIN.GN.ZS,0
St. Lucia,LCA,2012,Adjusted savings: mineral depletion (% of GNI),NY.ADJ.DMIN.GN.ZS,0
St. Lucia,LCA,2011,Adjusted savings: mineral depletion (% of GNI),NY.ADJ.DMIN.GN.ZS,0
St. Lucia,LCA,2010,Adjusted savings: mineral depletion (% of GNI),NY.ADJ.DMIN.GN.ZS,0
St. Lucia,LCA,2009,Adjusted savings: mineral depletion (% of GNI),NY.ADJ.DMIN.GN.ZS,0
St. Lucia,LCA,2008,Adjusted savings: mineral depletion (% of GNI),NY.ADJ.DMIN.GN.ZS,0
St. Lucia,LCA,2007,Adjusted savings: mineral depletion (% of GNI),NY.ADJ.DMIN.GN.ZS,0
St. Lucia,LCA,2006,Adjusted savings: mineral depletion (% of GNI),NY.ADJ.DMIN.GN.ZS,0
St. Lucia,LCA,2005,Adjusted savings: mineral depletion (% of GNI),NY.ADJ.DMIN.GN.ZS,0
St. Lucia,LCA,2004,Adjusted savings: mineral depletion (% of GNI),NY.ADJ.DMIN.GN.ZS,0
St. Lucia,LCA,2003,Adjusted savings: mineral depletion (% of GNI),NY.ADJ.DMIN.GN.ZS,0
St. Lucia,LCA,2002,Adjusted savings: mineral depletion (% of GNI),NY.ADJ.DMIN.GN.ZS,0
St. Lucia,LCA,2001,Adjusted savings: mineral depletion (% of GNI),NY.ADJ.DMIN.GN.ZS,0
St. Lucia,LCA,2000,Adjusted savings: mineral depletion (% of GNI),NY.ADJ.DMIN.GN.ZS,0
St. Lucia,LCA,1999,Adjusted savings: mineral depletion (% of GNI),NY.ADJ.DMIN.GN.ZS,0
St. Lucia,LCA,1998,Adjusted savings: mineral depletion (% of GNI),NY.ADJ.DMIN.GN.ZS,0
St. Lucia,LCA,1997,Adjusted savings: mineral depletion (% of GNI),NY.ADJ.DMIN.GN.ZS,0
St. Lucia,LCA,1996,Adjusted savings: mineral depletion (% of GNI),NY.ADJ.DMIN.GN.ZS,0
St. Lucia,LCA,1995,Adjusted savings: mineral depletion (% of GNI),NY.ADJ.DMIN.GN.ZS,0
St. Lucia,LCA,1994,Adjusted savings: mineral depletion (% of GNI),NY.ADJ.DMIN.GN.ZS,0
St. Lucia,LCA,1993,Adjusted savings: mineral depletion (% of GNI),NY.ADJ.DMIN.GN.ZS,0
St. Lucia,LCA,1992,Adjusted savings: mineral depletion (% of GNI),NY.ADJ.DMIN.GN.ZS,0
St. Lucia,LCA,1991,Adjusted savings: mineral depletion (% of GNI),NY.ADJ.DMIN.GN.ZS,0
St. Lucia,LCA,1990,Adjusted savings: mineral depletion (% of GNI),NY.ADJ.DMIN.GN.ZS,0
St. Lucia,LCA,1989,Adjusted savings: mineral depletion (% of GNI),NY.ADJ.DMIN.GN.ZS,0
St. Lucia,LCA,1988,Adjusted savings: mineral depletion (% of GNI),NY.ADJ.DMIN.GN.ZS,0
St. Lucia,LCA,1987,Adjusted savings: mineral depletion (% of GNI),NY.ADJ.DMIN.GN.ZS,0
St. Lucia,LCA,1986,Adjusted savings: mineral depletion (% of GNI),NY.ADJ.DMIN.GN.ZS,0
St. Lucia,LCA,1985,Adjusted savings: mineral depletion (% of GNI),NY.ADJ.DMIN.GN.ZS,0
St. Lucia,LCA,1984,Adjusted savings: mineral depletion (% of GNI),NY.ADJ.DMIN.GN.ZS,0
St. Lucia,LCA,1983,Adjusted savings: mineral depletion (% of GNI),NY.ADJ.DMIN.GN.ZS,0
St. Lucia,LCA,1982,Adjusted savings: mineral depletion (% of GNI),NY.ADJ.DMIN.GN.ZS,0
St. Lucia,LCA,1981,Adjusted savings: mineral depletion (% of GNI),NY.ADJ.DMIN.GN.ZS,0
St. Lucia,LCA,1980,Adjusted savings: mineral depletion (% of GNI),NY.ADJ.DMIN.GN.ZS,0
St. Lucia,LCA,1979,Adjusted savings: mineral depletion (% of GNI),NY.ADJ.DMIN.GN.ZS,0
St. Lucia,LCA,1978,Adjusted savings: mineral depletion (% of GNI),NY.ADJ.DMIN.GN.ZS,0
St. Lucia,LCA,1977,Adjusted savings: mineral depletion (% of GNI),NY.ADJ.DMIN.GN.ZS,0
St. Lucia,LCA,2017,Adjusted savings: energy depletion (current US$),NY.ADJ.DNGY.CD,0
St. Lucia,LCA,2016,Adjusted savings: energy depletion (current US$),NY.ADJ.DNGY.CD,0
St. Lucia,LCA,2015,Adjusted savings: energy depletion (current US$),NY.ADJ.DNGY.CD,0
St. Lucia,LCA,2014,Adjusted savings: energy depletion (current US$),NY.ADJ.DNGY.CD,0
St. Lucia,LCA,2013,Adjusted savings: energy depletion (current US$),NY.ADJ.DNGY.CD,0
St. Lucia,LCA,2012,Adjusted savings: energy depletion (current US$),NY.ADJ.DNGY.CD,0
St. Lucia,LCA,2011,Adjusted savings: energy depletion (current US$),NY.ADJ.DNGY.CD,0
St. Lucia,LCA,2010,Adjusted savings: energy depletion (current US$),NY.ADJ.DNGY.CD,0
St. Lucia,LCA,2009,Adjusted savings: energy depletion (current US$),NY.ADJ.DNGY.CD,0
St. Lucia,LCA,2008,Adjusted savings: energy depletion (current US$),NY.ADJ.DNGY.CD,0
St. Lucia,LCA,2007,Adjusted savings: energy depletion (current US$),NY.ADJ.DNGY.CD,0
St. Lucia,LCA,2006,Adjusted savings: energy depletion (current US$),NY.ADJ.DNGY.CD,0
St. Lucia,LCA,2005,Adjusted savings: energy depletion (current US$),NY.ADJ.DNGY.CD,0
St. Lucia,LCA,2004,Adjusted savings: energy depletion (current US$),NY.ADJ.DNGY.CD,0
St. Lucia,LCA,2003,Adjusted savings: energy depletion (current US$),NY.ADJ.DNGY.CD,0
St. Lucia,LCA,2002,Adjusted savings: energy depletion (current US$),NY.ADJ.DNGY.CD,0
St. Lucia,LCA,2001,Adjusted savings: energy depletion (current US$),NY.ADJ.DNGY.CD,0
St. Lucia,LCA,2000,Adjusted savings: energy depletion (current US$),NY.ADJ.DNGY.CD,0
St. Lucia,LCA,1999,Adjusted savings: energy depletion (current US$),NY.ADJ.DNGY.CD,0
St. Lucia,LCA,1998,Adjusted savings: energy depletion (current US$),NY.ADJ.DNGY.CD,0
St. Lucia,LCA,1997,Adjusted savings: energy depletion (current US$),NY.ADJ.DNGY.CD,0
St. Lucia,LCA,1996,Adjusted savings: energy depletion (current US$),NY.ADJ.DNGY.CD,0
St. Lucia,LCA,1995,Adjusted savings: energy depletion (current US$),NY.ADJ.DNGY.CD,0
St. Lucia,LCA,1994,Adjusted savings: energy depletion (current US$),NY.ADJ.DNGY.CD,0
St. Lucia,LCA,1993,Adjusted savings: energy depletion (current US$),NY.ADJ.DNGY.CD,0
St. Lucia,LCA,1992,Adjusted savings: energy depletion (current US$),NY.ADJ.DNGY.CD,0
St. Lucia,LCA,1991,Adjusted savings: energy depletion (current US$),NY.ADJ.DNGY.CD,0
St. Lucia,LCA,1990,Adjusted savings: energy depletion (current US$),NY.ADJ.DNGY.CD,0
St. Lucia,LCA,1989,Adjusted savings: energy depletion (current US$),NY.ADJ.DNGY.CD,0
St. Lucia,LCA,1988,Adjusted savings: energy depletion (current US$),NY.ADJ.DNGY.CD,0
St. Lucia,LCA,1987,Adjusted savings: energy depletion (current US$),NY.ADJ.DNGY.CD,0
St. Lucia,LCA,1986,Adjusted savings: energy depletion (current US$),NY.ADJ.DNGY.CD,0
St. Lucia,LCA,1985,Adjusted savings: energy depletion (current US$),NY.ADJ.DNGY.CD,0
St. Lucia,LCA,1984,Adjusted savings: energy depletion (current US$),NY.ADJ.DNGY.CD,0
St. Lucia,LCA,1983,Adjusted savings: energy depletion (current US$),NY.ADJ.DNGY.CD,0
St. Lucia,LCA,1982,Adjusted savings: energy depletion (current US$),NY.ADJ.DNGY.CD,0
St. Lucia,LCA,1981,Adjusted savings: energy depletion (current US$),NY.ADJ.DNGY.CD,0
St. Lucia,LCA,1980,Adjusted savings: energy depletion (current US$),NY.ADJ.DNGY.CD,0
St. Lucia,LCA,2017,Adjusted savings: energy depletion (% of GNI),NY.ADJ.DNGY.GN.ZS,0
St. Lucia,LCA,2016,Adjusted savings: energy depletion (% of GNI),NY.ADJ.DNGY.GN.ZS,0
St. Lucia,LCA,2015,Adjusted savings: energy depletion (% of GNI),NY.ADJ.DNGY.GN.ZS,0
St. Lucia,LCA,2014,Adjusted savings: energy depletion (% of GNI),NY.ADJ.DNGY.GN.ZS,0
St. Lucia,LCA,2013,Adjusted savings: energy depletion (% of GNI),NY.ADJ.DNGY.GN.ZS,0
St. Lucia,LCA,2012,Adjusted savings: energy depletion (% of GNI),NY.ADJ.DNGY.GN.ZS,0
St. Lucia,LCA,2011,Adjusted savings: energy depletion (% of GNI),NY.ADJ.DNGY.GN.ZS,0
St. Lucia,LCA,2010,Adjusted savings: energy depletion (% of GNI),NY.ADJ.DNGY.GN.ZS,0
St. Lucia,LCA,2009,Adjusted savings: energy depletion (% of GNI),NY.ADJ.DNGY.GN.ZS,0
St. Lucia,LCA,2008,Adjusted savings: energy depletion (% of GNI),NY.ADJ.DNGY.GN.ZS,0
St. Lucia,LCA,2007,Adjusted savings: energy depletion (% of GNI),NY.ADJ.DNGY.GN.ZS,0
St. Lucia,LCA,2006,Adjusted savings: energy depletion (% of GNI),NY.ADJ.DNGY.GN.ZS,0
St. Lucia,LCA,2005,Adjusted savings: energy depletion (% of GNI),NY.ADJ.DNGY.GN.ZS,0
St. Lucia,LCA,2004,Adjusted savings: energy depletion (% of GNI),NY.ADJ.DNGY.GN.ZS,0
St. Lucia,LCA,2003,Adjusted savings: energy depletion (% of GNI),NY.ADJ.DNGY.GN.ZS,0
St. Lucia,LCA,2002,Adjusted savings: energy depletion (% of GNI),NY.ADJ.DNGY.GN.ZS,0
St. Lucia,LCA,2001,Adjusted savings: energy depletion (% of GNI),NY.ADJ.DNGY.GN.ZS,0
St. Lucia,LCA,2000,Adjusted savings: energy depletion (% of GNI),NY.ADJ.DNGY.GN.ZS,0
St. Lucia,LCA,1999,Adjusted savings: energy depletion (% of GNI),NY.ADJ.DNGY.GN.ZS,0
St. Lucia,LCA,1998,Adjusted savings: energy depletion (% of GNI),NY.ADJ.DNGY.GN.ZS,0
St. Lucia,LCA,1997,Adjusted savings: energy depletion (% of GNI),NY.ADJ.DNGY.GN.ZS,0
St. Lucia,LCA,1996,Adjusted savings: energy depletion (% of GNI),NY.ADJ.DNGY.GN.ZS,0
St. Lucia,LCA,1995,Adjusted savings: energy depletion (% of GNI),NY.ADJ.DNGY.GN.ZS,0
St. Lucia,LCA,1994,Adjusted savings: energy depletion (% of GNI),NY.ADJ.DNGY.GN.ZS,0
St. Lucia,LCA,1993,Adjusted savings: energy depletion (% of GNI),NY.ADJ.DNGY.GN.ZS,0
St. Lucia,LCA,1992,Adjusted savings: energy depletion (% of GNI),NY.ADJ.DNGY.GN.ZS,0
St. Lucia,LCA,1991,Adjusted savings: energy depletion (% of GNI),NY.ADJ.DNGY.GN.ZS,0
St. Lucia,LCA,1990,Adjusted savings: energy depletion (% of GNI),NY.ADJ.DNGY.GN.ZS,0
St. Lucia,LCA,1989,Adjusted savings: energy depletion (% of GNI),NY.ADJ.DNGY.GN.ZS,0
St. Lucia,LCA,1988,Adjusted savings: energy depletion (% of GNI),NY.ADJ.DNGY.GN.ZS,0
St. Lucia,LCA,1987,Adjusted savings: energy depletion (% of GNI),NY.ADJ.DNGY.GN.ZS,0
St. Lucia,LCA,1986,Adjusted savings: energy depletion (% of GNI),NY.ADJ.DNGY.GN.ZS,0
St. Lucia,LCA,1985,Adjusted savings: energy depletion (% of GNI),NY.ADJ.DNGY.GN.ZS,0
St. Lucia,LCA,1984,Adjusted savings: energy depletion (% of GNI),NY.ADJ.DNGY.GN.ZS,0
St. Lucia,LCA,1983,Adjusted savings: energy depletion (% of GNI),NY.ADJ.DNGY.GN.ZS,0
St. Lucia,LCA,1982,Adjusted savings: energy depletion (% of GNI),NY.ADJ.DNGY.GN.ZS,0
St. Lucia,LCA,1981,Adjusted savings: energy depletion (% of GNI),NY.ADJ.DNGY.GN.ZS,0
St. Lucia,LCA,1980,Adjusted savings: energy depletion (% of GNI),NY.ADJ.DNGY.GN.ZS,0
St. Lucia,LCA,2017,Adjusted savings: natural resources depletion (% of GNI),NY.ADJ.DRES.GN.ZS,0
St. Lucia,LCA,2016,Adjusted savings: natural resources depletion (% of GNI),NY.ADJ.DRES.GN.ZS,0
St. Lucia,LCA,2015,Adjusted savings: natural resources depletion (% of GNI),NY.ADJ.DRES.GN.ZS,0
St. Lucia,LCA,2014,Adjusted savings: natural resources depletion (% of GNI),NY.ADJ.DRES.GN.ZS,0
St. Lucia,LCA,2013,Adjusted savings: natural resources depletion (% of GNI),NY.ADJ.DRES.GN.ZS,0
St. Lucia,LCA,2012,Adjusted savings: natural resources depletion (% of GNI),NY.ADJ.DRES.GN.ZS,8.98884007956645e-05
St. Lucia,LCA,2011,Adjusted savings: natural resources depletion (% of GNI),NY.ADJ.DRES.GN.ZS,0.00146783793470868
St. Lucia,LCA,2010,Adjusted savings: natural resources depletion (% of GNI),NY.ADJ.DRES.GN.ZS,0.00353388435179516
St. Lucia,LCA,2009,Adjusted savings: natural resources depletion (% of GNI),NY.ADJ.DRES.GN.ZS,0.00245798917506546
St. Lucia,LCA,2008,Adjusted savings: natural resources depletion (% of GNI),NY.ADJ.DRES.GN.ZS,0.00356726381803031
St. Lucia,LCA,2007,Adjusted savings: natural resources depletion (% of GNI),NY.ADJ.DRES.GN.ZS,0.00417289761517857
St. Lucia,LCA,2006,Adjusted savings: natural resources depletion (% of GNI),NY.ADJ.DRES.GN.ZS,0.00543196218648432
St. Lucia,LCA,2005,Adjusted savings: natural resources depletion (% of GNI),NY.ADJ.DRES.GN.ZS,0.00531710782785074
St. Lucia,LCA,2004,Adjusted savings: natural resources depletion (% of GNI),NY.ADJ.DRES.GN.ZS,0.00590290213924401
St. Lucia,LCA,2003,Adjusted savings: natural resources depletion (% of GNI),NY.ADJ.DRES.GN.ZS,0.00605119524346147
St. Lucia,LCA,2002,Adjusted savings: natural resources depletion (% of GNI),NY.ADJ.DRES.GN.ZS,0.00614379682043813
St. Lucia,LCA,2001,Adjusted savings: natural resources depletion (% of GNI),NY.ADJ.DRES.GN.ZS,0.00697498122090432
St. Lucia,LCA,2000,Adjusted savings: natural resources depletion (% of GNI),NY.ADJ.DRES.GN.ZS,0.00656065874268678
St. Lucia,LCA,1999,Adjusted savings: natural resources depletion (% of GNI),NY.ADJ.DRES.GN.ZS,0.00620799908692009
St. Lucia,LCA,1998,Adjusted savings: natural resources depletion (% of GNI),NY.ADJ.DRES.GN.ZS,0.00756751497069338
St. Lucia,LCA,1997,Adjusted savings: natural resources depletion (% of GNI),NY.ADJ.DRES.GN.ZS,0.00939898827707421
St. Lucia,LCA,1996,Adjusted savings: natural resources depletion (% of GNI),NY.ADJ.DRES.GN.ZS,0.00679780905595972
St. Lucia,LCA,1995,Adjusted savings: natural resources depletion (% of GNI),NY.ADJ.DRES.GN.ZS,0.00940185376642449
St. Lucia,LCA,1994,Adjusted savings: natural resources depletion (% of GNI),NY.ADJ.DRES.GN.ZS,0.00758369611822919
St. Lucia,LCA,1993,Adjusted savings: natural resources depletion (% of GNI),NY.ADJ.DRES.GN.ZS,0.00635371205586212
St. Lucia,LCA,1992,Adjusted savings: natural resources depletion (% of GNI),NY.ADJ.DRES.GN.ZS,0.00886927090376889
St. Lucia,LCA,1991,Adjusted savings: natural resources depletion (% of GNI),NY.ADJ.DRES.GN.ZS,0.0103809828369822
St. Lucia,LCA,1990,Adjusted savings: natural resources depletion (% of GNI),NY.ADJ.DRES.GN.ZS,0.00904584303370526
St. Lucia,LCA,1989,Adjusted savings: natural resources depletion (% of GNI),NY.ADJ.DRES.GN.ZS,0.0028302495531123
St. Lucia,LCA,1988,Adjusted savings: natural resources depletion (% of GNI),NY.ADJ.DRES.GN.ZS,0.00320551105607173
St. Lucia,LCA,1987,Adjusted savings: natural resources depletion (% of GNI),NY.ADJ.DRES.GN.ZS,0.00370152589637752
St. Lucia,LCA,1986,Adjusted savings: natural resources depletion (% of GNI),NY.ADJ.DRES.GN.ZS,0.00397533139030744
St. Lucia,LCA,1985,Adjusted savings: natural resources depletion (% of GNI),NY.ADJ.DRES.GN.ZS,0.00487726384143211
St. Lucia,LCA,1984,Adjusted savings: natural resources depletion (% of GNI),NY.ADJ.DRES.GN.ZS,0.0083726833245741
St. Lucia,LCA,1983,Adjusted savings: natural resources depletion (% of GNI),NY.ADJ.DRES.GN.ZS,0.0147805991527746
St. Lucia,LCA,1982,Adjusted savings: natural resources depletion (% of GNI),NY.ADJ.DRES.GN.ZS,0.0579793117466197
St. Lucia,LCA,1981,Adjusted savings: natural resources depletion (% of GNI),NY.ADJ.DRES.GN.ZS,0.0283925499739639
St. Lucia,LCA,1980,Adjusted savings: natural resources depletion (% of GNI),NY.ADJ.DRES.GN.ZS,0.0345308554878217
St. Lucia,LCA,2017,Mineral rents (% of GDP),NY.GDP.MINR.RT.ZS,0
St. Lucia,LCA,2016,Mineral rents (% of GDP),NY.GDP.MINR.RT.ZS,0
St. Lucia,LCA,2015,Mineral rents (% of GDP),NY.GDP.MINR.RT.ZS,0
St. Lucia,LCA,2014,Mineral rents (% of GDP),NY.GDP.MINR.RT.ZS,0
St. Lucia,LCA,2013,Mineral rents (% of GDP),NY.GDP.MINR.RT.ZS,0
St. Lucia,LCA,2012,Mineral rents (% of GDP),NY.GDP.MINR.RT.ZS,0
St. Lucia,LCA,2011,Mineral rents (% of GDP),NY.GDP.MINR.RT.ZS,0
St. Lucia,LCA,2010,Mineral rents (% of GDP),NY.GDP.MINR.RT.ZS,0
St. Lucia,LCA,2009,Mineral rents (% of GDP),NY.GDP.MINR.RT.ZS,0
St. Lucia,LCA,2008,Mineral rents (% of GDP),NY.GDP.MINR.RT.ZS,0
St. Lucia,LCA,2007,Mineral rents (% of GDP),NY.GDP.MINR.RT.ZS,0
St. Lucia,LCA,2006,Mineral rents (% of GDP),NY.GDP.MINR.RT.ZS,0
St. Lucia,LCA,2005,Mineral rents (% of GDP),NY.GDP.MINR.RT.ZS,0
St. Lucia,LCA,2004,Mineral rents (% of GDP),NY.GDP.MINR.RT.ZS,0
St. Lucia,LCA,2003,Mineral rents (% of GDP),NY.GDP.MINR.RT.ZS,0
St. Lucia,LCA,2002,Mineral rents (% of GDP),NY.GDP.MINR.RT.ZS,0
St. Lucia,LCA,2001,Mineral rents (% of GDP),NY.GDP.MINR.RT.ZS,0
St. Lucia,LCA,2000,Mineral rents (% of GDP),NY.GDP.MINR.RT.ZS,0
St. Lucia,LCA,1999,Mineral rents (% of GDP),NY.GDP.MINR.RT.ZS,0
St. Lucia,LCA,1998,Mineral rents (% of GDP),NY.GDP.MINR.RT.ZS,0
St. Lucia,LCA,1997,Mineral rents (% of GDP),NY.GDP.MINR.RT.ZS,0
St. Lucia,LCA,1996,Mineral rents (% of GDP),NY.GDP.MINR.RT.ZS,0
St. Lucia,LCA,1995,Mineral rents (% of GDP),NY.GDP.MINR.RT.ZS,0
St. Lucia,LCA,1994,Mineral rents (% of GDP),NY.GDP.MINR.RT.ZS,0
St. Lucia,LCA,1993,Mineral rents (% of GDP),NY.GDP.MINR.RT.ZS,0
St. Lucia,LCA,1992,Mineral rents (% of GDP),NY.GDP.MINR.RT.ZS,0
St. Lucia,LCA,1991,Mineral rents (% of GDP),NY.GDP.MINR.RT.ZS,0
St. Lucia,LCA,1990,Mineral rents (% of GDP),NY.GDP.MINR.RT.ZS,0
St. Lucia,LCA,1989,Mineral rents (% of GDP),NY.GDP.MINR.RT.ZS,0
St. Lucia,LCA,1988,Mineral rents (% of GDP),NY.GDP.MINR.RT.ZS,0
St. Lucia,LCA,1987,Mineral rents (% of GDP),NY.GDP.MINR.RT.ZS,0
St. Lucia,LCA,1986,Mineral rents (% of GDP),NY.GDP.MINR.RT.ZS,0
St. Lucia,LCA,1985,Mineral rents (% of GDP),NY.GDP.MINR.RT.ZS,0
St. Lucia,LCA,1984,Mineral rents (% of GDP),NY.GDP.MINR.RT.ZS,0
St. Lucia,LCA,1983,Mineral rents (% of GDP),NY.GDP.MINR.RT.ZS,0
St. Lucia,LCA,1982,Mineral rents (% of GDP),NY.GDP.MINR.RT.ZS,0
St. Lucia,LCA,1981,Mineral rents (% of GDP),NY.GDP.MINR.RT.ZS,0
St. Lucia,LCA,1980,Mineral rents (% of GDP),NY.GDP.MINR.RT.ZS,0
St. Lucia,LCA,1979,Mineral rents (% of GDP),NY.GDP.MINR.RT.ZS,0
St. Lucia,LCA,1978,Mineral rents (% of GDP),NY.GDP.MINR.RT.ZS,0
St. Lucia,LCA,1977,Mineral rents (% of GDP),NY.GDP.MINR.RT.ZS,0
St. Lucia,LCA,2017,Natural gas rents (% of GDP),NY.GDP.NGAS.RT.ZS,0
St. Lucia,LCA,2016,Natural gas rents (% of GDP),NY.GDP.NGAS.RT.ZS,0
St. Lucia,LCA,2015,Natural gas rents (% of GDP),NY.GDP.NGAS.RT.ZS,0
St. Lucia,LCA,2014,Natural gas rents (% of GDP),NY.GDP.NGAS.RT.ZS,0
St. Lucia,LCA,2013,Natural gas rents (% of GDP),NY.GDP.NGAS.RT.ZS,0
St. Lucia,LCA,2012,Natural gas rents (% of GDP),NY.GDP.NGAS.RT.ZS,0
St. Lucia,LCA,2011,Natural gas rents (% of GDP),NY.GDP.NGAS.RT.ZS,0
St. Lucia,LCA,2010,Natural gas rents (% of GDP),NY.GDP.NGAS.RT.ZS,0
St. Lucia,LCA,2009,Natural gas rents (% of GDP),NY.GDP.NGAS.RT.ZS,0
St. Lucia,LCA,2008,Natural gas rents (% of GDP),NY.GDP.NGAS.RT.ZS,0
St. Lucia,LCA,2007,Natural gas rents (% of GDP),NY.GDP.NGAS.RT.ZS,0
St. Lucia,LCA,2006,Natural gas rents (% of GDP),NY.GDP.NGAS.RT.ZS,0
St. Lucia,LCA,2005,Natural gas rents (% of GDP),NY.GDP.NGAS.RT.ZS,0
St. Lucia,LCA,2004,Natural gas rents (% of GDP),NY.GDP.NGAS.RT.ZS,0
St. Lucia,LCA,2003,Natural gas rents (% of GDP),NY.GDP.NGAS.RT.ZS,0
St. Lucia,LCA,2002,Natural gas rents (% of GDP),NY.GDP.NGAS.RT.ZS,0
St. Lucia,LCA,2001,Natural gas rents (% of GDP),NY.GDP.NGAS.RT.ZS,0
St. Lucia,LCA,2000,Natural gas rents (% of GDP),NY.GDP.NGAS.RT.ZS,0
St. Lucia,LCA,1999,Natural gas rents (% of GDP),NY.GDP.NGAS.RT.ZS,0
St. Lucia,LCA,1998,Natural gas rents (% of GDP),NY.GDP.NGAS.RT.ZS,0
St. Lucia,LCA,1997,Natural gas rents (% of GDP),NY.GDP.NGAS.RT.ZS,0
St. Lucia,LCA,1996,Natural gas rents (% of GDP),NY.GDP.NGAS.RT.ZS,0
St. Lucia,LCA,1995,Natural gas rents (% of GDP),NY.GDP.NGAS.RT.ZS,0
St. Lucia,LCA,1994,Natural gas rents (% of GDP),NY.GDP.NGAS.RT.ZS,0
St. Lucia,LCA,1993,Natural gas rents (% of GDP),NY.GDP.NGAS.RT.ZS,0
St. Lucia,LCA,1992,Natural gas rents (% of GDP),NY.GDP.NGAS.RT.ZS,0
St. Lucia,LCA,1991,Natural gas rents (% of GDP),NY.GDP.NGAS.RT.ZS,0
St. Lucia,LCA,1990,Natural gas rents (% of GDP),NY.GDP.NGAS.RT.ZS,0
St. Lucia,LCA,1989,Natural gas rents (% of GDP),NY.GDP.NGAS.RT.ZS,0
St. Lucia,LCA,1988,Natural gas rents (% of GDP),NY.GDP.NGAS.RT.ZS,0
St. Lucia,LCA,1987,Natural gas rents (% of GDP),NY.GDP.NGAS.RT.ZS,0
St. Lucia,LCA,1986,Natural gas rents (% of GDP),NY.GDP.NGAS.RT.ZS,0
St. Lucia,LCA,1985,Natural gas rents (% of GDP),NY.GDP.NGAS.RT.ZS,0
St. Lucia,LCA,1984,Natural gas rents (% of GDP),NY.GDP.NGAS.RT.ZS,0
St. Lucia,LCA,1983,Natural gas rents (% of GDP),NY.GDP.NGAS.RT.ZS,0
St. Lucia,LCA,1982,Natural gas rents (% of GDP),NY.GDP.NGAS.RT.ZS,0
St. Lucia,LCA,1981,Natural gas rents (% of GDP),NY.GDP.NGAS.RT.ZS,0
St. Lucia,LCA,1980,Natural gas rents (% of GDP),NY.GDP.NGAS.RT.ZS,0
St. Lucia,LCA,2017,Oil rents (% of GDP),NY.GDP.PETR.RT.ZS,0
St. Lucia,LCA,2016,Oil rents (% of GDP),NY.GDP.PETR.RT.ZS,0
St. Lucia,LCA,2015,Oil rents (% of GDP),NY.GDP.PETR.RT.ZS,0
St. Lucia,LCA,2014,Oil rents (% of GDP),NY.GDP.PETR.RT.ZS,0
St. Lucia,LCA,2013,Oil rents (% of GDP),NY.GDP.PETR.RT.ZS,0
St. Lucia,LCA,2012,Oil rents (% of GDP),NY.GDP.PETR.RT.ZS,0
St. Lucia,LCA,2011,Oil rents (% of GDP),NY.GDP.PETR.RT.ZS,0
St. Lucia,LCA,2010,Oil rents (% of GDP),NY.GDP.PETR.RT.ZS,0
St. Lucia,LCA,2009,Oil rents (% of GDP),NY.GDP.PETR.RT.ZS,0
St. Lucia,LCA,2008,Oil rents (% of GDP),NY.GDP.PETR.RT.ZS,0
St. Lucia,LCA,2007,Oil rents (% of GDP),NY.GDP.PETR.RT.ZS,0
St. Lucia,LCA,2006,Oil rents (% of GDP),NY.GDP.PETR.RT.ZS,0
St. Lucia,LCA,2005,Oil rents (% of GDP),NY.GDP.PETR.RT.ZS,0
St. Lucia,LCA,2004,Oil rents (% of GDP),NY.GDP.PETR.RT.ZS,0
St. Lucia,LCA,2003,Oil rents (% of GDP),NY.GDP.PETR.RT.ZS,0
St. Lucia,LCA,2002,Oil rents (% of GDP),NY.GDP.PETR.RT.ZS,0
St. Lucia,LCA,2001,Oil rents (% of GDP),NY.GDP.PETR.RT.ZS,0
St. Lucia,LCA,2000,Oil rents (% of GDP),NY.GDP.PETR.RT.ZS,0
St. Lucia,LCA,1999,Oil rents (% of GDP),NY.GDP.PETR.RT.ZS,0
St. Lucia,LCA,1998,Oil rents (% of GDP),NY.GDP.PETR.RT.ZS,0
St. Lucia,LCA,1997,Oil rents (% of GDP),NY.GDP.PETR.RT.ZS,0
St. Lucia,LCA,1996,Oil rents (% of GDP),NY.GDP.PETR.RT.ZS,0
St. Lucia,LCA,1995,Oil rents (% of GDP),NY.GDP.PETR.RT.ZS,0
St. Lucia,LCA,1994,Oil rents (% of GDP),NY.GDP.PETR.RT.ZS,0
St. Lucia,LCA,1993,Oil rents (% of GDP),NY.GDP.PETR.RT.ZS,0
St. Lucia,LCA,1992,Oil rents (% of GDP),NY.GDP.PETR.RT.ZS,0
St. Lucia,LCA,1991,Oil rents (% of GDP),NY.GDP.PETR.RT.ZS,0
St. Lucia,LCA,1990,Oil rents (% of GDP),NY.GDP.PETR.RT.ZS,0
St. Lucia,LCA,1989,Oil rents (% of GDP),NY.GDP.PETR.RT.ZS,0
St. Lucia,LCA,1988,Oil rents (% of GDP),NY.GDP.PETR.RT.ZS,0
St. Lucia,LCA,1987,Oil rents (% of GDP),NY.GDP.PETR.RT.ZS,0
St. Lucia,LCA,1986,Oil rents (% of GDP),NY.GDP.PETR.RT.ZS,0
St. Lucia,LCA,1985,Oil rents (% of GDP),NY.GDP.PETR.RT.ZS,0
St. Lucia,LCA,1984,Oil rents (% of GDP),NY.GDP.PETR.RT.ZS,0
St. Lucia,LCA,1983,Oil rents (% of GDP),NY.GDP.PETR.RT.ZS,0
St. Lucia,LCA,1982,Oil rents (% of GDP),NY.GDP.PETR.RT.ZS,0
St. Lucia,LCA,1981,Oil rents (% of GDP),NY.GDP.PETR.RT.ZS,0
St. Lucia,LCA,1980,Oil rents (% of GDP),NY.GDP.PETR.RT.ZS,0
St. Lucia,LCA,2017,Total natural resources rents (% of GDP),NY.GDP.TOTL.RT.ZS,0.0247185643518449
St. Lucia,LCA,2016,Total natural resources rents (% of GDP),NY.GDP.TOTL.RT.ZS,0.0260561476246869
St. Lucia,LCA,2015,Total natural resources rents (% of GDP),NY.GDP.TOTL.RT.ZS,0.020665571530762
St. Lucia,LCA,2014,Total natural resources rents (% of GDP),NY.GDP.TOTL.RT.ZS,0.029299532260482
St. Lucia,LCA,2013,Total natural resources rents (% of GDP),NY.GDP.TOTL.RT.ZS,0.0218920922897305
St. Lucia,LCA,2012,Total natural resources rents (% of GDP),NY.GDP.TOTL.RT.ZS,0.0183441695207613
St. Lucia,LCA,2011,Total natural resources rents (% of GDP),NY.GDP.TOTL.RT.ZS,0.0188331683705666
St. Lucia,LCA,2010,Total natural resources rents (% of GDP),NY.GDP.TOTL.RT.ZS,0.0230147883320501
St. Lucia,LCA,2009,Total natural resources rents (% of GDP),NY.GDP.TOTL.RT.ZS,0.0110202185926356
St. Lucia,LCA,2008,Total natural resources rents (% of GDP),NY.GDP.TOTL.RT.ZS,0.0119334702461749
St. Lucia,LCA,2007,Total natural resources rents (% of GDP),NY.GDP.TOTL.RT.ZS,0.0112734586121799
St. Lucia,LCA,2006,Total natural resources rents (% of GDP),NY.GDP.TOTL.RT.ZS,0.0123081609915247
St. Lucia,LCA,2005,Total natural resources rents (% of GDP),NY.GDP.TOTL.RT.ZS,0.00936215891571828
St. Lucia,LCA,2004,Total natural resources rents (% of GDP),NY.GDP.TOTL.RT.ZS,0.0103301386111356
St. Lucia,LCA,2003,Total natural resources rents (% of GDP),NY.GDP.TOTL.RT.ZS,0.0106822483162157
St. Lucia,LCA,2002,Total natural resources rents (% of GDP),NY.GDP.TOTL.RT.ZS,0.0109252020872045
St. Lucia,LCA,2001,Total natural resources rents (% of GDP),NY.GDP.TOTL.RT.ZS,0.012190041191498
St. Lucia,LCA,2000,Total natural resources rents (% of GDP),NY.GDP.TOTL.RT.ZS,0.0116155664164025
St. Lucia,LCA,1999,Total natural resources rents (% of GDP),NY.GDP.TOTL.RT.ZS,0.0114492099077088
St. Lucia,LCA,1998,Total natural resources rents (% of GDP),NY.GDP.TOTL.RT.ZS,0.0139989853668904
St. Lucia,LCA,1997,Total natural resources rents (% of GDP),NY.GDP.TOTL.RT.ZS,0.0174871737110502
St. Lucia,LCA,1996,Total natural resources rents (% of GDP),NY.GDP.TOTL.RT.ZS,0.0128623740458393
St. Lucia,LCA,1995,Total natural resources rents (% of GDP),NY.GDP.TOTL.RT.ZS,0.0179396916188323
St. Lucia,LCA,1994,Total natural resources rents (% of GDP),NY.GDP.TOTL.RT.ZS,0.0146152455768778
St. Lucia,LCA,1993,Total natural resources rents (% of GDP),NY.GDP.TOTL.RT.ZS,0.0124412664266559
St. Lucia,LCA,1992,Total natural resources rents (% of GDP),NY.GDP.TOTL.RT.ZS,0.0168599314252587
St. Lucia,LCA,1991,Total natural resources rents (% of GDP),NY.GDP.TOTL.RT.ZS,0.0196237997763163
St. Lucia,LCA,1990,Total natural resources rents (% of GDP),NY.GDP.TOTL.RT.ZS,0.0173062724119995
St. Lucia,LCA,1989,Total natural resources rents (% of GDP),NY.GDP.TOTL.RT.ZS,0.00579423676689664
St. Lucia,LCA,1988,Total natural resources rents (% of GDP),NY.GDP.TOTL.RT.ZS,0.0065673580153951
St. Lucia,LCA,1987,Total natural resources rents (% of GDP),NY.GDP.TOTL.RT.ZS,0.00759160614990377
St. Lucia,LCA,1986,Total natural resources rents (% of GDP),NY.GDP.TOTL.RT.ZS,0.00830435237857694
St. Lucia,LCA,1985,Total natural resources rents (% of GDP),NY.GDP.TOTL.RT.ZS,0.010030658573468
St. Lucia,LCA,1984,Total natural resources rents (% of GDP),NY.GDP.TOTL.RT.ZS,0.0175211641652571
St. Lucia,LCA,1983,Total natural resources rents (% of GDP),NY.GDP.TOTL.RT.ZS,0.0316509695055978
St. Lucia,LCA,1982,Total natural resources rents (% of GDP),NY.GDP.TOTL.RT.ZS,0.100331433098036
St. Lucia,LCA,1981,Total natural resources rents (% of GDP),NY.GDP.TOTL.RT.ZS,0.0490870477200922
St. Lucia,LCA,1980,Total natural resources rents (% of GDP),NY.GDP.TOTL.RT.ZS,0.0605368963896092
St. Lucia,LCA,1979,Total natural resources rents (% of GDP),NY.GDP.TOTL.RT.ZS,0.059274918612747
St. Lucia,LCA,1978,Total natural resources rents (% of GDP),NY.GDP.TOTL.RT.ZS,0.0658001354688445
St. Lucia,LCA,1977,Total natural resources rents (% of GDP),NY.GDP.TOTL.RT.ZS,0.0773668637924385
St. Lucia,LCA,2017,Fuel imports (% of merchandise imports),TM.VAL.FUEL.ZS.UN,15.6261819223713
St. Lucia,LCA,2016,Fuel imports (% of merchandise imports),TM.VAL.FUEL.ZS.UN,19.2268577730243
St. Lucia,LCA,2015,Fuel imports (% of merchandise imports),TM.VAL.FUEL.ZS.UN,16.1980495874762
St. Lucia,LCA,2014,Fuel imports (% of merchandise imports),TM.VAL.FUEL.ZS.UN,24.6523344891005
St. Lucia,LCA,2013,Fuel imports (% of merchandise imports),TM.VAL.FUEL.ZS.UN,43.8258486949875
St. Lucia,LCA,2012,Fuel imports (% of merchandise imports),TM.VAL.FUEL.ZS.UN,17.447768194209
St. Lucia,LCA,2011,Fuel imports (% of merchandise imports),TM.VAL.FUEL.ZS.UN,15.5099374289633
St. Lucia,LCA,2010,Fuel imports (% of merchandise imports),TM.VAL.FUEL.ZS.UN,13.0978460348863
St. Lucia,LCA,2009,Fuel imports (% of merchandise imports),TM.VAL.FUEL.ZS.UN,13.5979745662472
St. Lucia,LCA,2008,Fuel imports (% of merchandise imports),TM.VAL.FUEL.ZS.UN,25.9290433946335
St. Lucia,LCA,2007,Fuel imports (% of merchandise imports),TM.VAL.FUEL.ZS.UN,21.2727551620933
St. Lucia,LCA,2006,Fuel imports (% of merchandise imports),TM.VAL.FUEL.ZS.UN,12.8961553423773
St. Lucia,LCA,2005,Fuel imports (% of merchandise imports),TM.VAL.FUEL.ZS.UN,13.8207966682103
St. Lucia,LCA,2004,Fuel imports (% of merchandise imports),TM.VAL.FUEL.ZS.UN,13.0266879294824
St. Lucia,LCA,2003,Fuel imports (% of merchandise imports),TM.VAL.FUEL.ZS.UN,11.234578063514
St. Lucia,LCA,2002,Fuel imports (% of merchandise imports),TM.VAL.FUEL.ZS.UN,9.86450048358499
St. Lucia,LCA,2001,Fuel imports (% of merchandise imports),TM.VAL.FUEL.ZS.UN,10.7256475972375
St. Lucia,LCA,2000,Fuel imports (% of merchandise imports),TM.VAL.FUEL.ZS.UN,9.36230523309114
St. Lucia,LCA,1999,Fuel imports (% of merchandise imports),TM.VAL.FUEL.ZS.UN,6.81477335641044
St. Lucia,LCA,1998,Fuel imports (% of merchandise imports),TM.VAL.FUEL.ZS.UN,7.91076500401553
St. Lucia,LCA,1997,Fuel imports (% of merchandise imports),TM.VAL.FUEL.ZS.UN,8.57241634658222
St. Lucia,LCA,1996,Fuel imports (% of merchandise imports),TM.VAL.FUEL.ZS.UN,8.28571435133237
St. Lucia,LCA,1995,Fuel imports (% of merchandise imports),TM.VAL.FUEL.ZS.UN,7.62817373417669
St. Lucia,LCA,1994,Fuel imports (% of merchandise imports),TM.VAL.FUEL.ZS.UN,6.55134003732018
St. Lucia,LCA,1993,Fuel imports (% of merchandise imports),TM.VAL.FUEL.ZS.UN,7.64868233008803
St. Lucia,LCA,1992,Fuel imports (% of merchandise imports),TM.VAL.FUEL.ZS.UN,5.25807517949826
St. Lucia,LCA,1991,Fuel imports (% of merchandise imports),TM.VAL.FUEL.ZS.UN,7.04031503967776
St. Lucia,LCA,1990,Fuel imports (% of merchandise imports),TM.VAL.FUEL.ZS.UN,7.4631270921927
St. Lucia,LCA,1989,Fuel imports (% of merchandise imports),TM.VAL.FUEL.ZS.UN,5.71096450971483
St. Lucia,LCA,1988,Fuel imports (% of merchandise imports),TM.VAL.FUEL.ZS.UN,5.59682829994416
St. Lucia,LCA,1987,Fuel imports (% of merchandise imports),TM.VAL.FUEL.ZS.UN,6.30806995372794
St. Lucia,LCA,1986,Fuel imports (% of merchandise imports),TM.VAL.FUEL.ZS.UN,7.69714018691202
St. Lucia,LCA,1985,Fuel imports (% of merchandise imports),TM.VAL.FUEL.ZS.UN,10.5413505054185
St. Lucia,LCA,1983,Fuel imports (% of merchandise imports),TM.VAL.FUEL.ZS.UN,12.2013917809943
St. Lucia,LCA,1982,Fuel imports (% of merchandise imports),TM.VAL.FUEL.ZS.UN,11.6953431912049
St. Lucia,LCA,1981,Fuel imports (% of merchandise imports),TM.VAL.FUEL.ZS.UN,9.74874445272785
St. Lucia,LCA,1980,Fuel imports (% of merchandise imports),TM.VAL.FUEL.ZS.UN,10.0057031783068
St. Lucia,LCA,1979,Fuel imports (% of merchandise imports),TM.VAL.FUEL.ZS.UN,9.96943254253867
St. Lucia,LCA,1978,Fuel imports (% of merchandise imports),TM.VAL.FUEL.ZS.UN,6.55424649614946
St. Lucia,LCA,1977,Fuel imports (% of merchandise imports),TM.VAL.FUEL.ZS.UN,7.888447889552
St. Lucia,LCA,1976,Fuel imports (% of merchandise imports),TM.VAL.FUEL.ZS.UN,8.20382539380128
St. Lucia,LCA,1975,Fuel imports (% of merchandise imports),TM.VAL.FUEL.ZS.UN,7.62000182483705
St. Lucia,LCA,1974,Fuel imports (% of merchandise imports),TM.VAL.FUEL.ZS.UN,7.10278501618246
St. Lucia,LCA,1973,Fuel imports (% of merchandise imports),TM.VAL.FUEL.ZS.UN,3.97449455315324
St. Lucia,LCA,2017,Ores and metals imports (% of merchandise imports),TM.VAL.MMTL.ZS.UN,0.594732850361765
St. Lucia,LCA,2016,Ores and metals imports (% of merchandise imports),TM.VAL.MMTL.ZS.UN,0.637500826407828
St. Lucia,LCA,2015,Ores and metals imports (% of merchandise imports),TM.VAL.MMTL.ZS.UN,0.755585006569453
St. Lucia,LCA,2014,Ores and metals imports (% of merchandise imports),TM.VAL.MMTL.ZS.UN,0.478274271894376
St. Lucia,LCA,2013,Ores and metals imports (% of merchandise imports),TM.VAL.MMTL.ZS.UN,0.428059958445543
St. Lucia,LCA,2012,Ores and metals imports (% of merchandise imports),TM.VAL.MMTL.ZS.UN,0.823548827709254
St. Lucia,LCA,2011,Ores and metals imports (% of merchandise imports),TM.VAL.MMTL.ZS.UN,0.77534914287062
St. Lucia,LCA,2010,Ores and metals imports (% of merchandise imports),TM.VAL.MMTL.ZS.UN,0.664971430144571
St. Lucia,LCA,2009,Ores and metals imports (% of merchandise imports),TM.VAL.MMTL.ZS.UN,0.693349835492462
St. Lucia,LCA,2008,Ores and metals imports (% of merchandise imports),TM.VAL.MMTL.ZS.UN,0.581333954256714
St. Lucia,LCA,2007,Ores and metals imports (% of merchandise imports),TM.VAL.MMTL.ZS.UN,0.693910139492298
St. Lucia,LCA,2006,Ores and metals imports (% of merchandise imports),TM.VAL.MMTL.ZS.UN,1.19219343192837
St. Lucia,LCA,2005,Ores and metals imports (% of merchandise imports),TM.VAL.MMTL.ZS.UN,0.901927684559164
St. Lucia,LCA,2004,Ores and metals imports (% of merchandise imports),TM.VAL.MMTL.ZS.UN,1.0323465213093
St. Lucia,LCA,2003,Ores and metals imports (% of merchandise imports),TM.VAL.MMTL.ZS.UN,0.70502614839432
St. Lucia,LCA,2002,Ores and metals imports (% of merchandise imports),TM.VAL.MMTL.ZS.UN,0.783467214153442
St. Lucia,LCA,2001,Ores and metals imports (% of merchandise imports),TM.VAL.MMTL.ZS.UN,0.94997011608801
St. Lucia,LCA,2000,Ores and metals imports (% of merchandise imports),TM.VAL.MMTL.ZS.UN,0.814904459671869
St. Lucia,LCA,1999,Ores and metals imports (% of merchandise imports),TM.VAL.MMTL.ZS.UN,1.14763098614381
St. Lucia,LCA,1998,Ores and metals imports (% of merchandise imports),TM.VAL.MMTL.ZS.UN,0.855985800403014
St. Lucia,LCA,1997,Ores and metals imports (% of merchandise imports),TM.VAL.MMTL.ZS.UN,1.34932932776246
St. Lucia,LCA,1996,Ores and metals imports (% of merchandise imports),TM.VAL.MMTL.ZS.UN,1.08827831995893
St. Lucia,LCA,1995,Ores and metals imports (% of merchandise imports),TM.VAL.MMTL.ZS.UN,0.987048438979645
St. Lucia,LCA,1994,Ores and metals imports (% of merchandise imports),TM.VAL.MMTL.ZS.UN,1.24898056200861
St. Lucia,LCA,1993,Ores and metals imports (% of merchandise imports),TM.VAL.MMTL.ZS.UN,0.787868176643503
St. Lucia,LCA,1992,Ores and metals imports (% of merchandise imports),TM.VAL.MMTL.ZS.UN,1.40012251539838
St. Lucia,LCA,1991,Ores and metals imports (% of merchandise imports),TM.VAL.MMTL.ZS.UN,1.27900121711057
St. Lucia,LCA,1990,Ores and metals imports (% of merchandise imports),TM.VAL.MMTL.ZS.UN,0.873519174171301
St. Lucia,LCA,1989,Ores and metals imports (% of merchandise imports),TM.VAL.MMTL.ZS.UN,0.309407813202704
St. Lucia,LCA,1988,Ores and metals imports (% of merchandise imports),TM.VAL.MMTL.ZS.UN,0.258905104174131
St. Lucia,LCA,1987,Ores and metals imports (% of merchandise imports),TM.VAL.MMTL.ZS.UN,0.34088283648658
St. Lucia,LCA,1986,Ores and metals imports (% of merchandise imports),TM.VAL.MMTL.ZS.UN,0.383716013752183
St. Lucia,LCA,1985,Ores and metals imports (% of merchandise imports),TM.VAL.MMTL.ZS.UN,0.417973053307359
St. Lucia,LCA,1983,Ores and metals imports (% of merchandise imports),TM.VAL.MMTL.ZS.UN,0.370272094270485
St. Lucia,LCA,1982,Ores and metals imports (% of merchandise imports),TM.VAL.MMTL.ZS.UN,0.329751286540069
St. Lucia,LCA,1981,Ores and metals imports (% of merchandise imports),TM.VAL.MMTL.ZS.UN,0.267501566629077
St. Lucia,LCA,1980,Ores and metals imports (% of merchandise imports),TM.VAL.MMTL.ZS.UN,0.337487945863464
St. Lucia,LCA,1979,Ores and metals imports (% of merchandise imports),TM.VAL.MMTL.ZS.UN,0.4275110816007
St. Lucia,LCA,1978,Ores and metals imports (% of merchandise imports),TM.VAL.MMTL.ZS.UN,0.334050594284813
St. Lucia,LCA,1977,Ores and metals imports (% of merchandise imports),TM.VAL.MMTL.ZS.UN,0.374274517781642
St. Lucia,LCA,1976,Ores and metals imports (% of merchandise imports),TM.VAL.MMTL.ZS.UN,0.344999309615529
St. Lucia,LCA,1975,Ores and metals imports (% of merchandise imports),TM.VAL.MMTL.ZS.UN,0.382968132991643
St. Lucia,LCA,1974,Ores and metals imports (% of merchandise imports),TM.VAL.MMTL.ZS.UN,0.899144103881296
St. Lucia,LCA,1973,Ores and metals imports (% of merchandise imports),TM.VAL.MMTL.ZS.UN,0.445019137926348
St. Lucia,LCA,2017,Fuel exports (% of merchandise exports),TX.VAL.FUEL.ZS.UN,5.62049843158372
St. Lucia,LCA,2016,Fuel exports (% of merchandise exports),TX.VAL.FUEL.ZS.UN,2.25594748322757
St. Lucia,LCA,2015,Fuel exports (% of merchandise exports),TX.VAL.FUEL.ZS.UN,0.36761195918642
St. Lucia,LCA,2014,Fuel exports (% of merchandise exports),TX.VAL.FUEL.ZS.UN,0.225413669865779
St. Lucia,LCA,2013,Fuel exports (% of merchandise exports),TX.VAL.FUEL.ZS.UN,0.019864856309598
St. Lucia,LCA,2012,Fuel exports (% of merchandise exports),TX.VAL.FUEL.ZS.UN,0.00748758130972762
St. Lucia,LCA,2011,Fuel exports (% of merchandise exports),TX.VAL.FUEL.ZS.UN,0.0128225361156604
St. Lucia,LCA,2010,Fuel exports (% of merchandise exports),TX.VAL.FUEL.ZS.UN,0.0170921373097931
St. Lucia,LCA,2009,Fuel exports (% of merchandise exports),TX.VAL.FUEL.ZS.UN,0.0487952535331636
St. Lucia,LCA,2008,Fuel exports (% of merchandise exports),TX.VAL.FUEL.ZS.UN,0.024532522199285
St. Lucia,LCA,2007,Fuel exports (% of merchandise exports),TX.VAL.FUEL.ZS.UN,0.00988460952761213
St. Lucia,LCA,2006,Fuel exports (% of merchandise exports),TX.VAL.FUEL.ZS.UN,0.00164346592491828
St. Lucia,LCA,2005,Fuel exports (% of merchandise exports),TX.VAL.FUEL.ZS.UN,0.00100535863731771
St. Lucia,LCA,2004,Fuel exports (% of merchandise exports),TX.VAL.FUEL.ZS.UN,0
St. Lucia,LCA,2003,Fuel exports (% of merchandise exports),TX.VAL.FUEL.ZS.UN,0
St. Lucia,LCA,2002,Fuel exports (% of merchandise exports),TX.VAL.FUEL.ZS.UN,4.65779722708289e-06
St. Lucia,LCA,2001,Fuel exports (% of merchandise exports),TX.VAL.FUEL.ZS.UN,0.000576927269876012
St. Lucia,LCA,2000,Fuel exports (% of merchandise exports),TX.VAL.FUEL.ZS.UN,0.00530763351270797
St. Lucia,LCA,1999,Fuel exports (% of merchandise exports),TX.VAL.FUEL.ZS.UN,0
St. Lucia,LCA,1998,Fuel exports (% of merchandise exports),TX.VAL.FUEL.ZS.UN,0.00114779707596956
St. Lucia,LCA,1997,Fuel exports (% of merchandise exports),TX.VAL.FUEL.ZS.UN,0.000815660785958375
St. Lucia,LCA,1996,Fuel exports (% of merchandise exports),TX.VAL.FUEL.ZS.UN,0.00014383174640053
St. Lucia,LCA,1995,Fuel exports (% of merchandise exports),TX.VAL.FUEL.ZS.UN,0
St. Lucia,LCA,1994,Fuel exports (% of merchandise exports),TX.VAL.FUEL.ZS.UN,0
St. Lucia,LCA,1993,Fuel exports (% of merchandise exports),TX.VAL.FUEL.ZS.UN,0
St. Lucia,LCA,1992,Fuel exports (% of merchandise exports),TX.VAL.FUEL.ZS.UN,0
St. Lucia,LCA,1991,Fuel exports (% of merchandise exports),TX.VAL.FUEL.ZS.UN,0
St. Lucia,LCA,1990,Fuel exports (% of merchandise exports),TX.VAL.FUEL.ZS.UN,0
St. Lucia,LCA,1989,Fuel exports (% of merchandise exports),TX.VAL.FUEL.ZS.UN,2.87047531282153e-06
St. Lucia,LCA,1988,Fuel exports (% of merchandise exports),TX.VAL.FUEL.ZS.UN,0
St. Lucia,LCA,1987,Fuel exports (% of merchandise exports),TX.VAL.FUEL.ZS.UN,0
St. Lucia,LCA,1986,Fuel exports (% of merchandise exports),TX.VAL.FUEL.ZS.UN,0
St. Lucia,LCA,1985,Fuel exports (% of merchandise exports),TX.VAL.FUEL.ZS.UN,0
St. Lucia,LCA,1983,Fuel exports (% of merchandise exports),TX.VAL.FUEL.ZS.UN,0
St. Lucia,LCA,1982,Fuel exports (% of merchandise exports),TX.VAL.FUEL.ZS.UN,0
St. Lucia,LCA,1981,Fuel exports (% of merchandise exports),TX.VAL.FUEL.ZS.UN,0
St. Lucia,LCA,1980,Fuel exports (% of merchandise exports),TX.VAL.FUEL.ZS.UN,0.00532011975634029
St. Lucia,LCA,1979,Fuel exports (% of merchandise exports),TX.VAL.FUEL.ZS.UN,0
St. Lucia,LCA,1978,Fuel exports (% of merchandise exports),TX.VAL.FUEL.ZS.UN,1.2086957926629e-05
St. Lucia,LCA,1977,Fuel exports (% of merchandise exports),TX.VAL.FUEL.ZS.UN,8.7419019027478e-05
St. Lucia,LCA,1976,Fuel exports (% of merchandise exports),TX.VAL.FUEL.ZS.UN,0
St. Lucia,LCA,1975,Fuel exports (% of merchandise exports),TX.VAL.FUEL.ZS.UN,0.000222513677679768
St. Lucia,LCA,1974,Fuel exports (% of merchandise exports),TX.VAL.FUEL.ZS.UN,0.0125520134006675
St. Lucia,LCA,1973,Fuel exports (% of merchandise exports),TX.VAL.FUEL.ZS.UN,0.00304677026727206
St. Lucia,LCA,2017,Ores and metals exports (% of merchandise exports),TX.VAL.MMTL.ZS.UN,2.91561792427379
St. Lucia,LCA,2016,Ores and metals exports (% of merchandise exports),TX.VAL.MMTL.ZS.UN,1.58011911213473
St. Lucia,LCA,2015,Ores and metals exports (% of merchandise exports),TX.VAL.MMTL.ZS.UN,5.63058112994969
St. Lucia,LCA,2014,Ores and metals exports (% of merchandise exports),TX.VAL.MMTL.ZS.UN,9.62212825007771
St. Lucia,LCA,2013,Ores and metals exports (% of merchandise exports),TX.VAL.MMTL.ZS.UN,4.18877073461455
St. Lucia,LCA,2012,Ores and metals exports (% of merchandise exports),TX.VAL.MMTL.ZS.UN,4.96253255078906
St. Lucia,LCA,2011,Ores and metals exports (% of merchandise exports),TX.VAL.MMTL.ZS.UN,2.78501702156017
St. Lucia,LCA,2010,Ores and metals exports (% of merchandise exports),TX.VAL.MMTL.ZS.UN,2.19040487440918
St. Lucia,LCA,2009,Ores and metals exports (% of merchandise exports),TX.VAL.MMTL.ZS.UN,1.08884936114442
St. Lucia,LCA,2008,Ores and metals exports (% of merchandise exports),TX.VAL.MMTL.ZS.UN,5.30678657115583
St. Lucia,LCA,2007,Ores and metals exports (% of merchandise exports),TX.VAL.MMTL.ZS.UN,3.16042707918615
St. Lucia,LCA,2006,Ores and metals exports (% of merchandise exports),TX.VAL.MMTL.ZS.UN,1.19845807486672
St. Lucia,LCA,2005,Ores and metals exports (% of merchandise exports),TX.VAL.MMTL.ZS.UN,1.11631436129806
St. Lucia,LCA,2004,Ores and metals exports (% of merchandise exports),TX.VAL.MMTL.ZS.UN,1.94223944219887
St. Lucia,LCA,2003,Ores and metals exports (% of merchandise exports),TX.VAL.MMTL.ZS.UN,0.787650852471263
St. Lucia,LCA,2002,Ores and metals exports (% of merchandise exports),TX.VAL.MMTL.ZS.UN,0.20453086293705
St. Lucia,LCA,2001,Ores and metals exports (% of merchandise exports),TX.VAL.MMTL.ZS.UN,0.00938318507759385
St. Lucia,LCA,2000,Ores and metals exports (% of merchandise exports),TX.VAL.MMTL.ZS.UN,0.000154985947474958
St. Lucia,LCA,1999,Ores and metals exports (% of merchandise exports),TX.VAL.MMTL.ZS.UN,0.000111604683894646
St. Lucia,LCA,1998,Ores and metals exports (% of merchandise exports),TX.VAL.MMTL.ZS.UN,0.0460195407731806
St. Lucia,LCA,1997,Ores and metals exports (% of merchandise exports),TX.VAL.MMTL.ZS.UN,0.000284245425409737
St. Lucia,LCA,1996,Ores and metals exports (% of merchandise exports),TX.VAL.MMTL.ZS.UN,1.81409409874542e-05
St. Lucia,LCA,1995,Ores and metals exports (% of merchandise exports),TX.VAL.MMTL.ZS.UN,0.019085306885069
St. Lucia,LCA,1994,Ores and metals exports (% of merchandise exports),TX.VAL.MMTL.ZS.UN,0.0038626769867799
St. Lucia,LCA,1993,Ores and metals exports (% of merchandise exports),TX.VAL.MMTL.ZS.UN,0.00551801364056751
St. Lucia,LCA,1992,Ores and metals exports (% of merchandise exports),TX.VAL.MMTL.ZS.UN,0.0837365323387491
St. Lucia,LCA,1991,Ores and metals exports (% of merchandise exports),TX.VAL.MMTL.ZS.UN,0.000115981332477411
St. Lucia,LCA,1990,Ores and metals exports (% of merchandise exports),TX.VAL.MMTL.ZS.UN,0.0091012909583035
St. Lucia,LCA,1989,Ores and metals exports (% of merchandise exports),TX.VAL.MMTL.ZS.UN,0.000151178366475267
St. Lucia,LCA,1988,Ores and metals exports (% of merchandise exports),TX.VAL.MMTL.ZS.UN,0.000199790358716659
St. Lucia,LCA,1987,Ores and metals exports (% of merchandise exports),TX.VAL.MMTL.ZS.UN,0.00129946251910207
St. Lucia,LCA,1986,Ores and metals exports (% of merchandise exports),TX.VAL.MMTL.ZS.UN,0.000101270551735004
St. Lucia,LCA,1985,Ores and metals exports (% of merchandise exports),TX.VAL.MMTL.ZS.UN,0.000368736240607182
St. Lucia,LCA,1983,Ores and metals exports (% of merchandise exports),TX.VAL.MMTL.ZS.UN,0.00513092615339165
St. Lucia,LCA,1982,Ores and metals exports (% of merchandise exports),TX.VAL.MMTL.ZS.UN,7.69320251175104e-05
St. Lucia,LCA,1981,Ores and metals exports (% of merchandise exports),TX.VAL.MMTL.ZS.UN,0.000321201286221725
St. Lucia,LCA,1980,Ores and metals exports (% of merchandise exports),TX.VAL.MMTL.ZS.UN,0.000314168631850736
St. Lucia,LCA,1979,Ores and metals exports (% of merchandise exports),TX.VAL.MMTL.ZS.UN,0.000679967328643491
St. Lucia,LCA,1978,Ores and metals exports (% of merchandise exports),TX.VAL.MMTL.ZS.UN,0.001639797292046
St. Lucia,LCA,1977,Ores and metals exports (% of merchandise exports),TX.VAL.MMTL.ZS.UN,3.39962851773525e-05
St. Lucia,LCA,1976,Ores and metals exports (% of merchandise exports),TX.VAL.MMTL.ZS.UN,0.00108608802411893
St. Lucia,LCA,1975,Ores and metals exports (% of merchandise exports),TX.VAL.MMTL.ZS.UN,0.000802397807390677
St. Lucia,LCA,1974,Ores and metals exports (% of merchandise exports),TX.VAL.MMTL.ZS.UN,0.000716499707860513
St. Lucia,LCA,1973,Ores and metals exports (% of merchandise exports),TX.VAL.MMTL.ZS.UN,0.00213534326424196
